Unique ID,company,project,province,group,sector,reporting_years,_cost_quintile_bayes,cost_percentile,cleantech,greenfield_flag,FOAK_flag,indigenous_flag_overlay,mpo_flag,overlay_mode,p_bayes,risk_score,risk_score_adj,p_cox_engine,blended_engine,t0_orig,t0_adj,delta_t,knot_before,knot_after,knot_changed,p_cox_cond_status,p_cox_cond_overlay,delta_p_cox_cond,blended_status,blended_overlay,delta_blended,years_remaining_status,years_remaining_overlay,priority_index_status,priority_index_overlay,delta_priority_index,EV_status,EV_overlay,delta_EV
0,"Bighorn Mining, LTD",Vista Coal Project (Expansion Projects),AB,Coal,Mining,7,3,0.789,No,0,0,0,1,mpo_only,0.11003506116006967,0.10838778468360935,0.10838778468360935,0.06360889015471727,0.08682197565739347,7.0,2.0,-5.0,4,2,1,0.0,0.05554985583028482,0.05554985583028482,0.055017530580034835,0.08279245849517725,0.02777492791514241,0.25,3.0,0.22007012232013934,0.027597486165059082,-0.19247263615508026,47.86525160463031,72.0294388908042,24.164187286173892
10,Aeolis Wind Power Corporation,Hackney Hills Wind Park,BC,Clean Electricity,Energy,8,3,0.786,Yes,1,0,0,1,mpo_only,0.08838234053081312,0.02980789939802619,0.02980789939802619,0.017911962526406477,0.0531471515286098,8.0,2.0,-6.0,4,2,1,0.0,0.015594691489706602,0.015594691489706602,0.04419117026540656,0.05198851601025986,0.007797345744853301,0.25,3.0,0.17676468106162624,0.017329505336753287,-0.15943517572487295,37.56249472559558,44.19023860872088,6.627743883125305
21,Champion Iron Limited,Kamistiatusset (Kami),NL,Base Metal,Mining,8,4,0.935,No,1,0,0,1,mpo_only,0.5399585826883788,0.03377117165455998,0.03377117165455998,0.02026925391162393,0.2801139183000014,8.0,2.0,-6.0,4,2,1,0.0,0.01764976853092526,0.01764976853092526,0.2699792913441894,0.27880417560965204,0.00882488426546263,0.25,3.0,1.0799171653767576,0.09293472520321734,-0.9869824401735403,1043.199981753948,1077.2993345556954,34.0993528017475
22,Kinross Gold Corp. (formerly Rockcliff Metals Corp.),Snow Lake,MB,Critical Mineral,Mining,4,1,0.339,Yes,1,0,0,1,mpo_only,0.45145670696158474,0.1541065638377653,0.1541065638377653,0.0892110571025716,0.2703338820320782,4.0,2.0,-2.0,4,2,1,0.04206080186356109,0.07804575290264204,0.03598495103908095,0.24675875441257292,0.2647512299321134,0.0179924755195405,1.0,3.0,0.24675875441257292,0.08825040997737114,-0.1585083444352018,23.713516299048255,25.442593196476096,1.7290768974278414
76,Blue Fuel Energy Corp.,Clean Methanol Plant,BC,Low Carbon Fuels,Energy,8,4,0.912,Yes,1,1,0,1,mpo_only,0.020677221811845503,0.008182399040993448,0.008182399040993448,0.004949193195443069,0.012813207503644286,8.0,2.0,-6.0,4,2,1,0.0,0.004305247006164081,0.004305247006164081,0.010338610905922752,0.012491234409004792,0.0021526235030820406,0.25,3.0,0.041354443623691006,0.004163744803001597,-0.037190698820689407,25.84652726480688,31.22808602251198,5.3815587577051005
88,"Canadian Kailuan Dehua Mines Co., Ltd.",Gething Coal Project,BC,Coal,Mining,6,4,0.853,No,1,0,0,1,mpo_only,0.002064828467243427,0.005497878083998032,0.005497878083998032,0.003328143793318361,0.0026964861302808943,6.0,2.0,-4.0,4,2,1,0.0,0.002894807691714796,0.002894807691714796,0.0010324142336217135,0.0024798180794791116,0.0014474038458573981,0.25,3.0,0.004129656934486854,0.0008266060264930372,-0.003303050907993817,1.4040833577255303,3.3725525880915916,1.9684692303660614
89,Canadian Natural Resources Limited,Grouse,AB,Oil & Gas - Upstream,Energy,8,4,0.868,No,1,0,0,1,mpo_only,0.8121271970440334,0.30462782353914203,0.30462782353914203,0.16865813931701368,0.4903926681805235,8.0,2.0,-6.0,4,2,1,0.0,0.14839190984382067,0.14839190984382067,0.4060635985220167,0.480259553443927,0.07419595492191033,0.25,3.0,1.6242543940880667,0.16008651781464234,-1.4641678762734243,621.2773057386855,734.7971167692083,113.51981103052276
92,NorZinc,Prairie Creek,NT,Critical Mineral,Mining,8,2,0.667,Yes,1,0,0,1,mpo_only,0.11626655535801105,0.11043902161393059,0.11043902161393059,0.06477283856015248,0.09051969695908177,8.0,2.0,-6.0,4,2,1,0.0,0.05657082819990067,0.05657082819990067,0.05813327767900552,0.08641869177895586,0.02828541409995034,0.25,3.0,0.2325331107160221,0.028806230592985288,-0.2037268801230368,27.555173619848617,40.96245990322508,13.407286283376465
94,Canagold Resources Ltd.,New Polaris Gold Mine,BC,Other,Mining,5,1,0.433,No,1,0,0,1,mpo_only,0.012423810264122146,0.008423253679931263,0.008423253679931263,0.005094504444851156,0.008759157354486652,5.0,2.0,-3.0,4,2,1,0.0,0.00443169374354313,0.00443169374354313,0.006211905132061073,0.00842775200383264,0.002215846871771566,0.25,3.0,0.024847620528244293,0.002809250667944213,-0.02203836986030008,0.8926507674771762,1.2110679629507501,0.31841719547357394
98,Kutcho Copper Corp.,Kutcho Creek,BC,Critical Mineral,Mining,7,2,0.674,Yes,1,0,0,1,mpo_only,0.00519383456342403,0.0080684789467381,0.0080684789467381,0.004880456085245677,0.005037145324334854,7.0,2.0,-5.0,4,2,1,0.0,0.0042454342837578984,0.0042454342837578984,0.002596917281712015,0.004719634423590965,0.0021227171418789497,0.25,3.0,0.01038766912684806,0.0015732114745303216,-0.00881445765231774,1.2543110470669032,2.279583426594436,1.0252723795275327
100,Alamos Gold Inc.,Lynn Lake (Gordon site),MB,Precious Metal,Mining,7,2,0.651,No,1,0,0,1,mpo_only,0.4589644562185186,0.09173837853190975,0.09173837853190975,0.054107639617806846,0.25653604791816276,7.0,2.0,-5.0,4,2,1,0.0,0.04722187875822903,0.04722187875822903,0.2294822281092593,0.25309316748837385,0.023610939379114543,0.25,3.0,0.9179289124370372,0.08436438916279128,-0.8335645232742459,99.6710161346946,109.9259554352254,10.254939300530808
114,NWP Coal Canada Ltd.,Crown Mountain Coal Project,BC,Coal,Mining,8,2,0.665,No,1,0,0,1,mpo_only,0.002610153277558395,0.006654755437089577,0.006654755437089577,0.0040270483565761905,0.003318600817067293,8.0,2.0,-6.0,4,2,1,0.0,0.0035028724203910455,0.0035028724203910455,0.0013050766387791976,0.0030565128489747203,0.0017514362101955228,0.25,3.0,0.00522030655511679,0.0010188376163249068,-0.0042014689387918835,0.6107758669486645,1.4304480133201691,0.8196721463715047
126,Connacher Oil & Gas Ltd.,Great Divide,AB,Oil & Gas - Upstream,Energy,8,3,0.714,No,1,0,0,1,mpo_only,0.8438338844647565,0.3562109933940591,0.3562109933940591,0.19425838479597346,0.519046134630365,8.0,2.0,-6.0,4,2,1,0.0,0.17124310152350408,0.17124310152350408,0.42191694223237824,0.5075384929941302,0.08562155076175199,0.25,3.0,1.687667768929513,0.16917949766471008,-1.518488271264803,253.15016533942693,304.5230957964781,51.37293045705118
130,Corporation Lithium Elements Critiques,Rose Lithium-Tantalum Mine,QC,Critical Mineral,Mining,8,3,0.728,Yes,1,0,0,1,mpo_only,0.01814049977337084,0.03637339144519333,0.03637339144519333,0.0218139349066806,0.01997721734002572,8.0,2.0,-6.0,4,2,1,0.0,0.018996764751322837,0.018996764751322837,0.00907024988668542,0.01856863226234684,0.00949838237566142,0.25,3.0,0.03628099954674168,0.0061895440874489465,-0.030091455459292735,5.533759455866775,11.328722543257808,5.794963087391032
140,Canadian Natural Resources Limited,Pike (Formely Kirby),AB,Oil & Gas - Upstream,Energy,8,4,0.967,No,1,0,0,1,mpo_only,0.8121271970440334,0.27548331421694894,0.27548331421694894,0.1538360246823235,0.4829816108631784,8.0,2.0,-6.0,4,2,1,0.0,0.13520351807236786,0.13520351807236786,0.4060635985220167,0.4736653575582006,0.06760175903618393,0.25,3.0,1.6242543940880667,0.1578884525194002,-1.4663659415686665,3126.6897086195286,3647.2232531981444,520.5335445786159
165,WindRiver Power Corp.,Kinskuch Hydroelectric Project,BC,Clean Electricity,Energy,8,2,0.573,Yes,1,0,0,1,mpo_only,0.08214215401522039,0.037008136913726716,0.037008136913726716,0.022190351001816433,0.05216625250851841,8.0,2.0,-6.0,4,2,1,0.0,0.019325049981420483,0.019325049981420483,0.041071077007610195,0.050733601998320436,0.009662524990710242,0.25,3.0,0.16428430803044078,0.016911200666106813,-0.14737310736433396,12.321323102283058,15.22008059949613,2.8987574972130723
186,Fortune Minerals Limited,NICO Cobalt-Gold-Bismuth Mine,NT,Precious Metal,Mining,8,3,0.712,No,1,0,0,1,mpo_only,0.2871126354914788,0.08622647891386837,0.08622647891386837,0.05094099266743224,0.16902681407945552,8.0,2.0,-6.0,4,2,1,0.0,0.044448697115049285,0.044448697115049285,0.1435563177457394,0.16578066630326405,0.022224348557524642,0.25,3.0,0.5742252709829576,0.05526022210108802,-0.5189650488818696,84.5546711522405,97.64481245262252,13.090141300382015
188,Fosthall Creek Power LP,Fosthall Creek Hydropower Project,BC,Clean Electricity,Energy,7,0,0.214,Yes,1,0,0,1,mpo_only,0.040640835064079305,0.05329317438419926,0.05329317438419926,0.03179831310868775,0.03621957408638353,7.0,2.0,-5.0,4,2,1,0.0,0.02771007767882583,0.02771007767882583,0.020320417532039652,0.03417545637145257,0.013855038839412918,0.25,3.0,0.08128167012815861,0.01139181879048419,-0.06988985133767442,1.0160208766019827,1.7087728185726285,0.6927519419706458
205,Giga Metals Corp. & Mitsubishi Corporation,Turnagain Project,BC,Critical Mineral,Mining,5,4,0.912,Yes,1,0,0,1,mpo_only,0.004089459372311329,0.006335734417601101,0.006335734417601101,0.003834367074731837,0.003961913223521582,5.0,2.0,-3.0,4,2,1,0.0,0.0033352292558610497,0.0033352292558610497,0.0020447296861556643,0.003712344314086189,0.0016676146279305248,0.25,3.0,0.008178918744622657,0.0012374481046953964,-0.00694147063992726,5.033204358956476,9.13812114633886,4.1049167873823835
207,Harvest Operations Corp.,BlackGold Oil Sands Project,AB,Oil & Gas - Upstream,Energy,8,2,0.701,No,1,0,0,1,mpo_only,0.8329934386661862,0.3609460749355137,0.3609460749355137,0.19656848393828896,0.5147809613022376,8.0,2.0,-6.0,4,2,1,0.0,0.17330974962304446,0.17330974962304446,0.4164967193330931,0.5031515941446154,0.08665487481152229,0.25,3.0,1.6659868773323725,0.16771719804820515,-1.4982696792841674,224.9082284398703,271.70186083809233,46.79363239822203
209,HD Mining International Ltd.,Murray River Coal Project,BC,Coal,Mining,8,3,0.737,No,1,0,0,1,mpo_only,0.002827051130956987,0.006185417167790704,0.006185417167790704,0.00374356602974546,0.0032853085803512235,8.0,2.0,-6.0,4,2,1,0.0,0.00325622888824717,0.00325622888824717,0.0014135255654784936,0.0030416400096020786,0.001628114444123585,0.25,3.0,0.005654102261913974,0.001013880003200693,-0.004640222258713281,0.9442350777396337,2.0318155264141886,1.0875804486745548
238,Karnalyte Resources Inc,Wynyard Potash Project,SK,Precious Metal,Mining,8,3,0.774,No,1,0,0,1,mpo_only,0.14719826135825156,0.07493395805988781,0.07493395805988781,0.04442016799862469,0.09580921467843813,8.0,2.0,-6.0,4,2,1,0.0,0.03874189878287437,0.03874189878287437,0.07359913067912578,0.09297008007056297,0.019370949391437187,0.25,3.0,0.29439652271650313,0.030990026690187657,-0.2634064960263155,58.06971410583024,73.35339317567419,15.283679069843942
256,NorthWest Copper,Lorraine-Jayjay Copper Mine,BC,Base Metal,Mining,5,1,0.342,No,1,0,0,1,mpo_only,0.019731015784738647,0.00923899889175768,0.00923899889175768,0.005586498252827754,0.0126587570187832,5.0,2.0,-3.0,4,2,1,0.0,0.004859834101191951,0.004859834101191951,0.009865507892369323,0.012295424942965299,0.0024299170505959755,0.25,3.0,0.03946203156947729,0.004098474980988433,-0.03536355658848886,0.9865507892369323,1.2295424942965298,0.24299170505959755
283,Mount Hays Wind Farm Limited Partnership,Mount Hays Wind Farm,BC,Clean Electricity,Energy,8,1,0.402,Yes,1,0,0,1,mpo_only,0.0997489540319515,0.04402857148447161,0.04402857148447161,0.026343953615757254,0.06304645382385438,8.0,2.0,-6.0,4,2,1,0.0,0.022948643323436824,0.022948643323436824,0.04987447701597575,0.06134879867769416,0.011474321661718412,0.25,3.0,0.199497908063903,0.020449599559231386,-0.1790483085046716,6.234309626996969,7.66859983471177,1.4342902077148016
314,Ring of Fire Metals Pty Ltd.,Eagle's Nest (McFaulds Lake),ON,Critical Mineral,Mining,8,3,0.726,Yes,1,0,0,1,mpo_only,0.3691284748828937,0.11430604618559848,0.11430604618559848,0.06696319932620609,0.2180458371045499,8.0,2.0,-6.0,4,2,1,0.0,0.058492580911406966,0.058492580911406966,0.18456423744144684,0.21381052789715033,0.029246290455703483,0.25,3.0,0.7382569497657874,0.07127017596571678,-0.6669867738000705,112.4734462968177,130.2961357005234,17.822689403705695
329,Northcliff Resources (HDI Mining),Sisson Project,NB,Other,Mining,8,3,0.707,No,1,0,0,1,mpo_only,0.37938738510148756,0.02527259356747949,0.02527259356747949,0.015207475044725527,0.19729743007310654,8.0,2.0,-6.0,4,2,1,0.0,0.01323772234868481,0.01323772234868481,0.18969369255074378,0.1963125537250862,0.006618861174342405,0.25,3.0,0.7587747702029751,0.06543751790836207,-0.6933372522946131,109.83264798688064,113.6649686068249,3.832320619944255
341,Osum Oil Sands Corp.,Taiga,AB,Oil & Gas - Upstream,Energy,8,4,0.871,No,1,0,0,1,mpo_only,0.8121271970440334,0.3037009181815048,0.3037009181815048,0.16819076184995996,0.49015897944699666,8.0,2.0,-6.0,4,2,1,0.0,0.1479755821714056,0.1479755821714056,0.4060635985220167,0.4800513896077195,0.0739877910857028,0.25,3.0,1.6242543940880667,0.16001712986923983,-1.4642372642188268,637.5198496795662,753.6806816841196,116.16083200455341
344,Agnico Eagle Mines Limited,Hammond Reef,ON,Other,Mining,4,4,0.842,No,1,0,0,1,mpo_only,0.7171953489084919,0.0830357961674907,0.0830357961674907,0.049103068025697194,0.38314920846709455,4.0,2.0,-2.0,4,2,1,0.022887656682916813,0.042839693605184914,0.0199520369222681,0.37004150279570436,0.3800175212568384,0.00997601846113405,1.0,3.0,0.37004150279570436,0.1266725070856128,-0.24336899571009155,481.0539536344157,494.0227776338899,12.968823999474239
371,Metaux Torngat ltee,Strange Lake / B-Zone,QC,Other,Mining,8,4,0.881,No,1,0,0,1,mpo_only,0.030723743664143086,0.025448210080337975,0.025448210080337975,0.015312336926695203,0.023018040295419144,8.0,2.0,-6.0,4,2,1,0.0,0.01332909405849969,0.01332909405849969,0.015361871832071543,0.022026418861321388,0.006664547029249845,0.25,3.0,0.06144748732828617,0.007342139620440463,-0.05410534770784571,25.055212958108687,35.92508916281518,10.869876204706497
376,Magneto Investments Limited Partnership,Dumont,QC,Critical Mineral,Mining,8,4,0.854,Yes,1,0,0,1,mpo_only,0.014565243979719299,0.0320035653768635,0.0320035653768635,0.019218609605202053,0.016891926792460675,8.0,2.0,-6.0,4,2,1,0.0,0.016733741547455105,0.016733741547455105,0.0072826219898596495,0.0156494927635872,0.008366870773727553,0.25,3.0,0.029130487959438598,0.005216497587862401,-0.023913990371576196,10.057300967996175,21.611949506513923,11.554648538517748
390,Seabridge Gold Inc.,Kerr-Sulphurets-Mitchell (KSM),BC,Precious Metal,Mining,8,4,0.971,No,1,0,0,1,mpo_only,0.011082647599209206,0.004876844479222313,0.004876844479222313,0.002952756344520302,0.007017701971864754,8.0,2.0,-6.0,4,2,1,0.0,0.002568234025849603,0.002568234025849603,0.005541323799604603,0.006825440812529404,0.0012841170129248014,0.25,3.0,0.02216529519841841,0.0022751469375098016,-0.01989014826090861,46.33433308277385,57.07160589804587,10.737272815272014
399,Canadian Natural Resources Limited,AOSP Jackpine,AB,Other,Energy,8,4,0.98,Yes,1,0,0,1,mpo_only,0.8599744071107621,0.3326520871140996,0.3326520871140996,0.18266561323055197,0.521320010170657,8.0,2.0,-6.0,4,2,1,0.0,0.1608836548913447,0.1608836548913447,0.42998720355538106,0.5104290310010534,0.08044182744567235,0.25,3.0,1.7199488142215242,0.17014301033368448,-1.5498058038878397,5159.846442664572,6125.148372012641,965.3019293480684
404,Skygold Ventures Inc.,Spanish Mountain Copper-Gold Mines,BC,Precious Metal,Mining,4,3,0.762,No,1,0,0,1,mpo_only,0.034180403778301845,0.006030316960071795,0.006030316960071795,0.0036498671024598472,0.018915135440380846,4.0,2.0,-2.0,4,2,1,0.0016800766103844955,0.0031747082369344426,0.001494631626549947,0.01793024019434317,0.018677556007618144,0.0007473158132749735,1.0,3.0,0.01793024019434317,0.0062258520025393815,-0.011704388191803788,13.555261586923436,14.120232341759317,0.5649707548358816
413,Spanish Mountain Gold Ltd.,Spanish Mountain Copper-Gold Mines,BC,Precious Metal,Mining,5,3,0.762,No,1,0,0,1,mpo_only,0.014296756980405315,0.006030316960071795,0.006030316960071795,0.0036498671024598472,0.00897331204143258,5.0,2.0,-3.0,4,2,1,0.0,0.0031747082369344426,0.0031747082369344426,0.0071483784902026575,0.008735732608669878,0.0015873541184672204,0.25,3.0,0.02859351396081063,0.002911910869556626,-0.025681603091254005,5.404174138593209,6.604213852154428,1.2000397135612184
417,Generation Mining Ltd.,Marathon PGM Copper Mine,ON,Other,Mining,5,3,0.793,No,1,0,0,1,mpo_only,0.5650633322389391,0.08727340315571529,0.08727340315571529,0.051543276643795655,0.3083033044413674,5.0,2.0,-3.0,4,2,1,0.0,0.04497605248036207,0.04497605248036207,0.28253166611946956,0.3050196923596506,0.022488026240181036,0.25,3.0,1.1301266644778782,0.1016732307865502,-1.028453433691328,253.68518300867171,273.87718176973027,20.191998761058557
422,Suncor Energy Inc.,Lewis,AB,Clean Electricity,Energy,5,4,0.96,Yes,1,0,0,1,mpo_only,0.9256951885113697,0.33947933061420993,0.33947933061420993,0.18604219454238569,0.5558686915268777,5.0,2.0,-3.0,4,2,1,0.0,0.16389902104241294,0.16389902104241294,0.46284759425568484,0.5447971047768914,0.08194951052120653,0.25,3.0,1.8513903770227393,0.18159903492563045,-1.6697913420971089,2869.655084385246,3377.7420496167265,508.08696523148046
427,Sunshine Oilsands Ltd.,Thickwood (Sunshine),AB,Waste Biomass,Energy,8,4,0.888,Yes,1,0,0,1,mpo_only,0.8860956857971499,0.36523840832410037,0.36523840832410037,0.19865685632372299,0.5423762710604365,8.0,2.0,-6.0,4,2,1,0.0,0.17517870465236218,0.17517870465236218,0.44304784289857496,0.530637195224756,0.08758935232618109,0.25,3.0,1.7721913715942998,0.17687906507491868,-1.5953123065193813,776.6628686012019,930.2070032289973,153.54413462779542
429,Sunshine Oilsands Ltd.,West Ells,AB,Oil & Gas - Upstream,Energy,8,4,0.92,No,1,0,0,1,mpo_only,0.8121271970440334,0.2889545568998216,0.2889545568998216,0.16071969918294338,0.48642344811348837,8.0,2.0,-6.0,4,2,1,0.0,0.14132468174012802,0.14132468174012802,0.4060635985220167,0.4767259393920807,0.07066234087006401,0.25,3.0,1.6242543940880667,0.1589086464640269,-1.46534574762404,1197.8876156399492,1406.341521206638,208.45390556668872
439,Osisko Metals Inc/Appian,Pine Point,NT,Other,Mining,4,3,0.734,No,1,0,0,1,mpo_only,0.4357240142829189,0.08432090496582736,0.08432090496582736,0.04984375519695383,0.24278388473993637,4.0,2.0,-2.0,4,2,1,0.02323773129167528,0.043488076294203815,0.020250345002528536,0.2294808727872971,0.23960604528856136,0.010125172501264268,1.0,3.0,0.2294808727872971,0.07986868176285379,-0.1496121910244433,149.91985419194117,156.53462938701713,6.614775195075964
441,Taseko Mines Ltd.,Harmony Gold Mine,BC,Precious Metal,Mining,5,0,0.214,No,1,0,0,1,mpo_only,0.005524083908886221,0.010521863321959578,0.010521863321959578,0.006359729776061918,0.005941906842474069,5.0,2.0,-3.0,4,2,1,0.0,0.0055327675416601,0.0055327675416601,0.0027620419544431103,0.00552842572527316,0.00276638377083005,0.25,3.0,0.011048167817772441,0.0018428085750910534,-0.009205359242681389,0.1381020977221555,0.27642128626365803,0.13831918854150252
442,Teck Resources Ltd.,Highland Valley Copper 2040 (HVC 2040),BC,Base Metal,Mining,2,3,0.754,No,1,0,0,1,mpo_only,0.04120298998056459,0.00607952114839494,0.00607952114839494,0.003679593224373723,0.022441291602469157,2.0,2.0,0.0,2,2,0,0.0032005706746928153,0.0032005706746928153,0.0,0.022201780327628703,0.022201780327628703,0.0,3.0,3.0,0.007400593442542901,0.007400593442542901,0.0,16.45151922277287,16.45151922277287,0.0
443,Teck Coal Ltd.,Line Creek Coal Mine,BC,Coal,Mining,8,1,0.425,No,1,0,0,1,mpo_only,0.0032296112530729067,0.008491982962837152,0.008491982962837152,0.005135965969778611,0.004182788611425759,8.0,2.0,-6.0,4,2,1,0.0,0.004467773116197393,0.004467773116197393,0.0016148056265364533,0.00384869218463515,0.0022338865580986966,0.25,3.0,0.006459222506145813,0.0012828973948783833,-0.00517632511126743,0.22607278771510347,0.538816905848921,0.3127441181338175
444,Conuma Resources Ltd.,Quintette Mine,BC,Precious Metal,Mining,1,2,0.677,No,1,0,0,1,mpo_only,0.031634316850987665,0.006574129413259301,0.006574129413259301,0.003978355631444441,0.017806336241216053,1.0,1.0,0.0,2,2,0,0.003460506709582978,0.003460506709582978,0.0,0.01754741178028532,0.01754741178028532,0.0,4.0,4.0,0.00438685294507133,0.00438685294507133,0.0,8.773705890142661,8.773705890142661,0.0
460,GoldMining Inc,Yellowknife Gold,NT,Precious Metal,Mining,5,1,0.484,No,1,0,0,1,mpo_only,0.3227519670990843,0.10869856622859184,0.10869856622859184,0.06378533227238548,0.1932686496857349,5.0,2.0,-3.0,4,2,1,0.0,0.05570461366553936,0.05570461366553936,0.16137598354954216,0.18922829038231184,0.02785230683276968,0.25,3.0,0.6455039341981686,0.06307609679410395,-0.5824278374040647,31.145564825061637,36.521060043786186,5.375495218724549
485,Conuma Coal Resources Ltd.,Wolverine Coal Mine (Hermann Deposit),BC,Coal,Mining,5,0,0.241,No,1,0,0,1,mpo_only,0.0011229170637215213,0.010237207164090384,0.010237207164090384,0.006188208528573491,0.003655562796147506,5.0,2.0,-3.0,4,2,1,0.0,0.005383488916526402,0.005383488916526402,0.0005614585318607607,0.0032532029901239617,0.002691744458263201,0.25,3.0,0.0022458341274430426,0.0010844009967079873,-0.0011614331307350553,0.030880219252341835,0.1789261644568179,0.14804594520447606
488,Western Copper and Gold Corporation,Casino Mine,YK,Precious Metal,Mining,8,4,0.932,No,1,0,0,1,mpo_only,0.5918177600447975,0.06895832787096236,0.06895832787096236,0.040951454651233066,0.31638460734801527,8.0,2.0,-6.0,4,2,1,0.0,0.03570827241041086,0.03570827241041086,0.29590888002239873,0.31376301622760416,0.01785413620520543,0.25,3.0,1.183635520089595,0.10458767207586805,-1.0790478480137269,1070.3024190410163,1134.8808296952443,64.57841065422804
515,Athabasca Oil Corporation,Dover West Clastics,AB,Oil & Gas - Upstream,Energy,6,3,0.73,No,1,0,0,1,mpo_only,0.831350350343411,0.3504683879178783,0.3504683879178783,0.1914478316705125,0.5113990910069617,6.0,2.0,-4.0,4,2,1,0.0,0.16872978140582184,0.16872978140582184,0.4156751751717055,0.5000400658746165,0.08436489070291098,0.25,3.0,1.662700700686822,0.1666800219582055,-1.4960206787286165,255.64023273059888,307.5246405128891,51.884407782290225
522,BURNCO Rock Products Ltd.,BURNCO Aggregate Project (McNab Creek),BC,Other,Mining,8,0,0.253,No,1,0,0,1,mpo_only,0.004055126347325657,0.010113177766380705,0.010113177766380705,0.0061134646226505,0.005084295484988078,8.0,2.0,-6.0,4,2,1,0.0,0.005318438741029108,0.005318438741029108,0.0020275631736628285,0.004686782544177382,0.002659219370514554,0.25,3.0,0.008110252694651314,0.0015622608480591275,-0.0065479918465921865,0.1216537904197697,0.28120695265064294,0.15955316223087324
530,Centermount Coal Limited,Bingay Main Metallurgical Coal,BC,Coal,Mining,6,2,0.67,No,1,0,0,1,mpo_only,0.0023817377883598155,0.006621041783606765,0.006621041783606765,0.004006687854646085,0.00319421282150295,6.0,2.0,-4.0,4,2,1,0.0,0.003485157479728329,0.003485157479728329,0.0011908688941799077,0.002933447634044072,0.0017425787398641643,0.25,3.0,0.004763475576719631,0.0009778158780146906,-0.0037856596987049405,0.5716170692063557,1.4080548643411546,0.8364377951347989
533,Granite Creek Copper,Carmacks Copper Project,YK,Base Metal,Mining,8,2,0.588,No,1,0,0,1,mpo_only,0.6701230987375606,0.09780110823644438,0.09780110823644438,0.057578543369193436,0.363850821053377,8.0,2.0,-6.0,4,2,1,0.0,0.05026290348921025,0.05026290348921025,0.3350615493687803,0.3601930011133854,0.025131451744605127,0.25,3.0,1.3402461974751212,0.1200643337044618,-1.2201818637706594,107.55475734737847,115.62195335739672,8.06719601001825
536,ecoTECH Energy Group (Canada) Inc,Biomass Project - McBride,BC,Waste Biomass,Energy,8,1,0.425,Yes,1,0,0,1,mpo_only,0.0668474078768165,0.04301184258510639,0.04301184258510639,0.025743505770888575,0.04629545682385254,8.0,2.0,-6.0,4,2,1,0.0,0.02242468957293775,0.02242468957293775,0.03342370393840825,0.04463604872487713,0.011212344786468875,0.25,3.0,0.133694815753633,0.014878682908292376,-0.11881613284534064,4.679318551377156,6.249046821482798,1.5697282701056423
545,Holmes Hydro,Robson Valley Hydroelectric Project,BC,Clean Electricity,Energy,6,1,0.49,Yes,1,0,0,1,mpo_only,0.09180230755160419,0.04026363894372481,0.04026363894372481,0.024118650053169044,0.05796047880238662,6.0,2.0,-4.0,4,2,1,0.0,0.021007043508946333,0.021007043508946333,0.045901153775802096,0.05640467553027526,0.010503521754473166,0.25,3.0,0.18360461510320839,0.018801558510091753,-0.16480305659311664,9.18023075516042,11.280935106055052,2.100704350894633
566,MEG Energy Corp.,Surmont (MEG),AB,Clean Electricity,Energy,8,4,0.946,Yes,1,0,0,1,mpo_only,0.923268325324542,0.3443416025636087,0.3443416025636087,0.18843844252652264,0.5558533839255323,8.0,2.0,-6.0,4,2,1,0.0,0.16603991587780886,0.16603991587780886,0.461634162662271,0.5446541206011755,0.08301995793890449,0.25,3.0,1.846536650649084,0.18155137353372516,-1.6649852771153588,2308.170813311355,2723.270603005877,415.0997896945223
584,Quicksilver Resources/ Kohlberg Kravis Roberts & Co. L.P. (KKR),Fortune Creek Gas Plant,BC,Oil & Gas - Downstream,Energy,8,3,0.764,No,1,0,0,1,mpo_only,0.008974654914903249,0.024911897387969638,0.024911897387969638,0.01499206574075651,0.01198336032782988,8.0,2.0,-6.0,4,2,1,0.0,0.013050028796537938,0.013050028796537938,0.0044873274574516245,0.011012341855720593,0.006525014398268969,0.25,3.0,0.017949309829806498,0.003670780618573531,-0.014278529211232967,3.4103688676632347,8.36937981034765,4.959010942684416
593,Enbridge,Westcoast Connector Gas Transmission Project,BC,Trans & Distr,Energy,8,4,0.965,No,1,0,0,1,mpo_only,0.02787765713321269,0.02031116371651182,0.02031116371651182,0.012240350956273294,0.020059004044742992,8.0,2.0,-6.0,4,2,1,0.0,0.010652835260973825,0.010652835260973825,0.013938828566606346,0.019265246197093258,0.005326417630486913,0.25,3.0,0.05575531426642538,0.00642174873236442,-0.049333565534060965,103.98366110688333,143.7187366303157,39.73507552343237
606,Treasury Metals Inc.,Goliath Complex,ON,Precious Metal,Mining,7,2,0.598,No,1,0,0,1,mpo_only,0.6352045899213992,0.10639151310638358,0.10639151310638358,0.06247474025730926,0.3488396650893542,7.0,2.0,-5.0,4,2,1,0.0,0.054555180774264134,0.054555180774264134,0.3176022949606996,0.34487988534783165,0.027277590387132067,0.25,3.0,1.2704091798427983,0.11495996178261055,-1.1554492180601879,106.39676881183436,115.5347615915236,9.137992779689242
607,Value Creation Inc.,TriStar Advanced (In Situ + Upgrader),AB,Oil & Gas - Downstream,Energy,8,4,0.928,No,0,0,0,1,mpo_only,0.5291713768222306,0.3895909657818172,0.3895909657818172,0.21040288991100964,0.3697871333666201,8.0,2.0,-6.0,4,2,1,0.0,0.18570251496775536,0.18570251496775536,0.2645856884111153,0.357436945894993,0.09285125748387768,0.25,3.0,1.0583427536444612,0.11914564863166432,-0.9391971050127969,896.9454837136808,1211.7112465840262,314.7657628703454
629,Sunshine Oilsands Ltd.,West Ells,AB,Oil & Gas - Upstream,Energy,5,4,0.9,No,1,0,0,1,mpo_only,0.8173739099008351,0.29488496646837753,0.29488496646837753,0.16373230129317184,0.4905531055970035,5.0,2.0,-3.0,4,2,1,0.0,0.1440056321454466,0.1440056321454466,0.40868695495041757,0.48068977102314087,0.0720028160727233,0.25,3.0,1.6347478198016703,0.1602299236743803,-1.47451789612729,858.2426053958769,1009.4485191485958,151.20591375271886
636,Arianne Phosphate inc.,Lac a Paul Phosphate/Apatite mine,QC,Precious Metal,Mining,8,4,0.84,No,1,0,0,1,mpo_only,0.040091782469389034,0.026530446836547157,0.026530446836547157,0.015958301893426396,0.028025042181407715,8.0,2.0,-6.0,4,2,1,0.0,0.013891985522729078,0.013891985522729078,0.020045891234694517,0.026991883996059056,0.006945992761364539,0.25,3.0,0.08018356493877807,0.008997294665353019,-0.07118627027342506,25.55851132423551,34.414652094975295,8.856140770739785
643,Search Minerals Inc.,Deep Fox + Foxtrot,NL,Critical Mineral,Mining,8,2,0.647,Yes,1,0,0,1,mpo_only,0.28299415491678204,0.05536413309797813,0.05536413309797813,0.03301336632864815,0.1580037606227151,8.0,2.0,-6.0,4,2,1,0.0,0.028771245550019864,0.028771245550019864,0.14149707745839102,0.15588270023340095,0.014385622775009932,0.25,3.0,0.5659883098335641,0.05196090007780032,-0.5140274097557638,59.68346727194933,65.75132295844853,6.067855686499193
644,Ontario Power Generation,New Nuclear Power Plant Darlington Small Modular Reactor Project,ON,Nuclear,Energy,4,4,0.993,Yes,1,1,0,1,mpo_only,0.9572359608171783,0.11255498012621357,0.11255498012621357,0.06597199642582496,0.5116039786215016,4.0,2.0,-2.0,4,2,1,0.03089736564396317,0.05762285829739566,0.026725492653432492,0.49406666323057075,0.507429409557287,0.013362746326716246,1.0,3.0,0.49406666323057075,0.16914313651909565,-0.32492352671147506,10325.993261518928,10605.274659747298,279.28139822836965
648,Northern Graphite,Bissett Creek,ON,Critical Mineral,Mining,8,1,0.418,Yes,1,0,0,1,mpo_only,0.4007295854765346,0.15629486322239516,0.15629486322239516,0.09041877934771114,0.24557418241212287,8.0,2.0,-6.0,4,2,1,0.0,0.0791089640994147,0.0791089640994147,0.2003647927382673,0.23991927478797465,0.03955448204970735,0.25,3.0,0.8014591709530692,0.07997309159599154,-0.7214860793570776,26.868918706201644,32.1731747490674,5.304256042865756
649,Husky Oil Operations Ltd.,Saleski' Thermal Oil Sands Project Using CSS,AB,CCUS,Energy,8,2,0.573,Yes,1,1,0,1,mpo_only,0.8997605671772962,0.1569187135999877,0.1569187135999877,0.09076278887169098,0.4952616780244936,8.0,2.0,-6.0,4,2,1,0.0,0.07941184454131234,0.07941184454131234,0.4498802835886481,0.4895862058593043,0.03970592227065617,0.25,3.0,1.7995211343545925,0.16319540195310142,-1.636325732401491,134.96408507659444,146.87586175779128,11.91177668119684
650,TransCanada,Prince Rupert Gas Transmission Project,BC,Trans & Distr,Energy,8,4,0.946,No,1,0,0,1,mpo_only,0.02787765713321269,0.020706978715016963,0.020706978715016963,0.01247739120276492,0.020177524167988806,8.0,2.0,-6.0,4,2,1,0.0,0.010859301768620488,0.010859301768620488,0.013938828566606346,0.01936847945091659,0.005429650884310244,0.25,3.0,0.05575531426642538,0.006456159816972197,-0.04929915444945319,69.69414283303173,96.84239725458295,27.148254421551215
684,Osum Oil Sands Corp.,Sepiko Kesik Project,AB,Oil & Gas - Upstream,Energy,8,4,0.921,No,1,0,0,1,mpo_only,0.8121271970440334,0.2886611872903099,0.2886611872903099,0.1605703883015922,0.4863487926728128,8.0,2.0,-6.0,4,2,1,0.0,0.1411918408840125,0.1411918408840125,0.4060635985220167,0.4766595189640229,0.07059592044200624,0.25,3.0,1.6242543940880667,0.15888650632134096,-1.4653678877667258,1299.4035152704535,1525.3104606848733,225.90694541441985
688,Graymont Western Canada Inc.,Giscome Quarry and Lime Plant Project,BC,Other,Mining,8,1,0.411,No,1,0,0,1,mpo_only,0.012004425720937108,0.00861361137090627,0.00861361137090627,0.005209335107791979,0.008606880414364543,8.0,2.0,-6.0,4,2,1,0.0,0.004531618630722378,0.004531618630722378,0.006002212860468554,0.008268022175829743,0.002265809315361189,0.25,3.0,0.024008851441874215,0.002756007391943248,-0.02125284404993097,0.780287671860912,1.0748428828578667,0.2945552109969547
692,EDF Renouvelables,Taylor Wind Project,BC,Clean Electricity,Energy,8,3,0.793,Yes,1,0,0,1,mpo_only,0.08838234053081312,0.02959670012432543,0.02959670012432543,0.017786185498447793,0.053084263014630456,8.0,2.0,-6.0,4,2,1,0.0,0.015485057675942104,0.015485057675942104,0.04419117026540656,0.05193369910337761,0.007742528837971052,0.25,3.0,0.17676468106162624,0.017311233034459205,-0.15945344802716704,39.7720532388659,46.74032919303985,6.968275954173947
693,Imperial Oil Limited,Aspen' oil sands project (SAGD),AB,Oil & Gas - Upstream,Energy,8,4,0.964,No,1,0,0,1,mpo_only,0.8121271970440334,0.27632409850372786,0.27632409850372786,0.15426730446068304,0.4831972507523582,8.0,2.0,-6.0,4,2,1,0.0,0.13558683341774258,0.13558683341774258,0.4060635985220167,0.47385701523088797,0.06779341670887129,0.25,3.0,1.6242543940880667,0.157952338410296,-1.4663020556777706,2842.445189654117,3316.9991066162156,474.5539169620988
707,Port Alberni Harbour Authority,Port Alberni LNG Export Facility,BC,Oil & Gas - Downstream,Energy,5,4,0.872,No,1,0,0,1,mpo_only,0.0074451816113196324,0.02232349296873318,0.02232349296873318,0.013444876637995429,0.01044502912465753,5.0,2.0,-3.0,4,2,1,0.0,0.01170206679095609,0.01170206679095609,0.0037225908056598162,0.009573624201137861,0.005851033395478045,0.25,3.0,0.014890363222639265,0.0031912080670459535,-0.011699155155593312,5.956145289055706,15.317798721820578,9.361653432764871
718,Kitimat Clean Ltd.,Kitimat Clean Oil Refinery,BC,Oil & Gas - Downstream,Energy,8,4,0.994,No,1,0,0,1,mpo_only,0.007192634213922414,0.019721563133035233,0.019721563133035233,0.0118871535559536,0.009539893884938007,8.0,2.0,-6.0,4,2,1,0.0,0.010345205674679336,0.010345205674679336,0.003596317106961207,0.008768919944300875,0.005172602837339668,0.25,3.0,0.014385268427844829,0.0029229733147669583,-0.01146229511307787,79.11897635314656,192.91623877461925,113.79726242147268
725,Greater Vancouver Regional District,Capilano (Cleveland) Dam Power Plant,BC,Clean Electricity,Energy,8,0,0.328,Yes,1,0,0,1,mpo_only,0.03580091535374042,0.04746571286346942,0.04746571286346942,0.028371081518768104,0.03208599843625426,8.0,2.0,-6.0,4,2,1,0.0,0.024717836535313675,0.024717836535313675,0.01790045767687021,0.03025937594452705,0.012358918267656838,0.25,3.0,0.07160183070748084,0.010086458648175683,-0.06151537205930516,1.6110411909183189,2.723343835007434,1.1123026440891153
753,Kruger Energy Inc.,Maselpanik Creek Hydro Project,BC,Clean Electricity,Energy,8,2,0.634,Yes,1,0,0,1,mpo_only,0.08214215401522039,0.034784584034511165,0.034784584034511165,0.020871106582702414,0.0515066302989614,8.0,2.0,-6.0,4,2,1,0.0,0.018174564508625424,0.018174564508625424,0.041071077007610195,0.05015835926192291,0.009087282254312712,0.25,3.0,0.16428430803044078,0.016719453087307636,-0.14756485494313315,16.428430803044076,20.063343704769164,3.6349129017250874
754,Pacific Coastal Wave Energy Corp.,Wave Energy Project,BC,Clean Electricity,Energy,8,0,0.088,Yes,1,1,0,1,mpo_only,0.03580091535374042,0.018896951062457416,0.018896951062457416,0.011392961804686408,0.023596938579213415,8.0,2.0,-6.0,4,2,1,0.0,0.009914796208356558,0.009914796208356558,0.01790045767687021,0.02285785578104849,0.004957398104178279,0.25,3.0,0.07160183070748084,0.007619285260349496,-0.06398254544713135,0.3580091535374042,0.4571571156209698,0.09914796208356558
757,Innergex Renewable Energy Inc.,Shovel Creek Hydroelectric Project,BC,Clean Electricity,Energy,5,0,0.177,Yes,1,0,0,1,mpo_only,0.03702049900490782,0.05533428415455929,0.05533428415455929,0.03299586447523273,0.035008181740070275,5.0,2.0,-3.0,4,2,1,0.0,0.028755959056234737,0.028755959056234737,0.01851024950245391,0.03288822903057128,0.014377979528117368,0.25,3.0,0.07404099800981565,0.010962743010190427,-0.06307825499962522,0.7404099800981565,1.3155291612228512,0.5751191811246947
758,Pristine Power Inc./Cheslatta Forest Products,Cheslatta Green Energy Project,BC,Clean Electricity,Energy,8,0,0.203,Yes,1,0,0,1,mpo_only,0.03580091535374042,0.053891998132912323,0.053891998132912323,0.03214980611189755,0.03397536073281898,8.0,2.0,-6.0,4,2,1,0.0,0.02801703656329768,0.02801703656329768,0.01790045767687021,0.03190897595851905,0.014008518281648837,0.25,3.0,0.07160183070748084,0.010636325319506349,-0.060965505387974496,0.8234210531360296,1.4678128940918762,0.6443918409558466
759,KMC Power,Tamihi Creek Hydro Project,BC,Clean Electricity,Energy,8,0,0.214,Yes,1,0,0,1,mpo_only,0.03580091535374042,0.05329317438419926,0.05329317438419926,0.03179831310868775,0.03379961423121408,8.0,2.0,-6.0,4,2,1,0.0,0.02771007767882583,0.02771007767882583,0.01790045767687021,0.03175549651628312,0.01385503883941291,0.25,3.0,0.07160183070748084,0.010585165505427707,-0.061016665202053136,0.8950228838435106,1.5877748258141562,0.6927519419706456
764,Highwater Power Corporation Altagas Ltd.,Log Creek Water Power Project,BC,Clean Electricity,Energy,8,0,0.088,Yes,1,0,0,1,mpo_only,0.03580091535374042,0.06056992308222027,0.06056992308222027,0.036060928187000574,0.035930921770370494,8.0,2.0,-6.0,4,2,1,0.0,0.0314336020983248,0.0314336020983248,0.01790045767687021,0.033617258726032606,0.015716801049162395,0.25,3.0,0.07160183070748084,0.011205752908677535,-0.06039607779880331,0.3580091535374042,0.6723451745206521,0.3143360209832479
782,J.D. Irving,Saint John Pulp Mill Upgrades,NB,Pulp & Paper,Forest,1,3,0.821,No,0,0,0,1,mpo_only,0.8744299393629313,0.24078399037458922,0.24078399037458922,0.13584387425898414,0.5051369068109577,1.0,1.0,0.0,2,2,0,0.11923487351016704,0.11923487351016704,0.0,0.4968324064365492,0.4968324064365492,0.0,4.0,4.0,0.1242081016091373,0.1242081016091373,0.0,546.5156470802041,546.5156470802041,0.0
783,First Mining Gold Corp.,Springpole Lake Gold Project,ON,Precious Metal,Mining,7,3,0.818,No,1,0,0,1,mpo_only,0.653543803759616,0.08508501026472741,0.08508501026472741,0.05028388250061977,0.35191384313011786,7.0,2.0,-5.0,4,2,1,0.0,0.04387338611974145,0.04387338611974145,0.326771901879808,0.3487085949396787,0.021936693059870727,0.25,3.0,1.307087607519232,0.11623619831322624,-1.1908514092060056,348.68088935672995,372.0883659532787,23.407476596548747
795,Nouveau Monde Graphite inc.,Uatnan,QC,Critical Mineral,Mining,8,4,0.869,Yes,1,0,0,1,mpo_only,0.014565243979719299,0.031519625621324085,0.031519625621324085,0.018930765117241233,0.016748004548480265,8.0,2.0,-6.0,4,2,1,0.0,0.016482800433520794,0.016482800433520794,0.0072826219898596495,0.015524022206620046,0.008241400216760397,0.25,3.0,0.029130487959438598,0.005174674068873349,-0.02395581389056525,11.390020792140492,24.27957073115375,12.889549939013259
800,Joyce Direct Iron Inc.,Joyce Lake DSO (the Attikamagen Project),NL,Other,Mining,8,2,0.559,No,1,0,0,1,mpo_only,0.4584145698319536,0.04947890929845625,0.04947890929845625,0.029556446829258953,0.24398550833060628,8.0,2.0,-6.0,4,2,1,0.0,0.02575259720703582,0.02575259720703582,0.2292072849159768,0.24208358351949472,0.01287629860351791,0.25,3.0,0.9168291396639072,0.08069452783983157,-0.8361346118240757,61.977649841280126,65.45940098367137,3.4817511423912464
802,Vulcan Materials Company,Black Point Aggregate Project,NS,Other,Mining,8,0,0.335,No,1,0,0,1,mpo_only,0.049453581644609355,0.12646076231139072,0.12646076231139072,0.07381452875849481,0.06163405520155209,8.0,2.0,-6.0,4,2,1,0.0,0.06450752449258024,0.06450752449258024,0.024726790822304678,0.0569805530685948,0.03225376224629012,0.25,3.0,0.09890716328921871,0.0189935176895316,-0.07991364559968711,2.349045128118944,5.413152541516506,3.0641074133975614
808,Spartan Delta Inception Exploration Ltd.,Greenview Sour Gas plant,AB,Oil & Gas - Downstream,Energy,8,0,0.214,No,1,0,0,1,mpo_only,0.3498237281579508,0.5919491918349991,0.5919491918349991,0.30157984958265727,0.32570178887030404,8.0,2.0,-6.0,4,2,1,0.0,0.2681151441214312,0.2681151441214312,0.1749118640789754,0.308969436139691,0.1340575720607156,0.25,3.0,0.6996474563159016,0.10298981204656367,-0.596657644269338,8.74559320394877,15.448471806984552,6.702878603035781
817,Focus Graphite inc.,Lac Knife,QC,Critical Mineral,Mining,8,2,0.53,Yes,1,0,0,1,mpo_only,0.01676847583172887,0.044476677118304685,0.044476677118304685,0.026608473087655793,0.021688474459692332,8.0,2.0,-6.0,4,2,1,0.0,0.023179477686660066,0.023179477686660066,0.008384237915864436,0.01997397675919447,0.011589738843330033,0.25,3.0,0.03353695166345774,0.006657992253064823,-0.02687895941039292,1.9853875384766984,4.729837696577251,2.7444501581005527
818,Athabasca Oil Corporation,Hangingstone Oil Sands,AB,Oil & Gas - Upstream,Energy,5,3,0.731,No,1,0,0,1,mpo_only,0.8483604606868275,0.3501125645828433,0.3501125645828433,0.1912733619754231,0.5198169113311253,5.0,2.0,-3.0,4,2,1,0.0,0.16857380052733162,0.16857380052733162,0.42418023034341373,0.5084671306070796,0.08428690026366586,0.25,3.0,1.696720921373655,0.1694890435356932,-1.5272318778379617,271.4753474197848,325.4189635885309,53.94361616874613
841,Canadian Natural Resources Limited,Jackfish,AB,Oil & Gas - Upstream,Energy,8,4,0.842,No,1,0,0,1,mpo_only,0.8121271970440334,0.31278043370237374,0.31278043370237374,0.1727576686278547,0.492442432835944,8.0,2.0,-6.0,4,2,1,0.0,0.15204497384335092,0.15204497384335092,0.4060635985220167,0.48208608544369214,0.07602248692167546,0.25,3.0,1.6242543940880667,0.16069536181456404,-1.4635590322735026,527.8826780786217,626.7119110767998,98.8292329981781
857,Bear Head Energy,Bear Head Energy,NS,Oil & Gas - Downstream,Energy,8,4,0.968,No,1,0,0,1,mpo_only,0.0780325563395633,0.27520362168264206,0.27520362168264206,0.15369250782643218,0.11586253208299774,8.0,2.0,-6.0,4,2,1,0.0,0.13507596797762,0.13507596797762,0.03901627816978165,0.10655426215859165,0.06753798398881,0.25,3.0,0.1560651126791266,0.03551808738619722,-0.12054702529292938,312.1302253582532,852.4340972687332,540.30387191048
858,ConocoPhillips Canada,Surmont (ConocoPhillips),AB,Oil & Gas - Upstream,Energy,5,4,0.957,No,1,0,0,1,mpo_only,0.8173739099008351,0.2782959213307612,0.2782959213307612,0.15527788768735928,0.4863258987940972,5.0,2.0,-3.0,4,2,1,0.0,0.13648512530933798,0.13648512530933798,0.40868695495041757,0.47692951760508656,0.06824256265466899,0.25,3.0,1.6347478198016703,0.15897650586836218,-1.4757713139333082,2452.1217297025055,2861.5771056305193,409.45537592801384
862,Taseko Mines Ltd.,Aley Niobium Project,BC,Critical Mineral,Mining,8,3,0.789,Yes,1,0,0,1,mpo_only,0.004932988473516115,0.00717891703020325,0.00717891703020325,0.004343548859017554,0.004638268666266834,8.0,2.0,-6.0,4,2,1,0.0,0.0037782542006766784,0.0037782542006766784,0.0024664942367580577,0.004355621337096396,0.0018891271003383388,0.25,3.0,0.00986597694703223,0.0014518737790321322,-0.008414103168000099,2.14584998597951,3.789390563273865,1.6435405772943548
865,Imperial Metals Corporation,Ruddock Creek Zinc-Lead Mine Development Project,BC,Base Metal,Mining,8,1,0.436,No,1,0,0,1,mpo_only,0.019069728470136455,0.008397623851132442,0.008397623851132442,0.005079042590148131,0.012074385530142293,8.0,2.0,-6.0,4,2,1,0.0,0.0044182390542182315,0.0044182390542182315,0.009534864235068228,0.011743983762177343,0.0022091195271091157,0.25,3.0,0.03813945694027291,0.003914661254059115,-0.034224795686213796,1.3796948548143724,1.6993544503870615,0.3196595955726891
885,Pacific Northern Gas Ltd.,Pacific Northern Gas Pipeline Looping Project,BC,Trans & Distr,Energy,8,4,0.842,No,0,0,0,1,mpo_only,0.02787765713321269,0.03128277997837793,0.03128277997837793,0.01878985994970772,0.023333758541460206,8.0,2.0,-6.0,4,2,1,0.0,0.016359963645995235,0.016359963645995235,0.013938828566606346,0.022118810389603963,0.008179981822997617,0.25,3.0,0.05575531426642538,0.007372936796534654,-0.04838237746989073,18.12047713658825,28.754453506485152,10.633976369896903
891,Arctic Canadian Diamond Corp,Ekati (Misery Deep),NT,Other,Mining,7,1,0.408,No,1,0,0,1,mpo_only,0.2849715661200471,0.11742255794820998,0.11742255794820998,0.06872472078156511,0.1768481434508061,7.0,2.0,-5.0,4,2,1,0.0,0.060038510447622095,0.060038510447622095,0.14248578306002355,0.1725050382838346,0.030019255223811048,0.25,3.0,0.5699431322400942,0.05750167942794487,-0.5124414528121494,18.055940915149243,21.860010956365805,3.804070041216562
893,PRISM Diversifed Ltd.,Clear Hills Project,AB,Other,Mining,8,2,0.573,No,1,0,0,1,mpo_only,0.2727921794813521,0.09930270742991348,0.09930270742991348,0.05843623697063882,0.16561420822599546,8.0,2.0,-6.0,4,2,1,0.0,0.051014594708373995,0.051014594708373995,0.13639608974067605,0.16190338709486304,0.025507297354186997,0.25,3.0,0.5455843589627042,0.053967795698287684,-0.4916165632644165,40.91882692220281,48.571016128458915,7.652189206256104
894,Newmont Goldcorp Corp.,Coffee Gold Mine,YK,Precious Metal,Mining,8,2,0.587,No,1,0,0,1,mpo_only,0.6258808884434649,0.09790050460213688,0.09790050460213688,0.057635341397704765,0.34175811492058483,8.0,2.0,-6.0,4,2,1,0.0,0.050312679088543755,0.050312679088543755,0.31294044422173245,0.3380967837660043,0.025156339544271877,0.25,3.0,1.2517617768869298,0.11269892792200144,-1.1390628489649284,99.20212081828919,107.17668045382337,7.9745596355341775
896,Uranium Energy Corp,Roughrider Project,SK,Critical Mineral,Mining,1,3,0.732,Yes,1,0,0,1,mpo_only,0.1336849002273314,0.09568351231825457,0.09568351231825457,0.05636767262257114,0.09502628642495127,1.0,1.0,0.0,2,2,0,0.049201836133034194,0.049201836133034194,0.0,0.0914433681801828,0.0914433681801828,0.0,4.0,4.0,0.0228608420450457,0.0228608420450457,0.0,59.43818931711882,59.43818931711882,0.0
938,Cedar LNG (partnership between Pembina Pipeline Corporation and Haisla Nation),Cedar LNG,BC,Oil & Gas - Downstream,Energy,8,4,0.945,No,1,0,0,1,mpo_only,0.007192634213922414,0.020728023450254204,0.020728023450254204,0.012489992591839916,0.009841313402881165,8.0,2.0,-6.0,4,2,1,0.0,0.010870277996117172,0.010870277996117172,0.003596317106961207,0.009031456105019793,0.005435138998058586,0.25,3.0,0.014385268427844829,0.0030104853683399313,-0.011374783059504897,16.543058692021553,41.54469808309105,25.001639391069496
942,Watson Island LNG Corporation,Watson Island LNG,BC,Oil & Gas - Downstream,Energy,8,2,0.557,No,1,0,0,1,mpo_only,0.00829001992668605,0.03074154789980461,0.03074154789980461,0.018467792005885553,0.013378905966285801,8.0,2.0,-6.0,4,2,1,0.0,0.016079203363259964,0.016079203363259964,0.004145009963343025,0.012184611644973007,0.008039601681629982,0.25,3.0,0.0165800398533721,0.004061537214991002,-0.012518502638381099,1.1191526901026168,3.2898451441427117,2.170692454040095
943,"Tilbury Jetty Marine Partnership (Fortis, Seaspan, Shell)",Tilbury Marine Jetty,BC,Oil & Gas - Downstream,Energy,8,3,0.821,No,1,0,0,1,mpo_only,0.008974654914903249,0.023510453987235908,0.023510453987235908,0.014154670457907859,0.011564662686405554,8.0,2.0,-6.0,4,2,1,0.0,0.01232042825178048,0.01232042825178048,0.0044873274574516245,0.010647541583341864,0.00616021412589024,0.25,3.0,0.017949309829806498,0.0035491805277806216,-0.014400129302025876,4.936060203196787,11.712295741676051,6.7762355384792645
956,Altalink,Chapel Rock to Pincher Creek Area Transmission Development,AB,Trans & Distr,Energy,8,2,0.677,No,1,0,0,1,mpo_only,0.8369547282129735,0.36985374872487736,0.36985374872487736,0.200896327017955,0.5189255276154643,8.0,2.0,-6.0,4,2,1,0.0,0.17718358852238947,0.17718358852238947,0.4184773641064867,0.5070691583676814,0.08859179426119468,0.25,3.0,1.673909456425947,0.16902305278922714,-1.5048864036367198,209.23868205324337,253.5345791838407,44.295897130597325
957,Atrum Coal,Groundhog Project Anthracite Coal Mine,BC,Coal,Mining,8,3,0.714,No,1,0,0,1,mpo_only,0.002827051130956987,0.006331630210784133,0.006331630210784133,0.0038318879863461497,0.0033294695586515684,8.0,2.0,-6.0,4,2,1,0.0,0.003333072342073251,0.003333072342073251,0.0014135255654784936,0.003080061736515119,0.0016665361710366255,0.25,3.0,0.005654102261913974,0.0010266872455050398,-0.004627415016408934,0.8481153392870961,1.8480370419090715,0.9999217026219753
974,Enbridge/ Borealis Inc./ Kitselas First Nation,Lakelse Geothermal Power Plant,BC,Clean Electricity,Energy,8,1,0.388,Yes,1,0,0,1,mpo_only,0.0997489540319515,0.044659180976111996,0.044659180976111996,0.02671618562557254,0.06323256982876202,8.0,2.0,-6.0,4,2,1,0.0,0.023273475965074675,0.023273475965074675,0.04987447701597575,0.061511214998513086,0.011636737982537337,0.25,3.0,0.199497908063903,0.020503738332837695,-0.1789941697310653,5.984937241917089,7.38134579982157,1.396408557904481
983,Red Willow Wind LP,Red Willow Wind Farm,BC,Clean Electricity,Energy,8,2,0.67,Yes,1,0,0,1,mpo_only,0.08214215401522039,0.033535536775354126,0.033535536775354126,0.020129260364429524,0.05113570718982496,8.0,2.0,-6.0,4,2,1,0.0,0.017527704732483107,0.017527704732483107,0.041071077007610195,0.04983492937385175,0.008763852366241554,0.25,3.0,0.16428430803044078,0.01661164312461725,-0.14767266490582354,19.714116963652895,23.92076609944884,4.206649135795946
1023,Nukik Corp.,Kivalliq Hydro Fibre Link,Multi,Clean Electricity,Energy,8,4,0.872,Yes,1,0,0,1,mpo_only,0.6909831549642882,0.37122302821011693,0.37122302821011693,0.20155952871183103,0.4462713418380596,8.0,2.0,-6.0,4,2,1,0.0,0.17777745969518244,0.17777745969518244,0.3454915774821441,0.4343803073297353,0.08888872984759122,0.25,3.0,1.3819663099285764,0.14479343577657844,-1.237172874151998,552.7865239714306,695.0084917275765,142.2219677561459
1034,Fission Uranium Corp.,Patterson Lake South,SK,Critical Mineral,Mining,5,3,0.827,Yes,1,0,0,1,mpo_only,0.059481767459283845,0.08688152940031017,0.08688152940031017,0.051317880762764445,0.05539982411102415,5.0,2.0,-3.0,4,2,1,0.0,0.04477869241373922,0.04477869241373922,0.029740883729641922,0.052130229936511535,0.022389346206869613,0.25,3.0,0.11896353491856769,0.01737674331217051,-0.10158679160639718,35.00502014978854,61.35728063527408,26.352260485485537
1037,"Western LNG, Nisga'a Nation, Rockies LNG Partners",Ksi Lisims LNG,BC,Oil & Gas - Downstream,Energy,4,4,0.975,No,1,0,0,1,mpo_only,0.017973547621828234,0.020105888255464117,0.020105888255464117,0.012117396004439174,0.015045471813133704,4.0,2.0,-2.0,4,2,1,0.0055906263051462846,0.010545741732938652,0.004955115427792367,0.01178208696348726,0.014259644677383443,0.0024775577138961835,1.0,3.0,0.01178208696348726,0.004753214892461148,-0.0070288720710261115,117.8208696348726,142.59644677383443,24.775577138961836
1041,"Energie hydroelectrique Pessamit, Societe en commandite",Centrale hydroelectrique des chutes du six milles,QC,Clean Electricity,Energy,8,0,0.229,Yes,1,0,0,1,mpo_only,0.6391518221600977,0.24995897248766083,0.24995897248766083,0.14063812354895155,0.3898949728545246,8.0,2.0,-6.0,4,2,1,0.0,0.1234856590055986,0.1234856590055986,0.31957591108004885,0.38131874058284815,0.0617428295027993,0.25,3.0,1.2783036443201954,0.12710624686094937,-1.151197397459246,16.298371465082493,19.447255769725256,3.1488843046427633
1042,BMC Minerals Ltd.,Kudz Ze Kayah,YK,Other,Mining,7,2,0.676,No,1,0,0,1,mpo_only,0.5915967985879628,0.08943802575373529,0.08943802575373529,0.05278734831887333,0.32219207345341805,7.0,2.0,-5.0,4,2,1,0.0,0.04606549066800525,0.04606549066800525,0.2957983992939814,0.318831144627984,0.023032745334002624,0.25,3.0,1.1831935971759255,0.106277048209328,-1.0769165489665975,146.71600604981478,158.14024773548007,11.424241685665294
1045,Northern Energy Solutions (NES),NES Wood Pellet Plant,NB,Other,Forest,8,0,0.275,Yes,1,0,0,1,mpo_only,0.5356871583013585,0.3774150464997628,0.3774150464997628,0.20455172725027193,0.3701194427758152,8.0,2.0,-6.0,4,2,1,0.0,0.18045765710317363,0.18045765710317363,0.26784357915067925,0.35807240770226606,0.09022882855158681,0.25,3.0,1.071374316602717,0.11935746923408869,-0.9520168473686283,18.749050540547547,25.065068539158624,6.316017998611077
1049,"Energie hydroelectrique Pessamit, Societe en commandite",Centrale hydroelectrique de la chute du quatre milles,QC,Clean Electricity,Energy,8,0,0.108,Yes,1,0,0,1,mpo_only,0.6391518221600977,0.28264961105899633,0.28264961105899633,0.15750493218441253,0.3983283771722551,8.0,2.0,-6.0,4,2,1,0.0,0.1384652058910104,0.1384652058910104,0.31957591108004885,0.38880851402555405,0.0692326029455052,0.25,3.0,1.2783036443201954,0.12960283800851802,-1.1487008063116773,7.0306700437610745,8.553787308562189,1.5231172648011144
1050,"Manouane Sipi, Societe en commandite",Centrale hydroelectrique Manouane Sipi (Dam B),QC,Clean Electricity,Energy,8,1,0.342,Yes,1,0,0,1,mpo_only,0.8409069748166482,0.2228529067409284,0.2228529067409284,0.1263969041290416,0.4836519394728449,8.0,2.0,-6.0,4,2,1,0.0,0.11086776582098878,0.11086776582098878,0.4204534874083241,0.4758873703188185,0.05543388291049439,0.25,3.0,1.6818139496332964,0.15862912343960617,-1.5231848261936902,42.04534874083241,47.58873703188185,5.543388291049439
1051,Fluorspar Holdings PTE Ltd.,St. Lawrence Fluorspar Mine,NL,Precious Metal,Mining,8,2,0.534,No,1,0,0,1,mpo_only,0.5272531486704733,0.05075151058305017,0.05075151058305017,0.03030500535788394,0.27877907701417864,8.0,2.0,-6.0,4,2,1,0.0,0.026406133755571548,0.026406133755571548,0.2636265743352367,0.27682964121302245,0.013203066877785774,0.25,3.0,1.0545062973409467,0.09227654707100748,-0.9622297502699392,65.90664358380917,69.20741030325561,3.300766719446443
1057,Pacific Future Energy,Pacific Future Energy Oil Refinery,BC,Oil & Gas - Downstream,Energy,8,4,0.982,No,1,0,0,1,mpo_only,0.007192634213922414,0.019963431085303927,0.019963431085303927,0.012032058667414192,0.009612346440668303,8.0,2.0,-6.0,4,2,1,0.0,0.010471414097262155,0.010471414097262155,0.003596317106961207,0.008832024155592285,0.0052357070486310775,0.25,3.0,0.014385268427844829,0.0029440080518640947,-0.011441260375980734,45.74515360054656,112.34334725913386,66.5981936585873
1067,Sayona Quebec inc.,Authier,QC,Other,Mining,8,1,0.519,No,1,0,0,1,mpo_only,0.04332064562948212,0.03675827067484845,0.03675827067484845,0.022042192875689093,0.03268141925258561,8.0,2.0,-6.0,4,2,1,0.0,0.019195834293618153,0.019195834293618153,0.02166032281474106,0.03125823996155014,0.00959791714680908,0.25,3.0,0.08664129125896423,0.010419413320516713,-0.07622187793844752,4.830251987687256,6.970587511425681,2.1403355237384245
1077,Cenovus Energy Inc.,Christina Lake,AB,Other,Energy,8,3,0.793,Yes,1,0,0,1,mpo_only,0.8847519915459945,0.40224077526257257,0.40224077526257257,0.21643620051803503,0.5505940960320148,8.0,2.0,-6.0,4,2,1,0.0,0.19111595639983514,0.19111595639983514,0.44237599577299724,0.5379339739729148,0.09555797819991751,0.25,3.0,1.769503983091989,0.17931132465763824,-1.5901926584343506,398.1383961956975,484.1405765756233,86.00218037992579
1079,Japan Canada Oil Sands Limited (JACOS),Hangingstone,AB,Oil & Gas - Upstream,Energy,8,3,0.828,No,1,0,0,1,mpo_only,0.8438338844647565,0.31726030446905706,0.31726030446905706,0.1750017530208725,0.5094178187428144,8.0,2.0,-6.0,4,2,1,0.0,0.15404566212724669,0.15404566212724669,0.42191694223237824,0.4989397732960016,0.07702283106362334,0.25,3.0,1.687667768929513,0.16631325776533387,-1.521354511164179,506.30033067885387,598.7277279552019,92.42739727634802
1082,Cenovus Energy Inc.,Narrows Lake,AB,Clean Electricity,Energy,8,4,0.872,Yes,1,0,0,1,mpo_only,0.923268325324542,0.37122302821011693,0.37122302821011693,0.20155952871183103,0.5624139270181865,8.0,2.0,-6.0,4,2,1,0.0,0.17777745969518244,0.17777745969518244,0.461634162662271,0.5505228925098622,0.08888872984759122,0.25,3.0,1.846536650649084,0.18350763083662072,-1.663029019812463,738.6146602596335,880.8366280157795,142.221967756146
1083,Value Creation Inc.,Heartland Upgrader,AB,Oil & Gas - Downstream,Energy,8,4,0.893,No,0,0,0,1,mpo_only,0.5291713768222306,0.4036911935106207,0.4036911935106207,0.21712502303433812,0.37314819992828435,8.0,2.0,-6.0,4,2,1,0.0,0.19173435348230583,0.19173435348230583,0.2645856884111153,0.3604528651522682,0.09586717674115292,0.25,3.0,1.0583427536444612,0.12015095505075607,-0.9381917985937052,529.1713768222306,720.9057303045364,191.73435348230578
1090,Value Creation Inc.,Heartland Upgrader,AB,Oil & Gas - Downstream,Energy,8,4,0.893,No,0,0,0,1,mpo_only,0.5291713768222306,0.4036911935106207,0.4036911935106207,0.21712502303433812,0.37314819992828435,8.0,2.0,-6.0,4,2,1,0.0,0.19173435348230583,0.19173435348230583,0.2645856884111153,0.3604528651522682,0.09586717674115292,0.25,3.0,1.0583427536444612,0.12015095505075607,-0.9381917985937052,529.1713768222306,720.9057303045364,191.73435348230578
2025,Synex Energy Resources Ltd.,Victoria Lake Hydro Project,ON,Other,Energy,8,0,0.083,Yes,1,0,0,1,mpo_only,0.5699892387271212,0.9092437947610311,0.9092437947610311,0.42381658338797557,0.49690291105754836,8.0,2.0,-6.0,4,2,1,0.0,0.38087002867181763,0.38087002867181763,0.2849946193635606,0.4754296336994694,0.19043501433590881,0.25,3.0,1.1399784774542423,0.1584765445664898,-0.9815019328877526,5.1299031485440905,8.55773340659045,3.4278302580463587
2059,Aeolis / Boralex,Hackney Hills Wind Park (Aeolis / Boralex),BC,Other,Energy,8,4,0.952,Yes,1,0,0,1,mpo_only,0.03808081118992981,0.025182553782450465,0.025182553782450465,0.015153707311624354,0.02661725925077708,8.0,2.0,-6.0,4,2,1,0.0,0.013190872168048817,0.013190872168048817,0.019040405594964904,0.025635841678989312,0.006595436084024409,0.25,3.0,0.07616162237985961,0.008545280559663105,-0.0676163418201965,99.0101090938175,133.30637673074443,34.29626763692693
2075,FireFly Metals Ltd. (previously owned by Rambler Mining and Metals),Green Bay Copper-Gold Project (formerly Ming Mine),NL,Other,Mining,8,0,0.269,No,1,0,0,1,mpo_only,0.25990545583940583,0.06642856079639231,0.06642856079639231,0.03947919320128579,0.1496923245203458,8.0,2.0,-6.0,4,2,1,0.0,0.03442111209605592,0.03442111209605592,0.12995272791970292,0.14716328396773087,0.01721055604802796,0.25,3.0,0.5198109116788117,0.04905442798924362,-0.470756483689568,8.608068697401121,9.748095930022492,1.140027232621371
2083,Ressources Falco ltee,Horne 5,QC,Other,Mining,8,3,0.819,No,1,0,0,1,mpo_only,0.03811194417930214,0.027102465694212544,0.027102465694212544,0.016299557040967305,0.02720575061013472,8.0,2.0,-6.0,4,2,1,0.0,0.014189373434784325,0.014189373434784325,0.01905597208965107,0.02615065880704323,0.007094686717392162,0.25,3.0,0.07622388835860427,0.00871688626901441,-0.06750700208958986,20.580449856823154,28.24271151160669,7.662261654783535
2092,Miniere Osisko Inc.,Lac Windfall,QC,Other,Mining,8,3,0.773,No,1,0,0,1,mpo_only,0.03811194417930214,0.028398924806114268,0.028398924806114268,0.017072560926063796,0.027592252552682967,8.0,2.0,-6.0,4,2,1,0.0,0.01486305995014392,0.01486305995014392,0.01905597208965107,0.02648750206472303,0.00743152997507196,0.25,3.0,0.07622388835860427,0.008829167354907677,-0.0673947210036966,15.027539589898833,20.88804412824058,5.860504538341747
2114,Chantiers Chibougamau inc.,Centrale de cogeneration Assinica,QC,Other,Energy,8,2,0.6,Yes,1,0,0,1,mpo_only,0.6854408239761484,0.17147488195977412,0.17147488195977412,0.09875265967138447,0.3920967418237664,8.0,2.0,-6.0,4,2,1,0.0,0.08645067976697118,0.08645067976697118,0.3427204119880742,0.3859457518715598,0.04322533988348559,0.25,3.0,1.3708816479522967,0.1286485839571866,-1.2422330639951102,117.21038089992138,131.99344714007344,14.783066240152067
2115,Cogeneration Val-d'Or,Cogeneration Val-d'Or,QC,Other,Energy,8,0,0.284,Yes,1,0,0,1,mpo_only,0.47481054714783644,0.23637701730629615,0.23637701730629615,0.1335315769145221,0.3041710620311793,8.0,2.0,-6.0,4,2,1,0.0,0.1171857922651105,0.1171857922651105,0.23740527357391822,0.29599816970647347,0.05859289613255525,0.25,3.0,0.9496210942956729,0.09866605656882449,-0.8509550377268484,17.09317969732211,21.31186821886609,4.218688521543978
2121,Ainsworth Energy Co. Ltd.,Anahim Lake Bioenergy Project,BC,Waste Biomass,Energy,7,0,0.072,Yes,1,0,0,1,mpo_only,0.026658387346090325,0.06156239254301885,0.06156239254301885,0.03664084639257725,0.03164961686933379,7.0,2.0,-5.0,4,2,1,0.0,0.03194034408351909,0.03194034408351909,0.013329193673045163,0.02929936571480471,0.015970172041759545,0.25,3.0,0.05331677469218065,0.009766455238268237,-0.04355031945391241,0.19993790509567744,0.4394904857220706,0.23955258062639317
2122,Yun Ka Whu'ten Holdings,Biomass Project - Anahim Lake,BC,Waste Biomass,Energy,7,0,0.072,Yes,1,0,0,1,mpo_only,0.026658387346090325,0.06156239254301885,0.06156239254301885,0.03664084639257725,0.03164961686933379,7.0,2.0,-5.0,4,2,1,0.0,0.03194034408351909,0.03194034408351909,0.013329193673045163,0.02929936571480471,0.015970172041759545,0.25,3.0,0.05331677469218065,0.009766455238268237,-0.04355031945391241,0.19993790509567744,0.4394904857220706,0.23955258062639317
2123,Ainsworth Energy Co. Ltd.,Tumbler Ridge Bioenergy Project,BC,Waste Biomass,Energy,7,0,0.072,Yes,1,1,0,1,mpo_only,0.026658387346090325,0.0192065873617513,0.0192065873617513,0.011578556464270418,0.019118471905180373,7.0,2.0,-5.0,4,2,1,0.0,0.010076434018214897,0.010076434018214897,0.013329193673045163,0.018367410682152613,0.00503821700910745,0.25,3.0,0.05331677469218065,0.006122470227384204,-0.047194304464796444,0.19993790509567744,0.27551116023228917,0.07557325513661173
2124,Nations Energy Corp.,Biomass Project - Kamloops,BC,Waste Biomass,Energy,7,0,0.072,Yes,1,1,0,1,mpo_only,0.026658387346090325,0.0192065873617513,0.0192065873617513,0.011578556464270418,0.019118471905180373,7.0,2.0,-5.0,4,2,1,0.0,0.010076434018214897,0.010076434018214897,0.013329193673045163,0.018367410682152613,0.00503821700910745,0.25,3.0,0.05331677469218065,0.006122470227384204,-0.047194304464796444,0.19993790509567744,0.27551116023228917,0.07557325513661173
3101,Frontier Lithium Inc.,Pakeagama Lake,ON,Critical Mineral,Mining,7,3,0.788,Yes,1,0,0,1,mpo_only,0.40032159077305635,0.10732913785792887,0.10732913785792887,0.06300760780092018,0.23166459928698827,7.0,2.0,-5.0,4,2,1,0.0,0.05502249808338522,0.05502249808338522,0.20016079538652817,0.22767204442822078,0.02751124904169261,0.25,3.0,0.8006431815461127,0.0758906814760736,-0.7247525000700391,174.00301683021354,197.9189905890989,23.91597375888537
3104,Gensource Potash Corp,Vanguard,SK,Other,Mining,7,2,0.615,No,1,0,0,1,mpo_only,0.12123306518228573,0.08806882355882606,0.08806882355882606,0.052000617705950325,0.08661684144411802,7.0,2.0,-5.0,4,2,1,0.0,0.04537652607623299,0.04537652607623299,0.060616532591142865,0.08330479562925935,0.02268826303811649,0.25,3.0,0.24246613036457146,0.027768265209753118,-0.21469786515481834,21.434005924228117,29.45657573450611,8.022569810277993
3105,Ram River Coal,Aries,AB,Coal,Mining,7,3,0.816,No,1,0,0,1,mpo_only,0.11003506116006967,0.07758193589571487,0.07758193589571487,0.045953242950085293,0.07799415205507748,7.0,2.0,-5.0,4,2,1,0.0,0.04008313468560332,0.04008313468560332,0.055017530580034835,0.07505909792283649,0.02004156734280166,0.25,3.0,0.22007012232013934,0.025019699307612164,-0.19505042301252717,56.55802143627581,77.16075266467591,20.602731228400103
3600,Fibre Pontiac,Fibre Pontiac (The Biomass Conversion Centre),QC,Waste Biomass,Energy,7,1,0.388,Yes,1,0,0,1,mpo_only,0.7958710036051362,0.21267929335483782,0.21267929335483782,0.12099109988474732,0.45843105174494175,7.0,2.0,-5.0,4,2,1,0.0,0.1060851999121144,0.1060851999121144,0.3979355018025681,0.4509781017586253,0.0530425999560572,0.25,3.0,1.5917420072102724,0.15032603391954177,-1.4414159732907306,47.75226021630817,54.11737221103503,6.36511199472686
3603,Maritime Resources Corp.,Hammerdown (Green Bay),NL,Precious Metal,Mining,7,0,0.292,No,1,0,0,1,mpo_only,0.34552232090718055,0.06489456059543752,0.06489456059543752,0.038585342740692585,0.19205383182393657,7.0,2.0,-5.0,4,2,1,0.0,0.03363976715279715,0.03363976715279715,0.17276116045359027,0.18958104402998885,0.016819883576398575,0.25,3.0,0.6910446418143611,0.06319368134332962,-0.6278509604710315,12.95708703401927,14.218578302249163,1.2614912682298929
3604,AuMEGA (previously Matador Mining Limited),Cape Ray,NL,Other,Mining,7,1,0.439,No,1,0,0,1,mpo_only,0.5445513794759527,0.055893154984285674,0.055893154984285674,0.03332350443780141,0.28893744195687704,7.0,2.0,-5.0,4,2,1,0.0,0.029042132804380838,0.029042132804380838,0.27227568973797633,0.28679675614016675,0.014521066402190419,0.25,3.0,1.0891027589519053,0.09559891871338892,-0.9935038402385165,39.58888528790176,41.70024834278025,2.1113630548784883
3610,Telkwa Mining Ltd.,Tenas Project,BC,Coal,Mining,7,1,0.38,No,1,0,0,1,mpo_only,0.003683041586219259,0.008889166776186362,0.008889166776186362,0.005375536643435264,0.004529289114827261,7.0,2.0,-5.0,4,2,1,0.0,0.004676248777098491,0.004676248777098491,0.0018415207931096295,0.004179645181658875,0.0023381243885492453,0.25,3.0,0.007366083172438518,0.0013932150605529582,-0.00597286811188556,0.2117748912076074,0.4806591958907706,0.2688843046831632
3615,NB Power,Advanced Meter Infrastructure,NB,Waste Biomass,Energy,7,1,0.369,Yes,1,0,0,1,mpo_only,0.8826185808633302,0.1804425165246536,0.1804425165246536,0.10363999736731844,0.49312928911532433,7.0,2.0,-5.0,4,2,1,0.0,0.09076028486923082,0.09076028486923082,0.4413092904316651,0.4866894328662805,0.04538014243461541,0.25,3.0,1.7652371617266605,0.16222981095542685,-1.6030073507712337,48.36749823131049,53.341161842144345,4.973663610833853
3617,St Barbara Ltd.,Beaver Dam Gold Project,NS,Other,Mining,7,2,0.585,No,1,0,0,1,mpo_only,0.12516119079660326,0.09809960048911857,0.09809960048911857,0.057749100391566666,0.09145514559408496,7.0,2.0,-5.0,4,2,1,0.0,0.05041237425516243,0.05041237425516243,0.06258059539830163,0.08778678252588284,0.025206187127581214,0.25,3.0,0.2503223815932065,0.029262260841960947,-0.22106012075124556,19.68159725276586,27.608943104390153,7.927345851624292
3622,CVW Cleantech,Titanium and Zircon Extraction Facility,AB,Critical Mineral,Mining,7,3,0.726,Yes,1,0,0,1,mpo_only,0.17776583838487175,0.10401463541636581,0.10401463541636581,0.061122563427141396,0.11944420090600658,7.0,2.0,-5.0,4,2,1,0.0,0.05336949618521647,0.05336949618521647,0.08888291919243588,0.11556766728504411,0.026684748092608235,0.25,3.0,0.3555316767697435,0.03852255576168137,-0.3170091210080621,54.21858070738588,70.49627704387692,16.277696336491033
4000,Hydro One,Northwest Bulk Transmission Line Waasigan Transmission Line,ON,Trans & Distr,Energy,6,3,0.828,No,1,0,0,1,mpo_only,0.6957920572873624,0.34865065738423123,0.34865065738423123,0.19055615462185493,0.44317410595460865,6.0,2.0,-4.0,4,2,1,0.0,0.16793264279778441,0.16793264279778441,0.3478960286436812,0.4318623500425734,0.08396632139889221,0.25,3.0,1.3915841145747248,0.1439541166808578,-1.247629997893867,417.47523437241745,518.234820051088,100.75958567867059
4006,Mines Agnico Eagle ltee,Wasamac,QC,Precious Metal,Mining,6,2,0.698,No,1,0,0,1,mpo_only,0.04211301387349655,0.03064703503526813,0.03064703503526813,0.01841153992352662,0.030262276898511586,6.0,2.0,-4.0,4,2,1,0.0,0.016030167270269402,0.016030167270269402,0.021056506936748275,0.029071590571882976,0.008015083635134701,0.25,3.0,0.0842260277469931,0.009690530190627659,-0.07453549755636545,11.22311819728683,15.495157774813626,4.272039577526796
4007,NexGen Energy Ltd.,Rook I,SK,Other,Mining,6,4,0.842,No,1,0,0,1,mpo_only,0.0872610739605394,0.0699326821983235,0.0699326821983235,0.041517902459915934,0.06438948821022766,6.0,2.0,-4.0,4,2,1,0.0,0.03620357177600109,0.03620357177600109,0.0436305369802697,0.06173232286827025,0.018101785888000543,0.25,3.0,0.1745221479210788,0.02057744095609008,-0.15394470696498874,56.71969807435062,80.25201972875132,23.532321654400704
4008,Denison Mines Corp.,Wheeler River - Phoenix,SK,Other,Mining,6,3,0.8,No,1,0,0,1,mpo_only,0.10674761457797434,0.07298080727990158,0.07298080727990158,0.04328779209198286,0.07501770333497859,6.0,2.0,-4.0,4,2,1,0.0,0.0377514012170862,0.0377514012170862,0.05337380728898717,0.07224950789753026,0.018875700608543093,0.25,3.0,0.21349522915594868,0.024083169299176754,-0.18941205985677192,50.47342122709632,68.32339738887057,17.849976161774258
4013,Rio Tinto,Vaudreuil alumina refinery,QC,Critical Mineral,Mining,6,2,0.534,Yes,1,0,0,1,mpo_only,0.015320091511775037,0.04429632699299954,0.04429632699299954,0.026502019957766243,0.020911055734770638,6.0,2.0,-4.0,4,2,1,0.0,0.023086579797526596,0.023086579797526596,0.007660045755887518,0.019203335654650815,0.011543289898763296,0.25,3.0,0.030640183023550073,0.006401111884883605,-0.024239071138666468,1.9150114389718795,4.800833913662704,2.885822474690824
4014,Alcoa/Rio Tinto,The Elysis joint venture,QC,Critical Mineral,Mining,6,3,0.736,Yes,1,0,0,1,mpo_only,0.016575604156710975,0.03607900589098019,0.03607900589098019,0.021639309509473126,0.01910745683309205,6.0,2.0,-4.0,4,2,1,0.0,0.01884447361954833,0.01884447361954833,0.008287802078355487,0.01771003888812965,0.009422236809774163,0.25,3.0,0.03315120831342195,0.005903346296043217,-0.02724786201737873,5.503100580028043,11.759465821718088,6.256365241690045
4015,Signal Gold Inc. (formerly Anaconda Mining),Goldboro Gold,NS,Precious Metal,Mining,6,2,0.559,No,1,0,0,1,mpo_only,0.13099049386673337,0.10072499363497411,0.10072499363497411,0.05924790820288062,0.09511920103480699,6.0,2.0,-4.0,4,2,1,0.0,0.05172603369437856,0.05172603369437856,0.06549524693336668,0.09135826378055596,0.02586301684718928,0.25,3.0,0.26198098773346673,0.030452754593518653,-0.23152823313994808,17.749211918942372,24.758089484530664,7.008877565588293
4016,Allkem Limited,James Bay Lithium,QC,Critical Mineral,Mining,6,2,0.69,Yes,1,0,0,1,mpo_only,0.015320091511775037,0.037804861998076235,0.037804861998076235,0.022662619075612622,0.018991355293693828,6.0,2.0,-4.0,4,2,1,0.0,0.019736954278141594,0.019736954278141594,0.007660045755887518,0.017528522894958314,0.009868477139070795,0.25,3.0,0.030640183023550073,0.005842840964986104,-0.02479734205856397,3.8966652760199803,8.916759596665294,5.020094320645313
4021,Tolko,Mill upgrade,BC,Pulp & Paper,Forest,6,0,0.157,No,0,0,0,1,mpo_only,0.03371705586513938,0.11926357493443858,0.11926357493443858,0.06976374139880248,0.05174039863197093,6.0,2.0,-4.0,4,2,1,0.0,0.06095054448675141,0.06095054448675141,0.01685852793256969,0.04733380017594539,0.030475272243375703,0.25,3.0,0.06743411173027876,0.0157779333919818,-0.05165617833829696,0.5900484776399392,1.6566830061580888,1.0666345285181498
4057,EDF Renewables Canada,Vulcan Solar Project,AB,Clean Electricity,Energy,6,1,0.451,Yes,1,0,0,1,mpo_only,0.940052847129318,0.5693257653363145,0.5693257653363145,0.29193294370601497,0.6159928954176666,6.0,2.0,-4.0,4,2,1,0.0,0.2593320388157201,0.2593320388157201,0.470026423564659,0.599692442972519,0.12966601940786,0.25,3.0,1.880105694258636,0.19989748099083968,-1.6802082132677965,72.85409565252215,92.95232866074045,20.0982330082183
4072,PEI Energy Corporation,Borden Battery Park,PE,"DER, Storage, EV",Energy,5,0,0.157,Yes,1,0,0,1,mpo_only,0.8205732748839641,0.7674678320315592,0.7674678320315592,0.37209219969537255,0.5963327372896683,5.0,2.0,-3.0,4,2,1,0.0,0.33281122184336964,0.33281122184336964,0.41028663744198207,0.576692248363667,0.16640561092168488,0.25,3.0,1.6411465497679283,0.19223074945455565,-1.4489158003133726,14.360032310469373,20.184228692728343,5.82419638225897
4073,PEI Energy Corporation,Western PEI Transmission Upgrade,PE,Trans & Distr,Energy,6,0,0.192,No,0,0,0,1,mpo_only,0.6973773066252726,0.8228077780312955,0.8228077780312955,0.3928126449262781,0.5450949757757754,6.0,2.0,-4.0,4,2,1,0.0,0.35199880961848096,0.35199880961848096,0.3486886533126363,0.5246880581218768,0.17599940480924048,0.25,3.0,1.3947546132505453,0.17489601937395893,-1.2198585938765865,15.342300745755999,23.08627455736258,7.74397381160658
4077,Synex Energy Resources Ltd.,Victoria Lake Hydro Project,BC,Clean Electricity,Energy,6,0,0.083,Yes,1,0,0,1,mpo_only,0.03276337530745488,0.060878338806665704,0.060878338806665704,0.03624117855756981,0.034502276932512344,6.0,2.0,-4.0,4,2,1,0.0,0.03159110355287276,0.03159110355287276,0.01638168765372744,0.03217723943016382,0.01579555177643638,0.25,3.0,0.06552675061490976,0.010725746476721273,-0.05480100413818848,0.2948703777670939,0.5791903097429487,0.2843199319758548
4080,Pacific Greengen Power Inc.,Fries Creek Hydroelectric Project,BC,Clean Electricity,Energy,6,0,0.088,Yes,1,0,0,1,mpo_only,0.03276337530745488,0.06056992308222027,0.06056992308222027,0.036060928187000574,0.034412151747227726,6.0,2.0,-4.0,4,2,1,0.0,0.0314336020983248,0.0314336020983248,0.01638168765372744,0.03209848870288984,0.0157168010491624,0.25,3.0,0.06552675061490976,0.010699496234296613,-0.054827254380613144,0.3276337530745488,0.6419697740577968,0.314336020983248
4096,Boralex,Babcock Ridge Wind Farm,BC,Clean Electricity,Energy,6,0,0.214,Yes,1,0,0,1,mpo_only,0.03276337530745488,0.05329317438419926,0.05329317438419926,0.03179831310868775,0.03228084420807131,6.0,2.0,-4.0,4,2,1,0.0,0.02771007767882583,0.02771007767882583,0.01638168765372744,0.030236726493140353,0.013855038839412914,0.25,3.0,0.06552675061490976,0.010078908831046784,-0.05544784178386297,0.819084382686372,1.5118363246570177,0.6927519419706457
4104,Canfor Corporation/Licella,Biofuel Facility,BC,Low Carbon Fuels,Energy,6,0,0.275,Yes,1,1,0,1,mpo_only,0.009136780396162636,0.01562772995083863,0.01562772995083863,0.009431277132902371,0.009284028764532503,6.0,2.0,-4.0,4,2,1,0.0,0.00820657063633945,0.00820657063633945,0.004568390198081318,0.008671675516251042,0.004103285318169724,0.25,3.0,0.018273560792325273,0.002890558505417014,-0.015383002286908259,0.31978731386569226,0.607017286137573,0.28722997227188074
4111,Borealis Geopower,Canoe Reach Geothermal Energy Project,BC,Clean Electricity,Energy,6,1,0.388,Yes,1,0,0,1,mpo_only,0.09180230755160419,0.044659180976111996,0.044659180976111996,0.02671618562557254,0.05925924658858837,6.0,2.0,-4.0,4,2,1,0.0,0.023273475965074675,0.023273475965074675,0.045901153775802096,0.057537891758339434,0.011636737982537337,0.25,3.0,0.18360461510320839,0.019179297252779812,-0.16442531785042858,5.508138453096252,6.904547011000732,1.39640855790448
4116,Alcan Aluminum Ltd. and the Province of BC,Kenney Dam Cold Water Release Facility,BC,Clean Electricity,Energy,5,2,0.563,Yes,1,0,0,1,mpo_only,0.08480154252134366,0.03738597957707769,0.03738597957707769,0.022414350085206425,0.05360794630327504,5.0,2.0,-3.0,4,2,1,0.0,0.019520414991964774,0.019520414991964774,0.04240077126067183,0.052160978756654215,0.009760207495982387,0.25,3.0,0.1696030850426873,0.01738699291888474,-0.15221609212380258,11.660212096684752,14.344269158079909,2.6840570613951567
4119,AltaGas / Vopak Development Canada Inc.,Ridley Island Energy Export Facility (REEF),BC,"DER, Storage, EV",Energy,6,3,0.757,Yes,1,0,0,1,mpo_only,0.054090150908135286,0.0306990435106269,0.0306990435106269,0.018442494680363852,0.03626632279424957,6.0,2.0,-4.0,4,2,1,0.0,0.01605715112083328,0.01605715112083328,0.027045075454067643,0.035073651014484286,0.008028575560416643,0.25,3.0,0.10818030181627057,0.011691217004828095,-0.09648908481144247,20.283806590550732,26.305238260863213,6.021431670312481
4125,Nisgaa Nation,Nisgaa LNG,BC,Oil & Gas - Downstream,Energy,6,4,0.975,No,1,0,0,1,mpo_only,0.006565843994644939,0.020105888255464117,0.020105888255464117,0.012117396004439174,0.009341619999542056,6.0,2.0,-4.0,4,2,1,0.0,0.010545741732938652,0.010545741732938652,0.0032829219973224697,0.008555792863791795,0.005272870866469325,0.25,3.0,0.013131687989289879,0.002851930954597265,-0.010279757034692614,32.829219973224696,85.55792863791794,52.728708664693244
4126,Devon Energy Corporation/ BP JV,Pike,AB,Clean Electricity,Energy,6,4,0.89,Yes,1,0,0,1,mpo_only,0.9165063000119912,0.36449714674400724,0.36449714674400724,0.19829659445303216,0.5574014472325117,6.0,2.0,-4.0,4,2,1,0.0,0.17485624884289697,0.17485624884289697,0.4582531500059956,0.5456812744274441,0.08742812442144848,0.25,3.0,1.8330126000239824,0.18189375814248135,-1.651118841881501,870.6809850113916,1036.7944214121437,166.1134364007521
4153,DP Energy Limited (Haligonia Tidal Energy Ltd. / Rio Fundo Operations Canada Ltd.),Uisce Tapa In-Stream Tidal Energy Project,NS,Clean Electricity,Energy,6,1,0.384,Yes,1,0,0,1,mpo_only,0.5414721863505582,0.6094220613614697,0.6094220613614697,0.3089404469379894,0.4252063166442738,6.0,2.0,-4.0,4,2,1,0.0,0.2748272971028982,0.2748272971028982,0.2707360931752791,0.4081497417267282,0.1374136485514491,0.25,3.0,1.0829443727011163,0.1360499139089094,-0.9468944587922069,31.676122901507654,47.7535197820272,16.077396880519544
4162,Waroona Energy Inc.,Superior Lake (formerly Pick Lake/Winston Lake Zinc Project),ON,Other,Mining,5,1,0.438,No,1,0,0,1,mpo_only,0.5975504049843339,0.1251675241348929,0.1251675241348929,0.07308795877866614,0.3353191818815,5.0,2.0,-3.0,4,2,1,0.0,0.06386937728646414,0.06386937728646414,0.29877520249216694,0.330709891135399,0.03193468864323207,0.25,3.0,1.1951008099686677,0.11023663037846633,-1.0848641795902014,43.34768074349504,47.98091227142291,4.633231527927869
4163,Canadian Premium Sand,Wanipigow,MB,Other,Mining,5,1,0.4,No,1,0,0,1,mpo_only,0.41973681446408473,0.11838066374810816,0.11838066374810816,0.0692655947437879,0.24450120460393632,5.0,2.0,-3.0,4,2,1,0.0,0.0605132635403991,0.0605132635403991,0.20986840723204236,0.2401250390022419,0.03025663177019955,0.25,3.0,0.8394736289281695,0.08004167966741398,-0.7594319492607555,26.023682496773255,29.775504836277996,3.7518223395047414
4164,Copper Mountain Mining Corp.,New Ingerbelle,BC,Critical Mineral,Mining,5,1,0.478,Yes,1,0,0,1,mpo_only,0.005831863744795095,0.009845956180014102,0.009845956180014102,0.005952409624013555,0.005892136684404325,5.0,2.0,-3.0,4,2,1,0.0,0.005178273549601542,0.005178273549601542,0.0029159318723975475,0.0055050686471983185,0.002589136774800771,0.25,3.0,0.01166372748959019,0.0018350228823994395,-0.00982870460719075,0.5336155326487512,1.0074275624372924,0.4738120297885412
4166,Foran Mining Corp.,McIlvenna Bay,SK,Critical Mineral,Mining,5,2,0.622,Yes,1,0,0,1,mpo_only,0.0551586263150192,0.10699514554052086,0.10699514554052086,0.06281782921890866,0.05898822776696393,5.0,2.0,-3.0,4,2,1,0.0,0.05485606097541296,0.05485606097541296,0.0275793131575096,0.055007343645216075,0.027428030487706475,0.25,3.0,0.1103172526300384,0.018335781215072025,-0.09198147141496638,10.149187241963533,20.242702461439517,10.093515219475984
4169,Allegiance Coal,Telkwa (Delete same project as Tenas Project (ID3610),BC,Coal,Mining,5,0,0.288,No,1,0,0,1,mpo_only,0.0011229170637215213,0.009759942145044094,0.009759942145044094,0.005900563236484246,0.003511740150102884,5.0,2.0,-3.0,4,2,1,0.0,0.005133152582119771,0.005133152582119771,0.0005614585318607607,0.003128034822920646,0.0025665762910598855,0.25,3.0,0.0022458341274430426,0.0010426782743068821,-0.0012031558531361605,0.041107747868717445,0.229022197594958,0.18791444972624055
4188,Alpin Sun,Airport City Solar,AB,Clean Electricity,Energy,5,1,0.464,Yes,1,0,0,1,mpo_only,0.946800743745767,0.5618570487891124,0.5618570487891124,0.28871902551924145,0.6177598846325042,5.0,2.0,-3.0,4,2,1,0.0,0.25640937432968325,0.25640937432968325,0.4734003718728835,0.6016050590377251,0.12820468716484162,0.25,3.0,1.893601487491534,0.2005350196792417,-1.6930664678122922,80.0046628465173,101.67125497737554,21.666592130858234
4198,Climate Transition Development Corporation,Greenview Geothermal Power Plant (Alberta No. 1),AB,Clean Electricity,Energy,5,1,0.365,Yes,1,0,0,1,mpo_only,0.946800743745767,0.6212982096547701,0.6212982096547701,0.31389904581302475,0.6303498947793958,5.0,2.0,-3.0,4,2,1,0.0,0.2793543118942139,0.2793543118942139,0.4734003718728835,0.6130775278199905,0.139677155947107,0.25,3.0,1.893601487491534,0.20435917593999683,-1.6892423115515371,50.18043941852565,64.98621794891899,14.80577853039334
4204,Jupiter Hydro,In-Stream Tidal Demonstration Project,NS,Clean Electricity,Energy,5,0,0.118,Yes,1,1,0,1,mpo_only,0.30992607123656657,0.24911501940851083,0.24911501940851083,0.140198241548822,0.22506215639269428,5.0,2.0,-3.0,4,2,1,0.0,0.12309551230648774,0.12309551230648774,0.15496303561828328,0.21651079177152716,0.06154775615324387,0.25,3.0,0.6198521424731331,0.07217026392384239,-0.5476818785492907,3.6106387299060008,5.044701448276583,1.434062718370582
4216,NRStor and Six Nations of the Grand River Development Corporation Oneida Energy Storage LP,Oneida Energy Storage,ON,"DER, Storage, EV",Energy,5,3,0.776,Yes,1,0,0,1,mpo_only,0.8194663074255881,0.44973891377138586,0.44973891377138586,0.2386817218464169,0.5290740146360025,5.0,2.0,-3.0,4,2,1,0.0,0.21112330821030612,0.21112330821030612,0.40973315371279406,0.5152948078179471,0.10556165410515306,0.25,3.0,1.6389326148511763,0.17176493593931572,-1.4671676789118606,327.78652297023524,412.2358462543577,84.44932328412244
4220,Port Hawkesbury Paper,Goose Harbour Lake Wind Farm (formerly Pirate Harbour),NS,Clean Electricity,Energy,5,1,0.451,Yes,1,0,0,1,mpo_only,0.572691829900011,0.5693257653363145,0.5693257653363145,0.29193294370601497,0.432312386803013,5.0,2.0,-3.0,4,2,1,0.0,0.2593320388157201,0.2593320388157201,0.2863459149500055,0.41601193435786554,0.12966601940786004,0.25,3.0,1.145383659800022,0.13867064478595517,-1.0067130150140668,44.383616817250854,64.48184982546915,20.0982330082183
4224,WindRiver Power Corp. & TC Energy,Canyon Creek Hydro Power Project (storage),AB,Clean Electricity,Energy,5,1,0.49,Yes,1,0,0,1,mpo_only,0.946800743745767,0.5472122660831705,0.5472122660831705,0.2823747139966286,0.6145877288711978,5.0,2.0,-3.0,4,2,1,0.0,0.2506450457641106,0.2506450457641106,0.4734003718728835,0.5987228947549388,0.1253225228820553,0.25,3.0,1.893601487491534,0.19957429825164627,-1.6940271892398877,94.68007437457669,119.74457895098776,25.064504576411068
4231,Enbridge Frontier Inc.,Frontier NGL Plant and Pipeline Project,BC,Trans & Distr,Energy,5,4,0.912,No,1,0,0,1,mpo_only,0.028835401345248656,0.02143462948583214,0.02143462948583214,0.012913008296659534,0.020874204820954097,5.0,2.0,-3.0,4,2,1,0.0,0.01123874929236146,0.01123874929236146,0.014417700672624328,0.02003707531880506,0.005619374646180732,0.25,3.0,0.05767080269049731,0.006679025106268353,-0.05099177758422896,36.04425168156082,50.09268829701265,14.048436615451827
5002,Inuvialuit Petroleum Corporation,Inuvialuit Energy Security Project,NT,Clean Electricity,Energy,4,1,0.456,Yes,1,0,0,1,mpo_only,0.8956614154770388,0.5664415043363671,0.5664415043363671,0.29069352099760337,0.5931774682373211,4.0,2.0,-2.0,4,2,1,0.14610425215637957,0.25820473135758926,0.11210047920120969,0.5208828338167092,0.576933073417314,0.056050239600604845,1.0,3.0,0.5208828338167092,0.192311024472438,-0.3285718093442712,83.34125341067347,92.30929174677024,8.968038336096768
5010,Deh Tai GP Ltd,Clarke Lake Geothermal Development,BC,Clean Electricity,Energy,4,1,0.342,Yes,1,0,0,1,mpo_only,0.21870054823598933,0.04679547376805944,0.04679547376805944,0.027976125151001896,0.12333833669349561,4.0,2.0,-2.0,4,2,1,0.012963656862298945,0.024373097267027966,0.011409440404729021,0.11583210254914414,0.12153682275150865,0.0057047202023645105,1.0,3.0,0.11583210254914414,0.04051227425050288,-0.07531982829864126,11.583210254914414,12.153682275150866,0.5704720202364513
5014,"Nisga'a Nation, Western LNG, Rockies LNG Partners",Ksi Lisims LNG,BC,Oil & Gas - Downstream,Energy,4,4,0.975,No,1,0,0,1,mpo_only,0.017973547621828234,0.020105888255464117,0.020105888255464117,0.012117396004439174,0.015045471813133704,4.0,2.0,-2.0,4,2,1,0.0055906263051462846,0.010545741732938652,0.004955115427792367,0.01178208696348726,0.014259644677383443,0.0024775577138961835,1.0,3.0,0.01178208696348726,0.004753214892461148,-0.0070288720710261115,117.8208696348726,142.59644677383443,24.775577138961836
5016,Pace Canada LP,Caroline Solar Project,AB,Clean Electricity,Energy,4,0,0.081,Yes,1,0,0,1,mpo_only,0.9356999860980314,0.8290637043969434,0.8290637043969434,0.39511155281803123,0.6654057694580313,4.0,2.0,-2.0,4,2,1,0.20639987480132638,0.3541328630677698,0.14773298826644343,0.5710499304496789,0.6449164245829007,0.07386649413322177,1.0,3.0,0.5710499304496789,0.21497214152763355,-0.35607778892204534,9.70784881764454,10.963579217909311,1.2557304002647705
5017,Pace Canada LP,Hannah Sheerness Solar Project,AB,Clean Electricity,Energy,4,0,0.082,Yes,1,0,0,1,mpo_only,0.9356999860980314,0.8282219730955624,0.8282219730955624,0.39480274358220757,0.6652513648401195,4.0,2.0,-2.0,4,2,1,0.20621358880968887,0.3538461371053907,0.14763254829570183,0.5709567874538601,0.6447730616017111,0.07381627414785097,1.0,3.0,0.5709567874538601,0.21492435386723704,-0.35603243358662306,9.820456744206394,11.090096659549431,1.2696399153430367
5018,Tlingit Homeland Energy Limited Partnership (THELP),Atlin Hydro Expansion project,BC,Clean Electricity,Energy,4,2,0.594,Yes,0,0,0,1,mpo_only,0.1843981297422051,0.04924266477841462,0.04924266477841462,0.029417421539998823,0.10690777564110196,4.0,2.0,-2.0,4,2,1,0.013636954159554904,0.02563122701968379,0.011994272860128885,0.09901754195088,0.10501467838094444,0.0059971364300644425,1.0,3.0,0.09901754195088,0.03500489279364815,-0.06401264915723184,32.6757888437904,34.65484386571167,1.979055021921269
5019,AWP Industrial Park,"pellet mill, sawmill, biomass power plant and logistics",NT,Lumber,Forest,4,0,0.088,No,1,0,0,1,mpo_only,0.4130685040725458,1.2790328600307923,1.2790328600307923,0.5395516563663545,0.47631008021945015,4.0,2.0,-2.0,4,2,1,0.2999788021202908,0.4905523231714538,0.190573521051163,0.3565236530964183,0.4518104136219998,0.0952867605255815,1.0,3.0,0.3565236530964183,0.15060347120733328,-0.20592018188908504,7.130473061928367,9.036208272439996,1.9057352105116294
5025,Interfor Corporation,Mill improvement,BC,Pulp & Paper,Forest,4,0,0.157,No,1,0,0,1,mpo_only,0.0881140206129473,0.0877403292397769,0.0877403292397769,0.051811770810680224,0.06996289571181377,4.0,2.0,-2.0,4,2,1,0.024168600927013784,0.04521115804428433,0.021042557117270544,0.056141310769980544,0.06666258932861582,0.010521278558635279,1.0,3.0,0.056141310769980544,0.022220863109538608,-0.03392044766044194,1.964945876949319,2.333190626501554,0.36824474955223474
5027,Osisko Development Corp.,Cariboo Gold Project,BC,Precious Metal,Mining,4,3,0.711,No,1,0,0,1,mpo_only,0.034180403778301845,0.006350954557908582,0.006350954557908582,0.003843560532490131,0.019011982155395988,4.0,2.0,-2.0,4,2,1,0.0017693287828584037,0.0033432279666205655,0.0015738991837621619,0.017974866280580124,0.018761815872461205,0.0007869495918810809,1.0,3.0,0.017974866280580124,0.006253938624153735,-0.011720927656426388,10.569221372981113,11.031947733007188,0.4627263600260747
5028,St Barbara Ltd.,Moose River Consolidated (15 Mile Stream Mine),NS,Precious Metal,Mining,4,1,0.477,No,1,0,0,1,mpo_only,0.34072037657611465,0.10947422899313512,0.10947422899313512,0.06422555953658615,0.2024729680563504,4.0,2.0,-2.0,4,2,1,0.030064515304693562,0.05609075471490799,0.026026239410214425,0.1853924459404041,0.19840556564551132,0.013013119705107212,1.0,3.0,0.1853924459404041,0.06613518854850377,-0.11925725739190034,33.74142516115355,36.10981294748306,2.3683877863295066
5034,Greengate Power Corporation,Lathom Solar Project,AB,Clean Electricity,Energy,4,1,0.464,Yes,1,0,0,1,mpo_only,0.9774903053972903,0.5618570487891124,0.5618570487891124,0.28871902551924145,0.6331046654582659,4.0,2.0,-2.0,4,2,1,0.1450119966138559,0.25640937432968325,0.11139737771582736,0.5612511510055731,0.6169498398634867,0.055698688857913625,1.0,3.0,0.5612511510055731,0.20564994662116223,-0.3556012043844109,95.41269567094743,104.88147277679275,9.46877710584532
5038,TransAlta Renewables,Tempest Wind Power Project,AB,Clean Electricity,Energy,4,1,0.362,Yes,1,0,0,1,mpo_only,0.9774903053972903,0.6231944325660069,0.6231944325660069,0.31468746727966346,0.6460888863384768,4.0,2.0,-2.0,4,2,1,0.15951074987653568,0.28007450349662455,0.12056375362008886,0.5685005276369131,0.6287824044469574,0.06028187681004438,1.0,3.0,0.5685005276369131,0.20959413481565248,-0.3589063928212606,59.69255540187587,66.02215246693054,6.329597065054664
5040,Prairie Sunlight,Vauxhall Solar Farm,AB,Clean Electricity,Energy,4,1,0.518,Yes,1,0,0,1,mpo_only,0.9774903053972903,0.5318675637564854,0.5318675637564854,0.2756664696391783,0.6265783875182342,4.0,2.0,-2.0,4,2,1,0.13783239809351044,0.244557276451414,0.10672487835790356,0.5576613517454003,0.6110237909243521,0.05336243917895178,1.0,3.0,0.5576613517454003,0.20367459697478404,-0.35398675477061625,122.68549738398806,134.42523400335747,11.73973661936941
5041,AltaLink,Provost to Edgerton and Nilrem to Vermilion (PENV) Transmission Development,AB,Trans & Distr,Energy,4,2,0.532,No,1,0,0,1,mpo_only,0.9284090736861459,0.42854594279676683,0.42854594279676683,0.2288352139592894,0.5786221438227177,4.0,2.0,-2.0,4,2,1,0.11263196550419252,0.20225820471102318,0.08962623920683066,0.5205205195951692,0.5653336391985846,0.044813119603415386,1.0,3.0,0.5205205195951692,0.1884445463995282,-0.33207597319564097,125.44544522243578,136.24540704685887,10.799961824423093
5048,Ascent Energy Partners,Dunmore Solar Project,AB,Clean Electricity,Energy,4,1,0.49,Yes,1,0,0,1,mpo_only,0.9774903053972903,0.5472122660831705,0.5472122660831705,0.2823747139966286,0.6299325096969595,4.0,2.0,-2.0,4,2,1,0.14151347943868997,0.2506450457641106,0.10913156632542065,0.5595018924179902,0.6140676755807004,0.05456578316271021,1.0,3.0,0.5595018924179902,0.2046892251935668,-0.3548126672244234,111.90037848359805,122.81353511614009,10.91315663254204
5052,Fortis,Tilbury LNG Phase 2,BC,Oil & Gas - Downstream,Energy,3,4,0.93,No,0,0,0,1,mpo_only,0.017973547621828234,0.028607754368084014,0.028607754368084014,0.01719701714949462,0.017585282385661427,3.0,2.0,-1.0,3,2,1,0.011980330665622319,0.014971532198661097,0.0029912015330387787,0.014976939143725276,0.016472539910244666,0.0014956007665193893,2.0,3.0,0.007488469571862638,0.005490846636748222,-0.0019976229351144166,52.41928700303847,57.65388968585633,5.234602682817858
5053,Alberta BioBoard,MDF and Fuel Pellet Plant,AB,Waste Biomass,Energy,4,3,0.775,Yes,1,1,0,1,mpo_only,0.9608858670334481,0.12780904369957607,0.12780904369957607,0.07457141683969015,0.5177286419365692,4.0,2.0,-2.0,4,2,1,0.035010624656719336,0.0651723695430727,0.03016174488635337,0.49794824584508374,0.5130291182882605,0.01508087244317674,1.0,3.0,0.49794824584508374,0.17100970609608682,-0.3269385397489969,393.3791142176162,405.29300344772577,11.91388923010959
5060,Fortis,Tilbury LNG Phase 1B,BC,Oil & Gas - Downstream,Energy,4,0,0.253,No,0,0,0,1,mpo_only,0.00868573621449878,0.05690431237871938,0.05690431237871938,0.03391601687046897,0.021300876542483874,4.0,2.0,-2.0,4,2,1,0.015741939944082683,0.02955968880212334,0.013817748858040657,0.012213838079290731,0.01912271250831106,0.0069088744290203286,1.0,3.0,0.012213838079290731,0.006374237502770354,-0.005839600576520378,0.7328302847574439,1.1473627504986637,0.4145324657412197
5067,Ontario Power Generation,Redevelopment of Coniston station,ON,Clean Electricity,Energy,4,0,0.317,Yes,1,0,0,1,mpo_only,0.8677370990414979,0.7168862601277534,0.7168862601277534,0.3525354828633742,0.610136290952436,4.0,2.0,-2.0,4,2,1,0.18118416180506602,0.3147769120243864,0.13359275021932038,0.524460630423282,0.5912570055329421,0.06679637510966019,1.0,3.0,0.524460630423282,0.19708566851098072,-0.3273749619123012,44.579153585978965,50.25684547030008,5.6776918843211135
5069,Canada Nickel Company Inc.,Crawford,ON,Critical Mineral,Mining,1,4,0.916,Yes,1,0,0,1,mpo_only,0.5418173374368263,0.09424317303696315,0.09424317303696315,0.05554317775524631,0.2986802575960363,1.0,1.0,0.0,2,2,0,0.048479445607146565,0.048479445607146565,0.0,0.2951483915219864,0.2951483915219864,0.0,4.0,4.0,0.0737870978804966,0.0737870978804966,0.0,783.6512982397455,783.6512982397455,0.0
5074,New Age Metals Inc.,River Valley Palladium,ON,Precious Metal,Mining,1,3,0.724,No,1,0,0,1,mpo_only,0.8068363406137582,0.09360985077165596,0.09360985077165596,0.05518041646775618,0.4310083785407572,1.0,1.0,0.0,2,2,0,0.048161634244476614,0.048161634244476614,0.0,0.4274989874291174,0.4274989874291174,0.0,4.0,4.0,0.10687474685727935,0.10687474685727935,0.0,259.2131560296705,259.2131560296705,0.0
5076,Resolve Energie,Usine de production d'ethanol cellulosique,QC,Oil & Gas - Upstream,Energy,4,2,0.573,No,1,0,0,1,mpo_only,0.7948588686769089,0.1440395375176887,0.1440395375176887,0.08363437580273703,0.43924662223982297,4.0,2.0,-2.0,4,2,1,0.03936800949890695,0.07313873393125425,0.0337707244323473,0.41711343908790793,0.4339988013040816,0.01688536221617365,1.0,3.0,0.41711343908790793,0.14466626710136052,-0.27244717198654744,125.13403172637238,130.19964039122448,5.065608664852093
5077,Greenfield Global,Agrandissement usine d'ethanol a Varennes,QC,Low Carbon Fuels,Energy,4,1,0.388,Yes,0,0,0,1,mpo_only,0.7842516764382732,0.2890904679729539,0.2890904679729539,0.16078886231534206,0.47252026937680763,4.0,2.0,-2.0,4,2,1,0.07744639051100843,0.14138621674387075,0.06393982623286232,0.4308490334746408,0.462818946591072,0.03196991311643116,1.0,3.0,0.4308490334746408,0.15427298219702398,-0.27657605127761686,51.701884016956896,55.53827359092864,3.8363895739717435
5086,DEEP,DEEP Geothermal,SK,Clean Electricity,Energy,4,2,0.551,Yes,1,1,0,1,mpo_only,0.9639549092104166,0.148514793341683,0.148514793341683,0.08611767022150674,0.5250362897159617,4.0,2.0,-2.0,4,2,1,0.04056601273811611,0.0753233456154585,0.034757332877342395,0.5022604609742664,0.5196391274129375,0.017378666438671142,1.0,3.0,0.5022604609742664,0.17321304247097916,-0.3290474185032872,128.5786780094122,133.027616617712,4.448938608299812
6002,Highwood Organics Processing,Aldersyde Bioenergy Facility,AB,Waste Biomass,Energy,3,0,0.124,Yes,1,0,0,1,mpo_only,0.9039231483518286,0.793630355608729,0.793630355608729,0.38197467956164644,0.6429489139567375,3.0,2.0,-1.0,3,2,1,0.2842059165570874,0.34195214700144916,0.05774623044436178,0.594064532454458,0.6229376476766388,0.028873115222180834,2.0,3.0,0.297032266227229,0.2076458825588796,-0.08938638366834939,14.85161331136145,15.573441191915972,0.7218278805545211
6016,Voltarix Group,Creekside Solar Project,AB,Clean Electricity,Energy,3,0,0.188,Yes,1,0,0,1,mpo_only,0.9356999860980314,0.7436770859673238,0.7436770859673238,0.36296850177091367,0.6493342439344725,3.0,2.0,-1.0,3,2,1,0.2689818852185838,0.32438878676477434,0.055406901546190546,0.6023409356583076,0.6300443864314029,0.02770345077309533,2.0,3.0,0.3011704678291538,0.2100147954771343,-0.09115567235201949,25.900660233307228,27.091908616550327,1.1912483832430993
6018,FortisBC,Eagle Mountain - Woodfibre Gas Pipeline,BC,Trans & Distr,Energy,3,2,0.602,No,1,0,0,1,mpo_only,0.07714443884922288,0.029367960753727922,0.029367960753727922,0.01764994451926205,0.047397191684242466,3.0,2.0,-1.0,3,2,1,0.01229672388712233,0.0153663050021966,0.0030695811150742713,0.044720581368172606,0.04625537192570974,0.0015347905575371357,2.0,3.0,0.022360290684086303,0.015418457308569914,-0.0069418333755163885,15.652203478860413,16.18938017399841,0.5371766951379957
6019,Skeena Resources Ltd.,Eskay Creek Mine,BC,Precious Metal,Mining,3,3,0.75,No,1,0,0,1,mpo_only,0.034180403778301845,0.0061042735934697095,0.0061042735934697095,0.0036945467827412815,0.018937475280521563,3.0,2.0,-1.0,3,2,1,0.0025684745592062797,0.003213580666522997,0.0006451061073167175,0.018374439168754062,0.01869699222241242,0.00032255305365835873,2.0,3.0,0.009187219584377031,0.006232330740804141,-0.0029548888435728905,13.100975127321647,13.330955454580057,0.22998032725841
6022,NTPC,Fort Providence and Kakisa Transmission Line,NT,Trans & Distr,Energy,3,0,0.253,No,1,0,0,1,mpo_only,0.5154075984069448,0.5689569634685034,0.5689569634685034,0.29177458325146366,0.40359109082920425,3.0,2.0,-1.0,3,2,1,0.21314089070831688,0.2591879889454718,0.046047098237154915,0.36427424455763086,0.3872977936762083,0.023023549118577458,2.0,3.0,0.18213712227881543,0.1290992645587361,-0.05303785772007932,21.85645467345785,23.237867620572498,1.3814129471146472
6023,STLLR Gold Inc.,Tower Gold (formerly Garrison/Golden Highway),ON,Precious Metal,Mining,1,2,0.694,No,1,0,0,1,mpo_only,0.7940544683751466,0.09650641430588672,0.09650641430588672,0.056838404114608165,0.4254464362448774,1.0,1.0,0.0,2,2,0,0.04961430977187664,0.04961430977187664,0.0,0.4218343890735116,0.4218343890735116,0.0,4.0,4.0,0.1054585972683779,0.1054585972683779,0.0,218.0883791510055,218.0883791510055,0.0
6025,Rock Tech Lithium Inc.,Georgia Lake,ON,Critical Mineral,Mining,2,2,0.55,Yes,1,0,0,1,mpo_only,0.5770712070550996,0.1366823215904523,0.1366823215904523,0.07953722404703767,0.32830421555106865,2.0,2.0,0.0,2,2,0,0.06953606058609196,0.06953606058609196,0.0,0.3233036338205958,0.3233036338205958,0.0,3.0,3.0,0.1077678779401986,0.1077678779401986,0.0,82.72693382201405,82.72693382201405,0.0
6026,TransAlta Corporation,Ghost River WaterCharger Battery Energy Storage,AB,"DER, Storage, EV",Energy,3,1,0.388,Yes,1,0,0,1,mpo_only,0.9656069769948992,0.6069508932740268,0.6069508932740268,0.3079041747131399,0.6367555758540195,3.0,2.0,-1.0,3,2,1,0.22563598493332016,0.27388175540028525,0.0482457704669651,0.5956214809641096,0.6197443661975922,0.024122885233482605,2.0,3.0,0.2978107404820548,0.2065814553991974,-0.09122928508285741,71.47457771569316,74.36932394371107,2.894746228017908
6028,TransAlta Corporation,Glacier Gas Plant CSS (Phase 2),AB,CCUS,Energy,3,1,0.342,Yes,0,1,0,1,mpo_only,0.9656069769948992,0.26970557832443026,0.26970557832443026,0.15086638424013832,0.5582366806175187,3.0,2.0,-1.0,3,2,1,0.10741103844874145,0.13256483461210244,0.025153796163360997,0.5365090077218203,0.5490859058035008,0.012576898081680499,2.0,3.0,0.26825450386091015,0.1830286352678336,-0.08522586859307654,53.650900772182034,54.90859058035008,1.2576898081680454
6029,LNG Newfoundland and Labrador,Grassy Point LNG,NL,Oil & Gas - Downstream,Energy,3,4,0.975,No,1,0,0,1,mpo_only,0.41915907359728727,0.134229797278865,0.134229797278865,0.07816737348592728,0.24866322354160728,3.0,2.0,-1.0,3,2,1,0.05498272887774558,0.06833200181522414,0.013349272937478562,0.23707090123751642,0.2437455377062557,0.006674636468739281,2.0,3.0,0.11853545061875821,0.0812485125687519,-0.03728693805000631,2370.709012375164,2437.455377062557,66.746364687393
6031,Diageo Canada Inc.,Implantation de mesures de reduction des emissions de GES et de conversion energetique,QC,Waste Biomass,Energy,3,0,0.333,Yes,0,0,0,1,mpo_only,0.7431312886189879,0.3057012782120922,0.3057012782120922,0.16919908381104254,0.45616518621501523,3.0,2.0,-1.0,3,2,1,0.12084526943977891,0.14887380721337962,0.028028537773600704,0.4319882790293834,0.44600254791618377,0.014014268886800352,2.0,3.0,0.2159941395146917,0.14866751597206126,-0.06732662354263044,40.60689822876204,41.924239504121275,1.317341275359233
6040,FD Power,Kopahawakenum,SK,Other,Energy,3,0,0.145,Yes,1,0,0,1,mpo_only,0.8499249836151005,0.7190243780928444,0.7190243780928444,0.35337435702781195,0.6016496703214562,3.0,2.0,-1.0,3,2,1,0.26134968583332474,0.3155490107383109,0.054199324904986135,0.5556373347242126,0.5827369971767057,0.027099662452493067,2.0,3.0,0.2778186673621063,0.19424566572556856,-0.08357300163653775,16.66912004172638,17.48210991530117,0.8129898735747894
6046,"LNG Canada (Shell Canada Limited, PETRONAS, Korea Gas Corporation (KOGAS), Mitsubishi Corporation, and PetroChina Company Limited)",LNG Canada Phase 2,BC,Oil & Gas - Downstream,Energy,3,4,0.995,No,0,0,0,1,mpo_only,0.017973547621828234,0.026779887204045293,0.026779887204045293,0.016107127641549313,0.017040337631688773,3.0,2.0,-1.0,3,2,1,0.011219168716828487,0.014021678552876171,0.002802509836047684,0.01459635816932836,0.015997613087352203,0.001401254918023842,2.0,3.0,0.00729817908466418,0.0053325376957840676,-0.0019656413888801127,364.908954233209,399.94032718380504,35.03137295059605
6050,Miniere O3,Marban Block,QC,Other,Mining,2,2,0.652,No,1,0,0,1,mpo_only,0.08458264175018242,0.032113050278033635,0.032113050278033635,0.019283718857788568,0.05193318030398549,2.0,2.0,0.0,2,2,0,0.016790504738581125,0.016790504738581125,0.0,0.05068657324438177,0.05068657324438177,0.0,3.0,3.0,0.016895524414793923,0.016895524414793923,0.0,22.05372801863051,22.05372801863051,0.0
6051,Fox River Resources Corporation,Martison,ON,Other,Mining,1,4,0.907,No,1,0,0,1,mpo_only,0.7171953489084919,0.07773029741000352,0.07773029741000352,0.04603906562781224,0.38161720726815207,1.0,1.0,0.0,2,2,0,0.04015822637307409,0.04015822637307409,0.0,0.378676787640783,0.378676787640783,0.0,4.0,4.0,0.09466919691019575,0.09466919691019575,0.0,881.1505906970908,881.1505906970908,0.0
6053,TC Energy Corporation,Meaford Pumped Storage Project,ON,Clean Electricity,Energy,3,4,0.941,Yes,1,0,0,1,mpo_only,0.9319939381344403,0.38033826340067256,0.38033826340067256,0.2059604282433647,0.5689771831889026,3.0,2.0,-1.0,3,2,1,0.1480602910516179,0.1817199255966181,0.033659634545000205,0.5400271145930291,0.5568569318655292,0.016829817272500103,2.0,3.0,0.27001355729651455,0.18561897728850973,-0.08439458000800482,2322.116592750025,2394.4848070217754,72.36821427175028
6056,San Group,Mill and port upgrades,BC,Pulp & Paper,Forest,3,1,0.342,No,0,0,0,1,mpo_only,0.22381413442074288,0.09883125067508719,0.09883125067508719,0.05816703120655631,0.1409905828136496,3.0,2.0,-1.0,3,2,1,0.04078341757558701,0.05077865048392671,0.009995232908339702,0.13229877599816495,0.1372963924523348,0.004997616454169851,2.0,3.0,0.06614938799908247,0.045765464150778264,-0.02038392384830421,13.229877599816495,13.72963924523348,0.4997616454169851
6060,Sayona Nord,Moblan,QC,Other,Mining,1,3,0.784,No,1,0,0,1,mpo_only,0.09098984841673631,0.028083368671604717,0.028083368671604717,0.016884468930465246,0.05393715867360078,1.0,1.0,0.0,2,2,0,0.014699128101863912,0.014699128101863912,0.0,0.05284448825930011,0.05284448825930011,0.0,4.0,4.0,0.013211122064825028,0.013211122064825028,0.0,43.469876042100275,43.469876042100275,0.0
6062,Voltarix Group,Moon Lake Solar Project,AB,Clean Electricity,Energy,3,0,0.188,Yes,1,0,0,1,mpo_only,0.9356999860980314,0.7436770859673238,0.7436770859673238,0.36296850177091367,0.6493342439344725,3.0,2.0,-1.0,3,2,1,0.2689818852185838,0.32438878676477434,0.055406901546190546,0.6023409356583076,0.6300443864314029,0.02770345077309533,2.0,3.0,0.3011704678291538,0.2100147954771343,-0.09115567235201949,25.900660233307228,27.091908616550327,1.1912483832430993
6063,Northriver Midstream NEBC Connector GP Inc.,NEBC Connector Project,Multi,Clean Electricity,Energy,3,2,0.615,Yes,1,0,0,1,mpo_only,0.8669876246172286,0.48196061005594376,0.48196061005594376,0.25341195528849225,0.5601997899528603,3.0,2.0,-1.0,3,2,1,0.18376568725763787,0.22441337953831986,0.04064769228068199,0.5253766559374332,0.5457005020777742,0.020323846140340995,2.0,3.0,0.2626883279687166,0.18190016735925807,-0.08078816060945854,183.9343672436954,191.04974577742877,7.115378533733377
6064,One Sky Forest Products,New OSB Mill,SK,EWP,Forest,3,2,0.634,No,1,0,0,1,mpo_only,0.5642566993319771,0.6798311770257027,0.6798311770257027,0.3378231141600858,0.45103990674603145,3.0,2.0,-1.0,3,2,1,0.24905153564263416,0.3012567002620399,0.05220516461940572,0.4066541174873056,0.4327566997970085,0.02610258230970286,2.0,3.0,0.2033270587436528,0.1442522332656695,-0.05907482547798332,162.66164699492225,173.1026799188034,10.441032923881153
6067,Northern Petrochemical Corp.,Northern Petrochemical Ammonia and Methanol Production Facility,AB,Low Carbon Fuels,Energy,3,4,0.912,Yes,1,1,0,1,mpo_only,0.8921825062133536,0.11120478026034505,0.11120478026034505,0.06520698763080457,0.4786947469220791,3.0,2.0,-1.0,3,2,1,0.04577086557764143,0.05695169007835077,0.011180824500709341,0.4689766858954975,0.4745670981458522,0.0055904122503546705,2.0,3.0,0.23448834294774876,0.15818903271528406,-0.0762993102324647,1172.4417147387437,1186.4177453646305,13.976030625886779
6072,Peak Renewables,Pellet Plant,BC,Other,Forest,3,0,0.142,Yes,1,0,0,1,mpo_only,0.09551676715147334,0.10900502819011447,0.10900502819011447,0.06395928944689988,0.07973802829918661,3.0,2.0,-1.0,3,2,1,0.04488610190645892,0.05585719567388936,0.01097109376743044,0.07020143452896613,0.07568698141268135,0.00548554688371522,2.0,3.0,0.035100717264483064,0.025228993804227117,-0.009871723460255947,2.035841601340018,2.194922460967759,0.15908085962774132
6077,Hydro One,Power Downtown Toronto,ON,Trans & Distr,Energy,3,1,0.388,No,0,0,0,1,mpo_only,0.8786214884665952,0.7409807263737518,0.7409807263737518,0.36192612560699855,0.6202738070367968,3.0,2.0,-1.0,3,2,1,0.26815097851194225,0.32342753444037675,0.0552765559284345,0.5733862334892688,0.601024511453486,0.02763827796421725,2.0,3.0,0.2866931167446344,0.20034150381782867,-0.08635161292680571,68.80634801871226,72.12294137441832,3.316593355706061
6081,Newcrest Mining Ltd./Imperial Metals,Red Chris Block Cave Expansion,BC,Critical Mineral,Mining,3,4,0.916,Yes,0,0,0,1,mpo_only,0.009919864556798873,0.008577108634091456,0.008577108634091456,0.005187316360209304,0.007553590458504089,3.0,2.0,-1.0,3,2,1,0.0036070825029614895,0.004512457944941151,0.0009053754419796611,0.006763473529880181,0.007216161250870012,0.00045268772098983057,2.0,3.0,0.0033817367649400906,0.002405387083623337,-0.0009763496813167535,17.801462330644636,18.992936412289872,1.1914740816452358
6083,Voltarix Group,Rocktree Solar Project,AB,Clean Electricity,Energy,3,0,0.177,Yes,1,0,0,1,mpo_only,0.9356999860980314,0.752033343698201,0.752033343698201,0.36618811432431897,0.6509440502111752,3.0,2.0,-1.0,3,2,1,0.27155095158350095,0.32735912701927616,0.05580817543577521,0.6036254688407662,0.6315295565586538,0.02790408771788766,2.0,3.0,0.3018127344203831,0.21050985218621796,-0.09130288223416513,24.145018753630648,25.261182262346153,1.1161635087155055
6084,DP Energy,Saamis Solar Farm,AB,Clean Electricity,Energy,3,3,0.714,Yes,1,0,0,1,mpo_only,0.9743570938805424,0.43585022746017776,0.43585022746017776,0.2322431713978842,0.6033001326392133,3.0,2.0,-1.0,3,2,1,0.1677539497044932,0.20532481035552963,0.03757086065103643,0.5710555217925177,0.589840952118036,0.01878543032551827,2.0,3.0,0.28552776089625886,0.196613650706012,-0.08891411019024686,342.6333130755106,353.9045712708216,11.271258195310963
6087,Magna Mining Inc.,Shakespeare,ON,Other,Mining,3,2,0.526,No,1,0,0,1,mpo_only,0.7452985345099726,0.1144643087279072,0.1144643087279072,0.06705273307138926,0.40617563379068095,3.0,2.0,-1.0,3,2,1,0.047080375811870856,0.058571147470884766,0.01149077165901391,0.39618945516092174,0.4019348409904287,0.005745385829506955,2.0,3.0,0.19809472758046087,0.1339782803301429,-0.06411644725031798,92.27252410697868,93.61062446667084,1.338100359692163
6088,Expander Energy,Slave Lake Bio-Mass/Gas to Liquids Plant (Phase 1),AB,Waste Biomass,Energy,3,0,0.157,Yes,1,1,0,1,mpo_only,0.9039231483518286,0.23943900414441527,0.23943900414441527,0.13513882763922913,0.5195309879955289,3.0,2.0,-1.0,3,2,1,0.09595627046502386,0.11861000889582807,0.022653738430804204,0.49993970940842625,0.5112665786238284,0.011326869215402158,2.0,3.0,0.24996985470421312,0.17042219287460947,-0.07954766182960366,17.49788982929492,17.894330251833996,0.39644042253907585
6089,Hydro One,St.Clair Transmission Line,ON,Trans & Distr,Energy,3,2,0.534,No,1,0,0,1,mpo_only,0.8539428429402403,0.4699913133230304,0.4699913133230304,0.247973728849749,0.5509582858949946,3.0,2.0,-1.0,3,2,1,0.17963921836276897,0.2195028974836204,0.039863679120851425,0.5167910306515047,0.5367228702119303,0.019931839560425657,2.0,3.0,0.25839551532575233,0.17890762340397678,-0.07948789192177555,129.19775766287617,134.18071755298257,4.9829598901064
6091,"ATCO, Suncor",Suncor and ATCO clean hydrogen project,AB,Low Carbon Fuels,Energy,3,4,0.931,Yes,1,1,0,1,mpo_only,0.8921825062133536,0.10907909497625322,0.10907909497625322,0.06400132716793938,0.4780919166906465,3.0,2.0,-1.0,3,2,1,0.04491590569695636,0.05589406852155199,0.010978162824595628,0.468549205955155,0.4740382873674528,0.005489081412297814,2.0,3.0,0.2342746029775775,0.1580127624558176,-0.07626184052175988,1654.9157954336074,1674.3032309818432,19.38743554823577
6092,Suncor Energy Inc.,Suncor PURE Demonstration Facility,AB,Clean Electricity,Energy,3,0,0.234,Yes,1,1,0,1,mpo_only,0.9356999860980314,0.22142467814987946,0.22142467814987946,0.12564001784888823,0.5306700019734598,3.0,2.0,-1.0,3,2,1,0.08906885681359034,0.11019790960263376,0.021129052789043423,0.5123844214558109,0.5229489478503326,0.010564526394521767,2.0,3.0,0.25619221072790543,0.17431631595011088,-0.08187589477779456,26.90018212643007,27.454819762142463,0.5546376357123926
6096,Troilus Gold Corp.,Troilus,QC,Other,Mining,1,2,0.654,No,1,0,0,1,mpo_only,0.08458264175018242,0.032047875943001534,0.032047875943001534,0.01924496104562079,0.0519138013979016,1.0,1.0,0.0,2,2,0,0.016756715056375437,0.016756715056375437,0.0,0.05066967840327893,0.05066967840327893,0.0,4.0,4.0,0.012667419600819732,0.012667419600819732,0.0,22.77602044227388,22.77602044227388,0.0
6097,Agnico Eagle Mines Limited,Upper Beaver,ON,Other,Mining,3,2,0.531,No,1,0,0,1,mpo_only,0.7452985345099726,0.11388442114569874,0.11388442114569874,0.06672463178021892,0.4060115831450958,3.0,2.0,-1.0,3,2,1,0.046847538409705014,0.058283240828891136,0.011435702419186122,0.3960730364598388,0.4017908876694319,0.005717851209593061,2.0,3.0,0.1980365182299194,0.13393029588981062,-0.06410622234010879,95.0971360540073,96.4699921294306,1.3728560754233001
6100,Probe Gold inc.,Novador,QC,Precious Metal,Mining,2,3,0.723,No,1,0,0,1,mpo_only,0.11652463452018441,0.02987855631006733,0.02987855631006733,0.017954037751613305,0.06723933613589886,2.0,2.0,0.0,2,2,0,0.015631366857847384,0.015631366857847384,0.0,0.0660780006890159,0.0660780006890159,0.0,3.0,3.0,0.022026000229671966,0.022026000229671966,0.0,39.77895641478757,39.77895641478757,0.0
6101,Ville de Quebec,Projet de valorisation de la vapeur de l'incinerateur pour le CHU de Quebec - Universite Laval,QC,Other,Energy,3,0,0.19,Yes,1,0,0,1,mpo_only,0.695491300826955,0.2600601121989231,0.2600601121989231,0.14588556748081682,0.4206884341538859,3.0,2.0,-1.0,3,2,1,0.10377643472448628,0.12814181263481517,0.02436537791032889,0.39963386777572063,0.4118165567308851,0.012182688955164445,2.0,3.0,0.19981693388786032,0.1372721855769617,-0.06254474831089862,17.503963408576563,18.037565184812767,0.5336017762362033
6102,Galleon Gold Corp.,West Cache,ON,Precious Metal,Mining,3,1,0.44,No,1,0,0,1,mpo_only,0.8267997999817953,0.12491349313869428,0.12491349313869428,0.07294517155082147,0.4498724857663084,3.0,2.0,-1.0,3,2,1,0.05126621631208972,0.06374397477844862,0.012477758466358901,0.4390330081469425,0.44527188738012197,0.006238879233179451,2.0,3.0,0.21951650407347126,0.14842396246004066,-0.0710925416134306,65.6793380187826,66.61267435206625,0.9333363332836484
6103,"Enbridge Inc., BG Group",Westcoast Connector Gas Transmission Project,BC,Trans & Distr,Energy,3,4,0.963,No,1,0,0,1,mpo_only,0.06755336250166906,0.02035246962368976,0.02035246962368976,0.012265090329072192,0.039909226415370626,3.0,2.0,-1.0,3,2,1,0.008537998921623324,0.010674383417448308,0.0021363844958249834,0.03804568071164619,0.03911387295955868,0.0010681922479124917,2.0,3.0,0.019022840355823096,0.013037957653186228,-0.0059848827026368675,254.90606076802948,262.0629488290432,7.156888061013717
6104,NTPC,Whati Transmission Line,NT,Trans & Distr,Energy,3,0,0.186,No,1,0,0,1,mpo_only,0.5154075984069448,0.6090272856316508,0.6090272856316508,0.3087750038684528,0.4120913011376988,3.0,2.0,-1.0,3,2,1,0.22631310276499073,0.27467632695943467,0.04836322419444394,0.3708603505859678,0.39504196268318975,0.02418161209722197,2.0,3.0,0.1854301752929839,0.13168065422772993,-0.05374952106525396,15.390704549317663,16.394241451352375,1.0035369020347122
7003,Rio Tinto Group,Jonquiere Refinery,QC,Critical Mineral,Mining,2,4,0.862,Yes,0,0,0,1,mpo_only,0.03599616917998505,0.043149691347336816,0.043149691347336816,0.025824936572132695,0.030910552876058872,2.0,2.0,0.0,2,2,0,0.02249574402316712,0.02249574402316712,0.0,0.029245956601576084,0.029245956601576084,0.0,3.0,3.0,0.009748652200525362,0.009748652200525362,0.0,43.430245553340484,43.430245553340484,0.0
7009,Energir Developpement/Nature Energy,Biomethanization plants in Quebec- Farnham Project,QC,Waste Biomass,Energy,2,4,0.855,Yes,1,0,0,1,mpo_only,0.8580198430898075,0.13234458752238631,0.13234458752238631,0.07711300921627096,0.4675664261530392,2.0,2.0,0.0,2,2,0,0.06740540521051508,0.06740540521051508,0.0,0.4627126241501613,0.4627126241501613,0.0,3.0,3.0,0.1542375413833871,0.1542375413833871,0.0,643.2090751040178,643.2090751040178,0.0
7010,Enbridge Gas,Bobcaygeon Natural Gas Expansion,ON,NG Power Gen,Energy,2,1,0.4,No,0,0,0,1,mpo_only,0.8786214884665952,0.7320033371567991,0.7320033371567991,0.35844327954318655,0.6185323840048909,2.0,2.0,0.0,2,2,0,0.32021722667781105,0.32021722667781105,0.0,0.5994193575722031,0.5994193575722031,0.0,3.0,3.0,0.1998064525240677,0.1998064525240677,0.0,73.60270291629082,73.60270291629082,0.0
7012,Cielo Waste Solutions Corp.,Cielo- Halifax,NS,Other,Energy,2,0,0.214,Yes,1,1,0,1,mpo_only,0.3587037223624068,0.22596912639843136,0.22596912639843136,0.1280460636223809,0.24337489299239384,2.0,2.0,0.0,2,2,0,0.11232756000590438,0.11232756000590438,0.0,0.23551564118415558,0.23551564118415558,0.0,3.0,3.0,0.07850521372805186,0.07850521372805186,0.0,11.77578205920778,11.77578205920778,0.0
7014,Capital Power Corporation,East Windsor Expansion,ON,NG Power Gen,Energy,2,1,0.49,No,0,0,0,1,mpo_only,0.8786214884665952,0.6680503264699384,0.6680503264699384,0.33307595881765717,0.6058487236421262,2.0,2.0,0.0,2,2,0,0.2969026053719569,0.2969026053719569,0.0,0.587762046919276,0.587762046919276,0.0,3.0,3.0,0.19592068230642534,0.19592068230642534,0.0,117.5524093838552,117.5524093838552,0.0
7029,Federated Co-operatives Limited,FCL HDRD Plant,SK,Waste Biomass,Energy,2,4,0.893,Yes,1,0,0,1,mpo_only,0.9374404236420055,0.33632585385143243,0.33632585385143243,0.18448430203649435,0.5609623628392499,2.0,2.0,0.0,2,2,0,0.16250758430911838,0.16250758430911838,0.0,0.549974003975562,0.549974003975562,0.0,3.0,3.0,0.18332466799185398,0.18332466799185398,0.0,1099.9480079511238,1099.9480079511238,0.0
7031,Fort Nelson First Nation/Hydrogen Naturally,Fort Nelson First Nation Hydrogen,BC,Low Carbon Fuels,Energy,2,4,0.828,Yes,1,1,0,1,mpo_only,0.050639025803740655,0.008911229127784942,0.008911229127784942,0.00538884237358761,0.028013934088664132,2.0,2.0,0.0,2,2,0,0.004687827685407209,0.004687827685407209,0.0,0.02766342674457393,0.02766342674457393,0.0,3.0,3.0,0.009221142248191311,0.009221142248191311,0.0,33.196112093488715,33.196112093488715,0.0
7035,Green Impact Partners (In partnership with Carbon Clean Energy and PCL Construction),Future Energy Park Renewable Natural Gas and Ethanol Project,AB,Low Carbon Fuels,Energy,2,4,0.828,Yes,1,1,0,1,mpo_only,0.8921825062133536,0.12111011355473976,0.12111011355473976,0.07080471382740061,0.4814936100203771,2.0,2.0,0.0,2,2,0,0.06186442500541878,0.06186442500541878,0.0,0.4770234656093862,0.4770234656093862,0.0,3.0,3.0,0.1590078218697954,0.1590078218697954,0.0,572.4281587312635,572.4281587312635,0.0
7038,H2MB,H2MB,MB,Low Carbon Fuels,Energy,2,0,0.088,Yes,1,1,0,1,mpo_only,0.9337546964914769,0.2568233692787401,0.2568233692787401,0.1442076090590425,0.5389811527752597,2.0,2.0,0.0,2,2,0,0.12665252463207943,0.12665252463207943,0.0,0.5302036105617782,0.5302036105617782,0.0,3.0,3.0,0.17673453685392607,0.17673453685392607,0.0,10.604072211235565,10.604072211235565,0.0
7039,FortisBC/Suncor/Hazer,Hazer Pyrolysis Hydrogen Production Demo Plant,BC,Low Carbon Fuels,Energy,2,0,0.068,Yes,1,1,0,1,mpo_only,0.024899353536966172,0.019284785954558403,0.019284785954558403,0.011625422851716305,0.01826238819434124,2.0,2.0,0.0,2,2,0,0.010117251444692554,0.010117251444692554,0.0,0.017508302490829363,0.017508302490829363,0.0,3.0,3.0,0.005836100830276455,0.005836100830276455,0.0,0.19696840302183033,0.19696840302183033,0.0
7040,Heidelberg Materials,Heidelberg Materials Carbon Capture Utilization and Storage Hub,AB,CCUS,Energy,2,4,0.853,Yes,1,1,0,1,mpo_only,0.9515808025238639,0.1180732603790128,0.1180732603790128,0.06909209232020974,0.5103364474220369,2.0,2.0,0.0,2,2,0,0.060360967558110046,0.060360967558110046,0.0,0.505970885040987,0.505970885040987,0.0,3.0,3.0,0.16865696168032898,0.16865696168032898,0.0,688.1204036557423,688.1204036557423,0.0
7042,Kiwetinohk Energy Corp,Homestead Solar Project,AB,Clean Electricity,Energy,2,2,0.677,Yes,1,0,0,1,mpo_only,0.9722794213868338,0.45254313734896023,0.45254313734896023,0.2399751442915775,0.6061272828392057,2.0,2.0,0.0,2,2,0,0.21228892202708527,0.21228892202708527,0.0,0.5922841717069596,0.5922841717069596,0.0,3.0,3.0,0.19742805723565318,0.19742805723565318,0.0,296.1420858534798,296.1420858534798,0.0
7044,Renewable Hydrogen Canada/ Fortis BC/ Green Investment Group,Hydrogen Electrolyzer Plant,BC,Low Carbon Fuels,Energy,2,1,0.49,Yes,1,1,0,1,mpo_only,0.07080482793023447,0.012561680385216881,0.012561680385216881,0.007587967773774129,0.0391963978520043,2.0,2.0,0.0,2,2,0,0.006601827664942217,0.006601827664942217,0.0,0.038703327797588345,0.038703327797588345,0.0,3.0,3.0,0.012901109265862782,0.012901109265862782,0.0,7.740665559517669,7.740665559517669,0.0
7048,Manitoba Hydro,Kettle Unit 10 Stator Overhaul,MB,Clean Electricity,Energy,2,0,0.115,Yes,0,0,0,1,mpo_only,0.9810530905243,1.0886724238223637,1.0886724238223637,0.48321461898062634,0.7321338547524632,2.0,2.0,0.0,2,2,0,0.4367614041234994,0.4367614041234994,0.0,0.7089072473238998,0.7089072473238998,0.0,3.0,3.0,0.23630241577463326,0.23630241577463326,0.0,16.233975963717302,16.233975963717302,0.0
7055,Kiwetinohk Energy Corp,Phoenix Solar Project,AB,Clean Electricity,Energy,2,2,0.587,Yes,1,0,0,1,mpo_only,0.9722794213868338,0.4958654664496344,0.4958654664496344,0.2596802392013168,0.6159798302940753,2.0,2.0,0.0,2,2,0,0.2300791587256218,0.2300791587256218,0.0,0.6011792900562278,0.6011792900562278,0.0,3.0,3.0,0.20039309668540928,0.20039309668540928,0.0,192.37737281799292,192.37737281799292,0.0
7058,Greengate Power Corporation,Luna Solar Project (Phase Two),AB,Clean Electricity,Energy,2,3,0.742,Yes,0,0,0,1,mpo_only,0.9743570938805424,0.5758289854041931,0.5758289854041931,0.2947195622551475,0.6345383280678449,2.0,2.0,0.0,2,2,0,0.26186752688175674,0.26186752688175674,0.0,0.6181123103811496,0.6181123103811496,0.0,3.0,3.0,0.20603743679371653,0.20603743679371653,0.0,432.6786172668047,432.6786172668047,0.0
7059,McLeod Lake Indian Band/Mitsubishi,McLeod Lake Indian Band Hydrogen Project,BC,Low Carbon Fuels,Energy,2,4,0.946,Yes,1,1,0,1,mpo_only,0.050639025803740655,0.007904627551020576,0.007904627551020576,0.004781583098501407,0.02771030445112103,2.0,2.0,0.0,2,2,0,0.004159399279482834,0.004159399279482834,0.0,0.027399212541611744,0.027399212541611744,0.0,3.0,3.0,0.009133070847203915,0.009133070847203915,0.0,136.99606270805873,136.99606270805873,0.0
7061,Huron Clean Energy and Upper Nicola Band,Merritt Electro Fuels Project,BC,Clean Electricity,Energy,2,0,0.292,Yes,1,0,0,1,mpo_only,0.08575828470140565,0.04923359625693347,0.04923359625693347,0.02941208449517918,0.05758518459829241,2.0,2.0,0.0,2,2,0,0.02562656778213479,0.02562656778213479,0.0,0.05569242624177022,0.05569242624177022,0.0,3.0,3.0,0.01856414208059007,0.01856414208059007,0.0,4.176931968132767,4.176931968132767,0.0
7066,Newmont Corp.,Pamour,ON,Other,Mining,2,2,0.695,No,1,0,0,1,mpo_only,0.7452985345099726,0.09640843333135546,0.09640843333135546,0.056782367557716484,0.40104045103384456,2.0,2.0,0.0,2,2,0,0.0495652069067104,0.0495652069067104,0.0,0.3974318707083415,0.3974318707083415,0.0,3.0,3.0,0.13247729023611385,0.13247729023611385,0.0,206.8712373411059,206.8712373411059,0.0
7067,Enbridge Gas,Panhandle Regional Expansion,ON,Trans & Distr,Energy,1,2,0.619,No,0,0,0,1,mpo_only,0.8539428429402403,0.5860036017156379,0.5860036017156379,0.2990573825842887,0.5765001127622644,1.0,1.0,0.0,2,2,0,0.26581702439165744,0.26581702439165744,0.0,0.5598799336659488,0.5598799336659488,0.0,4.0,4.0,0.1399699834164872,0.1399699834164872,0.0,200.43701625240968,200.43701625240968,0.0
7068,Alliance de lenergie de lEst / Valeco Energie Quebec,Parc Eolien de Grosse Ile + Battery,QC,"DER, Storage, EV",Energy,2,0,0.275,Yes,1,0,0,1,mpo_only,0.7431312886189879,0.23854792119978063,0.23854792119978063,0.13467140198643968,0.4389013453027138,2.0,2.0,0.0,2,2,0,0.1181957782258587,0.1181957782258587,0.0,0.4306635334224233,0.4306635334224233,0.0,3.0,3.0,0.14355451114080778,0.14355451114080778,0.0,30.146447339569633,30.146447339569633,0.0
7069,The Pathways Alliance,Pathways Alliance Carbon Capture Storage Hub (Phase 1),AB,CCUS,Energy,2,4,0.989,Yes,1,1,0,1,mpo_only,0.9515808025238639,0.102838227071073,0.102838227071073,0.0604525977050685,0.5060167001144662,2.0,2.0,0.0,2,2,0,0.05278210520956628,0.05278210520956628,0.0,0.5021814538667151,0.5021814538667151,0.0,3.0,3.0,0.1673938179555717,0.1673938179555717,0.0,8285.9939888008,8285.9939888008,0.0
7077,SAF + Consortium,SAF Consortium,QC,Other,Energy,2,1,0.49,Yes,1,1,0,1,mpo_only,0.8720521071912672,0.0598221742827368,0.0598221742827368,0.03562377419754992,0.4538379406944086,2.0,2.0,0.0,2,2,0,0.03105163609099426,0.03105163609099426,0.0,0.45155187164113075,0.45155187164113075,0.0,3.0,3.0,0.15051729054704358,0.15051729054704358,0.0,90.31037432822615,90.31037432822615,0.0
7078,Pace Canada LP,Salt Flats Solar Project,AB,Clean Electricity,Energy,2,0,0.14,Yes,1,0,0,1,mpo_only,0.9356999860980314,0.7808359553496101,0.7808359553496101,0.3771613832258054,0.6564306846619183,2.0,2.0,0.0,2,2,0,0.3374976653613819,0.3374976653613819,0.0,0.6365988257297066,0.6365988257297066,0.0,3.0,3.0,0.21219960857656886,0.21219960857656886,0.0,17.824767120431787,17.824767120431787,0.0
7079,Invenergy,Skinners Pond Wind Energy Centre,PE,Trans & Distr,Energy,2,0,0.317,No,1,0,0,1,mpo_only,0.8645269067110454,0.5331452528785051,0.5331452528785051,0.2762274223401381,0.5703771645255917,2.0,2.0,0.0,2,2,0,0.24506606159723987,0.24506606159723987,0.0,0.5547964841541426,0.5547964841541426,0.0,3.0,3.0,0.18493216138471422,0.18493216138471422,0.0,47.157701153102124,47.157701153102124,0.0
7081,ABO Wind Canada Ltd.,Stettler Solar and Battery Storage Project,AB,"DER, Storage, EV",Energy,2,1,0.456,Yes,1,0,0,1,mpo_only,0.9656069769948992,0.5664415043363671,0.5664415043363671,0.29069352099760337,0.6281502489962513,2.0,2.0,0.0,2,2,0,0.25820473135758926,0.25820473135758926,0.0,0.6119058541762442,0.6119058541762442,0.0,3.0,3.0,0.20396861805874808,0.20396861805874808,0.0,97.90493666819907,97.90493666819907,0.0
7083,Evolugen by Brookfield Renewable,Sunrise Solar Project,AB,Clean Electricity,Energy,2,1,0.425,Yes,1,0,0,1,mpo_only,0.9774903053972903,0.5845623611493497,0.5845623611493497,0.298444553451198,0.6379674294242441,2.0,2.0,0.0,2,2,0,0.2652588630000108,0.2652588630000108,0.0,0.6213745841986505,0.6213745841986505,0.0,3.0,3.0,0.2071248613995502,0.2071248613995502,0.0,86.99244178781107,86.99244178781107,0.0
7084,Tla'amin Nation,Tlaamin tiskwat mill site,BC,Other,Energy,2,3,0.776,Yes,1,0,0,1,mpo_only,0.11112367399097582,0.030112229662575953,0.030112229662575953,0.01809317420043366,0.06460842409570475,2.0,2.0,0.0,2,2,0,0.015752648249661938,0.015752648249661938,0.0,0.06343816112031889,0.06343816112031889,0.0,3.0,3.0,0.02114605370677296,0.02114605370677296,0.0,50.75052889625511,50.75052889625511,0.0
7086,Energir/WM Quebec,WM Sainte-Sophie Landfill RNG Facility,QC,Waste Biomass,Energy,2,1,0.49,Yes,1,0,0,1,mpo_only,0.8961923001070804,0.19174651418319028,0.19174651418319028,0.10976290439995551,0.502977602253518,2.0,2.0,0.0,2,2,0,0.09616373011181856,0.09616373011181856,0.0,0.4961780151094495,0.4961780151094495,0.0,3.0,3.0,0.16539267170314984,0.16539267170314984,0.0,99.2356030218899,99.2356030218899,0.0
8004,Federation Group,Marguerite Lake Compressed Air Energy Storage,AB,"DER, Storage, EV",Energy,1,2,0.677,Yes,1,1,0,1,mpo_only,0.9577640245827723,0.1411869965316913,0.1411869965316913,0.08204799660241091,0.5199060105925917,1.0,1.0,0.0,2,2,0,0.07174356351994515,0.07174356351994515,0.0,0.5147537940513587,0.5147537940513587,0.0,4.0,4.0,0.12868844851283967,0.12868844851283967,0.0,257.37689702567934,257.37689702567934,0.0
8005,MYTILINEOS Energy & Metals,Red Willow Solar,AB,Clean Electricity,Energy,1,2,0.586,Yes,1,0,0,1,mpo_only,0.9722794213868338,0.49636942009725926,0.49636942009725926,0.25990642964859534,0.6160929255177146,1.0,1.0,0.0,2,2,0,0.230283724483356,0.230283724483356,0.0,0.6012815729350949,0.6012815729350949,0.0,4.0,4.0,0.15032039323377372,0.15032039323377372,0.0,189.4036954745549,189.4036954745549,0.0
8006,MYTILINEOS Energy & Metals,Sunnynook Solar Project,AB,Clean Electricity,Energy,1,2,0.629,Yes,1,0,0,1,mpo_only,0.9722794213868338,0.47515509036984305,0.47515509036984305,0.250324722407682,0.6113020718972579,1.0,1.0,0.0,2,2,0,0.2216251723340953,0.2216251723340953,0.0,0.5969522968604646,0.5969522968604646,0.0,4.0,4.0,0.14923807421511615,0.14923807421511615,0.0,229.82663429127885,229.82663429127885,0.0
8007,MYTILINEOS Energy & Metals,Dolcy Solar Project,AB,Clean Electricity,Energy,1,2,0.563,Yes,1,0,0,1,mpo_only,0.9722794213868338,0.5081027731424227,0.5081027731424227,0.26515324088205794,0.6187163311344459,1.0,1.0,0.0,2,2,0,0.23503121378811176,0.23503121378811176,0.0,0.6036553175874728,0.6036553175874728,0.0,4.0,4.0,0.1509138293968682,0.1509138293968682,0.0,166.00521233655502,166.00521233655502,0.0
8011,Solar Krafte and Kinbrook Solar,Rainier Solar Farm,AB,Clean Electricity,Energy,1,3,0.742,Yes,1,0,0,1,mpo_only,0.9743570938805424,0.423628293826881,0.423628293826881,0.2265322716533832,0.6004446827669627,1.0,1.0,0.0,2,2,0,0.20018693316563108,0.20018693316563108,0.0,0.5872720135230867,0.5872720135230867,0.0,4.0,4.0,0.14681800338077167,0.14681800338077167,0.0,411.0904094661607,411.0904094661607,0.0
8013,Kineticor Resource Corp.,Greenlight Electricity Centre,AB,Clean Electricity,Energy,1,4,0.942,Yes,1,0,0,1,mpo_only,0.9681505454936437,0.34574357097466757,0.34574357097466757,0.18912805608263406,0.5786393007881389,1.0,1.0,0.0,2,2,0,0.16665619428021716,0.16665619428021716,0.0,0.5674033698869304,0.5674033698869304,0.0,4.0,4.0,0.1418508424717326,0.1418508424717326,0.0,2553.315164491187,2553.315164491187,0.0
8016,NorthRiver Midstream,NEBC Connector Pipeline Project,AB,Trans & Distr,Energy,1,2,0.654,No,1,0,0,1,mpo_only,0.9284090736861459,0.3785964803138133,0.3785964803138133,0.20512136199168995,0.566765217838918,1.0,1.0,0.0,2,2,0,0.18096804397803323,0.18096804397803323,0.0,0.5546885588320896,0.5546885588320896,0.0,4.0,4.0,0.1386721397080224,0.1386721397080224,0.0,249.6098514744403,249.6098514744403,0.0
8017,Gibson Energy & Varme Energy JV,Heartland Waste to Power Project,AB,Waste Biomass,Energy,1,2,0.573,Yes,1,1,0,1,mpo_only,0.9577640245827723,0.1569187135999877,0.1569187135999877,0.09076278887169098,0.5242634067272316,1.0,1.0,0.0,2,2,0,0.07941184454131234,0.07941184454131234,0.0,0.5185879345620423,0.5185879345620423,0.0,4.0,4.0,0.12964698364051058,0.12964698364051058,0.0,155.5763803686127,155.5763803686127,0.0
8021,Horizon New Energy,Aira Solar Project,AB,Clean Electricity,Energy,1,3,0.742,Yes,1,0,0,1,mpo_only,0.9743570938805424,0.423628293826881,0.423628293826881,0.2265322716533832,0.6004446827669627,1.0,1.0,0.0,2,2,0,0.20018693316563108,0.20018693316563108,0.0,0.5872720135230867,0.5872720135230867,0.0,4.0,4.0,0.14681800338077167,0.14681800338077167,0.0,411.0904094661607,411.0904094661607,0.0
8022,hep Energy,Alderson Solar Power Project,AB,Clean Electricity,Energy,1,1,0.441,Yes,1,0,0,1,mpo_only,0.9774903053972903,0.5751384211852291,0.5751384211852291,0.2944241778808657,0.635957241639078,1.0,1.0,0.0,2,2,0,0.2615987007837973,0.2615987007837973,0.0,0.6195445030905438,0.6195445030905438,0.0,4.0,4.0,0.15488612577263594,0.15488612577263594,0.0,92.93167546358157,92.93167546358157,0.0
8029,Renewable Energy Systems Canada Inc.,Nova Solar Project,AB,Clean Electricity,Energy,1,1,0.522,Yes,1,0,0,1,mpo_only,0.9774903053972903,0.529710874273724,0.529710874273724,0.27471861685647336,0.6261044611268818,1.0,1.0,0.0,2,2,0,0.2436976889331106,0.2436976889331106,0.0,0.6105939971652005,0.6105939971652005,0.0,4.0,4.0,0.15264849929130012,0.15264849929130012,0.0,137.3836493621701,137.3836493621701,0.0
8032,PR Development GP Inc.,Prominence Solar Project,AB,Clean Electricity,Energy,1,1,0.388,Yes,1,0,0,1,mpo_only,0.9774903053972903,0.6069508932740268,0.6069508932740268,0.3079041747131399,0.6426972400552151,1.0,1.0,0.0,2,2,0,0.27388175540028525,0.27388175540028525,0.0,0.6256860303987878,0.6256860303987878,0.0,4.0,4.0,0.15642150759969695,0.15642150759969695,0.0,75.08232364785454,75.08232364785454,0.0
8033,Canadian Utilities Limited,Yellowhead Mainline Natural Gas Pipeline,AB,NG Power Gen,Energy,1,4,0.893,No,1,0,0,1,mpo_only,0.918294983151807,0.29698923790680753,0.29698923790680753,0.16479865362291346,0.5415468183873602,1.0,1.0,0.0,2,2,0,0.144954893326252,0.144954893326252,0.0,0.5316249382390295,0.5316249382390295,0.0,4.0,4.0,0.13290623455975736,0.13290623455975736,0.0,1063.249876478059,1063.249876478059,0.0
8035,Pouce Coupe Pipeline,Pouce Coupe Pipeline,AB,Trans & Distr,Energy,1,2,0.599,No,1,0,0,1,mpo_only,0.9284090736861459,0.40035020445350644,0.40035020445350644,0.21553743387868918,0.5719732537824176,1.0,1.0,0.0,2,2,0,0.19030918651591233,0.19030918651591233,0.0,0.5593591301010291,0.5593591301010291,0.0,4.0,4.0,0.13983978252525728,0.13983978252525728,0.0,190.74146336445094,190.74146336445094,0.0
8038,Cielo,Carseland Biomass Gasifier Project,AB,Waste Biomass,Energy,1,1,0.342,Yes,1,1,0,1,mpo_only,0.9656069769948992,0.1984181360738056,0.1984181360738056,0.11335700010645644,0.5394819885506779,1.0,1.0,0.0,2,2,0,0.09933776342227085,0.09933776342227085,0.0,0.532472370208585,0.532472370208585,0.0,4.0,4.0,0.13311809255214624,0.13311809255214624,0.0,53.24723702085849,53.24723702085849,0.0
8042,Canadian Natural Resources Ltd. (CNRL),Naphtha Recovery Unit Tailings Treatment Project,AB,Other,Energy,1,2,0.602,Yes,0,0,0,1,mpo_only,0.9470969410837469,0.6638273076293791,0.6638273076293791,0.33136599771483255,0.6392314693992898,1.0,1.0,0.0,2,2,0,0.2953352188498656,0.2953352188498656,0.0,0.6212160799668063,0.6212160799668063,0.0,4.0,4.0,0.15530401999170157,0.15530401999170157,0.0,217.4256279883822,217.4256279883822,0.0
8043,EDF EN Canada,Pe-Na-Koyim Wind Project,AB,Clean Electricity,Energy,1,2,0.649,Yes,1,0,0,1,mpo_only,0.9722794213868338,0.46559928178378684,0.46559928178378684,0.24596829858206015,0.609123859984447,1.0,1.0,0.0,2,2,0,0.21769325115935168,0.21769325115935168,0.0,0.5949863362730927,0.5949863362730927,0.0,4.0,4.0,0.14874658406827318,0.14874658406827318,0.0,252.8691929160644,252.8691929160644,0.0
8046,Mondi Group plc,Hinton Pulp Mill Expansion,AB,Pulp & Paper,Forest,1,3,0.709,No,0,0,0,1,mpo_only,0.7856301617443878,0.9251954553743302,0.9251954553743302,0.42936282366565415,0.607496492705021,1.0,1.0,0.0,2,2,0,0.38605583751999617,0.38605583751999617,0.0,0.585842999632192,0.585842999632192,0.0,4.0,4.0,0.146460749908048,0.146460749908048,0.0,342.1323117852001,342.1323117852001,0.0
8059,BC Hydro,Bridge River 1 Replace Units 1-4 Generators / Governors Project,BC,Clean Electricity,Energy,1,2,0.584,Yes,0,0,0,1,mpo_only,0.1843981297422051,0.04974541852831967,0.04974541852831967,0.029713258405794418,0.10705569407399976,1.0,1.0,0.0,2,2,0,0.025889497686036433,0.025889497686036433,0.0,0.10514381371412077,0.10514381371412077,0.0,4.0,4.0,0.02628595342853019,0.02628595342853019,0.0,32.9100136925198,32.9100136925198,0.0
8065,HTEC,H2 Gateway Project,BC,Low Carbon Fuels,Energy,1,3,0.785,Yes,1,1,0,1,mpo_only,0.06250745312178581,0.009309090282647531,0.009309090282647531,0.005628760553927359,0.034068106837856584,1.0,1.0,0.0,2,2,0,0.004896612674652356,0.004896612674652356,0.0,0.03370203289821908,0.03370203289821908,0.0,4.0,4.0,0.00842550822455477,0.00842550822455477,0.0,27.972687305521838,27.972687305521838,0.0
8066,Hydra Energy,Prince George Project,BC,Clean Electricity,Energy,1,0,0.261,Yes,1,0,0,1,mpo_only,0.08575828470140565,0.050808613167470984,0.050808613167470984,0.030338580207641908,0.05804843245452378,1.0,1.0,0.0,2,2,0,0.02643544815676302,0.02643544815676302,0.0,0.05609686642908433,0.05609686642908433,0.0,4.0,4.0,0.014024216607271083,0.014024216607271083,0.0,3.4780057186032285,3.4780057186032285,0.0
8068,Teralta Hydrogen Solutions,Teralta Hydrogen Project,BC,Low Carbon Fuels,Energy,1,0,0.167,Yes,1,1,0,1,mpo_only,0.024899353536966172,0.017439762025032453,0.017439762025032453,0.010519060972484784,0.017709207254725478,1.0,1.0,0.0,2,2,0,0.009153753030192058,0.009153753030192058,0.0,0.017026553283579115,0.017026553283579115,0.0,4.0,4.0,0.004256638320894779,0.004256638320894779,0.0,0.6129559182088481,0.6129559182088481,0.0
8069,Salish Elements & Xaxli'p First Nation,Salish Elements Green Hydrogen Production Project,BC,Low Carbon Fuels,Energy,1,0,0.328,Yes,1,1,0,1,mpo_only,0.024899353536966172,0.014808624602479148,0.014808624602479148,0.008939166321328074,0.016919259929147123,1.0,1.0,0.0,2,2,0,0.007778112147402427,0.007778112147402427,0.0,0.0163387328421843,0.0163387328421843,0.0,4.0,4.0,0.004084683210546075,0.004084683210546075,0.0,1.470485955796587,1.470485955796587,0.0
8070,Mcleod Lake Indian Band,Tse'khene Energy Transition Hub,BC,Clean Electricity,Energy,1,4,0.946,Yes,1,1,0,1,mpo_only,0.1638399498197536,0.007904627551020576,0.007904627551020576,0.004781583098501407,0.08431076645912751,1.0,1.0,0.0,2,2,0,0.004159399279482834,0.004159399279482834,0.0,0.08399967454961822,0.08399967454961822,0.0,4.0,4.0,0.020999918637404556,0.020999918637404556,0.0,419.9983727480911,419.9983727480911,0.0
8071,HTEC,BCH2 Ports Hydrogen Vehicle Demonstration & Commercialized Project,BC,Low Carbon Fuels,Energy,1,0,0.108,Yes,1,1,0,1,mpo_only,0.024899353536966172,0.018516915888947303,0.018516915888947303,0.011165122729029586,0.01803223813299788,1.0,1.0,0.0,2,2,0,0.009716372367914006,0.009716372367914006,0.0,0.01730786295244009,0.01730786295244009,0.0,4.0,4.0,0.004326965738110022,0.004326965738110022,0.0,0.38077298495368195,0.38077298495368195,0.0
8075,Teck Resources Ltd.,Fording River Castle Expansion,BC,Other,Mining,1,4,0.905,No,0,0,0,1,mpo_only,0.021034844228272405,0.007088651877947013,0.007088651877947013,0.004289051909344588,0.012661948068808496,1.0,1.0,0.0,2,2,0,0.0037308365051436088,0.0037308365051436088,0.0,0.012382840366708007,0.012382840366708007,0.0,4.0,4.0,0.0030957100916770017,0.0030957100916770017,0.0,28.480532843428417,28.480532843428417,0.0
8076,Galore Creek Mining Corporation (Newmont & Teck),Galore Creek,BC,Other,Mining,1,4,0.952,No,1,0,0,1,mpo_only,0.021034844228272405,0.004971882273077719,0.004971882273077719,0.003010211664572493,0.012022527946422449,1.0,1.0,0.0,2,2,0,0.0026182170618294087,0.0026182170618294087,0.0,0.011826530645050907,0.011826530645050907,0.0,4.0,4.0,0.0029566326612627267,0.0029566326612627267,0.0,61.02489812846268,61.02489812846268,0.0
8077,North Coal,Michel Coal,BC,Coal,Mining,1,2,0.602,No,1,0,0,1,mpo_only,0.00656790544028238,0.00709454938276982,0.00709454938276982,0.004292612577403321,0.00543025900884285,1.0,1.0,0.0,2,2,0,0.0037339346255300665,0.0037339346255300665,0.0,0.005150920032906223,0.005150920032906223,0.0,4.0,4.0,0.0012877300082265557,0.0012877300082265557,0.0,1.802822011517178,1.802822011517178,0.0
8078,FPX Nickel Corp.,Baptiste Nickel (Decar),BC,Critical Mineral,Mining,1,4,0.918,Yes,1,0,0,1,mpo_only,0.009919864556798873,0.006297237003604909,0.006297237003604909,0.0038111130109501623,0.006865488783874518,1.0,1.0,0.0,2,2,0,0.0033149972452214405,0.0033149972452214405,0.0,0.006617430901010157,0.006617430901010157,0.0,4.0,4.0,0.0016543577252525392,0.0016543577252525392,0.0,18.99864411680016,18.99864411680016,0.0
8084,Two Utilities,NS-NB Transmission Line,Multi,Trans & Distr,Energy,1,4,0.884,No,1,0,0,1,mpo_only,0.6762338846687918,0.29971680888744756,0.29971680888744756,0.16617884349721757,0.42120636408300466,1.0,1.0,0.0,2,2,0,0.1461837657185111,0.1461837657185111,0.0,0.41120882519365143,0.41120882519365143,0.0,4.0,4.0,0.10280220629841286,0.10280220629841286,0.0,699.0550028292074,699.0550028292074,0.0
8088,Atlas Salt,St. Georges Great Atlantic Salt Project,NL,Other,Mining,1,2,0.67,No,1,0,0,1,mpo_only,0.6813613675661941,0.044203025755248586,0.044203025755248586,0.026446943573277815,0.353904155569736,1.0,1.0,0.0,2,2,0,0.023038517100679834,0.023038517100679834,0.0,0.352199942333437,0.352199942333437,0.0,4.0,4.0,0.08804998558335925,0.08804998558335925,0.0,169.05597232004976,169.05597232004976,0.0
8092,MTC,Mass Timber Manufacturing Plant start up,NS,Other,Forest,1,1,0.514,Yes,1,0,0,1,mpo_only,0.5343674050009112,1.0152662748206358,1.0152662748206358,0.4596926032706814,0.4970300041357963,1.0,1.0,0.0,2,2,0,0.41453286155129043,0.41453286155129043,0.0,0.4744501332761008,0.4744501332761008,0.0,4.0,4.0,0.1186125333190252,0.1186125333190252,0.0,102.00677865436167,102.00677865436167,0.0
8093,"Torchlight, Municipality of New Glasgow Pictou Landing First nation",District Energy System,NS,Other,Forest,1,1,0.49,Yes,1,0,0,1,mpo_only,0.5343674050009112,1.0403217094504775,1.0403217094504775,0.46783924605258986,0.5011033255267505,1.0,1.0,0.0,2,2,0,0.4222169566134508,0.4222169566134508,0.0,0.478292180807181,0.478292180807181,0.0,4.0,4.0,0.11957304520179525,0.11957304520179525,0.0,95.6584361614362,95.6584361614362,0.0
8094,Vyterra / Ledwidge Lumber,Liquid Biofuel manufacturing plant,NS,Other,Forest,1,1,0.49,Yes,1,1,0,1,mpo_only,0.5343674050009112,0.3245655175426233,0.3245655175426233,0.17864807548716022,0.3565077402440357,1.0,1.0,0.0,2,2,0,0.15729801453586723,0.15729801453586723,0.0,0.3458327097683892,0.3458327097683892,0.0,4.0,4.0,0.0864581774420973,0.0864581774420973,0.0,69.16654195367784,69.16654195367784,0.0
8095,Canadian Gypsum Company Inc. (CGC),Little Narrows Gypsum,NS,Other,Mining,1,1,0.361,No,1,0,0,1,mpo_only,0.28172253996864594,0.12316456732928739,0.12316456732928739,0.07196152791676236,0.17684203394270415,1.0,1.0,0.0,2,2,0,0.06288016074967928,0.06288016074967928,0.0,0.1723013503591626,0.1723013503591626,0.0,4.0,4.0,0.04307533758979065,0.04307533758979065,0.0,17.91934043735291,17.91934043735291,0.0
8106,Nova Scotia Power & WMA,NSP Battery Storage,NS,"DER, Storage, EV",Energy,1,2,0.616,Yes,1,0,0,1,mpo_only,0.6306781340206024,0.4814712853763501,0.4814712853763501,0.25319040452017627,0.4419342692703893,1.0,1.0,0.0,2,2,0,0.2242132379094537,0.2242132379094537,0.0,0.427445685965028,0.427445685965028,0.0,4.0,4.0,0.106861421491257,0.106861421491257,0.0,151.3157728316199,151.3157728316199,0.0
8107,Ontario Power Generation,Sir Adam Beck Complex Refurbishment,ON,Clean Electricity,Energy,1,3,0.805,Yes,0,0,0,1,mpo_only,0.944844975303207,0.5935749403438297,0.5935749403438297,0.3022680053588669,0.6235564903310369,1.0,1.0,0.0,2,2,0,0.2687422833405806,0.2687422833405806,0.0,0.6067936293218938,0.6067936293218938,0.0,4.0,4.0,0.15169840733047346,0.15169840733047346,0.0,606.7936293218938,606.7936293218938,0.0
8108,Ontario Power Generation,R.H. Saunders Refurbishment,ON,Clean Electricity,Energy,1,3,0.714,Yes,0,0,0,1,mpo_only,0.944844975303207,0.6510593678399729,0.6510593678399729,0.32616936294936394,0.6355071691262855,1.0,1.0,0.0,2,2,0,0.2905750745002216,0.2905750745002216,0.0,0.6177100249017142,0.6177100249017142,0.0,4.0,4.0,0.15442750622542856,0.15442750622542856,0.0,370.62601494102853,370.62601494102853,0.0
8115,Potentia Renewables Inc.,Skyview 2 Battery Energy Storage System,ON,"DER, Storage, EV",Energy,1,3,0.757,Yes,1,0,0,1,mpo_only,0.9171875754971158,0.458503227326567,0.458503227326567,0.24271688742573594,0.5799522314614258,1.0,1.0,0.0,2,2,0,0.2147605977122179,0.2147605977122179,0.0,0.5659740866046669,0.5659740866046669,0.0,4.0,4.0,0.14149352165116671,0.14149352165116671,0.0,424.48056495350016,424.48056495350016,0.0
8130,Hydro One,Longwood to Lakeshore Phase 1,ON,Trans & Distr,Energy,1,3,0.776,No,1,0,0,1,mpo_only,0.8636460496103932,0.3675619172577065,0.3675619172577065,0.19978506036494414,0.5317155549876686,1.0,1.0,0.0,2,2,0,0.17618863673157403,0.17618863673157403,0.0,0.5199173431709836,0.5199173431709836,0.0,4.0,4.0,0.1299793357927459,0.1299793357927459,0.0,415.9338745367869,415.9338745367869,0.0
8131,Hydro One,Longwood to Lakeshore Phase 2,ON,Trans & Distr,Energy,1,3,0.776,No,1,0,0,1,mpo_only,0.8636460496103932,0.3675619172577065,0.3675619172577065,0.19978506036494414,0.5317155549876686,1.0,1.0,0.0,2,2,0,0.17618863673157403,0.17618863673157403,0.0,0.5199173431709836,0.5199173431709836,0.0,4.0,4.0,0.1299793357927459,0.1299793357927459,0.0,415.9338745367869,415.9338745367869,0.0
8132,Hydro One,Mississagi to Third Line Transmission Line,ON,Trans & Distr,Energy,1,2,0.523,No,1,0,0,1,mpo_only,0.8539428429402403,0.4752723265739527,0.4752723265739527,0.25037801295483564,0.552160427947538,1.0,1.0,0.0,2,2,0,0.22167328850726042,0.22167328850726042,0.0,0.5378080657237503,0.5378080657237503,0.0,4.0,4.0,0.13445201643093757,0.13445201643093757,0.0,123.69585511646257,123.69585511646257,0.0
8133,Hydro One,Northeast Power Line (Mississagi to Hanmer Transmissio Line),ON,Trans & Distr,Energy,1,3,0.732,No,1,0,0,1,mpo_only,0.8636460496103932,0.3843627519624989,0.3843627519624989,0.20789575244520808,0.5357709010278007,1.0,1.0,0.0,2,2,0,0.18345455186875081,0.18345455186875081,0.0,0.523550300739572,0.523550300739572,0.0,4.0,4.0,0.130887575184893,0.130887575184893,0.0,340.3076954807218,340.3076954807218,0.0
8134,Hydro One,Greater Toronto Area East Line,ON,Trans & Distr,Energy,1,2,0.571,No,1,0,0,1,mpo_only,0.8539428429402403,0.4526547944493344,0.4526547944493344,0.2400265995919173,0.5469847212660788,1.0,1.0,0.0,2,2,0,0.2123352981550547,0.2123352981550547,0.0,0.5331390705476475,0.5331390705476475,0.0,4.0,4.0,0.13328476763691188,0.13328476763691188,0.0,158.87544302319895,158.87544302319895,0.0
8135,TBD,Wawa to Porcupine,ON,Trans & Distr,Energy,1,3,0.732,No,1,0,0,1,mpo_only,0.8636460496103932,0.3843627519624989,0.3843627519624989,0.20789575244520808,0.5357709010278007,1.0,1.0,0.0,2,2,0,0.18345455186875081,0.18345455186875081,0.0,0.523550300739572,0.523550300739572,0.0,4.0,4.0,0.130887575184893,0.130887575184893,0.0,340.3076954807218,340.3076954807218,0.0
8136,Hydro One,St. Thomas Line (including Centennial Transformer Station & Line),ON,Trans & Distr,Energy,1,2,0.628,No,1,0,0,1,mpo_only,0.8539428429402403,0.427190251760673,0.427190251760673,0.22820102729127167,0.541071935115756,1.0,1.0,0.0,2,2,0,0.2016877354087675,0.2016877354087675,0.0,0.5278152891745038,0.5278152891745038,0.0,4.0,4.0,0.13195382229362596,0.13195382229362596,0.0,201.09762517548594,201.09762517548594,0.0
8137,PUC Transmisison,PUC Tx Project,ON,Trans & Distr,Energy,1,1,0.48,No,1,0,0,1,mpo_only,0.8786214884665952,0.49649189056601306,0.49649189056601306,0.25996138785666856,0.5692914381616319,1.0,1.0,0.0,2,2,0,0.23033342970317594,0.23033342970317594,0.0,0.5544774590848855,0.5544774590848855,0.0,4.0,4.0,0.1386193647712214,0.1386193647712214,0.0,104.24176230795848,104.24176230795848,0.0
8144,Onimiskiw Opitciwan,Centrale de cogeneration a la biomasse d'opitciwan,QC,Waste Biomass,Energy,1,0,0.259,Yes,1,0,0,1,mpo_only,0.7431312886189879,0.2424566520463824,0.2424566520463824,0.13671988771380128,0.4399255881663946,1.0,1.0,0.0,2,2,0,0.12001135423772036,0.12001135423772036,0.0,0.43157132142835414,0.43157132142835414,0.0,4.0,4.0,0.10789283035708853,0.10789283035708853,0.0,25.98059354998692,25.98059354998692,0.0
8169,Hydro-Quebec-MRC Domaine du Roy - Premiere Nation des Pekuakamiulnuatsh et Atikamekw de Wemotaci,Parc eolien zone Chamouchouane,QC,Clean Electricity,Energy,1,4,0.973,Yes,1,0,0,1,mpo_only,0.9033556892679763,0.11739510428433404,0.11739510428433404,0.06870921789105289,0.4860324535795146,1.0,1.0,0.0,2,2,0,0.06002490328772181,0.06002490328772181,0.0,0.48169029627784904,0.48169029627784904,0.0,4.0,4.0,0.12042257406946226,0.12042257406946226,0.0,4335.212666500642,4335.212666500642,0.0
8170,Algonquin Power,Saint-Damase 2 (Canton MacNider),QC,Clean Electricity,Energy,1,2,0.634,Yes,1,0,0,1,mpo_only,0.915148204932422,0.16565374891355364,0.16565374891355364,0.09556590309619706,0.5053570540143095,1.0,1.0,0.0,2,2,0,0.08364227183699235,0.08364227183699235,0.0,0.4993952383847072,0.4993952383847072,0.0,4.0,4.0,0.1248488095961768,0.1248488095961768,0.0,199.75809535388288,199.75809535388288,0.0
8171,EDF Renouvelables,Foret Domaniale,QC,Clean Electricity,Energy,1,3,0.713,Yes,1,0,0,1,mpo_only,0.9211606770085636,0.15287979262148577,0.15287979262148577,0.08853330083311706,0.5048469889208403,1.0,1.0,0.0,2,2,0,0.07744917468471679,0.07744917468471679,0.0,0.4993049258466402,0.4993049258466402,0.0,4.0,4.0,0.12482623146166005,0.12482623146166005,0.0,294.58990624951775,294.58990624951775,0.0
8172,EDF Renouvelables,Haute-Chaudiere,QC,Clean Electricity,Energy,1,2,0.623,Yes,1,0,0,1,mpo_only,0.915148204932422,0.16751510170514483,0.16751510170514483,0.09658611700403097,0.5058671609682265,1.0,1.0,0.0,2,2,0,0.08454121990796493,0.08454121990796493,0.0,0.49984471242019346,0.49984471242019346,0.0,4.0,4.0,0.12496117810504836,0.12496117810504836,0.0,184.9425435954716,184.9425435954716,0.0
8173,EDF Renouvelables,Madawaska,QC,Clean Electricity,Energy,1,3,0.776,Yes,1,0,0,1,mpo_only,0.9211606770085636,0.14340271330548682,0.14340271330548682,0.08328045761030012,0.5022205673094319,1.0,1.0,0.0,2,2,0,0.07282744678294528,0.07282744678294528,0.0,0.49699406189575446,0.49699406189575446,0.0,4.0,4.0,0.12424851547393861,0.12424851547393861,0.0,397.5952495166036,397.5952495166036,0.0
8174,Invenergy,Pohenegamook-Picard-St-Antonin,QC,Clean Electricity,Energy,1,3,0.801,Yes,1,0,0,1,mpo_only,0.9211606770085636,0.1398068700474191,0.1398068700474191,0.0812794835016164,0.50122008025509,1.0,1.0,0.0,2,2,0,0.07106779358486548,0.07106779358486548,0.0,0.49611423529671456,0.49611423529671456,0.0,4.0,4.0,0.12402855882417864,0.12402855882417864,0.0,471.30852353187885,471.30852353187885,0.0
8175,Innergex,Mesgi'g Ugju's'n (MU2),QC,Clean Electricity,Energy,1,1,0.518,Yes,1,0,0,1,mpo_only,0.9303289904796539,0.18636963693703337,0.18636963693703337,0.10685570614213047,0.5185923483108922,1.0,1.0,0.0,2,2,0,0.09359753507638946,0.09359753507638946,0.0,0.5119632627780217,0.5119632627780217,0.0,4.0,4.0,0.12799081569450543,0.12799081569450543,0.0,112.63191781116478,112.63191781116478,0.0
8176,Boralex-Energir-Hydro-Quebec,Des Neiges (secteur Sud),QC,Clean Electricity,Energy,1,3,0.805,Yes,1,0,0,1,mpo_only,0.9211606770085636,0.13923996199211397,0.13923996199211397,0.08096361860199652,0.5010621478052801,1.0,1.0,0.0,2,2,0,0.07079006822822453,0.07079006822822453,0.0,0.4959753726183941,0.4959753726183941,0.0,4.0,4.0,0.12399384315459852,0.12399384315459852,0.0,495.9753726183941,495.9753726183941,0.0
8177,Boralex-Energir-Hydro-Quebec,Des Neiges (secteur Ouest),QC,Clean Electricity,Energy,1,3,0.805,Yes,1,0,0,1,mpo_only,0.9211606770085636,0.13923996199211397,0.13923996199211397,0.08096361860199652,0.5010621478052801,1.0,1.0,0.0,2,2,0,0.07079006822822453,0.07079006822822453,0.0,0.4959753726183941,0.4959753726183941,0.0,4.0,4.0,0.12399384315459852,0.12399384315459852,0.0,495.9753726183941,495.9753726183941,0.0
8178,Boralex-Energir-Hydro-Quebec,Des Neiges (secteur Charlevoix),QC,Clean Electricity,Energy,1,3,0.805,Yes,1,0,0,1,mpo_only,0.9211606770085636,0.13923996199211397,0.13923996199211397,0.08096361860199652,0.5010621478052801,1.0,1.0,0.0,2,2,0,0.07079006822822453,0.07079006822822453,0.0,0.4959753726183941,0.4959753726183941,0.0,4.0,4.0,0.12399384315459852,0.12399384315459852,0.0,495.9753726183941,495.9753726183941,0.0
8186,Kruger,Saint-Paul-de-Montminy,QC,Clean Electricity,Energy,1,3,0.702,Yes,1,0,0,1,mpo_only,0.9211606770085636,0.1545976120529215,0.1545976120529215,0.0894822060420376,0.5053214415253007,1.0,1.0,0.0,2,2,0,0.07828444126994516,0.07828444126994516,0.0,0.4997225591392544,0.4997225591392544,0.0,4.0,4.0,0.1249306397848136,0.1249306397848136,0.0,274.8474075265899,274.8474075265899,0.0
8187,Energie Matawak,minicentrale hydroelectrique barrage Matawin,QC,Clean Electricity,Energy,1,1,0.371,Yes,1,0,0,1,mpo_only,0.9303289904796539,0.216383843437722,0.216383843437722,0.1229633942608368,0.5266461923702453,1.0,1.0,0.0,2,2,0,0.10782966171870667,0.10782966171870667,0.0,0.5190793260991803,0.5190793260991803,0.0,4.0,4.0,0.12976983152479507,0.12976983152479507,0.0,57.09872587090983,57.09872587090983,0.0
8188,Energie Renouvelable Onimiki,Amenagement hydroelectrique Onimiki,QC,Clean Electricity,Energy,1,2,0.668,Yes,1,0,0,1,mpo_only,0.915148204932422,0.1600302284246624,0.1600302284246624,0.09247662828797676,0.5038124166101994,1.0,1.0,0.0,2,2,0,0.08092100357304288,0.08092100357304288,0.0,0.49803460425273244,0.49803460425273244,0.0,4.0,4.0,0.12450865106318311,0.12450865106318311,0.0,236.5664370200479,236.5664370200479,0.0
8189,Hydro-Quebec,Rehabilitation de levacuateur de crues du barrage Gouin,QC,Clean Electricity,Energy,1,1,0.49,Yes,0,0,0,1,mpo_only,0.9303289904796539,0.2606369837091628,0.2606369837091628,0.14618427755908925,0.5382566340193715,1.0,1.0,0.0,2,2,0,0.1284069755974342,0.1284069755974342,0.0,0.529367983038544,0.529367983038544,0.0,4.0,4.0,0.132341995759636,0.132341995759636,0.0,105.8735966077088,105.8735966077088,0.0
8190,Hydro-Quebec,Rehabilitation de lamenagement hydroelectrique de Carillon,QC,Clean Electricity,Energy,1,3,0.757,Yes,0,0,0,1,mpo_only,0.9211606770085636,0.1987228753603049,0.1987228753603049,0.11352082043400802,0.5173407487212858,1.0,1.0,0.0,2,2,0,0.09948247706630109,0.09948247706630109,0.0,0.5103215770374323,0.5103215770374323,0.0,4.0,4.0,0.12758039425935808,0.12758039425935808,0.0,382.74118277807423,382.74118277807423,0.0
8194,Hydro-Quebec,Renforcement du reseau de Becancour a 230 kV,QC,Clean Electricity,Energy,1,1,0.388,Yes,0,0,0,1,mpo_only,0.9303289904796539,0.2890904679729539,0.2890904679729539,0.16078886231534206,0.545558926397498,1.0,1.0,0.0,2,2,0,0.14138621674387075,0.14138621674387075,0.0,0.5358576036117624,0.5358576036117624,0.0,4.0,4.0,0.1339644009029406,0.1339644009029406,0.0,64.08856939196677,64.08856939196677,0.0
8195,Hydro-Quebec,Construction du nouveau poste de Coteau-du-Lac a 120-25 kV et de sa ligne dalimentation,QC,Trans & Distr,Energy,1,1,0.487,No,1,0,0,1,mpo_only,0.8315692512263704,0.15718857678323456,0.15718857678323456,0.09091155908510695,0.46124040515573866,1.0,1.0,0.0,2,2,0,0.07954283271723506,0.07954283271723506,0.0,0.4555560419718027,0.4555560419718027,0.0,4.0,4.0,0.11388901049295068,0.11388901049295068,0.0,89.42565103906487,89.42565103906487,0.0
8196,Hydro-Quebec,Reconstruction de la ligne Cleveland-Waterloo en biterne,QC,Clean Electricity,Energy,1,0,0.285,Yes,0,0,0,1,mpo_only,0.8173426988994742,0.3209760716425035,0.3209760716425035,0.1768584585745513,0.49710057873701274,1.0,1.0,0.0,2,2,0,0.1557015235892657,0.1557015235892657,0.0,0.48652211124436995,0.48652211124436995,0.0,4.0,4.0,0.12163052781109249,0.12163052781109249,0.0,35.41880969859013,35.41880969859013,0.0
8197,Hydro-Quebec,Renforcement de la ligne 7004 a 735 kV du poste aux Outardes au poste des Laurentides,QC,Trans & Distr,Energy,1,1,0.462,No,0,0,0,1,mpo_only,0.8315692512263704,0.21915854119085953,0.21915854119085953,0.12443773813380188,0.4780034946800861,1.0,1.0,0.0,2,2,0,0.10913402861546107,0.10913402861546107,0.0,0.4703516399209157,0.4703516399209157,0.0,4.0,4.0,0.11758790998022893,0.11758790998022893,0.0,78.50168870280083,78.50168870280083,0.0
8198,Hydro-Quebec,Ajout de transformateurs a 120-25 kV au poste de Sainte-Rosalie et au demantelement du reseau a 49 kV,QC,Trans & Distr,Energy,1,0,0.314,No,1,0,0,1,mpo_only,0.6232774205856285,0.1873875197849274,0.1873875197849274,0.10740678796357117,0.36534210427459984,1.0,1.0,0.0,2,2,0,0.09408389334399514,0.09408389334399514,0.0,0.35868065696481183,0.35868065696481183,0.0,4.0,4.0,0.08967016424120296,0.08967016424120296,0.0,29.69875839668642,29.69875839668642,0.0
8199,Hydro-Quebec,Construction du poste de Bonsecours a 120-25 kV et de sa ligne dalimentation,QC,Trans & Distr,Energy,1,1,0.458,No,1,0,0,1,mpo_only,0.8315692512263704,0.16188792419104756,0.16188792419104756,0.09349831679749798,0.4625337840119342,1.0,1.0,0.0,2,2,0,0.08182085065856026,0.08182085065856026,0.0,0.4566950509424653,0.4566950509424653,0.0,4.0,4.0,0.11417376273561633,0.11417376273561633,0.0,73.66491171701966,73.66491171701966,0.0
8200,Hydro-Quebec,Construction du nouveau poste de Bagotville a 161-25 kV et sa ligne dalimentation,QC,Trans & Distr,Energy,1,0,0.315,No,1,0,0,1,mpo_only,0.6232774205856285,0.18719726909604234,0.18719726909604234,0.10730381207540762,0.36529061633051807,1.0,1.0,0.0,2,2,0,0.09399300881201966,0.09399300881201966,0.0,0.3586352146988241,0.3586352146988241,0.0,4.0,4.0,0.08965880367470602,0.08965880367470602,0.0,29.94604042735181,29.94604042735181,0.0
8201,Hydro-Quebec,"Remplacement des transformateurs au poste de Saraguay, a la reconstruction dune ligne souterraine SaraguayMont-Royal et a la construction du nouveau poste de Cote-Saint-Luc a 315-25 kV",QC,Trans & Distr,Energy,1,3,0.791,No,0,0,0,1,mpo_only,0.8120305493054311,0.15689845255837265,0.15689845255837265,0.0907516183793351,0.4513910838423831,1.0,1.0,0.0,2,2,0,0.07940200933571007,0.07940200933571007,0.0,0.44571627932057056,0.44571627932057056,0.0,4.0,4.0,0.11142906983014264,0.11142906983014264,0.0,395.61776952493847,395.61776952493847,0.0
8202,Hydro-Quebec,Construction d'une nouvelle centrale thermique et d'un systeme de stockage d'energie a Kangiqsujuaq,QC,Clean Electricity,Energy,1,1,0.371,Yes,1,0,0,1,mpo_only,0.9303289904796539,0.216383843437722,0.216383843437722,0.1229633942608368,0.5266461923702453,1.0,1.0,0.0,2,2,0,0.10782966171870667,0.10782966171870667,0.0,0.5190793260991803,0.5190793260991803,0.0,4.0,4.0,0.12976983152479507,0.12976983152479507,0.0,57.09872587090983,57.09872587090983,0.0
8211,TES Canada,Usine de production d'hydrogene vert pour usage energetique,QC,Clean Electricity,Energy,1,4,0.936,Yes,1,1,0,1,mpo_only,0.9033556892679763,0.038028343539052496,0.038028343539052496,0.02279504939302246,0.46307536933049936,1.0,1.0,0.0,2,2,0,0.019852462439627794,0.019852462439627794,0.0,0.46160407585380203,0.46160407585380203,0.0,4.0,4.0,0.11540101896345051,0.11540101896345051,0.0,1846.4163034152082,1846.4163034152082,0.0
8212,Hy2Gen,Usine de production d'hydrogene pour usage chimique,QC,Clean Electricity,Energy,1,3,0.805,Yes,1,1,0,1,mpo_only,0.9211606770085636,0.04344087979328761,0.04344087979328761,0.02599692668647513,0.4735788018475194,1.0,1.0,0.0,2,2,0,0.022645820776737158,0.022645820776737158,0.0,0.4719032488926504,0.4719032488926504,0.0,4.0,4.0,0.1179758122231626,0.1179758122231626,0.0,471.90324889265037,471.90324889265037,0.0
8215,Fortress Cellulose specialisee/Rio tinto,Conversion de l'usine pour production de biocharbon,QC,Other,Forest,1,1,0.338,Yes,1,1,0,1,mpo_only,0.5099847827113632,0.13271789165020664,0.13271789165020664,0.07732188728464862,0.2936533349980059,1.0,1.0,0.0,2,2,0,0.06758896050469276,0.06758896050469276,0.0,0.28878687160802796,0.28878687160802796,0.0,4.0,4.0,0.07219671790200699,0.07219671790200699,0.0,27.723539674370684,27.723539674370684,0.0
8221,Mine Arnaud inc.,Arnaud,QC,Other,Mining,1,3,0.767,No,1,0,0,1,mpo_only,0.09098984841673631,0.028572538275748946,0.028572538275748946,0.017176030507943807,0.05408293946234006,1.0,1.0,0.0,2,2,0,0.014953240756419683,0.014953240756419683,0.0,0.052971544586578,0.052971544586578,0.0,4.0,4.0,0.0132428861466445,0.0132428861466445,0.0,40.6821462424919,40.6821462424919,0.0
8244,Arcadium Lithium plc,Galaxy,QC,Critical Mineral,Mining,1,2,0.627,Yes,1,0,0,1,mpo_only,0.04130529790132344,0.04030327829319143,0.04030327829319143,0.02414210578543219,0.03272370184337781,1.0,1.0,0.0,2,2,0,0.021027505859419482,0.021027505859419482,0.0,0.03116640188037146,0.03116640188037146,0.0,4.0,4.0,0.007791600470092865,0.007791600470092865,0.0,11.846349354729192,11.846349354729192,0.0
8256,Minerai de Fer Quebec inc.,Lac Bloom - Phase III - Usine de traitement du minerai- 1e usine de flottation (Fe + 67%),QC,Other,Mining,1,2,0.666,No,0,0,0,1,mpo_only,0.08458264175018242,0.04303422275709284,0.04303422275709284,0.025756726775614025,0.05516968426289822,1.0,1.0,0.0,2,2,0,0.022436225833416534,0.022436225833416534,0.0,0.053509433791799475,0.053509433791799475,0.0,4.0,4.0,0.013377358447949869,0.013377358447949869,0.0,25.186890485800014,25.186890485800014,0.0
8259,Focus Graphite inc.,Lac Knife,QC,Critical Mineral,Mining,1,2,0.529,Yes,1,0,0,1,mpo_only,0.04130529790132344,0.04452187926522668,0.04452187926522668,0.026635152198445367,0.0339702250498844,1.0,1.0,0.0,2,2,0,0.02320275981259201,0.02320275981259201,0.0,0.032254028856957724,0.032254028856957724,0.0,4.0,4.0,0.008063507214239431,0.008063507214239431,0.0,7.628077824670502,7.628077824670502,0.0
8266,Groupe minier Windfall (Partenariat),Lac Windfall,QC,Other,Mining,1,3,0.773,No,1,0,0,1,mpo_only,0.09098984841673631,0.028398924806114268,0.028398924806114268,0.017072560926063796,0.05403120467140005,1.0,1.0,0.0,2,2,0,0.01486305995014392,0.01486305995014392,0.0,0.052926454183440115,0.052926454183440115,0.0,4.0,4.0,0.013231613545860029,0.013231613545860029,0.0,41.73780176906087,41.73780176906087,0.0
8268,Eldorado Gold Quebec,Lamaque - Lower Triangle,QC,Precious Metal,Mining,1,0,0.321,No,1,0,0,1,mpo_only,0.04808357741763153,0.044947299970526364,0.044947299970526364,0.02688620723925006,0.037484892328440794,1.0,1.0,0.0,2,2,0,0.023421852715133085,0.023421852715133085,0.0,0.03575271506638231,0.03575271506638231,0.0,4.0,4.0,0.008938178766595577,0.008938178766595577,0.0,3.0568571381756873,3.0568571381756873,0.0
8271,Nouveau Monde Graphite inc.,Matawinie - Usine de fabrication de produit chimique,QC,Critical Mineral,Mining,1,3,0.799,Yes,1,0,0,1,mpo_only,0.04459390900177516,0.03384245392679892,0.03384245392679892,0.020311599635859934,0.03245275431881754,1.0,1.0,0.0,2,2,0,0.017686691251778353,0.017686691251778353,0.0,0.031140300126776755,0.031140300126776755,0.0,4.0,4.0,0.007785075031694189,0.007785075031694189,0.0,28.754953137065655,28.754953137065655,0.0
8295,"Iyuhana Solar LP a partnership between Greenwood Sustainable Infrastructure (GSI), Saturn Power and Ocean Man First Nation.",Iyuhana Solar Energy Facility,SK,Clean Electricity,Energy,1,1,0.49,Yes,1,0,0,1,mpo_only,0.9706834424432651,0.5064602987823509,0.5064602987823509,0.26442101960987985,0.6175522310265724,1.0,1.0,0.0,2,2,0,0.2343684109441767,0.2343684109441767,0.0,0.6025259266937208,0.6025259266937208,0.0,4.0,4.0,0.1506314816734302,0.1506314816734302,0.0,120.50518533874417,120.50518533874417,0.0
8306,Denison Mines Corp.,Wheeler River - Gryphon,SK,Other,Mining,1,3,0.753,No,1,0,0,1,mpo_only,0.24864869651703175,0.07654959753078866,0.07654959753078866,0.045355852411917974,0.14700227446447486,1.0,1.0,0.0,2,2,0,0.039560464328362355,0.039560464328362355,0.0,0.14410458042269705,0.14410458042269705,0.0,4.0,4.0,0.036026145105674263,0.036026145105674263,0.0,106.2627176036968,106.2627176036968,0.0
8307,"Groupe Remabec, Airex Energie and SUEZ",Carbonity biochar plant,QC,Waste Biomass,Forest,1,0,0.304,Yes,1,1,0,1,mpo_only,0.3064063693100517,0.13738164668126776,0.13738164668126776,0.07992745700165726,0.1931669131558545,1.0,1.0,0.0,2,2,0,0.06987910674268705,0.06987910674268705,0.0,0.18814273802636938,0.18814273802636938,0.0,4.0,4.0,0.047035684506592346,0.047035684506592346,0.0,15.05141904210955,15.05141904210955,0.0
8308,"Groupe Remabec, Airex Energie and SUEZ",Carbonity biochar plant,QC,Waste Biomass,Forest,1,0,0.304,Yes,1,1,0,1,mpo_only,0.3064063693100517,0.13738164668126776,0.13738164668126776,0.07992745700165726,0.1931669131558545,1.0,1.0,0.0,2,2,0,0.06987910674268705,0.06987910674268705,0.0,0.18814273802636938,0.18814273802636938,0.0,4.0,4.0,0.047035684506592346,0.047035684506592346,0.0,15.05141904210955,15.05141904210955,0.0
8309,Structural Truss,Structural Truss Fort Macleod plant,AB,Other,Forest,1,0,0.142,Yes,1,0,0,1,mpo_only,0.605355110438138,1.4814579619527626,1.4814579619527626,0.5927374138417751,0.5990462621399566,1.0,1.0,0.0,2,2,0,0.5421281553302191,0.5421281553302191,0.0,0.5737416328841786,0.5737416328841786,0.0,4.0,4.0,0.14343540822104464,0.14343540822104464,0.0,16.351636537199088,16.351636537199088,0.0
8310,Kalesnikoff,Kalesnikoff West Kootenays,BC,Other,Forest,1,0,0.156,Yes,1,0,0,1,mpo_only,0.09551676715147334,0.1074658238448762,0.1074658238448762,0.06308526339358833,0.07930101527253083,1.0,1.0,0.0,2,2,0,0.05509060383390296,0.05509060383390296,0.0,0.07530368549268815,0.07530368549268815,0.0,4.0,4.0,0.018825921373172037,0.018825921373172037,0.0,2.560325306751397,2.560325306751397,0.0
8319,Covenant Energy Ltd.,Covenant Energy Renewable Diesel Facility,SK,Low Carbon Fuels,Energy,1,3,0.798,Yes,1,1,0,1,mpo_only,0.8874725098225287,0.11555922516894092,0.11555922516894092,0.06767192401117106,0.47757221691684987,1.0,1.0,0.0,2,2,0,0.05911451926449929,0.05911451926449929,0.0,0.473293514543514,0.473293514543514,0.0,4.0,4.0,0.1183233786358785,0.1183233786358785,0.0,435.43003338003285,435.43003338003285,0.0
8322,Envest,Voisey's Bay Wind Energy Project,NL,Clean Electricity,Energy,1,0,0.3,Yes,1,0,0,1,mpo_only,0.7871662986799569,0.3260303242100124,0.3260303242100124,0.1793772767453511,0.483271787712654,1.0,1.0,0.0,2,2,0,0.15794865427688365,0.15794865427688365,0.0,0.4725574764784203,0.4725574764784203,0.0,4.0,4.0,0.11813936911960507,0.11813936911960507,0.0,36.67046017472541,36.67046017472541,0.0
8323,Enbridge and Six Nations Energy Development LP,The Seven Stars Energy Project (the Project),SK,Clean Electricity,Energy,1,1,0.342,Yes,1,0,0,1,mpo_only,0.9706834424432651,0.5886216508984158,0.5886216508984158,0.3001692327717287,0.6354263376074969,1.0,1.0,0.0,2,2,0,0.2668298539062013,0.2668298539062013,0.0,0.6187566481747332,0.6187566481747332,0.0,4.0,4.0,0.1546891620436833,0.1546891620436833,0.0,61.87566481747332,61.87566481747332,0.0
8324,Ontario Power Generation,Hydroelectric refurbishment in Eastern Ontario,ON,Clean Electricity,Energy,1,3,0.805,Yes,0,0,0,1,mpo_only,0.944844975303207,0.5935749403438297,0.5935749403438297,0.3022680053588669,0.6235564903310369,1.0,1.0,0.0,2,2,0,0.2687422833405806,0.2687422833405806,0.0,0.6067936293218938,0.6067936293218938,0.0,4.0,4.0,0.15169840733047346,0.15169840733047346,0.0,606.7936293218938,606.7936293218938,0.0
8325,Hydro One,Porcupine TS upgrade,ON,Trans & Distr,Energy,1,0,0.304,No,0,0,0,1,mpo_only,0.7080915349991368,0.8069820353307193,0.8069820353307193,0.3869579680588392,0.547524751528988,1.0,1.0,0.0,2,2,0,0.3465687175225264,0.3465687175225264,0.0,0.5273301262608316,0.5273301262608316,0.0,4.0,4.0,0.1318325315652079,0.1318325315652079,0.0,42.18641010086653,42.18641010086653,0.0
8326,Manitoba Hydro,R44H Radisson to Henday 230 kV T-Line,MB,Trans & Distr,Energy,1,1,0.367,No,1,0,0,1,mpo_only,0.9827971708576222,0.5067430899307503,0.5067430899307503,0.26454714094682497,0.6236721559022236,1.0,1.0,0.0,2,2,0,0.23448256917972443,0.23448256917972443,0.0,0.6086398700186733,0.6086398700186733,0.0,4.0,4.0,0.15215996750466831,0.15215996750466831,0.0,65.01555567195459,65.01555567195459,0.0
8330,Nuclear Waste Management Organization,Adaptive Phased Management Deep Geological Repository,ON,Nuclear,Energy,1,4,0.996,Yes,1,1,0,1,mpo_only,0.9572359608171783,0.11221250381234418,0.11221250381234418,0.06577801229184199,0.5115069865545101,1.0,1.0,0.0,2,2,0,0.05745266264184079,0.05745266264184079,0.0,0.5073443117295096,0.5073443117295096,0.0,4.0,4.0,0.1268360779323774,0.1268360779323774,0.0,13190.952104967248,13190.952104967248,0.0
8331,Alamos Gold Inc.,Lynn Lake (MacLellan 2),MB,Precious Metal,Mining,1,2,0.554,No,1,0,0,1,mpo_only,0.6525841610339853,0.10123787478622676,0.10123787478622676,0.05954042787673686,0.3560622944553611,1.0,1.0,0.0,2,2,0,0.0519824501036934,0.0519824501036934,0.0,0.35228330556883936,0.35228330556883936,0.0,4.0,4.0,0.08807082639220984,0.08807082639220984,0.0,91.8043248646284,91.8043248646284,0.0
9997,Radius RNG LP,Project Radius,ON,Low Carbon Fuels,Energy,1,1,0.46,Yes,1,0,0,1,mpo_only,0.8420110249363864,0.6199621879826821,0.6199621879826821,0.3133430031307668,0.5776770140335765,1.0,1.0,0.0,2,2,0,0.27884645394833096,0.27884645394833096,0.0,0.5604287394423586,0.5604287394423586,0.0,4.0,4.0,0.14010718486058965,0.14010718486058965,0.0,92.47074200798917,92.47074200798917,0.0
9998,Northeast Renewables LP,Project Perimeter,AB,Low Carbon Fuels,Energy,1,1,0.419,Yes,1,0,0,1,mpo_only,0.9220049862771106,0.5881360140404313,0.5881360140404313,0.2999631226614353,0.610984054469273,1.0,1.0,0.0,2,2,0,0.2666420839988185,0.2666420839988185,0.0,0.5943235351379645,0.5943235351379645,0.0,4.0,4.0,0.14858088378449114,0.14858088378449114,0.0,80.23367724362521,80.23367724362521,0.0
9999,Northeast Renewables LP,Project Boundary,SK,Low Carbon Fuels,Energy,1,1,0.342,Yes,1,0,0,1,mpo_only,0.9001337335551585,0.5886216508984158,0.5886216508984158,0.3001692327717287,0.6001514831634436,1.0,1.0,0.0,2,2,0,0.2668298539062013,0.2668298539062013,0.0,0.5834817937306799,0.5834817937306799,0.0,4.0,4.0,0.14587044843266997,0.14587044843266997,0.0,58.348179373067985,58.348179373067985,0.0
