Unique ID,project_x,company_x,province_x,sector_x,group_x,start_year_x,end_year_x,reporting_years_x,project_cost_x,cleantech_x,p_bayes_x,p_cox_x,blended_prob_x,priority_index_x,urgency_scale_(0-1)_x,power_ranking_x,EV_disc_x,EV_cum_x,EV_disc_base_x,EV_base_x,company_y,project_y,province_y,company_type,start_year_y,end_year_y,reporting_years_y,start_status,end_status,current_survival,end_success,project_cost_y,cost_percentile,latitude_1,longitude_1,sector_y,group_y,cleantech_y,abbreviation,greenfield_flag,FOAK_flag,_cost_quintile_bayes,p_bayes_y,risk_score,years_remaining,p_cox_y,blended_prob_y,priority_index_y,urgency_scale_(0-1)_y,power_ranking_y,value_mode,value_proxy_amount,p_source_used,annual_p_2025,annual_p_2026,annual_p_2027,annual_p_2028,annual_p_2029,EV_2025,EV_2026,EV_2027,EV_2028,EV_2029,EV_cum_y,EV_disc_y,blended_prob.1,E_FID_year,cost_basis,DevCost,PV_OUT_per_DevCost,PV_IN_per_DevCost_k,PV_MOIC_k,k_star,IRR_k,k_star_adj,EV_base_y,EV_disc_base_y,years_in_pipeline_ind_only,blended_overlay_ind_only,delta_blended_ind_only,EV_overlay_ind_only,delta_EV_ind_only,EV_disc_overlay_ind_only,delta_EV_disc_ind_only,cross_over_to_favorite_ind_only,cross_out_to_underdog_ind_only,years_in_pipeline_mpo_only,blended_overlay_mpo_only,delta_blended_mpo_only,EV_overlay_mpo_only,delta_EV_mpo_only,EV_disc_overlay_mpo_only,delta_EV_disc_mpo_only,cross_over_to_favorite_mpo_only,cross_out_to_underdog_mpo_only,years_in_pipeline_ind_mpo,blended_overlay_ind_mpo,delta_blended_ind_mpo,EV_overlay_ind_mpo,delta_EV_ind_mpo,EV_disc_overlay_ind_mpo,delta_EV_disc_ind_mpo,cross_over_to_favorite_ind_mpo,cross_out_to_underdog_ind_mpo,blended_0.25,Δp_0.25,EV_disc_0.25,blended_0.5,Δp_0.5,EV_disc_0.5,blended_0.75,Δp_0.75,EV_disc_0.75,blended_1.0,Δp_1.0,EV_disc_1.0,blended_prob,blended_prob_mpo,delta_p_mpo,EV_mpo,EV_disc_mpo,blended_prob_indigenous,delta_p_indigenous,EV_indigenous,EV_disc_indigenous,blended_prob_combined,delta_p_combined,EV_combined,EV_disc_combined,blended_prob_override_0.25,delta_p_override_0.25,blended_prob_override_0.5,delta_p_override_0.5,blended_prob_override_0.75,delta_p_override_0.75,blended_prob_override_1.0,delta_p_override_1.0,crosser_mpo,dropout_mpo,crosser_indigenous,dropout_indigenous,crosser_combined,dropout_combined,crosser_override_0.25,dropout_override_0.25,crosser_override_0.5,dropout_override_0.5,crosser_override_0.75,dropout_override_0.75,crosser_override_1.0,dropout_override_1.0
0,Vista Coal Project (Expansion Projects),"Bighorn Mining, LTD",AB,Mining,Coal,2018,2024,7,870.0,No,0.1879833979973014,0.0636089214702666,0.125796159733784,0.5031846389351362,0.2033871554046397,0.1568325580021263,109.4426589683921,109.4426589683921,109.4426589683921,109.4426589683921,"Bighorn Mining, LTD",Vista Coal Project (Expansion Projects),AB,Private,2018,2024,7,Announced & Planning,In Review,1,0,870.0,0.789,53.33,-117.53,Mining,Coal,0,MIN-COAL,0,0,3,0.187983,0.108388,0.25,0.063609,0.125796,0.503185,0.203387,0.156833,capex,870.0,blended_prob,0.121867,0.002068,0.000861,0.000566,0.000434,106.024332,1.799301,0.749108,0.492629,0.377288,109.442659,109.442659,0.125796,2025.057423,870.0,26.1,0.160788,0.110646,0.68815,1.453172,-0.0,11.5518,109.442659,13.767466,,0.125796,0.0,109.442659,0.0,13.767466,0.0,0,0,,0.188146,0.06235,163.68734,54.244681,20.591239,6.823773,0,0,,0.188146,0.06235,163.68734,54.244681,20.591239,6.823773,0,0,0.1450280061501696,0.0192318464163856,126.1743653506476,0.1664448668827304,0.0406487071489464,144.8070341879755,0.1900543552700967,0.0642581955363127,165.34728908498417,0.2157962670195218,0.0900001072857378,187.742752306984,0.125796159733784,0.188146,0.06235,163.68734,20.591239,0.125796,0.0,109.442659,13.767466,0.188146,0.06235,163.68734,20.591239,0.1450280061501696,0.019231846416385617,0.1664448668827304,0.04064870714894642,0.1900543552700967,0.0642581955363127,0.2157962670195218,0.09000010728573779,0,0,0,0,0,0,0,0,0,0,0,0,0,0
10,Hackney Hills Wind Park,Aeolis Wind Power Corporation,BC,Energy,Clean Electricity,2017,2024,8,850.0,Yes,0.1463454577998943,0.0179119715588282,0.0821287146793613,0.3285148587174453,0.132511751539871,0.1022819294235652,69.80940747745711,69.80940747745711,,,Aeolis Wind Power Corporation,Hackney Hills Wind Park,BC,Private,2017,2024,8,In Review,In Review,1,0,850.0,0.786,56.249263,-120.847549,Energy,Clean Electricity,1,EN-CLEL,1,0,3,0.146345,0.029808,0.25,0.017912,0.082129,0.328515,0.132512,0.102282,capex,850.0,blended_prob,0.079438,0.001384,0.000592,0.0004,0.000314,67.522514,1.176765,0.503122,0.339775,0.267232,69.809407,69.809407,0.082129,2025.061185,850.0,25.5,0.111681,0.07221,0.646568,1.546627,0.0,18.831742,69.809407,5.733357,,0.082129,0.0,69.809407,0.0,5.733357,0.0,0,0,,0.136826,0.054697,116.301886,46.492478,9.551724,3.818367,0,0,,0.136826,0.054697,116.301886,46.492478,9.551724,3.818367,0,0,0.0958136395860664,0.0136849249067051,81.44159364815644,0.1112894774447095,0.0291607627653482,94.59605582800314,0.1286212605612185,0.0464925458818572,109.3280714770358,0.1478221500614011,0.0656934353820398,125.64882755219097,0.0821287146793613,0.136826,0.054697,116.301886,9.551724,0.082129,0.0,69.809407,5.733357,0.136826,0.054697,116.301886,9.551724,0.0958136395860664,0.013684924906705101,0.1112894774447095,0.029160762765348208,0.1286212605612185,0.04649254588185721,0.1478221500614011,0.0656934353820398,0,0,0,0,0,0,0,0,0,0,0,0,0,0
21,Kamistiatusset (Kami),Champion Iron Limited,NL,Mining,Base Metal,2017,2024,8,3864.0,No,0.4241062709409797,0.0202692641204377,0.2221877675307087,0.8887510701228349,0.3598376672966675,0.2772477274370922,858.5335337386587,858.5335337386587,,,Champion Iron Limited,Kamistiatusset (Kami),NL,Private,2017,2024,8,Approved,In Review,1,0,3864.0,0.935,52.824,-67.027,Mining,Base Metal,0,MIN-BM,1,0,4,0.424106,0.033771,0.25,0.020269,0.222188,0.888751,0.359838,0.277248,capex,3864.0,blended_prob,0.215926,0.003456,0.001357,0.000841,0.000608,834.339769,13.352473,5.242311,3.251012,2.347969,858.533534,858.533534,0.222188,2025.050064,3864.0,115.92,0.302323,0.195578,0.646916,1.545796,0.0,6.957163,858.533534,190.755649,,0.222188,0.0,858.533534,0.0,190.755649,0.0,0,0,,0.336016,0.113828,1298.364125,439.830591,288.480626,97.724977,0,0,,0.336016,0.113828,1298.364125,439.830591,288.480626,97.724977,0,0,0.2466808514298871,0.0244930838991784,953.1748099250842,0.2716046694301098,0.0494169018994011,1049.480442677945,0.2965729058532163,0.0743851383225076,1145.9577082168282,0.3212121852867392,0.0990244177560305,1241.1638839479606,0.2221877675307087,0.336016,0.113828,1298.364125,288.480626,0.222188,0.0,858.533534,190.755649,0.336016,0.113828,1298.364125,288.480626,0.2466808514298871,0.024493083899178397,0.2716046694301098,0.049416901899401094,0.2965729058532163,0.07438513832250757,0.3212121852867392,0.09902441775603052,0,0,0,0,0,0,0,0,0,0,0,0,0,0
22,Snow Lake,Kinross Gold Corp. (formerly Rockcliff Metals Corp.),MB,Mining,Critical Mineral,2021,2024,4,96.1,Yes,0.4448609633601592,0.0892111004098903,0.2670360318850248,0.2670360318850248,0.1075656121707744,0.2032478639993246,25.66216266415088,25.66216266415088,,,Kinross Gold Corp. (formerly Rockcliff Metals Corp.),Snow Lake,MB,Private,2021,2024,4,Announced & Planning,Announced & Planning,1,0,96.1,0.339,54.91,-100.031,Mining,Critical Mineral,1,MIN-CM,1,0,1,0.444861,0.154107,1.0,0.089211,0.267036,0.267036,0.107566,0.203248,capex,96.1,blended_prob,0.099211,0.057795,0.043232,0.035739,0.031059,9.534161,5.554143,4.154562,3.434495,2.9848,25.662163,25.662163,0.267036,2026.406972,96.1,2.883,0.262215,0.201798,0.769591,1.299391,-0.0,4.865975,25.662163,6.852722,,0.267036,0.0,25.662163,0.0,6.852722,0.0,0,0,,0.305956,0.03892,29.402402,3.740239,7.851501,0.998779,0,0,,0.305956,0.03892,29.402402,3.740239,7.851501,0.998779,0,0,0.295992246043179,0.0289562141581542,28.444854844749504,0.3256882513981806,0.0586522195131558,31.29864095936516,0.3557833579754541,0.0887473260904292,34.190780701441135,0.3859627689687249,0.1189267370837001,37.09102209789447,0.2670360318850248,0.305956,0.03892,29.402402,7.851501,0.267036,0.0,25.662163,6.852722,0.305956,0.03892,29.402402,7.851501,0.295992246043179,0.028956214158154192,0.3256882513981806,0.0586522195131558,0.3557833579754541,0.08874732609042929,0.3859627689687249,0.11892673708370011,0,0,0,0,0,0,0,0,0,0,0,0,0,0
76,Clean Methanol Plant,Blue Fuel Energy Corp.,BC,Energy,Low Carbon Fuels,2017,2024,8,2500.0,Yes,0.0233364928733396,0.0049491957076089,0.0141428442904743,0.0565713771618972,0.0221657943879272,0.0173520243294554,35.35711072618575,35.35711072618575,,,Blue Fuel Energy Corp.,Clean Methanol Plant,BC,Private,2017,2024,8,Announced & Planning,Announced & Planning,1,0,2500.0,0.912,55.698147,-121.629689,Energy,Low Carbon Fuels,1,EN-LCF,1,1,4,0.023336,0.008182,0.25,0.004949,0.014143,0.056571,0.022166,0.017352,capex,2500.0,blended_prob,0.013643,0.000248,0.00011,7.8e-05,6.4e-05,34.107899,0.619537,0.276072,0.194317,0.159286,35.357111,35.357111,0.014143,2025.067646,2500.0,75.0,0.019225,0.012426,0.646368,1.547107,0.0,109.39152,35.357111,0.50005,,0.014143,0.0,35.357111,0.0,0.50005,0.0,0,0,,0.024784,0.010642,61.961154,26.604043,0.876307,0.376257,0,0,,0.024784,0.010642,61.961154,26.604043,0.876307,0.376257,0,0,0.0168103410763289,0.0026674967858546,42.02585269082235,0.019974040658843,0.0058311963683687,49.935101647107565,0.0237202829934157,0.0095774387029414,59.30070748353934,0.0281475092958091,0.0140046650053348,70.36877323952277,0.0141428442904743,0.024784,0.010642,61.961154,0.876307,0.014143,0.0,35.357111,0.50005,0.024784,0.010642,61.961154,0.876307,0.0168103410763289,0.0026674967858546002,0.019974040658843,0.005831196368368699,0.0237202829934157,0.009577438702941398,0.0281475092958091,0.0140046650053348,0,0,0,0,0,0,0,0,0,0,0,0,0,0
88,Gething Coal Project,"Canadian Kailuan Dehua Mines Co., Ltd.",BC,Mining,Coal,2019,2024,6,1360.0,No,0.0035527838159777,0.0033281454840307,0.0034404646500042,0.0137618586000169,0.0047950625214983,0.0039823037986018,4.679031924005712,4.679031924005712,,,"Canadian Kailuan Dehua Mines Co., Ltd.",Gething Coal Project,BC,Private,2019,2024,6,In Review,In Review,1,0,1360.0,0.853,55.8753,-121.9153,Mining,Coal,0,MIN-COAL,1,0,4,0.003553,0.005498,0.25,0.003328,0.00344,0.013762,0.004795,0.003982,capex,1360.0,blended_prob,0.003317,6.1e-05,2.7e-05,1.9e-05,1.6e-05,4.511711,0.082486,0.036997,0.026211,0.021626,4.679032,4.679032,0.00344,2025.068736,1360.0,40.8,0.004131,0.003023,0.731648,1.366778,-2e-06,397.265405,4.679032,0.016098,,0.00344,0.0,4.679032,0.0,0.016098,0.0,0,0,,0.005029,0.001589,6.83965,2.160618,0.023532,0.007434,0,0,,0.005029,0.001589,6.83965,2.160618,0.023532,0.007434,0,0,0.0040263920898996,0.0005859274398954,5.47589324226348,0.0047161646908335,0.0012757000408293,6.413983979533562,0.005528701236067,0.0020882365860628,7.519033681051221,0.0064863860235714,0.0030459213735672,8.821484992057197,0.0034404646500042,0.005029,0.001589,6.83965,0.023532,0.00344,0.0,4.679032,0.016098,0.005029,0.001589,6.83965,0.023532,0.0040263920898996,0.0005859274398954,0.0047161646908335,0.0012757000408292998,0.005528701236067,0.0020882365860627997,0.0064863860235714,0.0030459213735672002,0,0,0,0,0,0,0,0,0,0,0,0,0,0
89,Grouse,Canadian Natural Resources Limited,AB,Energy,Oil & Gas - Upstream,2017,2024,8,1530.0,No,0.7345401381813054,0.1686582174566914,0.4515991778189984,1.806396711275993,0.7321888853517731,0.5638350608321083,690.9467420630674,690.9467420630674,,,Canadian Natural Resources Limited,Grouse,AB,Private,2017,2024,8,In Review,In Review,1,0,1530.0,0.868,55.466292,-111.755766,Energy,Oil & Gas - Upstream,0,EN-OG-U,1,0,4,0.73454,0.304628,0.25,0.168658,0.451599,1.806397,0.732189,0.563835,capex,1530.0,blended_prob,0.441514,0.006145,0.002098,0.001132,0.000711,675.515857,9.401844,3.210206,1.73136,1.087477,690.946742,690.946742,0.451599,2025.036712,1530.0,45.9,0.614929,0.398066,0.647337,1.544791,0.0,3.420712,690.946742,312.030981,,0.451599,0.0,690.946742,0.0,312.030981,0.0,0,0,,0.593306,0.141707,907.758334,216.811592,409.942917,97.911937,1,0,,0.593306,0.141707,907.758334,216.811592,409.942917,97.911937,1,0,0.4791590560508074,0.027559878231809,733.1133557577352,0.5060924227850325,0.0544932449660341,774.3214068610996,0.5324579354409217,0.0808587576219233,814.66064122461,0.5583603546164706,0.1067611767974722,854.2913425631999,0.4515991778189984,0.593306,0.141707,907.758334,409.942917,0.451599,0.0,690.946742,312.030981,0.593306,0.141707,907.758334,409.942917,0.4791590560508074,0.027559878231809,0.5060924227850325,0.05449324496603414,0.5324579354409217,0.0808587576219233,0.5583603546164706,0.10676117679747221,1,0,0,0,1,0,0,0,1,0,1,0,1,0
92,Prairie Creek,NorZinc,NT,Mining,Critical Mineral,2017,2024,8,474.0,Yes,0.098223061477317,0.0647728704286856,0.0814979659530013,0.3259918638120053,0.1314880009938467,0.1014939799693394,38.63003586172261,38.63003586172261,,,NorZinc,Prairie Creek,NT,Private,2017,2024,8,In Review,Approved,1,0,474.0,0.667,61.56,-124.794,Mining,Critical Mineral,1,MIN-CM,1,0,2,0.098223,0.110439,0.25,0.064773,0.081498,0.325992,0.131488,0.101494,capex,474.0,blended_prob,0.078826,0.001374,0.000588,0.000397,0.000312,37.363673,0.651415,0.278617,0.188232,0.1481,38.630036,38.630036,0.081498,2025.061241,474.0,14.22,0.110823,0.071655,0.646567,1.546631,0.0,18.977541,38.630036,3.148269,,0.081498,0.0,38.630036,0.0,3.148269,0.0,0,0,,0.135837,0.054339,64.386782,25.756746,5.247392,2.099122,0,0,,0.135837,0.054339,64.386782,25.756746,5.247392,2.099122,0,0,0.0946009759870642,0.0131030100340629,44.84086261786846,0.1095964142567743,0.028098448303773,51.94870035771101,0.1266615796818919,0.0451636137288906,60.03758876921677,0.1459555700804836,0.0644576041274823,69.18294021814923,0.0814979659530013,0.135837,0.054339,64.386782,5.247392,0.081498,0.0,38.630036,3.148269,0.135837,0.054339,64.386782,5.247392,0.0946009759870642,0.013103010034062904,0.1095964142567743,0.028098448303773005,0.1266615796818919,0.045163613728890606,0.1459555700804836,0.0644576041274823,0,0,0,0,0,0,0,0,0,0,0,0,0,0
94,New Polaris Gold Mine,Canagold Resources Ltd.,BC,Mining,Other,2020,2024,5,143.7,No,0.0212179312538175,0.0050945070305867,0.0131562191422021,0.0526248765688085,0.02056443081468,0.0161195038111932,1.890548690734441,1.890548690734441,,,Canagold Resources Ltd.,New Polaris Gold Mine,BC,Private,2020,2024,5,In Review,In Review,1,0,143.7,0.433,58.701,-133.64,Mining,Other,0,MIN-OTH,1,0,1,0.021218,0.008423,0.25,0.005095,0.013156,0.052625,0.020564,0.01612,capex,143.7,blended_prob,0.012691,0.000231,0.000103,7.2e-05,5.9e-05,1.823679,0.033145,0.014779,0.010408,0.008537,1.890549,1.890549,0.013156,2025.067746,143.7,4.311,0.014847,0.011559,0.778563,1.284417,3e-06,97.628108,1.890549,0.024872,,0.013156,0.0,1.890549,0.0,0.024872,0.0,0,0,,0.017435,0.004279,2.50541,0.614861,0.032962,0.008089,0,0,,0.017435,0.004279,2.50541,0.614861,0.032962,0.008089,0,0,0.015626538970697,0.0024703198284949,2.24553365008917,0.0185567294757017,0.0054005103334996,2.66660202565834,0.0220276562175565,0.0088714370753544,3.16537419846288,0.0261319787289882,0.0129757595867861,3.7551653433556114,0.0131562191422021,0.017435,0.004279,2.50541,0.032962,0.013156,0.0,1.890549,0.024872,0.017435,0.004279,2.50541,0.032962,0.015626538970697,0.0024703198284949015,0.0185567294757017,0.005400510333499602,0.0220276562175565,0.008871437075354401,0.0261319787289882,0.0129757595867861,0,0,0,0,0,0,0,0,0,0,0,0,0,0
98,Kutcho Creek,Kutcho Copper Corp.,BC,Mining,Critical Mineral,2018,2024,7,483.0,Yes,0.0089164656073429,0.0048804585626069,0.0068984620849749,0.0275938483398999,0.0104076410559519,0.0083021336733657,3.331957187042876,3.331957187042876,,,Kutcho Copper Corp.,Kutcho Creek,BC,Private,2018,2024,7,Announced & Planning,In Review,1,0,483.0,0.674,58.205,-128.358,Mining,Critical Mineral,1,MIN-CM,1,0,2,0.008916,0.008068,0.25,0.00488,0.006898,0.027594,0.010408,0.008302,capex,483.0,blended_prob,0.006653,0.000121,5.4e-05,3.8e-05,3.2e-05,3.213271,0.058624,0.026239,0.01855,0.015273,3.331957,3.331957,0.006898,2025.068382,483.0,14.49,0.008812,0.006061,0.687788,1.453937,3e-06,210.762503,3.331957,0.022985,,0.006898,0.0,3.331957,0.0,0.022985,0.0,0,0,,0.011063,0.004165,5.343645,2.011688,0.036863,0.013878,0,0,,0.011063,0.004165,5.343645,2.011688,0.036863,0.013878,0,0,0.0081320270784639,0.001233564993489,3.9277690788980855,0.0095916230538361,0.0026931609688612,4.632753935002855,0.011318684173081,0.0044202220881061,5.466924455598131,0.0133618908836557,0.0064634287986808,6.453793296805709,0.0068984620849749,0.011063,0.004165,5.343645,0.036863,0.006898,0.0,3.331957,0.022985,0.011063,0.004165,5.343645,0.036863,0.0081320270784639,0.0012335649934890006,0.0095916230538361,0.0026931609688611996,0.011318684173081,0.0044202220881061,0.0133618908836557,0.0064634287986808005,0,0,0,0,0,0,0,0,0,0,0,0,0,0
100,Lynn Lake (Gordon site),Alamos Gold Inc.,MB,Mining,Precious Metal,2018,2024,7,434.33,No,0.4523494775521521,0.0541076663919259,0.2532285719720391,1.0129142878881563,0.4102191253445267,0.3160247933210341,109.98476566461576,109.98476566461576,69.80940747745711,69.80940747745711,Alamos Gold Inc.,Lynn Lake (Gordon site),MB,Private,2018,2024,7,Announced & Planning,In Review,1,0,434.33,0.651,56.79,-100.82,Mining,Precious Metal,0,MIN-PM,1,0,2,0.452349,0.091738,0.25,0.054108,0.253229,1.012914,0.410219,0.316025,capex,434.33,blended_prob,0.24632,0.003868,0.00149,0.000907,0.000643,106.984342,1.680095,0.647276,0.393895,0.279157,109.984766,109.984766,0.253229,2025.047943,434.33,13.0299,0.323836,0.22295,0.688465,1.452507,-0.0,5.735951,109.984766,27.851285,,0.253229,0.0,109.984766,0.0,27.851285,0.0,0,0,,0.35322,0.099991,153.413982,43.429216,38.848804,10.997518,0,0,,0.35322,0.099991,153.413982,43.429216,38.848804,10.997518,0,0,0.2800835237731194,0.0268549518010803,121.648676880379,0.3073800893507251,0.054151517378686,133.5043942077005,0.3347623719171805,0.0815337999451414,145.3973409947891,0.3619058242211398,0.1086772522491007,157.1865566339677,0.2532285719720391,0.35322,0.099991,153.413982,38.848804,0.253229,0.0,109.984766,27.851285,0.35322,0.099991,153.413982,38.848804,0.2800835237731194,0.02685495180108033,0.3073800893507251,0.05415151737868601,0.3347623719171805,0.08153379994514143,0.3619058242211398,0.10867725224910074,0,0,0,0,0,0,0,0,0,0,0,0,0,0
114,Crown Mountain Coal Project,NWP Coal Canada Ltd.,BC,Mining,Coal,2017,2024,8,468.0,No,0.004489312414274,0.0040270504016174,0.0042581814079457,0.0170327256317829,0.0061222756294294,0.0050038190965392,1.9928288989185885,1.9928288989185885,,,NWP Coal Canada Ltd.,Crown Mountain Coal Project,BC,Private,2017,2024,8,In Review,In Review,1,0,468.0,0.665,49.802,-114.729,Mining,Coal,0,MIN-COAL,1,0,2,0.004489,0.006655,0.25,0.004027,0.004258,0.017033,0.006122,0.005004,capex,468.0,blended_prob,0.004106,7.5e-05,3.4e-05,2.4e-05,2e-05,1.921632,0.035115,0.015742,0.011147,0.009193,1.992829,1.992829,0.004258,2025.068652,468.0,14.04,0.005788,0.003741,0.646336,1.547182,3e-06,363.343352,1.992829,0.008486,,0.004258,0.0,1.992829,0.0,0.008486,0.0,0,0,,0.007519,0.003261,3.518857,1.526028,0.014984,0.006498,0,0,,0.007519,0.003261,3.518857,1.526028,0.014984,0.006498,0,0,0.0049860783336008,0.0007278969256551,2.3334846601252126,0.005843235603458,0.0015850541955123,2.7346342624183517,0.0068531617737209,0.0025949803657752,3.2072797101014,0.0080436307171327,0.003785449309187,3.764419175618122,0.0042581814079457,0.007519,0.003261,3.518857,0.014984,0.004258,0.0,1.992829,0.008486,0.007519,0.003261,3.518857,0.014984,0.0049860783336008,0.0007278969256550999,0.005843235603458,0.0015850541955122997,0.0068531617737209,0.0025949803657751994,0.0080436307171327,0.0037854493091869995,0,0,0,0,0,0,0,0,0,0,0,0,0,0
126,Great Divide,Connacher Oil & Gas Ltd.,AB,Energy,Oil & Gas - Upstream,2017,2024,8,600.0,No,0.7757249033096876,0.1942584733535063,0.4849916883315969,1.939966753326388,0.786387331486859,0.6055499455937018,290.99501299895815,290.99501299895815,,,Connacher Oil & Gas Ltd.,Great Divide,AB,Private,2017,2024,8,Approved,Approved,1,0,600.0,0.714,56.1135,-111.8293,Energy,Oil & Gas - Upstream,0,EN-OG-U,1,0,3,0.775725,0.356211,0.25,0.194258,0.484992,1.939967,0.786387,0.60555,capex,600.0,blended_prob,0.474507,0.006471,0.002165,0.001144,0.000704,284.704053,3.882794,1.299084,0.686539,0.422543,290.995013,290.995013,0.484992,2025.035158,600.0,18.0,0.660456,0.42757,0.647386,1.544673,-0.0,3.184947,290.995013,141.130163,,0.484992,0.0,290.995013,0.0,141.130163,0.0,0,0,,0.625231,0.140239,375.138382,84.143369,181.938997,40.808834,1,0,,0.625231,0.140239,375.138382,84.143369,181.938997,40.808834,1,0,0.5118782553220564,0.0268865669904595,307.1269531932339,0.5382175895954738,0.0532259012638769,322.9305537572843,0.5641206081621545,0.0791289198305575,338.47236489729266,0.5897230416493353,0.1047313533177384,353.8338249896012,0.4849916883315969,0.625231,0.140239,375.138382,181.938997,0.484992,0.0,290.995013,141.130163,0.625231,0.140239,375.138382,181.938997,0.5118782553220564,0.02688656699045955,0.5382175895954738,0.05322590126387694,0.5641206081621545,0.07912891983055759,0.5897230416493353,0.10473135331773842,1,0,0,0,1,0,1,0,1,0,1,0,1,0
130,Rose Lithium-Tantalum Mine,Corporation Lithium Elements Critiques,QC,Mining,Critical Mineral,2017,2024,8,610.1,Yes,0.0303701681761756,0.0218139458847932,0.0260920570304844,0.1043682281219376,0.0415602260465406,0.0322793246369069,15.918763994298535,15.918763994298535,,,Corporation Lithium Elements Critiques,Rose Lithium-Tantalum Mine,QC,Private,2017,2024,8,In Review,Approved,1,0,610.1,0.728,53.252069,-73.547974,Mining,Critical Mineral,1,MIN-CM,1,0,3,0.03037,0.036373,0.25,0.021814,0.026092,0.104368,0.04156,0.032279,capex,610.1,blended_prob,0.025182,0.000454,0.000201,0.00014,0.000114,15.363824,0.277047,0.12256,0.085641,0.069693,15.918764,15.918764,0.026092,2025.066454,610.1,18.303,0.035471,0.022928,0.646405,1.547019,-0.0,59.290789,15.918764,0.415353,,0.026092,0.0,15.918764,0.0,0.415353,0.0,0,0,,0.045311,0.019219,27.644532,11.725768,0.721303,0.305949,0,0,,0.045311,0.019219,27.644532,11.725768,0.721303,0.305949,0,0,0.0305438563396538,0.0044517993091694,18.634806752822808,0.035754244817142,0.0096621877866576,21.813664762938394,0.0418437058612769,0.0157516488307925,25.52884494596507,0.0489470657808442,0.0228550087503598,29.86260483289308,0.0260920570304844,0.045311,0.019219,27.644532,0.721303,0.026092,0.0,15.918764,0.415353,0.045311,0.019219,27.644532,0.721303,0.0305438563396538,0.004451799309169398,0.035754244817142,0.009662187786657596,0.0418437058612769,0.015751648830792497,0.0489470657808442,0.022855008750359798,0,0,0,0,0,0,0,0,0,0,0,0,0,0
140,Pike (Formely Kirby),Canadian Natural Resources Limited,AB,Energy,Oil & Gas - Upstream,2017,2024,8,7700.0,No,0.7345401381813054,0.1538360966060584,0.4441881173936819,1.7767524695747277,0.7201602012816178,0.5545769509488563,3420.2485039313515,3420.2485039313515,,,Canadian Natural Resources Limited,Pike (Formely Kirby),AB,Private,2017,2024,8,Approved,Approved,1,0,7700.0,0.967,55.448219,-110.824021,Energy,Oil & Gas - Upstream,0,EN-OG-U,1,0,4,0.73454,0.275483,0.25,0.153836,0.444188,1.776752,0.72016,0.554577,capex,7700.0,blended_prob,0.434196,0.00607,0.002082,0.001128,0.000712,3343.307852,46.742597,16.032146,8.685705,5.480204,3420.248504,3420.248504,0.444188,2025.037069,7700.0,231.0,0.604826,0.391519,0.647326,1.544818,-0.0,3.477846,3420.248504,1519.233744,,0.444188,0.0,3420.248504,0.0,1519.233744,0.0,0,0,,0.586055,0.141867,4512.621288,1092.372784,2004.452754,485.219011,1,0,,0.586055,0.141867,4512.621288,1092.372784,2004.452754,485.219011,1,0,0.4709555689759514,0.0267674515822695,3626.357881114827,0.497040039332793,0.0528519219391111,3827.208302862508,0.522504029979578,0.0783159125858961,4023.281030842752,0.5474588595580471,0.1032707421643651,4215.433218596963,0.4441881173936819,0.586055,0.141867,4512.621288,2004.452754,0.444188,0.0,3420.248504,1519.233744,0.586055,0.141867,4512.621288,2004.452754,0.4709555689759514,0.026767451582269508,0.497040039332793,0.05285192193911109,0.522504029979578,0.0783159125858961,0.5474588595580471,0.10327074216436516,1,0,0,0,1,0,0,0,0,0,1,0,1,0
165,Kinskuch Hydroelectric Project,WindRiver Power Corp.,BC,Energy,Clean Electricity,2017,2024,8,300.0,Yes,0.1366261624531057,0.022190362167208,0.0794082623101569,0.3176330492406276,0.1280962616910391,0.0988834620625097,23.822478693047067,23.822478693047067,,,WindRiver Power Corp.,Kinskuch Hydroelectric Project,BC,Private,2017,2024,8,In Review,In Review,1,0,300.0,0.573,57.857174,-129.979248,Energy,Clean Electricity,1,EN-CLEL,1,0,2,0.136626,0.037008,0.25,0.02219,0.079408,0.317633,0.128096,0.098883,capex,300.0,blended_prob,0.076799,0.001341,0.000574,0.000388,0.000306,23.039737,0.402196,0.172243,0.116514,0.09179,23.822479,23.822479,0.079408,2025.061429,300.0,9.0,0.10798,0.069816,0.646561,1.546645,0.0,19.477129,23.822479,1.891702,,0.079408,0.0,23.822479,0.0,1.891702,0.0,0,0,,0.132555,0.053147,39.766545,15.944066,3.157792,1.266091,0,0,,0.132555,0.053147,39.766545,15.944066,3.157792,1.266091,0,0,0.0926969491134802,0.0132886868033233,27.809084734044085,0.1077791607149772,0.0283708984048203,32.33374821449317,0.1247431425870953,0.0453348802769384,37.42294277612859,0.1436314041547439,0.064223141844587,43.08942124642319,0.0794082623101569,0.132555,0.053147,39.766545,3.157792,0.079408,0.0,23.822479,1.891702,0.132555,0.053147,39.766545,3.157792,0.0926969491134802,0.013288686803323305,0.1077791607149772,0.028370898404820308,0.1247431425870953,0.04533488027693841,0.1436314041547439,0.06422314184458701,0,0,0,0,0,0,0,0,0,0,0,0,0,0
186,NICO Cobalt-Gold-Bismuth Mine,Fortune Minerals Limited,NT,Mining,Precious Metal,2017,2024,8,589.0,No,0.2500576281316399,0.0509410179171355,0.1504993230243877,0.6019972920975509,0.243482166064796,0.187692460240551,88.64410126136436,88.64410126136436,,,Fortune Minerals Limited,NICO Cobalt-Gold-Bismuth Mine,NT,Private,2017,2024,8,Approved,Approved,1,0,589.0,0.712,63.55,-116.75,Mining,Precious Metal,0,MIN-PM,1,0,3,0.250058,0.086226,0.25,0.050941,0.150499,0.601997,0.243482,0.187692,capex,589.0,blended_prob,0.145922,0.002439,0.001,0.000648,0.000489,85.948268,1.436831,0.589273,0.381735,0.287995,88.644101,88.644101,0.150499,2025.055419,589.0,17.67,0.204719,0.132402,0.646748,1.546197,-0.0,10.27378,88.644101,13.340877,,0.150499,0.0,88.644101,0.0,13.340877,0.0,0,0,,0.23888,0.088381,140.700387,52.056286,21.175313,7.834436,0,0,,0.23888,0.088381,140.700387,52.056286,21.175313,7.834436,0,0,0.1721800834940358,0.021680760469648,101.41406917798707,0.1957980561930574,0.0452987331686697,115.32505509771082,0.2212078377533592,0.0707085147289715,130.2914164367286,0.2481924458459611,0.0976931228215734,146.1853506032711,0.1504993230243877,0.23888,0.088381,140.700387,21.175313,0.150499,0.0,88.644101,13.340877,0.23888,0.088381,140.700387,21.175313,0.1721800834940358,0.02168076046964809,0.1957980561930574,0.0452987331686697,0.2212078377533592,0.0707085147289715,0.2481924458459611,0.09769312282157339,0,0,0,0,0,0,0,0,0,0,0,0,0,0
188,Fosthall Creek Hydropower Project,Fosthall Creek Power LP,BC,Energy,Clean Electricity,2018,2024,7,50.0,Yes,0.069687453586963,0.0317983290293026,0.0507428913081328,0.2029715652325315,0.0815703029551933,0.063073855966957,2.53714456540664,2.53714456540664,,,Fosthall Creek Power LP,Fosthall Creek Hydropower Project,BC,Private,2018,2024,7,Announced & Planning,Announced & Planning,1,0,50.0,0.214,50.241332,-117.801075,Energy,Clean Electricity,1,EN-CLEL,1,0,0,0.069687,0.053293,0.25,0.031798,0.050743,0.202972,0.08157,0.063074,capex,50.0,blended_prob,0.049022,0.000871,0.000379,0.000261,0.000209,2.451096,0.043541,0.018975,0.013061,0.010471,2.537145,2.537145,0.050743,2025.064072,50.0,1.5,0.064834,0.044601,0.68793,1.453637,3e-06,28.647099,2.537145,0.128742,,0.050743,0.0,2.537145,0.0,0.128742,0.0,0,0,,0.079266,0.028523,3.963317,1.426172,0.20111,0.072368,0,0,,0.079266,0.028523,3.963317,1.426172,0.20111,0.072368,0,0,0.0594116994541656,0.0086688081460328,2.9705849727082825,0.0694612884190121,0.0187183971108793,3.473064420950605,0.0810605954699902,0.0303177041618574,4.053029773499511,0.0943788812289839,0.0436359899208511,4.718944061449198,0.0507428913081328,0.079266,0.028523,3.963317,0.20111,0.050743,0.0,2.537145,0.128742,0.079266,0.028523,3.963317,0.20111,0.0594116994541656,0.008668808146032797,0.0694612884190121,0.018718397110879297,0.0810605954699902,0.030317704161857396,0.0943788812289839,0.0436359899208511,0,0,0,0,0,0,0,0,0,0,0,0,0,0
205,Turnagain Project,Giga Metals Corp. & Mitsubishi Corporation,BC,Mining,Critical Mineral,2020,2024,5,2461.55,Yes,0.007026130676397,0.0038343690221128,0.0054302498492549,0.0217209993970199,0.0080246270042674,0.0064680007112599,13.3668315164334,13.3668315164334,,,Giga Metals Corp. & Mitsubishi Corporation,Turnagain Project,BC,Private,2020,2024,5,Announced & Planning,Announced & Planning,1,0,2461.55,0.912,58.476,-128.826,Mining,Critical Mineral,1,MIN-CM,1,0,4,0.007026,0.006336,0.25,0.003834,0.00543,0.021721,0.008025,0.006468,capex,2461.55,blended_prob,0.005237,9.6e-05,4.3e-05,3e-05,2.5e-05,12.88991,0.235378,0.105444,0.074613,0.061487,13.366832,13.366832,0.00543,2025.068532,2461.55,73.8465,0.006128,0.004771,0.778534,1.284465,1e-06,236.538843,13.366832,0.072585,,0.00543,0.0,13.366832,0.0,0.072585,0.0,0,0,,0.007215,0.001784,17.759332,4.3925,0.096438,0.023852,0,0,,0.007215,0.001784,17.759332,4.3925,0.096438,0.023852,0,0,0.0064033338124905,0.0009730839632356,15.762126346136055,0.0075555633867884,0.0021253135375335,18.598397054748997,0.008920137004948,0.0034898871556931,21.957363244529752,0.0105362155142969,0.005105965665042,25.93542129921778,0.0054302498492549,0.007215,0.001784,17.759332,0.096438,0.00543,0.0,13.366832,0.072585,0.007215,0.001784,17.759332,0.096438,0.0064033338124905,0.0009730839632356002,0.0075555633867884,0.0021253135375335006,0.008920137004948,0.0034898871556931004,0.0105362155142969,0.005105965665042,0,0,0,0,0,0,0,0,0,0,0,0,0,0
207,BlackGold Oil Sands Project,Harvest Operations Corp.,AB,Energy,Oil & Gas - Upstream,2017,2024,8,540.0,No,0.7614929119385208,0.1965685734157355,0.4790307426771281,1.9161229707085128,0.7767122879813397,0.5981033607988129,258.67660104564914,258.67660104564914,,,Harvest Operations Corp.,BlackGold Oil Sands Project,AB,Private,2017,2024,8,Approved,Announced & Planning,1,0,540.0,0.701,55.582639,-110.97301,Energy,Oil & Gas - Upstream,0,EN-OG-U,1,0,2,0.761493,0.360946,0.25,0.196569,0.479031,1.916123,0.776712,0.598103,capex,540.0,blended_prob,0.468615,0.006414,0.002154,0.001142,0.000706,253.051921,3.463666,1.163067,0.61689,0.381057,258.676601,258.676601,0.479031,2025.035429,540.0,16.2,0.652328,0.422303,0.647378,1.544694,-0.0,3.224623,258.676601,123.914044,,0.479031,0.0,258.676601,0.0,123.914044,0.0,0,0,,0.61962,0.140589,334.594697,75.918096,160.281146,36.367102,1,0,,0.61962,0.140589,334.594697,75.918096,160.281146,36.367102,1,0,0.5067543653471239,0.0277236226699958,273.6473572874469,0.5339283646357372,0.0548976219586091,288.32131690329805,0.5606422158736397,0.0816114731965116,302.7467965717654,0.5870155070949854,0.1079847644178573,316.98837383129205,0.4790307426771281,0.61962,0.140589,334.594697,160.281146,0.479031,0.0,258.676601,123.914044,0.61962,0.140589,334.594697,160.281146,0.5067543653471239,0.02772362266999584,0.5339283646357372,0.054897621958609144,0.5606422158736397,0.08161147319651163,0.5870155070949854,0.10798476441785732,1,0,0,0,1,0,1,0,1,0,1,0,1,0
209,Murray River Coal Project,HD Mining International Ltd.,BC,Mining,Coal,2017,2024,8,668.0,No,0.004861603010901,0.0037435679310975,0.0043025854709992,0.0172103418839971,0.0061943466172839,0.0050592899295131,2.874127094627466,2.874127094627466,,,HD Mining International Ltd.,Murray River Coal Project,BC,Private,2017,2024,8,In Review,Approved,1,0,668.0,0.737,55.126784,-120.993032,Mining,Coal,0,MIN-COAL,1,0,3,0.004862,0.006185,0.25,0.003744,0.004303,0.01721,0.006194,0.005059,capex,668.0,blended_prob,0.004149,7.6e-05,3.4e-05,2.4e-05,2e-05,2.771449,0.050643,0.022703,0.016076,0.013257,2.874127,2.874127,0.004303,2025.068648,668.0,20.04,0.005848,0.00378,0.646337,1.547182,3e-06,359.593453,2.874127,0.012366,,0.004303,0.0,2.874127,0.0,0.012366,0.0,0,0,,0.007597,0.003294,5.074844,2.200717,0.021835,0.009469,0,0,,0.007597,0.003294,5.074844,2.200717,0.021835,0.009469,0,0,0.0050496494162008,0.0007470639452016,3.373165810022159,0.0059311285440673,0.0016285430730681,3.961993867436974,0.0069716951744908,0.0026691097034916,4.657092376559904,0.0082005139376006,0.0038979284666014,5.477943310317261,0.0043025854709992,0.007597,0.003294,5.074844,0.021835,0.004303,0.0,2.874127,0.012366,0.007597,0.003294,5.074844,0.021835,0.0050496494162008,0.0007470639452016002,0.0059311285440673,0.0016285430730680998,0.0069716951744908,0.0026691097034916003,0.0082005139376006,0.003897928466601399,0,0,0,0,0,0,0,0,0,0,0,0,0,0
238,Wynyard Potash Project,Karnalyte Resources Inc,SK,Mining,Precious Metal,2017,2024,8,789.0,No,0.181508889262297,0.0444201900923048,0.1129645396773009,0.4518581587092037,0.182560513209085,0.1408029290900145,89.12902180539041,89.12902180539041,858.5335337386587,858.5335337386587,Karnalyte Resources Inc,Wynyard Potash Project,SK,Private,2017,2024,8,In Review,Approved,1,0,789.0,0.774,51.709,-104.057,Mining,Precious Metal,0,MIN-PM,1,0,3,0.181509,0.074934,0.25,0.04442,0.112965,0.451858,0.182561,0.140803,capex,789.0,blended_prob,0.109387,0.001871,0.000785,0.00052,0.000402,86.306094,1.476154,0.61939,0.410517,0.316867,89.129022,89.129022,0.112965,2025.058499,789.0,23.67,0.153636,0.099349,0.646652,1.546427,-0.0,13.689488,89.129022,10.068419,,0.112965,0.0,89.129022,0.0,10.068419,0.0,0,0,,0.184079,0.071115,145.23864,56.109618,16.406816,6.338397,0,0,,0.184079,0.071115,145.23864,56.109618,16.406816,6.338397,0,0,0.1306127681089878,0.0176482284316869,103.05347403799142,0.1503102202036363,0.0373456805263354,118.59476374066912,0.172067282403331,0.0591027427260301,135.7610858162282,0.1958283714987357,0.0828638318214348,154.5085851125025,0.1129645396773009,0.184079,0.071115,145.23864,16.406816,0.112965,0.0,89.129022,10.068419,0.184079,0.071115,145.23864,16.406816,0.1306127681089878,0.01764822843168691,0.1503102202036363,0.0373456805263354,0.172067282403331,0.0591027427260301,0.1958283714987357,0.0828638318214348,0,0,0,0,0,0,0,0,0,0,0,0,0,0
256,Lorraine-Jayjay Copper Mine,NorthWest Copper,BC,Mining,Base Metal,2020,2024,5,100.0,No,0.0335219303973088,0.0055865010875749,0.0195542157424418,0.0782168629697675,0.0309488394376773,0.024112065220536,1.95542157424418,1.95542157424418,25.66216266415088,25.66216266415088,NorthWest Copper,Lorraine-Jayjay Copper Mine,BC,Private,2020,2024,5,In Review,In Review,1,0,100.0,0.342,55.91667,-125.58333,Mining,Base Metal,0,MIN-BM,1,0,1,0.033522,0.009239,0.25,0.005587,0.019554,0.078217,0.030949,0.024112,capex,100.0,blended_prob,0.018868,0.000342,0.000152,0.000106,8.7e-05,1.886753,0.034158,0.015171,0.010643,0.008696,1.955422,1.955422,0.019554,2025.067103,100.0,3.0,0.022068,0.017182,0.778587,1.284377,3e-06,65.682886,1.955422,0.038237,,0.019554,0.0,1.955422,0.0,0.038237,0.0,0,0,,0.025859,0.006305,2.585929,0.630507,0.050566,0.012329,0,0,,0.025859,0.006305,2.585929,0.630507,0.050566,0.012329,0,0,0.0232427623759533,0.0036885466335115,2.3242762375953343,0.0276044477320754,0.0080502319896336,2.7604447732075466,0.0327492198142139,0.0131950040717721,3.2749219814213952,0.0387992341914995,0.0192450184490577,3.87992341914996,0.0195542157424418,0.025859,0.006305,2.585929,0.050566,0.019554,0.0,1.955422,0.038237,0.025859,0.006305,2.585929,0.050566,0.0232427623759533,0.003688546633511501,0.0276044477320754,0.008050231989633602,0.0327492198142139,0.013195004071772102,0.0387992341914995,0.0192450184490577,0,0,0,0,0,0,0,0,0,0,0,0,0,0
283,Mount Hays Wind Farm,Mount Hays Wind Farm Limited Partnership,BC,Energy,Clean Electricity,2017,2024,8,125.0,Yes,0.1638269055579062,0.0263439668427946,0.0950854362003504,0.3803417448014016,0.1535414424095555,0.1184678386840324,11.885679525043798,11.885679525043798,,,Mount Hays Wind Farm Limited Partnership,Mount Hays Wind Farm,BC,Private,2017,2024,8,In Review,Announced & Planning,1,0,125.0,0.402,54.291483,-130.308203,Energy,Clean Electricity,1,EN-CLEL,1,0,1,0.163827,0.044029,0.25,0.026344,0.095085,0.380342,0.153541,0.118468,capex,125.0,blended_prob,0.092014,0.001591,0.000675,0.000452,0.000353,11.501812,0.198876,0.084361,0.056524,0.044107,11.88568,11.88568,0.095085,2025.060038,125.0,3.75,0.129308,0.083611,0.646604,1.546541,1e-06,16.264756,11.88568,1.130155,,0.095085,0.0,11.88568,0.0,1.130155,0.0,0,0,,0.156936,0.061851,19.617019,7.73134,1.865293,0.735138,0,0,,0.156936,0.061851,19.617019,7.73134,1.865293,0.735138,0,0,0.1104767372743117,0.0153913010739613,13.809592159288972,0.1277652142138693,0.0326797780135189,15.970651776733671,0.1469867094624134,0.051901273262063,18.37333868280168,0.1681170574299773,0.0730316212296269,21.01463217874717,0.0950854362003504,0.156936,0.061851,19.617019,1.865293,0.095085,0.0,11.88568,1.130155,0.156936,0.061851,19.617019,1.865293,0.1104767372743117,0.015391301073961305,0.1277652142138693,0.0326797780135189,0.1469867094624134,0.05190127326206301,0.1681170574299773,0.07303162122962689,0,0,0,0,0,0,0,0,0,0,0,0,0,0
314,Eagle's Nest (McFaulds Lake),Ring of Fire Metals Pty Ltd.,ON,Mining,Critical Mineral,2017,2024,8,609.4,Yes,0.2685341421983351,0.0669632322333649,0.16774868721585,0.6709947488634003,0.2714791247134346,0.2092408622148839,102.226049989339,102.226049989339,,,Ring of Fire Metals Pty Ltd.,Eagle's Nest (McFaulds Lake),ON,Private,2017,2024,8,In Review,Approved,1,0,609.4,0.726,52.743,-86.25,Mining,Critical Mineral,1,MIN-CM,1,0,3,0.268534,0.114306,0.25,0.066963,0.167749,0.670995,0.271479,0.209241,capex,609.4,blended_prob,0.162741,0.002692,0.001093,0.0007,0.000523,99.174144,1.640617,0.665823,0.42682,0.318646,102.22605,102.22605,0.167749,2025.054069,609.4,18.282,0.228199,0.147597,0.64679,1.546096,-0.0,9.21674,102.22605,17.148286,,0.167749,0.0,102.22605,0.0,17.148286,0.0,0,0,,0.263122,0.095373,160.346324,58.120274,26.897885,9.7496,0,0,,0.263122,0.095373,160.346324,58.120274,26.897885,9.7496,0,0,0.1912256189794745,0.0234769317636245,116.53289220609182,0.216663006777226,0.048914319561376,132.03443633004156,0.2438854918445445,0.0761368046286945,148.62381873006547,0.2726499629982373,0.1049012757823873,166.15288745112588,0.16774868721585,0.263122,0.095373,160.346324,26.897885,0.167749,0.0,102.22605,17.148286,0.263122,0.095373,160.346324,26.897885,0.1912256189794745,0.023476931763624476,0.216663006777226,0.048914319561375985,0.2438854918445445,0.07613680462869449,0.2726499629982373,0.10490127578238728,0,0,0,0,0,0,0,0,0,0,0,0,0,0
329,Sisson Project,Northcliff Resources (HDI Mining),NB,Mining,Other,2017,2024,8,579.0,No,0.3360369454274279,0.0152074827239432,0.1756222140756856,0.7024888563027424,0.2842584250671756,0.2190766984722816,101.68526194982198,101.68526194982198,,,Northcliff Resources (HDI Mining),Sisson Project,NB,Private,2017,2024,8,In Review,Approved,1,0,579.0,0.707,46.365,-67.045,Mining,Other,0,MIN-OTH,1,0,3,0.336037,0.025273,0.25,0.015207,0.175622,0.702489,0.284258,0.219077,capex,579.0,blended_prob,0.170423,0.002806,0.001133,0.000723,0.000537,98.674923,1.624555,0.656152,0.418609,0.311022,101.685262,101.685262,0.175622,2025.053467,579.0,17.37,0.238918,0.154535,0.646809,1.546051,-0.0,8.803277,101.685262,17.858191,,0.175622,0.0,101.685262,0.0,17.858191,0.0,0,0,,0.273998,0.098376,158.644763,56.959501,27.861545,10.003354,0,0,,0.273998,0.098376,158.644763,56.959501,27.861545,10.003354,0,0,0.198141472995143,0.0225192589194574,114.72391286418784,0.2217872718025361,0.0461650577268505,128.41483037366842,0.2462291336315168,0.0706069195558312,142.56666837264825,0.2710954066552,0.0954731925795144,156.96424045336084,0.1756222140756856,0.273998,0.098376,158.644763,27.861545,0.175622,0.0,101.685262,17.858191,0.273998,0.098376,158.644763,27.861545,0.198141472995143,0.022519258919457413,0.2217872718025361,0.046165057726850506,0.2462291336315168,0.0706069195558312,0.2710954066552,0.0954731925795144,0,0,0,0,0,0,0,0,0,0,0,0,0,0
341,Taiga,Osum Oil Sands Corp.,AB,Energy,Oil & Gas - Upstream,2017,2024,8,1570.0,No,0.7345401381813054,0.1681908397956746,0.45136548898849,1.80546195595396,0.7318095915730707,0.5635431300223223,708.643817711929,708.643817711929,,,Osum Oil Sands Corp.,Taiga,AB,Private,2017,2024,8,Approved,Approved,1,0,1570.0,0.871,54.680878,-110.13648,Energy,Oil & Gas - Upstream,0,EN-OG-U,1,0,4,0.73454,0.303701,0.25,0.168191,0.451365,1.805462,0.73181,0.563543,capex,1570.0,blended_prob,0.441283,0.006143,0.002098,0.001131,0.000711,692.814086,9.643972,3.293347,1.776453,1.115959,708.643818,708.643818,0.451365,2025.036723,1570.0,47.1,0.614611,0.39786,0.647336,1.544792,0.0,3.422485,708.643818,319.857363,,0.451365,0.0,708.643818,0.0,319.857363,0.0,0,0,,0.593078,0.141713,931.133066,222.489248,420.281332,100.423968,1,0,,0.593078,0.141713,931.133066,222.489248,420.281332,100.423968,1,0,0.4789006755140523,0.0275351865255623,751.874060557062,0.5058076741747977,0.0544421851863076,794.1180484544321,0.5321452883930418,0.0807797994045517,835.4681027770753,0.5580185139670952,0.1066530249786052,876.0890669283392,0.45136548898849,0.593078,0.141713,931.133066,420.281332,0.451365,0.0,708.643818,319.857363,0.593078,0.141713,931.133066,420.281332,0.4789006755140523,0.027535186525562305,0.5058076741747977,0.05444218518630767,0.5321452883930418,0.08077979940455177,0.5580185139670952,0.10665302497860524,1,0,0,0,1,0,0,0,1,0,1,0,1,0
344,Hammond Reef,Agnico Eagle Mines Limited,ON,Mining,Other,2021,2024,4,1300.0,No,0.6140756773605726,0.0491030923881614,0.331589384874367,0.331589384874367,0.133759295807649,0.2524573492476798,431.066200336677,431.066200336677,,,Agnico Eagle Mines Limited,Hammond Reef,ON,Private,2021,2024,4,In Review,Approved,1,0,1300.0,0.842,48.88278,-91.349945,Mining,Other,0,MIN-OTH,1,0,4,0.614076,0.083036,1.0,0.049103,0.331589,0.331589,0.133759,0.252457,capex,1300.0,blended_prob,0.124897,0.072048,0.053366,0.043685,0.037594,162.365778,93.661942,69.375391,56.790694,48.872396,431.0662,431.0662,0.331589,2026.387894,1300.0,39.0,0.325969,0.251135,0.770426,1.297984,-0.0,3.914431,431.0662,142.936976,,0.331589,0.0,431.0662,0.0,142.936976,0.0,0,0,,0.375103,0.043514,487.634288,56.568088,161.694354,18.757377,0,0,,0.375103,0.043514,487.634288,56.568088,161.694354,18.757377,0,0,0.3564561851095515,0.0248668002351845,463.39304064241696,0.3804798612006557,0.0488904763262887,494.6238195608524,0.4034843060249759,0.0718949211506089,524.5295978324687,0.4253752398524081,0.0937858549780411,552.9878118081305,0.331589384874367,0.375103,0.043514,487.634288,161.694354,0.331589,0.0,431.0662,142.936976,0.375103,0.043514,487.634288,161.694354,0.3564561851095515,0.024866800235184505,0.3804798612006557,0.04889047632628868,0.4034843060249759,0.07189492115060891,0.4253752398524081,0.0937858549780411,0,0,0,0,0,0,0,0,0,0,0,0,0,0
371,Strange Lake / B-Zone,Metaux Torngat ltee,QC,Mining,Other,2017,2024,8,1631.0,No,0.0509959795339288,0.0153123446584515,0.0331541620961901,0.1326166483847607,0.0530225304713475,0.0411015094462531,54.07443837888605,54.07443837888605,,,Metaux Torngat ltee,Strange Lake / B-Zone,QC,Private,2017,2024,8,Announced & Planning,In Review,1,0,1631.0,0.881,56.325,-64.174,Mining,Other,0,MIN-OTH,1,0,4,0.050996,0.025448,0.25,0.015312,0.033154,0.132617,0.053023,0.041102,capex,1631.0,blended_prob,0.032007,0.000575,0.000253,0.000176,0.000143,52.204195,0.937329,0.412878,0.287267,0.23277,54.074438,54.074438,0.033154,2025.065761,1631.0,48.93,0.045073,0.029136,0.646426,1.546967,0.0,46.659818,54.074438,1.792793,,0.033154,0.0,54.074438,0.0,1.792793,0.0,0,0,,0.05727,0.024115,93.406778,39.33234,3.096823,1.304031,0,0,,0.05727,0.024115,93.406778,39.33234,3.096823,1.304031,0,0,0.0391030465606001,0.00594888446441,63.77706894033883,0.0460673337492846,0.0129131716530945,75.13582134508326,0.0541919030614568,0.0210377409652667,88.38699389323615,0.0636302470196162,0.0304760849234261,103.78093288899412,0.0331541620961901,0.05727,0.024115,93.406778,3.096823,0.033154,0.0,54.074438,1.792793,0.05727,0.024115,93.406778,3.096823,0.0391030465606001,0.005948884464409998,0.0460673337492846,0.012913171653094503,0.0541919030614568,0.0210377409652667,0.0636302470196162,0.0304760849234261,0,0,0,0,0,0,0,0,0,0,0,0,0,0
376,Dumont,Magneto Investments Limited Partnership,QC,Mining,Critical Mineral,2017,2024,8,1381.0,Yes,0.0244446119360402,0.0192186192900541,0.0218316156130472,0.0873264624521889,0.0346452232171624,0.0269570586546933,30.14946116161819,30.14946116161819,,,Magneto Investments Limited Partnership,Dumont,QC,Private,2017,2024,8,In Review,Approved,1,0,1381.0,0.854,48.653,-78.436,Mining,Critical Mineral,1,MIN-CM,1,0,4,0.024445,0.032004,0.25,0.019219,0.021832,0.087326,0.034645,0.026957,capex,1381.0,blended_prob,0.021067,0.000381,0.000169,0.000118,9.7e-05,29.093399,0.525986,0.23329,0.163438,0.133348,30.149461,30.149461,0.021832,2025.066876,1381.0,41.43,0.029678,0.019184,0.646392,1.54705,0.0,70.862828,30.149461,0.658211,,0.021832,0.0,30.149461,0.0,0.658211,0.0,0,0,,0.038035,0.016204,52.526825,22.377364,1.146745,0.488534,0,0,,0.038035,0.016204,52.526825,22.377364,1.146745,0.488534,0,0,0.025543730204721,0.0037121145916738,35.27589141271982,0.0298925043578355,0.0080608887447883,41.281548518170936,0.0349821908694064,0.0131505752563592,48.31040559065026,0.0409309903554847,0.0190993747424375,56.525697680924445,0.0218316156130472,0.038035,0.016204,52.526825,1.146745,0.021832,0.0,30.149461,0.658211,0.038035,0.016204,52.526825,1.146745,0.025543730204721,0.0037121145916738027,0.0298925043578355,0.008060888744788303,0.0349821908694064,0.013150575256359199,0.0409309903554847,0.0190993747424375,0,0,0,0,0,0,0,0,0,0,0,0,0,0
390,Kerr-Sulphurets-Mitchell (KSM),Seabridge Gold Inc.,BC,Mining,Precious Metal,2017,2024,8,8361.6,No,0.0189456464992311,0.0029527578448166,0.0109492021720238,0.0437968086880955,0.016982283544492,0.0133624347210111,91.5528488815942,91.5528488815942,,,Seabridge Gold Inc.,Kerr-Sulphurets-Mitchell (KSM),BC,Private,2017,2024,8,Approved,Approved,1,0,8361.6,0.971,56.491,-130.293,Mining,Precious Metal,0,MIN-PM,1,0,4,0.018946,0.004877,0.25,0.002953,0.010949,0.043797,0.016982,0.013362,capex,8361.6,blended_prob,0.010561,0.000192,8.6e-05,6.1e-05,5e-05,88.306531,1.607123,0.717543,0.506036,0.415616,91.552849,91.552849,0.010949,2025.067969,8361.6,250.848,0.014884,0.00962,0.646358,1.547131,-0.0,141.300817,91.552849,1.002431,,0.010949,0.0,91.552849,0.0,1.002431,0.0,0,0,,0.019235,0.008285,160.832745,69.279896,1.76099,0.75856,0,0,,0.019235,0.008285,160.832745,69.279896,1.76099,0.75856,0,0,0.0130545621944136,0.0021053600223898,109.1570272448092,0.0155599946123788,0.004610792440355,130.1064509508668,0.0185375263566696,0.0075883241846458,155.00338038392934,0.0220701792704487,0.0111209770984249,184.54201098778444,0.0109492021720238,0.019235,0.008285,160.832745,1.76099,0.010949,0.0,91.552849,1.002431,0.019235,0.008285,160.832745,1.76099,0.0130545621944136,0.0021053600223898006,0.0155599946123788,0.004610792440355,0.0185375263566696,0.007588324184645799,0.0220701792704487,0.0111209770984249,0,0,0,0,0,0,0,0,0,0,0,0,0,0
399,AOSP Jackpine,Canadian Natural Resources Limited,AB,Energy,Other,2017,2024,8,12000.0,Yes,0.7972131390190419,0.182665697120982,0.4899394180700119,1.959757672280048,0.7944178526906265,0.6117307919182577,5879.273016840143,5879.273016840143,,,Canadian Natural Resources Limited,AOSP Jackpine,AB,Private,2017,2024,8,Approved,Approved,1,0,12000.0,0.98,57.224497,-111.367681,Energy,Other,1,EN-OTH,1,0,4,0.797213,0.332652,0.25,0.182666,0.489939,1.959758,0.794418,0.611731,capex,12000.0,blended_prob,0.479398,0.006518,0.002174,0.001146,0.000703,5752.77736,78.220467,26.091893,13.747553,8.435744,5879.273017,5879.273017,0.489939,2025.034935,12000.0,360.0,0.667202,0.431942,0.647393,1.544656,-0.0,3.152749,5879.273017,2880.487601,,0.489939,0.0,5879.273017,0.0,2880.487601,0.0,0,0,,0.629859,0.13992,7558.311772,1679.038755,3703.114871,822.627271,1,0,,0.629859,0.13992,7558.311772,1679.038755,3703.114871,822.627271,1,0,0.5150852152031575,0.0251457971331456,6181.02258243789,0.5396824373057116,0.0497430192356997,6476.18924766854,0.5638745360826922,0.0739351180126803,6766.494432992306,0.5878232390164435,0.0978838209464316,7053.878868197322,0.4899394180700119,0.629859,0.13992,7558.311772,3703.114871,0.489939,0.0,5879.273017,2880.487601,0.629859,0.13992,7558.311772,3703.114871,0.5150852152031575,0.02514579713314563,0.5396824373057116,0.04974301923569974,0.5638745360826922,0.07393511801268032,0.5878232390164435,0.09788382094643161,1,0,0,0,1,0,1,0,1,0,1,0,1,0
404,Spanish Mountain Copper-Gold Mines,Skygold Ventures Inc.,BC,Mining,Precious Metal,2021,2024,4,756.0,No,0.057478481236539,0.0036498689563095,0.0305641750964243,0.0305641750964243,0.0116129045435261,0.022983666875265,23.10651637289677,23.10651637289677,,,Skygold Ventures Inc.,Spanish Mountain Copper-Gold Mines,BC,Private,2021,2024,4,In Review,In Review,1,0,756.0,0.762,52.585112,-121.462784,Mining,Precious Metal,0,MIN-PM,1,0,3,0.057478,0.00603,1.0,0.00365,0.030564,0.030564,0.011613,0.022984,capex,756.0,blended_prob,0.010781,0.006511,0.005048,0.004326,0.003898,8.150491,4.922041,3.816633,3.270731,2.94662,23.106516,23.106516,0.030564,2026.47811,756.0,22.68,0.029887,0.022907,0.766472,1.304679,-0.0,42.686536,23.106516,0.706232,,0.030564,0.0,23.106516,0.0,0.706232,0.0,0,0,,0.036747,0.006183,27.780576,4.674059,0.84909,0.142859,0,0,,0.036747,0.006183,27.780576,4.674059,0.84909,0.142859,0,0,0.0363274484574635,0.0057632733610392,27.463551033842457,0.043091701229898,0.0125275261334737,32.57732612980293,0.0509940270578223,0.020429851961398,38.55148445571368,0.0601756777191266,0.0296115026227023,45.49281235565971,0.0305641750964243,0.036747,0.006183,27.780576,0.84909,0.030564,0.0,23.106516,0.706232,0.036747,0.006183,27.780576,0.84909,0.0363274484574635,0.005763273361039201,0.043091701229898,0.012527526133473698,0.0509940270578223,0.020429851961398,0.0601756777191266,0.0296115026227023,0,0,0,0,0,0,0,0,0,0,0,0,0,0
413,Spanish Mountain Copper-Gold Mines,Spanish Mountain Gold Ltd.,BC,Mining,Precious Metal,2020,2024,5,756.0,No,0.0243838985458179,0.0036498689563095,0.0140168837510637,0.0560675350042551,0.0219613513734431,0.0171946708000155,10.596764115804156,10.596764115804156,,,Spanish Mountain Gold Ltd.,Spanish Mountain Copper-Gold Mines,BC,Private,2020,2024,5,In Review,In Review,1,0,756.0,0.762,52.592,-121.465,Mining,Precious Metal,0,MIN-PM,1,0,3,0.024384,0.00603,0.25,0.00365,0.014017,0.056068,0.021961,0.017195,capex,756.0,blended_prob,0.013522,0.000246,0.000109,7.7e-05,6.3e-05,10.222314,0.185693,0.082753,0.058251,0.047754,10.596764,10.596764,0.014017,2025.067659,756.0,22.68,0.015819,0.012316,0.778567,1.284411,1e-06,91.633167,10.596764,0.148534,,0.014017,0.0,10.596764,0.0,0.148534,0.0,0,0,,0.01857,0.004553,14.039157,3.442393,0.196785,0.048252,0,0,,0.01857,0.004553,14.039157,3.442393,0.196785,0.048252,0,0,0.0167001331893134,0.0026832494382497,12.625300691120948,0.0198865809228125,0.0058696971717488,15.034255177646322,0.0236637633378358,0.0096468795867721,17.88980508340392,0.0281312491938812,0.0141143654428175,21.267224390574235,0.0140168837510637,0.01857,0.004553,14.039157,0.196785,0.014017,0.0,10.596764,0.148534,0.01857,0.004553,14.039157,0.196785,0.0167001331893134,0.002683249438249701,0.0198865809228125,0.005869697171748801,0.0236637633378358,0.009646879586772098,0.0281312491938812,0.0141143654428175,0,0,0,0,0,0,0,0,0,0,0,0,0,0
417,Marathon PGM Copper Mine,Generation Mining Ltd.,ON,Mining,Other,2020,2024,5,897.9,No,0.4490827098878924,0.0515433021838516,0.250313006035872,1.001252024143488,0.4054869521440414,0.3123825844791398,224.7560481196094,224.7560481196094,,,Generation Mining Ltd.,Marathon PGM Copper Mine,ON,Private,2020,2024,5,In Review,Approved,1,0,897.9,0.793,48.782,-86.319,Mining,Other,0,MIN-OTH,1,0,3,0.449083,0.087273,0.25,0.051543,0.250313,1.001252,0.405487,0.312383,capex,897.9,blended_prob,0.243464,0.00383,0.001478,0.000901,0.00064,218.605986,3.439112,1.327312,0.80916,0.574478,224.756048,224.756048,0.250313,2025.048137,897.9,26.937,0.282792,0.220379,0.779297,1.283208,-0.0,5.126413,224.756048,56.259362,,0.250313,0.0,224.756048,0.0,56.259362,0.0,0,0,,0.307675,0.057362,276.261074,51.505026,69.15174,12.892378,0,0,,0.307675,0.057362,276.261074,51.505026,69.15174,12.892378,0,0,0.2769917168602558,0.0266787108243838,248.71086256882364,0.3041223924197749,0.0538093863839029,273.0714961537159,0.3313465591008347,0.0810335530649628,297.51607541663947,0.3583352053843588,0.1080221993484868,321.7491809146157,0.250313006035872,0.307675,0.057362,276.261074,69.15174,0.250313,0.0,224.756048,56.259362,0.307675,0.057362,276.261074,69.15174,0.2769917168602558,0.026678710824383833,0.3041223924197749,0.053809386383902924,0.3313465591008347,0.08103355306496274,0.3583352053843588,0.10802219934848684,0,0,0,0,0,0,0,0,0,0,0,0,0,0
422,Lewis,Suncor Energy Inc.,AB,Energy,Clean Electricity,2020,2024,5,6200.0,Yes,0.8885741224532394,0.1860422798008736,0.5373082011270565,2.149232804508226,0.8713007943320821,0.6709052384090668,3331.31084698775,3331.31084698775,,,Suncor Energy Inc.,Lewis,AB,Private,2020,2024,5,In Review,Announced & Planning,1,0,6200.0,0.96,56.94062,-111.048346,Energy,Clean Electricity,1,EN-CLEL,1,0,4,0.888574,0.339479,0.25,0.186042,0.537308,2.149233,0.871301,0.670905,capex,6200.0,blended_prob,0.526262,0.006952,0.002253,0.001153,0.000688,3262.823073,43.103762,13.969445,7.151181,4.263385,3331.310847,3331.310847,0.537308,2025.032885,6200.0,186.0,0.607539,0.473805,0.779876,1.282256,0.0,2.386443,3331.310847,1789.940639,,0.537308,0.0,3331.310847,0.0,1789.940639,0.0,0,0,,0.607172,0.069864,3764.467841,433.156994,2022.679444,232.738805,0,0,,0.607172,0.069864,3764.467841,433.156994,2022.679444,232.738805,0,0,0.5569395797417951,0.0196313786147386,3453.0253943991297,0.576459959282269,0.0391517581552125,3574.051747550068,0.5960650102927758,0.0587568091657193,3695.60306381521,0.6159347765648908,0.0786265754378343,3818.7956147023233,0.5373082011270565,0.607172,0.069864,3764.467841,2022.679444,0.537308,0.0,3331.310847,1789.940639,0.607172,0.069864,3764.467841,2022.679444,0.5569395797417951,0.019631378614738626,0.576459959282269,0.039151758155212546,0.5960650102927758,0.05875680916571935,0.6159347765648908,0.07862657543783436,0,0,0,0,0,0,0,0,0,0,0,0,0,0
427,Thickwood (Sunshine),Sunshine Oilsands Ltd.,AB,Energy,Waste Biomass,2017,2024,8,1753.0,Yes,0.832765541128199,0.1986569466298802,0.5157112438790397,2.062844975516158,0.8362473794758744,0.6439256981177736,904.0418105199568,904.0418105199568,,,Sunshine Oilsands Ltd.,Thickwood (Sunshine),AB,Private,2017,2024,8,Approved,Approved,1,0,1753.0,0.888,56.833315,-112.786783,Energy,Waste Biomass,1,EN-BIO,1,0,4,0.832766,0.365238,0.25,0.198657,0.515711,2.062845,0.836247,0.643926,capex,1753.0,blended_prob,0.504888,0.006758,0.002219,0.001151,0.000695,885.067821,11.846963,3.890271,2.017842,1.218913,904.041811,904.041811,0.515711,2025.0338,1753.0,52.59,0.702342,0.454717,0.64743,1.54457,0.0,2.995028,904.041811,466.224527,,0.515711,0.0,904.041811,0.0,466.224527,0.0,0,0,,0.65356,0.137849,1145.691494,241.649684,590.845986,124.621459,0,0,,0.65356,0.137849,1145.691494,241.649684,590.845986,124.621459,0,0,0.5396094237529346,0.0238981798738949,945.9353198388948,0.5631147393845264,0.0474034955054867,987.140138141075,0.5863974916662611,0.0706862477872214,1027.954802890956,0.609628335858497,0.0939170919794573,1068.6784727599454,0.5157112438790397,0.65356,0.137849,1145.691494,590.845986,0.515711,0.0,904.041811,466.224527,0.65356,0.137849,1145.691494,590.845986,0.5396094237529346,0.023898179873894976,0.5631147393845264,0.047403495505486726,0.5863974916662611,0.07068624778722143,0.609628335858497,0.0939170919794573,0,0,0,0,0,0,0,0,0,0,0,0,0,0
429,West Ells,Sunshine Oilsands Ltd.,AB,Energy,Oil & Gas - Upstream,2017,2024,8,2950.0,No,0.7345401381813054,0.1607197740100543,0.4476299560956798,1.7905198243827194,0.7257465530303284,0.5588765948695393,1320.5083704822555,1320.5083704822555,,,Sunshine Oilsands Ltd.,West Ells,AB,Private,2017,2024,8,Announced & Planning,Announced & Planning,1,0,2950.0,0.92,57.202491,-112.729238,Energy,Oil & Gas - Upstream,0,EN-OG-U,1,0,4,0.73454,0.288955,0.25,0.16072,0.44763,1.79052,0.725747,0.558877,capex,2950.0,blended_prob,0.437594,0.006105,0.00209,0.00113,0.000711,1290.902716,18.010269,6.164377,3.332674,2.098334,1320.50837,1320.50837,0.44763,2025.036903,2950.0,88.5,0.609518,0.39456,0.647331,1.544805,0.0,3.451077,1320.50837,591.099104,,0.44763,0.0,1320.50837,0.0,591.099104,0.0,0,0,,0.58943,0.1418,1738.818684,418.310314,778.347331,187.248227,1,0,,0.58943,0.1418,1738.818684,418.310314,778.347331,187.248227,1,0,0.4747678259956361,0.0271378698999563,1400.5650866871267,0.5012497898551199,0.0536198337594401,1478.6868800726038,0.5271367672262095,0.0795068111305297,1555.053463317318,0.5525372647187091,0.1049073086230293,1629.9849309201918,0.4476299560956798,0.58943,0.1418,1738.818684,778.347331,0.44763,0.0,1320.50837,591.099104,0.58943,0.1418,1738.818684,778.347331,0.4747678259956361,0.027137869899956313,0.5012497898551199,0.05361983375944013,0.5271367672262095,0.07950681113052971,0.5525372647187091,0.10490730862302933,1,0,0,0,1,0,0,0,1,0,1,0,1,0
439,Pine Point,Osisko Metals Inc/Appian,NT,Mining,Other,2021,2024,4,653.3,No,0.3899813661044208,0.0498437799171948,0.2199125730108078,0.2199125730108078,0.0884444214584918,0.1673253123898814,143.66888394796072,143.66888394796072,,,Osisko Metals Inc/Appian,Pine Point,NT,Private,2021,2024,4,In Review,In Review,1,0,653.3,0.734,60.854,-114.424,Mining,Other,0,MIN-OTH,1,0,3,0.389981,0.084321,1.0,0.049844,0.219913,0.219913,0.088444,0.167325,capex,653.3,blended_prob,0.080879,0.047455,0.035753,0.029769,0.026057,52.838286,31.002548,23.35714,19.447841,17.023069,143.668884,143.668884,0.219913,2026.420994,653.3,19.599,0.215764,0.165918,0.768978,1.300428,-0.0,5.913386,143.668884,31.594594,,0.219913,0.0,143.668884,0.0,31.594594,0.0,0,0,,0.254348,0.034435,166.165552,22.496668,36.541894,4.9473,0,0,,0.254348,0.034435,166.165552,22.496668,36.541894,4.9473,0,0,0.2458404167012496,0.0259278436904418,160.60754423092638,0.2727262049668326,0.0528136319560247,178.17202970483171,0.3002189803459885,0.0803064073351807,196.1330598600343,0.3279611491262822,0.1080485761154744,214.25701872420012,0.2199125730108078,0.254348,0.034435,166.165552,36.541894,0.219913,0.0,143.668884,31.594594,0.254348,0.034435,166.165552,36.541894,0.2458404167012496,0.025927843690441793,0.2727262049668326,0.05281363195602479,0.3002189803459885,0.08030640733518069,0.3279611491262822,0.10804857611547442,0,0,0,0,0,0,0,0,0,0,0,0,0,0
441,Harmony Gold Mine,Taseko Mines Ltd.,BC,Mining,Precious Metal,2020,2024,5,50.0,No,0.0094811620626781,0.0063597330019125,0.0079204475322953,0.0316817901291813,0.0120663969376499,0.0095788272944371,0.3960223766147649,0.3960223766147649,,,Taseko Mines Ltd.,Harmony Gold Mine,BC,Private,2020,2024,5,In Review,Announced & Planning,1,0,50.0,0.214,53.514064,-132.397868,Mining,Precious Metal,0,MIN-PM,1,0,0,0.009481,0.010522,0.25,0.00636,0.00792,0.031682,0.012066,0.009579,capex,50.0,blended_prob,0.007639,0.000139,6.2e-05,4.4e-05,3.6e-05,0.381932,0.006964,0.003115,0.002201,0.001811,0.396022,0.396022,0.00792,2025.068277,50.0,1.5,0.008938,0.006959,0.778544,1.284449,3e-06,162.168791,0.396022,0.003137,,0.00792,0.0,0.396022,0.0,0.003137,0.0,0,0,,0.010515,0.002594,0.525728,0.129705,0.004164,0.001027,0,0,,0.010515,0.002594,0.525728,0.129705,0.004164,0.001027,0,0,0.0093088055803809,0.0013883580480856,0.4654402790190491,0.0109472138806056,0.0030267663483103,0.5473606940302813,0.0128808179145592,0.0049603703822639,0.6440408957279625,0.0151625306444948,0.0072420831121995,0.7581265322247442,0.0079204475322953,0.010515,0.002594,0.525728,0.004164,0.00792,0.0,0.396022,0.003137,0.010515,0.002594,0.525728,0.004164,0.0093088055803809,0.001388358048085599,0.0109472138806056,0.003026766348310299,0.0128808179145592,0.0049603703822639,0.0151625306444948,0.0072420831121994995,0,0,0,0,0,0,0,0,0,0,0,0,0,0
442,Highland Valley Copper 2040 (HVC 2040),Teck Resources Ltd.,BC,Mining,Base Metal,2023,2024,2,741.0,No,0.0689461020938966,0.0036795950932941,0.0363128485935954,0.0121042828645318,0.0041224713638147,0.0234366977016831,26.90782080785419,26.90782080785419,,,Teck Resources Ltd.,Highland Valley Copper 2040 (HVC 2040),BC,Private,2023,2024,2,In Review,In Review,1,0,741.0,0.754,50.470726,-121.01857,Mining,Base Metal,0,MIN-BM,1,0,3,0.068946,0.00608,3.0,0.00368,0.036313,0.012104,0.004122,0.023437,capex,741.0,blended_prob,0.008132,0.007559,0.007154,0.006851,0.006617,6.025516,5.601468,5.301084,5.076889,4.902864,26.907821,26.907821,0.036313,2026.89706,741.0,22.23,0.030605,0.025868,0.845217,1.183128,1e-06,32.581517,26.907821,0.9771,,0.036313,0.0,26.907821,0.0,0.9771,0.0,0,0,,0.036313,-0.0,26.907821,-0.0,0.9771,-0.0,0,0,,0.036313,-0.0,26.907821,-0.0,0.9771,-0.0,0,0,0.0430837272888544,0.006770878695259,31.92504192104112,0.0509935118036503,0.0146806632100549,37.78619224650494,0.0601829638312015,0.0238701152376061,44.59557619892033,0.0707906780064491,0.0344778294128537,52.455892402778815,0.0363128485935954,0.036313,-0.0,26.907821,0.9771,0.036313,0.0,26.907821,0.9771,0.036313,-0.0,26.907821,0.9771,0.0430837272888544,0.006770878695259004,0.0509935118036503,0.0146806632100549,0.0601829638312015,0.023870115237606106,0.0707906780064491,0.034477829412853704,0,0,0,0,0,0,0,0,0,0,0,0,0,0
443,Line Creek Coal Mine,Teck Coal Ltd.,BC,Mining,Coal,2017,2024,8,140.0,No,0.005552261599357,0.0051359685765038,0.0053441150879304,0.0213764603517218,0.0078848240918675,0.0063603986895053,0.7481761123102559,0.7481761123102559,,,Teck Coal Ltd.,Line Creek Coal Mine,BC,Private,2017,2024,8,In Review,In Review,1,0,140.0,0.425,49.88479,-114.852031,Mining,Coal,0,MIN-COAL,1,0,1,0.005552,0.008492,0.25,0.005136,0.005344,0.021376,0.007885,0.00636,capex,140.0,blended_prob,0.005153,9.4e-05,4.2e-05,3e-05,2.5e-05,0.721479,0.013175,0.005903,0.004177,0.003442,0.748176,0.748176,0.005344,2025.068541,140.0,4.2,0.007264,0.004695,0.64634,1.547174,3e-06,289.50979,0.748176,0.003998,,0.005344,0.0,0.748176,0.0,0.003998,0.0,0,0,,0.009429,0.004084,1.319997,0.571821,0.007054,0.003056,0,0,,0.009429,0.004084,1.319997,0.571821,0.007054,0.003056,0,0,0.0062537339554005,0.0009096188674701,0.8755227537560712,0.0073240172598967,0.0019799021719663,1.0253624163855468,0.0085839461366221,0.0032398310486917,1.2017524591270965,0.0100676775587456,0.0047235624708152,1.4094748582243894,0.0053441150879304,0.009429,0.004084,1.319997,0.007054,0.005344,0.0,0.748176,0.003998,0.009429,0.004084,1.319997,0.007054,0.0062537339554005,0.0009096188674701002,0.0073240172598967,0.0019799021719663,0.0085839461366221,0.0032398310486916994,0.0100676775587456,0.004723562470815201,0,0,0,0,0,0,0,0,0,0,0,0,0,0
444,Quintette Mine,Conuma Resources Ltd.,BC,Mining,Precious Metal,2024,2024,1,500.0,No,0.0532926890512419,0.0039783576518076,0.0286355233515247,0.0071588808378811,0.0021157855737732,0.0180276282404241,14.317761675762352,14.317761675762352,,,Conuma Resources Ltd.,Quintette Mine,BC,Private,2024,2024,1,In Review,In Review,1,0,500.0,0.677,54.986669,-121.09759,Mining,Precious Metal,0,MIN-PM,1,0,2,0.053293,0.006574,4.0,0.003978,0.028636,0.007159,0.002116,0.018028,capex,500.0,blended_prob,0.006138,0.005883,0.005686,0.005528,0.0054,3.069162,2.941573,2.842881,2.764201,2.699944,14.317762,14.317762,0.028636,2026.936037,500.0,15.0,0.022668,0.020302,0.895595,1.116576,-2e-06,38.992679,14.317762,0.409997,,0.028636,0.0,14.317762,0.0,0.409997,0.0,0,0,,0.028636,-0.0,14.317762,-0.0,0.409997,-0.0,0,0,,0.028636,-0.0,14.317762,-0.0,0.409997,-0.0,0,0,0.0340456496671527,0.005410126315628,17.022824833576383,0.0404050807804627,0.011769557428938,20.20254039023138,0.0478483967494396,0.0192128733979149,23.92419837471981,0.0565163532757642,0.0278808299242395,28.25817663788212,0.0286355233515247,0.028636,-0.0,14.317762,0.409997,0.028636,0.0,14.317762,0.409997,0.028636,-0.0,14.317762,0.409997,0.0340456496671527,0.005410126315627997,0.0404050807804627,0.011769557428937996,0.0478483967494396,0.0192128733979149,0.0565163532757642,0.0278808299242395,0,0,0,0,0,0,0,0,0,0,0,0,0,0
460,Yellowknife Gold,GoldMining Inc,NT,Mining,Precious Metal,2020,2024,5,193.0,No,0.2829227715081413,0.0637853636718086,0.1733540675899749,0.6934162703598999,0.2805770601968735,0.2162432646327344,33.457335044865154,33.457335044865154,,,GoldMining Inc,Yellowknife Gold,NT,Private,2020,2024,5,In Review,In Review,1,0,193.0,0.484,63.182,-113.909,Mining,Precious Metal,0,MIN-PM,1,0,1,0.282923,0.108699,0.25,0.063785,0.173354,0.693416,0.280577,0.216243,capex,193.0,blended_prob,0.16821,0.002773,0.001122,0.000717,0.000533,32.464448,0.535224,0.216473,0.138296,0.102894,33.457335,33.457335,0.173354,2025.05364,193.0,5.79,0.195787,0.152536,0.77909,1.283548,-0.0,7.404201,33.457335,5.799965,,0.173354,0.0,33.457335,0.0,5.799965,0.0,0,0,,0.218213,0.044859,42.115138,8.657803,7.30083,1.500865,0,0,,0.218213,0.044859,42.115138,8.657803,7.30083,1.500865,0,0,0.1972105698781319,0.023856502288157,38.06163998647947,0.2229257250415453,0.0495716574515704,43.02466493301825,0.2502936854000651,0.0769396178100902,48.30668128221257,0.2790453072090372,0.1056912396190623,53.85574429134419,0.1733540675899749,0.218213,0.044859,42.115138,7.30083,0.173354,0.0,33.457335,5.799965,0.218213,0.044859,42.115138,7.30083,0.1972105698781319,0.023856502288157,0.2229257250415453,0.04957165745157038,0.2502936854000651,0.07693961781009018,0.2790453072090372,0.1056912396190623,0,0,0,0,0,0,0,0,0,0,0,0,0,0
485,Wolverine Coal Mine (Hermann Deposit),Conuma Coal Resources Ltd.,BC,Mining,Coal,2020,2024,5,55.0,No,0.0019334278767732,0.0061882116676944,0.0040608197722338,0.0162432790889354,0.005801943500516,0.0047572692635467,0.2233450874728589,0.2233450874728589,,,Conuma Coal Resources Ltd.,Wolverine Coal Mine (Hermann Deposit),BC,Private,2020,2024,5,In Review,Approved,1,0,55.0,0.241,55.266598,-120.871582,Mining,Coal,0,MIN-COAL,1,0,0,0.001933,0.010237,0.25,0.006188,0.004061,0.016243,0.005802,0.004757,capex,55.0,blended_prob,0.003916,7.2e-05,3.2e-05,2.3e-05,1.9e-05,0.215364,0.003936,0.001765,0.00125,0.001031,0.223345,0.223345,0.004061,2025.068672,55.0,1.65,0.004583,0.003568,0.778529,1.284474,3e-06,316.308948,0.223345,0.000907,,0.004061,0.0,0.223345,0.0,0.000907,0.0,0,0,,0.005398,0.001337,0.296873,0.073528,0.001206,0.000299,0,0,,0.005398,0.001337,0.296873,0.073528,0.001206,0.000299,0,0,0.0046702490576638,0.00060942928543,0.2568636981715098,0.0053747381767901,0.0013139184045563,0.2956105997234559,0.0061897151357064,0.0021288953634726,0.3404343324638571,0.0071331944136145,0.0030723746413807,0.3923256927488021,0.0040608197722338,0.005398,0.001337,0.296873,0.001206,0.004061,0.0,0.223345,0.000907,0.005398,0.001337,0.296873,0.001206,0.0046702490576638,0.0006094292854300007,0.0053747381767901,0.0013139184045563006,0.0061897151357064,0.0021288953634726005,0.0071331944136145,0.0030723746413807004,0,0,0,0,0,0,0,0,0,0,0,0,0,0
488,Casino Mine,Western Copper and Gold Corporation,YK,Mining,Precious Metal,2017,2024,8,3617.0,No,0.5455307410234997,0.0409514750568499,0.2932411080401748,1.1729644321606991,0.4751623490652725,0.3660096044502139,1060.6530877813125,1060.6530877813125,,,Western Copper and Gold Corporation,Casino Mine,YK,Private,2017,2024,8,In Review,Announced & Planning,1,0,3617.0,0.932,62.739,-138.823,Mining,Precious Metal,0,MIN-PM,1,0,4,0.545531,0.068958,0.25,0.040951,0.293241,1.172964,0.475162,0.36601,capex,3617.0,blended_prob,0.285566,0.004377,0.001646,0.000977,0.000676,1032.890659,15.830378,5.952104,3.534959,2.444987,1060.653088,1060.653088,0.293241,2025.045368,3617.0,108.51,0.399107,0.258247,0.647063,1.545444,0.0,5.270216,1060.653088,311.027087,,0.293241,0.0,1060.653088,0.0,311.027087,0.0,0,0,,0.423644,0.130403,1532.31921,471.666122,449.338983,138.311896,0,0,,0.423644,0.130403,1532.31921,471.666122,449.338983,138.311896,0,0,0.3188830915004136,0.0256419834602388,1153.4001419569963,0.3440888114876529,0.0508477034474781,1244.569231150841,0.368570564172807,0.0753294561326322,1333.1197306130432,0.3921123461436423,0.0988712381034675,1418.2703560015543,0.2932411080401748,0.423644,0.130403,1532.31921,449.338983,0.293241,0.0,1060.653088,311.027087,0.423644,0.130403,1532.31921,449.338983,0.3188830915004136,0.025641983460238826,0.3440888114876529,0.05084770344747813,0.368570564172807,0.0753294561326322,0.3921123461436423,0.09887123810346754,0,0,0,0,0,0,0,0,0,0,0,0,0,0
515,Dover West Clastics,Athabasca Oil Corporation,AB,Energy,Oil & Gas - Upstream,2019,2024,6,615.0,No,0.7593495952428755,0.1914479191043002,0.4753987571735878,1.901595028694352,0.7708173142984603,0.5935661800235368,292.3702356617566,292.3702356617566,,,Athabasca Oil Corporation,Dover West Clastics,AB,Private,2019,2024,6,In Review,In Review,1,0,615.0,0.73,57.1005,-113.2251,Energy,Oil & Gas - Upstream,0,EN-OG-U,1,0,3,0.75935,0.350468,0.25,0.191448,0.475399,1.901595,0.770817,0.593566,capex,615.0,blended_prob,0.465025,0.006379,0.002147,0.001141,0.000706,285.990467,3.923178,1.320282,0.701827,0.434482,292.370236,292.370236,0.475399,2025.035596,615.0,18.45,0.571893,0.419094,0.732818,1.364595,-0.0,2.870422,292.370236,138.992447,,0.475399,0.0,292.370236,0.0,138.992447,0.0,0,0,,0.570222,0.094823,350.686419,58.316183,166.715888,27.723441,1,0,,0.570222,0.094823,350.686419,58.316183,166.715888,27.723441,1,0,0.5029693191499837,0.0275705619763958,309.32613127724005,0.529975517645967,0.0545767604723791,325.9349433522698,0.556506156523357,0.0811073993497691,342.25128626186466,0.5826820974905186,0.1072833403169307,358.34948995666906,0.4753987571735878,0.570222,0.094823,350.686419,166.715888,0.475399,0.0,292.370236,138.992447,0.570222,0.094823,350.686419,166.715888,0.5029693191499837,0.027570561976395846,0.529975517645967,0.05457676047237914,0.556506156523357,0.08110739934976918,0.5826820974905186,0.10728334031693076,1,0,0,0,1,0,1,0,1,0,1,0,1,0
522,BURNCO Aggregate Project (McNab Creek),BURNCO Rock Products Ltd.,BC,Mining,Other,2017,2024,8,60.0,No,0.0069673153330042,0.0061134677239725,0.0065403915284884,0.0261615661139537,0.0098264667905137,0.0078548216332985,0.3924234917093041,0.3924234917093041,,,BURNCO Rock Products Ltd.,BURNCO Aggregate Project (McNab Creek),BC,Private,2017,2024,8,In Review,Approved,1,0,60.0,0.253,49.468116,-123.338801,Mining,Other,0,MIN-OTH,1,0,0,0.006967,0.010113,0.25,0.006113,0.00654,0.026162,0.009826,0.007855,capex,60.0,blended_prob,0.006307,0.000115,5.2e-05,3.6e-05,3e-05,0.37844,0.006906,0.003092,0.002186,0.0018,0.392423,0.392423,0.00654,2025.068418,60.0,1.8,0.00889,0.005746,0.646344,1.547165,3e-06,236.555341,0.392423,0.002567,,0.00654,0.0,0.392423,0.0,0.002567,0.0,0,0,,0.011529,0.004988,0.691712,0.299288,0.004524,0.001957,0,0,,0.011529,0.004988,0.691712,0.299288,0.004524,0.001957,0,0,0.0076583850648883,0.0011179935363999,0.4595031038933002,0.0089741860764393,0.0024337945479509,0.538451164586359,0.0105233430182284,0.00398295148974,0.6314005810937064,0.0123476528431189,0.0058072613146305,0.7408591705871362,0.0065403915284884,0.011529,0.004988,0.691712,0.004524,0.00654,0.0,0.392423,0.002567,0.011529,0.004988,0.691712,0.004524,0.0076583850648883,0.0011179935363998996,0.0089741860764393,0.0024337945479508995,0.0105233430182284,0.0039829514897400005,0.0123476528431189,0.0058072613146305,0,0,0,0,0,0,0,0,0,0,0,0,0,0
530,Bingay Main Metallurgical Coal,Centermount Coal Limited,BC,Mining,Coal,2019,2024,6,480.0,No,0.0040971265253879,0.0040066898893685,0.0040519082073782,0.0162076328295131,0.00578747938984,0.004746136680363,1.9449159395415363,1.9449159395415363,,,Centermount Coal Limited,Bingay Main Metallurgical Coal,BC,Private,2019,2024,6,In Review,In Review,1,0,480.0,0.67,50.1826,-114.9877,Mining,Coal,0,MIN-COAL,1,0,2,0.004097,0.006621,0.25,0.004007,0.004052,0.016208,0.005787,0.004746,capex,480.0,blended_prob,0.003907,7.1e-05,3.2e-05,2.3e-05,1.9e-05,1.875414,0.034275,0.015367,0.010883,0.008976,1.944916,1.944916,0.004052,2025.068673,480.0,14.4,0.004865,0.00356,0.73165,1.366773,3e-06,337.316003,1.944916,0.007881,,0.004052,0.0,1.944916,0.0,0.007881,0.0,0,0,,0.005921,0.001869,2.842207,0.897291,0.011516,0.003636,0,0,,0.005921,0.001869,2.842207,0.897291,0.011516,0.003636,0,0,0.0047384338245313,0.0006865256171531,2.274448235775029,0.0055459766707886,0.0014940684634104,2.662068801978532,0.0064964432729677,0.0024445350655895,3.1182927710245414,0.0076157143579073,0.0035638061505291,3.6555428917955455,0.0040519082073782,0.005921,0.001869,2.842207,0.011516,0.004052,0.0,1.944916,0.007881,0.005921,0.001869,2.842207,0.011516,0.0047384338245313,0.0006865256171531007,0.0055459766707886,0.0014940684634104006,0.0064964432729677,0.0024445350655895003,0.0076157143579073,0.0035638061505291006,0,0,0,0,0,0,0,0,0,0,0,0,0,0
533,Carmacks Copper Project,Granite Creek Copper,YK,Mining,Base Metal,2017,2024,8,321.0,No,0.62712104841939,0.0575785718079991,0.3423498101136946,1.3693992404547783,0.5548693044045979,0.4273576078300559,109.89428904649594,109.89428904649594,,,Granite Creek Copper,Carmacks Copper Project,YK,Private,2017,2024,8,Announced & Planning,Announced & Planning,1,0,321.0,0.588,62.343,-136.699,Mining,Base Metal,0,MIN-BM,1,0,2,0.627121,0.097801,0.25,0.057579,0.34235,1.369399,0.554869,0.427358,capex,321.0,blended_prob,0.333826,0.004966,0.001812,0.001044,0.000701,107.158283,1.593975,0.581674,0.335284,0.225073,109.894289,109.894289,0.34235,2025.042436,321.0,9.63,0.46602,0.301587,0.647156,1.545223,-0.0,4.51358,109.894289,37.622289,,0.34235,0.0,109.894289,0.0,37.622289,0.0,0,0,,0.479766,0.137416,154.004981,44.110692,52.723576,15.101287,0,0,,0.479766,0.137416,154.004981,44.110692,52.723576,15.101287,0,0,0.3674069697024394,0.0250571595887448,117.93763727448302,0.3916083410019637,0.049258530888269,125.70627746163032,0.4148062035219018,0.0724563934082072,133.15279133053048,0.4369345295388074,0.0945847194251128,140.25598398195714,0.3423498101136946,0.479766,0.137416,154.004981,52.723576,0.34235,0.0,109.894289,37.622289,0.479766,0.137416,154.004981,52.723576,0.3674069697024394,0.025057159588744826,0.3916083410019637,0.04925853088826909,0.4148062035219018,0.0724563934082072,0.4369345295388074,0.09458471942511282,0,0,0,0,0,0,0,0,0,0,0,0,0,0
536,Biomass Project - McBride,ecoTECH Energy Group (Canada) Inc,BC,Energy,Waste Biomass,2017,2024,8,140.0,Yes,0.1124292260877513,0.0257435187004493,0.0690863723941003,0.2763454895764012,0.1113430920119694,0.0859890602412479,9.67209213517404,9.67209213517404,,,ecoTECH Energy Group (Canada) Inc,Biomass Project - McBride,BC,Private,2017,2024,8,Announced & Planning,In Review,1,0,140.0,0.425,53.342917,-120.267604,Energy,Waste Biomass,1,EN-BIO,1,0,1,0.112429,0.043012,0.25,0.025744,0.069086,0.276345,0.111343,0.085989,capex,140.0,blended_prob,0.06679,0.001173,0.000506,0.000344,0.000273,9.350657,0.16426,0.070788,0.048187,0.038201,9.672092,9.672092,0.069086,2025.062365,140.0,4.2,0.09394,0.060735,0.646532,1.546715,1e-06,22.38813,9.672092,0.66821,,0.069086,0.0,9.672092,0.0,0.66821,0.0,0,0,,0.116197,0.047111,16.267569,6.595477,1.123867,0.455658,0,0,,0.116197,0.047111,16.267569,6.595477,1.123867,0.455658,0,0,0.0808316110585044,0.0117452386644041,11.316425548190626,0.0942782568081441,0.0251918844140438,13.198955953140176,0.1095579162657908,0.0404715438716905,15.338108277210711,0.1267727749212519,0.0576864025271516,17.748188488975266,0.0690863723941003,0.116197,0.047111,16.267569,1.123867,0.069086,0.0,9.672092,0.66821,0.116197,0.047111,16.267569,1.123867,0.0808316110585044,0.011745238664404092,0.0942782568081441,0.025191884414043797,0.1095579162657908,0.040471543871690496,0.1267727749212519,0.05768640252715161,0,0,0,0,0,0,0,0,0,0,0,0,0,0
545,Robson Valley Hydroelectric Project,Holmes Hydro,BC,Energy,Clean Electricity,2019,2024,6,200.0,Yes,0.1516352412410768,0.024118662176793,0.0878769517089349,0.3515078068357398,0.1418415536492845,0.1094627924850747,17.57539034178699,17.57539034178699,,,Holmes Hydro,Robson Valley Hydroelectric Project,BC,Public,2019,2024,6,In Review,In Review,1,0,200.0,0.49,53.3469,-119.8406,Energy,Clean Electricity,1,EN-CLEL,1,0,1,0.151635,0.040264,0.25,0.024119,0.087877,0.351508,0.141842,0.109463,capex,200.0,blended_prob,0.085016,0.001476,0.000629,0.000423,0.000332,17.003261,0.295294,0.125811,0.084667,0.066358,17.57539,17.57539,0.087877,2025.060673,200.0,6.0,0.105567,0.077268,0.73193,1.36625,1e-06,15.547313,17.57539,1.544472,,0.087877,0.0,17.57539,0.0,1.544472,0.0,0,0,,0.123619,0.035742,24.723801,7.148411,2.172652,0.628181,0,0,,0.123619,0.035742,24.723801,7.148411,2.172652,0.628181,0,0,0.1023232326990241,0.0144462809900892,20.46464653980484,0.1186254706904948,0.0307485189815599,23.725094138098974,0.1368437954143278,0.0489668437053929,27.368759082865584,0.1569841603053442,0.0691072085964093,31.396832061068853,0.0878769517089349,0.123619,0.035742,24.723801,2.172652,0.087877,0.0,17.57539,1.544472,0.123619,0.035742,24.723801,2.172652,0.1023232326990241,0.014446280990089197,0.1186254706904948,0.03074851898155989,0.1368437954143278,0.04896684370539291,0.1569841603053442,0.0691072085964093,0,0,0,0,0,0,0,0,0,0,0,0,0,0
566,Surmont (MEG),MEG Energy Corp.,AB,Energy,Clean Electricity,2017,2024,8,5000.0,Yes,0.8850853580686062,0.1884385287515537,0.53676194341008,2.14704777364032,0.8704141787708395,0.6702228375543838,2683.8097170504,2683.8097170504,,,MEG Energy Corp.,Surmont (MEG),AB,Private,2017,2024,8,Approved,Approved,1,0,5000.0,0.946,56.034459,-110.720215,Energy,Clean Electricity,1,EN-CLEL,1,0,4,0.885085,0.344342,0.25,0.188439,0.536762,2.147048,0.870414,0.670223,capex,5000.0,blended_prob,0.525721,0.006947,0.002252,0.001153,0.000688,2628.605043,34.736926,11.261591,5.766905,3.439252,2683.809717,2683.809717,0.536762,2025.032908,5000.0,150.0,0.731047,0.473322,0.647458,1.544502,0.0,2.877443,2683.809717,1440.566919,,0.536762,0.0,2683.809717,0.0,1440.566919,0.0,0,0,,0.672425,0.135663,3362.126254,678.316537,1804.661422,364.094503,0,0,,0.672425,0.135663,3362.126254,678.316537,1804.661422,364.094503,0,0,0.5567564947674554,0.0199945513573753,2783.7824738372774,0.5766219290770888,0.0398599856670087,2883.1096453854443,0.5965530888874556,0.0597911454773756,2982.765444437279,0.6167296016420883,0.0799676582320083,3083.648008210442,0.53676194341008,0.672425,0.135663,3362.126254,1804.661422,0.536762,0.0,2683.809717,1440.566919,0.672425,0.135663,3362.126254,1804.661422,0.5567564947674554,0.01999455135737538,0.5766219290770888,0.03985998566700877,0.5965530888874556,0.05979114547737563,0.6167296016420883,0.07996765823200835,0,0,0,0,0,0,0,0,0,0,0,0,0,0
584,Fortune Creek Gas Plant,Quicksilver Resources/ Kohlberg Kravis Roberts & Co. L.P. (KKR),BC,Energy,Oil & Gas - Downstream,2017,2024,8,760.0,No,0.0157607900074262,0.0149920733120303,0.0153764316597282,0.0615057266389131,0.0241679954072309,0.0188930571587293,11.686088061393432,11.686088061393432,,,Quicksilver Resources/ Kohlberg Kravis Roberts & Co. L.P. (KKR),Fortune Creek Gas Plant,BC,Private,2017,2024,8,Approved,In Review,1,0,760.0,0.764,58.805556,-122.695414,Energy,Oil & Gas - Downstream,0,EN-OG-D,1,0,3,0.015761,0.024912,0.25,0.014992,0.015376,0.061506,0.024168,0.018893,capex,760.0,blended_prob,0.014834,0.000269,0.00012,8.4e-05,6.9e-05,11.273776,0.204623,0.091114,0.064084,0.052491,11.686088,11.686088,0.015376,2025.067522,760.0,22.8,0.020902,0.013511,0.646371,1.547098,1e-06,100.614891,11.686088,0.17969,,0.015376,0.0,11.686088,0.0,0.17969,0.0,0,0,,0.026921,0.011544,20.459885,8.773797,0.3146,0.13491,0,0,,0.026921,0.011544,20.459885,8.773797,0.3146,0.13491,0,0,0.0179603819759132,0.002583950316185,13.649890301694048,0.0209888055251402,0.005612373865412,15.951492199106584,0.0245372411744155,0.0091608095146873,18.648303292555795,0.0286928498764599,0.0133164182167317,21.80656590610957,0.0153764316597282,0.026921,0.011544,20.459885,0.3146,0.015376,0.0,11.686088,0.17969,0.026921,0.011544,20.459885,0.3146,0.0179603819759132,0.002583950316184998,0.0209888055251402,0.005612373865412001,0.0245372411744155,0.0091608095146873,0.0286928498764599,0.0133164182167317,0,0,0,0,0,0,0,0,0,0,0,0,0,0
593,Westcoast Connector Gas Transmission Project,Enbridge,BC,Energy,Trans & Distr,2017,2024,8,7460.0,No,0.0482611290620678,0.0122403571465278,0.0302507431042978,0.1210029724171913,0.0483100726350224,0.0374744749165876,225.67054355806155,225.67054355806155,,,Enbridge,Westcoast Connector Gas Transmission Project,BC,Private,2017,2024,8,Approved,Approved,1,0,7460.0,0.965,56.836954,-122.629395,Energy,Trans & Distr,0,EN-T&D,1,0,4,0.048261,0.020311,0.25,0.01224,0.030251,0.121003,0.04831,0.037474,capex,7460.0,blended_prob,0.029201,0.000525,0.000232,0.000162,0.000131,217.840026,3.918248,1.728974,1.205091,0.978204,225.670544,225.670544,0.030251,2025.066044,7460.0,223.8,0.041125,0.026584,0.646417,1.546988,-0.0,51.138851,225.670544,6.826702,,0.030251,0.0,225.670544,0.0,6.826702,0.0,0,0,,0.052369,0.022118,390.670763,165.00022,11.818081,4.991379,0,0,,0.052369,0.022118,390.670763,165.00022,11.818081,4.991379,0,0,0.0357495718875304,0.0054988287832326,266.69180628097695,0.04220013963859,0.0119493965342922,314.81304170388205,0.0497414313347225,0.0194906882304247,371.0710777570301,0.0585217722835353,0.0282710291792375,436.572421235174,0.0302507431042978,0.052369,0.022118,390.670763,11.818081,0.030251,0.0,225.670544,6.826702,0.052369,0.022118,390.670763,11.818081,0.0357495718875304,0.005498828783232598,0.04220013963859,0.011949396534292198,0.0497414313347225,0.019490688230424703,0.0585217722835353,0.0282710291792375,0,0,0,0,0,0,0,0,0,0,0,0,0,0
606,Goliath Complex,Treasury Metals Inc.,ON,Mining,Precious Metal,2018,2024,7,335.0,No,0.5221094383719009,0.0624747710333236,0.2922921047026123,1.1691684188104492,0.4736220483965493,0.3648240821801871,97.91785507537512,97.91785507537512,,,Treasury Metals Inc.,Goliath Complex,ON,Private,2018,2024,7,In Review,Approved,1,0,335.0,0.598,49.764413,-92.544708,Mining,Precious Metal,0,MIN-PM,1,0,2,0.522109,0.106392,0.25,0.062475,0.292292,1.169168,0.473622,0.364824,capex,335.0,blended_prob,0.284634,0.004365,0.001642,0.000976,0.000675,95.35237,1.462242,0.55011,0.326899,0.226234,97.917855,97.917855,0.292292,2025.045427,335.0,10.05,0.373844,0.25741,0.688549,1.452329,-0.0,4.96876,97.917855,28.620616,,0.292292,0.0,97.917855,0.0,28.620616,0.0,0,0,,0.399457,0.107165,133.818195,35.90034,39.114002,10.493386,0,0,,0.399457,0.107165,133.818195,35.90034,39.114002,10.493386,0,0,0.3195287281555764,0.0272366234529641,107.0421239321181,0.3466698173060208,0.0543777126034085,116.13438879751698,0.3734140187849474,0.0811219140823351,125.0936962929574,0.3995244157734012,0.1072323110707889,133.84067928408942,0.2922921047026123,0.399457,0.107165,133.818195,39.114002,0.292292,0.0,97.917855,28.620616,0.399457,0.107165,133.818195,39.114002,0.3195287281555764,0.027236623452964126,0.3466698173060208,0.05437771260340851,0.3734140187849474,0.0811219140823351,0.3995244157734012,0.1072323110707889,0,0,0,0,0,0,0,0,0,0,0,0,0,0
607,TriStar Advanced (In Situ + Upgrader),Value Creation Inc.,AB,Energy,Oil & Gas - Downstream,2017,2024,8,3390.0,No,0.5521893375598058,0.2104029848264399,0.3812961611931229,1.5251846447724915,0.6180820332091649,0.4760105099995397,1292.5939864446866,1292.5939864446866,,,Value Creation Inc.,TriStar Advanced (In Situ + Upgrader),AB,Private,2017,2024,8,In Review,Approved,1,0,3390.0,0.928,56.736814,-111.156578,Energy,Oil & Gas - Downstream,0,EN-OG-D,0,0,4,0.552189,0.389591,0.25,0.210403,0.381296,1.525185,0.618082,0.476011,capex,3390.0,blended_prob,0.372168,0.005406,0.001927,0.001085,0.000711,1261.648533,18.327336,6.531346,3.676551,2.41022,1292.593986,1292.593986,0.381296,2025.040276,3390.0,101.7,0.519097,0.335972,0.647224,1.54506,0.0,4.052127,1292.593986,492.861125,,0.381296,0.0,1292.593986,0.0,492.861125,0.0,0,0,,0.521939,0.140642,1769.371846,476.77786,674.654693,181.793568,1,0,,0.521939,0.140642,1769.371846,476.77786,674.654693,181.793568,1,0,0.4164120127498301,0.0351158515567072,1411.636723221924,0.4518752446555086,0.0705790834623857,1531.8570793821743,0.487413882904959,0.1061177217118361,1652.333063047811,0.5228089390810559,0.1415127778879329,1772.3223034847797,0.3812961611931229,0.521939,0.140642,1769.371846,674.654693,0.381296,0.0,1292.593986,492.861125,0.521939,0.140642,1769.371846,674.654693,0.4164120127498301,0.03511585155670721,0.4518752446555086,0.07057908346238573,0.487413882904959,0.10611772171183614,0.5228089390810559,0.14151277788793298,1,0,0,0,1,0,0,0,0,0,0,0,1,0
629,West Ells,Sunshine Oilsands Ltd.,AB,Energy,Oil & Gas - Upstream,2020,2024,5,2100.0,No,0.7412633063898943,0.1637323773819051,0.4524978418858997,1.809991367543599,0.7336474817638372,0.5649576978370747,950.2454679603892,950.2454679603892,,,Sunshine Oilsands Ltd.,West Ells,AB,Private,2020,2024,5,Announced & Planning,Announced & Planning,1,0,2100.0,0.9,57.202491,-112.729238,Energy,Oil & Gas - Upstream,0,EN-OG-U,1,0,4,0.741263,0.294885,0.25,0.163732,0.452498,1.809991,0.733647,0.564958,capex,2100.0,blended_prob,0.442401,0.006154,0.0021,0.001132,0.000711,929.042319,12.923359,4.410194,2.377249,1.492347,950.245468,950.245468,0.452498,2025.036669,2100.0,63.0,0.511536,0.39886,0.779731,1.282493,-0.0,2.834253,950.245468,429.984024,,0.452498,0.0,950.245468,0.0,429.984024,0.0,0,0,,0.523819,0.071321,1100.019355,149.773887,497.756384,67.772361,1,0,,0.523819,0.071321,1100.019355,149.773887,497.756384,67.772361,1,0,0.4794893990837425,0.0269915571978427,1006.927738075859,0.505830418809644,0.0533325769237442,1062.2438795002522,0.5315919994347924,0.0790941575488927,1116.3431988130635,0.5568898040331107,0.104391962147211,1169.4685884695325,0.4524978418858997,0.523819,0.071321,1100.019355,497.756384,0.452498,0.0,950.245468,429.984024,0.523819,0.071321,1100.019355,497.756384,0.4794893990837425,0.026991557197842797,0.505830418809644,0.05333257692374427,0.5315919994347924,0.07909415754889271,0.5568898040331107,0.10439196214721103,1,0,0,0,1,0,0,0,1,0,1,0,1,0
636,Lac a Paul Phosphate/Apatite mine,Arianne Phosphate inc.,QC,Mining,Precious Metal,2017,2024,8,1275.0,No,0.066123584816398,0.0159583099487035,0.0410409473825508,0.1641637895302032,0.0658233502048783,0.0509539085114818,52.32720791275228,52.32720791275228,,,Arianne Phosphate inc.,Lac a Paul Phosphate/Apatite mine,QC,Private,2017,2024,8,In Review,Approved,1,0,1275.0,0.84,49.883575,-70.717621,Mining,Precious Metal,0,MIN-PM,1,0,4,0.066124,0.02653,0.25,0.015958,0.041041,0.164164,0.065823,0.050954,capex,1275.0,blended_prob,0.039634,0.000708,0.00031,0.000215,0.000173,50.533251,0.902982,0.395844,0.274096,0.221034,52.327208,52.327208,0.041041,2025.064997,1275.0,38.25,0.055797,0.03607,0.64645,1.54691,0.0,37.691878,52.327208,2.147558,,0.041041,0.0,52.327208,0.0,2.147558,0.0,0,0,,0.070475,0.029434,89.855513,37.528305,3.687755,1.540197,0,0,,0.070475,0.029434,89.855513,37.528305,3.687755,1.540197,0,0,0.0483755342637317,0.0073345868811809,61.678806186258,0.0569217643067824,0.0158808169242316,72.5752494911476,0.06683332292564,0.0257923755430892,85.21248673019106,0.0782649601759966,0.0372240127934458,99.7878242243957,0.0410409473825508,0.070475,0.029434,89.855513,3.687755,0.041041,0.0,52.327208,2.147558,0.070475,0.029434,89.855513,3.687755,0.0483755342637317,0.007334586881180903,0.0569217643067824,0.0158808169242316,0.06683332292564,0.025792375543089198,0.0782649601759966,0.0372240127934458,0,0,0,0,0,0,0,0,0,0,0,0,0,0
643,Deep Fox + Foxtrot,Search Minerals Inc.,NL,Mining,Critical Mineral,2017,2024,8,421.8,Yes,0.1984877696665369,0.0330133828471779,0.1157505762568574,0.4630023050274296,0.1870824509481029,0.1442833261333556,48.82359306514245,48.82359306514245,,,Search Minerals Inc.,Deep Fox + Foxtrot,NL,Private,2017,2024,8,Announced & Planning,Announced & Planning,1,0,421.8,0.647,52.399277,-55.817757,Mining,Critical Mineral,1,MIN-CM,1,0,2,0.198488,0.055364,0.25,0.033013,0.115751,0.463002,0.187082,0.144283,capex,421.8,blended_prob,0.112096,0.001914,0.000802,0.00053,0.000409,47.281914,0.807326,0.338178,0.223756,0.172419,48.823593,48.823593,0.115751,2025.058263,421.8,12.654,0.157427,0.101801,0.646659,1.546409,0.0,13.35984,48.823593,5.651359,,0.115751,0.0,48.823593,0.0,5.651359,0.0,0,0,,0.188247,0.072497,79.402633,30.57904,9.190901,3.539541,0,0,,0.188247,0.072497,79.402633,30.57904,9.190901,3.539541,0,0,0.1336664295552253,0.0179158532983679,56.38049998639404,0.1535333012096204,0.037782724952763,64.7603464502179,0.1753123754508443,0.0595617991939868,73.94675996516612,0.198893755091906,0.0831431788350486,83.89338589776597,0.1157505762568574,0.188247,0.072497,79.402633,9.190901,0.115751,0.0,48.823593,5.651359,0.188247,0.072497,79.402633,9.190901,0.1336664295552253,0.01791585329836791,0.1535333012096204,0.03778272495276298,0.1753123754508443,0.059561799193986895,0.198893755091906,0.08314317883504858,0,0,0,0,0,0,0,0,0,0,0,0,0,0
644,New Nuclear Power Plant Darlington Small Modular Reactor Project,Ontario Power Generation,ON,Energy,Nuclear,2021,2024,4,20900.0,Yes,0.9191656937685146,0.0659720288632987,0.4925688613159067,0.4925688613159067,0.1990796127652447,0.375173161895642,10294.68920150245,10294.68920150245,,,Ontario Power Generation,New Nuclear Power Plant Darlington Small Modular Reactor Project,ON,Public,2021,2024,4,Announced & Planning,In Review,1,0,20900.0,0.993,43.872684,-78.706527,Energy,Nuclear,1,EN-NUC,1,1,4,0.919166,0.112555,1.0,0.065972,0.492569,0.492569,0.19908,0.375173,capex,20900.0,blended_prob,0.191837,0.107985,0.078049,0.062345,0.052354,4009.387074,2256.880444,1631.220766,1303.005887,1094.195031,10294.689202,10294.689202,0.492569,2026.340994,20900.0,627.0,0.485557,0.375079,0.772473,1.294544,-0.0,2.628148,10294.689202,5070.843338,,0.492569,0.0,10294.689202,0.0,5070.843338,0.0,0,0,,0.540137,0.047568,11288.860309,994.171108,5560.541068,489.697731,1,0,,0.540137,0.047568,11288.860309,994.171108,5560.541068,489.697731,1,0,0.5032340923155917,0.0106652309996849,10517.592529395866,0.5134529743867331,0.0208841130708263,10731.167164682722,0.5234064728638488,0.030837611547942,10939.19528285444,0.5332695159240249,0.0407006546081182,11145.33288281212,0.4925688613159067,0.540137,0.047568,11288.860309,5560.541068,0.492569,0.0,10294.689202,5070.843338,0.540137,0.047568,11288.860309,5560.541068,0.5032340923155917,0.010665230999684971,0.5134529743867331,0.020884113070826382,0.5234064728638488,0.030837611547942068,0.5332695159240249,0.040700654608118225,1,0,0,0,1,0,1,0,1,0,1,0,1,0
648,Bissett Creek,Northern Graphite,ON,Mining,Critical Mineral,2017,2024,8,134.1,Yes,0.2955579619712628,0.0904188232117482,0.1929883925915055,0.771953570366022,0.3124449817654761,0.2407710282610937,25.879743446520887,25.879743446520887,,,Northern Graphite,Bissett Creek,ON,Private,2017,2024,8,Announced & Planning,In Review,1,0,134.1,0.418,46.157005,-77.723637,Mining,Critical Mineral,1,MIN-CM,1,0,1,0.295558,0.156295,0.25,0.090419,0.192988,0.771954,0.312445,0.240771,capex,134.1,blended_prob,0.18738,0.003053,0.00122,0.00077,0.000566,25.12761,0.409344,0.163594,0.103272,0.075923,25.879743,25.879743,0.192988,2025.052166,134.1,4.023,0.262562,0.169838,0.64685,1.545954,0.0,8.010605,25.879743,4.99449,,0.192988,0.0,25.879743,0.0,4.99449,0.0,0,0,,0.29758,0.104592,39.90552,14.025776,7.701302,2.706812,0,0,,0.29758,0.104592,39.90552,14.025776,7.701302,2.706812,0,0,0.2189266743722688,0.0259382817807633,29.358067033321248,0.246817760247468,0.0538293676559624,33.09826164918545,0.2764438710698852,0.0834554784783797,37.07112311047161,0.307527461215783,0.1145390686242775,41.2394325490365,0.1929883925915055,0.29758,0.104592,39.90552,7.701302,0.192988,0.0,25.879743,4.99449,0.29758,0.104592,39.90552,7.701302,0.2189266743722688,0.025938281780763295,0.246817760247468,0.053829367655962496,0.2764438710698852,0.08345547847837972,0.307527461215783,0.11453906862427751,0,0,0,0,0,0,0,0,0,0,0,0,0,0
649,Saleski' Thermal Oil Sands Project Using CSS,Husky Oil Operations Ltd.,AB,Energy,CCUS,2017,2024,8,300.0,Yes,0.7861998138887504,0.0907628328941552,0.4384813233914528,1.7539252935658112,0.710897664186147,0.5474478597093304,131.54439701743587,131.54439701743587,,,Husky Oil Operations Ltd.,Saleski' Thermal Oil Sands Project Using CSS,AB,Private,2017,2024,8,Approved,Approved,1,0,300.0,0.573,56.593344,-113.012742,Energy,CCUS,1,EN-OG-U,1,1,2,0.7862,0.156919,0.25,0.090763,0.438481,1.753925,0.710898,0.547448,capex,300.0,blended_prob,0.428562,0.006013,0.002069,0.001125,0.000712,128.568606,1.803765,0.620822,0.337512,0.213693,131.544397,131.544397,0.438481,2025.037346,300.0,9.0,0.597046,0.386478,0.647317,1.544839,-0.0,3.523158,131.544397,57.679761,,0.438481,0.0,131.544397,0.0,57.679761,0.0,0,0,,0.580429,0.141947,174.128593,42.584196,76.352136,18.672375,1,0,,0.580429,0.141947,174.128593,42.584196,76.352136,18.672375,1,0,0.4591189425099067,0.0206376191184539,137.73568275297205,0.478767530073711,0.0402862066822582,143.63025902211334,0.4975629966290095,0.0590816732375567,149.2688989887029,0.5156777213053474,0.0771963979138946,154.70331639160426,0.4384813233914528,0.580429,0.141947,174.128593,76.352136,0.438481,0.0,131.544397,57.679761,0.580429,0.141947,174.128593,76.352136,0.4591189425099067,0.02063761911845391,0.478767530073711,0.040286206682258185,0.4975629966290095,0.0590816732375567,0.5156777213053474,0.0771963979138946,1,0,0,0,1,0,0,0,0,0,0,0,1,0
650,Prince Rupert Gas Transmission Project,TransCanada,BC,Energy,Trans & Distr,2017,2024,8,5000.0,No,0.0482611290620678,0.0124773975121379,0.0303692632871028,0.1214770531484115,0.048502439415629,0.0376225337385133,151.846316435514,151.846316435514,,,TransCanada,Prince Rupert Gas Transmission Project,BC,Private,2017,2024,8,Approved,Announced & Planning,1,0,5000.0,0.946,54.235538,-130.293442,Energy,Trans & Distr,0,EN-T&D,1,0,4,0.048261,0.020707,0.25,0.012477,0.030369,0.121477,0.048502,0.037623,capex,5000.0,blended_prob,0.029316,0.000527,0.000233,0.000162,0.000132,146.578116,2.636283,1.163208,0.810695,0.658014,151.846316,151.846316,0.030369,2025.066033,5000.0,150.0,0.041286,0.026688,0.646418,1.546987,-0.0,50.939246,151.846316,4.611461,,0.030369,0.0,151.846316,0.0,4.611461,0.0,0,0,,0.052569,0.0222,262.846072,110.999755,7.982442,3.370981,0,0,,0.052569,0.0222,262.846072,110.999755,7.982442,3.370981,0,0,0.0358836506552679,0.0055143873681651,179.41825327633998,0.0423517859874357,0.0119825227003329,211.7589299371788,0.0499129042017495,0.0195436409146467,249.5645210087476,0.0587156089429208,0.028346345655818,293.5780447146044,0.0303692632871028,0.052569,0.0222,262.846072,7.982442,0.030369,0.0,151.846316,4.611461,0.052569,0.0222,262.846072,7.982442,0.0358836506552679,0.005514387368165098,0.0423517859874357,0.011982522700332898,0.0499129042017495,0.0195436409146467,0.0587156089429208,0.028346345655818,0,0,0,0,0,0,0,0,0,0,0,0,0,0
684,Sepiko Kesik Project,Osum Oil Sands Corp.,AB,Energy,Oil & Gas - Upstream,2017,2024,8,3200.0,No,0.7345401381813054,0.1605704630660311,0.4475553006236683,1.790221202494673,0.7256253818300683,0.5587833331062282,1432.1769619957388,1432.1769619957388,,,Osum Oil Sands Corp.,Sepiko Kesik Project,AB,Private,2017,2024,8,In Review,Approved,1,0,3200.0,0.921,56.688999,-113.130997,Energy,Oil & Gas - Upstream,0,EN-OG-U,1,0,4,0.73454,0.288661,0.25,0.16057,0.447555,1.790221,0.725625,0.558783,capex,3200.0,blended_prob,0.43752,0.006104,0.002089,0.00113,0.000711,1400.065362,19.534159,6.686263,3.614988,2.27619,1432.176962,1432.176962,0.447555,2025.036906,3200.0,96.0,0.609416,0.394494,0.647331,1.544806,0.0,3.451653,1432.176962,640.978391,,0.447555,0.0,1432.176962,0.0,640.978391,0.0,0,0,,0.589357,0.141802,1885.94237,453.765408,844.063504,203.085113,1,0,,0.589357,0.141802,1885.94237,453.765408,844.063504,203.085113,1,0,0.4746851799777612,0.0271298793540929,1518.9925759288362,0.5011585816542373,0.053603281030569,1603.7074612935598,0.5270364632876412,0.0794811626639729,1686.5166825204524,0.5524273968264968,0.1048720962028285,1767.76766984479,0.4475553006236683,0.589357,0.141802,1885.94237,844.063504,0.447555,0.0,1432.176962,640.978391,0.589357,0.141802,1885.94237,844.063504,0.4746851799777612,0.027129879354092945,0.5011585816542373,0.05360328103056905,0.5270364632876412,0.07948116266397293,0.5524273968264968,0.1048720962028285,1,0,0,0,1,0,0,0,1,0,1,0,1,0
688,Giscome Quarry and Lime Plant Project,Graymont Western Canada Inc.,BC,Mining,Other,2017,2024,8,130.0,No,0.0205078523545273,0.0052093377516576,0.0128585950530924,0.0514343802123699,0.020081365513075,0.0157477032370855,1.6716173569020123,1.6716173569020123,,,Graymont Western Canada Inc.,Giscome Quarry and Lime Plant Project,BC,Private,2017,2024,8,In Review,Approved,1,0,130.0,0.411,54.052936,-122.285282,Mining,Other,0,MIN-OTH,1,0,1,0.020508,0.008614,0.25,0.005209,0.012859,0.051434,0.020081,0.015748,capex,130.0,blended_prob,0.012404,0.000225,0.000101,7.1e-05,5.8e-05,1.612472,0.029312,0.013072,0.009208,0.007554,1.671617,1.671617,0.012859,2025.067776,130.0,3.9,0.017479,0.011298,0.646364,1.547117,3e-06,120.317721,1.671617,0.021495,,0.012859,0.0,1.671617,0.0,0.021495,0.0,0,0,,0.022556,0.009697,2.93228,1.260663,0.037705,0.01621,0,0,,0.022556,0.009697,2.93228,1.260663,0.037705,0.01621,0,0,0.0152669566164272,0.0024083615633348,1.9847043601355383,0.0181234341164078,0.0052648390633154,2.3560464351330226,0.0215070623311153,0.0086484672780229,2.795918103044994,0.0255085490028351,0.0126499539497427,3.316111370368572,0.0128585950530924,0.022556,0.009697,2.93228,0.037705,0.012859,0.0,1.671617,0.021495,0.022556,0.009697,2.93228,0.037705,0.0152669566164272,0.0024083615633347984,0.0181234341164078,0.0052648390633154,0.0215070623311153,0.008648467278022898,0.0255085490028351,0.012649953949742698,0,0,0,0,0,0,0,0,0,0,0,0,0,0
692,Taylor Wind Project,EDF Renouvelables,BC,Energy,Clean Electricity,2017,2024,8,900.0,Yes,0.1463454577998943,0.0177861944680203,0.0820658261339573,0.3282633045358293,0.1324096789077667,0.1022033672434811,73.85924352056159,73.85924352056159,,,EDF Renouvelables,Taylor Wind Project,BC,Private,2017,2024,8,In Review,In Review,1,0,900.0,0.793,55.999947,-120.764046,Energy,Clean Electricity,1,EN-CLEL,1,0,3,0.146345,0.029597,0.25,0.017786,0.082066,0.328263,0.13241,0.102203,capex,900.0,blended_prob,0.079377,0.001383,0.000591,0.000399,0.000314,71.439514,1.245077,0.532349,0.359527,0.282777,73.859244,73.859244,0.082066,2025.06119,900.0,27.0,0.111596,0.072154,0.646568,1.546627,-0.0,18.846179,73.859244,6.06132,,0.082066,0.0,73.859244,0.0,6.06132,0.0,0,0,,0.136727,0.054661,123.054494,49.19525,10.098569,4.037249,0,0,,0.136727,0.054661,123.054494,49.19525,10.098569,4.037249,0,0,0.0957425482129081,0.0136767220789508,86.16829339161731,0.1112091389689628,0.0291433128350055,100.08822507206662,0.128530505022189,0.0464646788882317,115.67745451997015,0.1477196687581358,0.0656538426241785,132.9477018823223,0.0820658261339573,0.136727,0.054661,123.054494,10.098569,0.082066,0.0,73.859244,6.06132,0.136727,0.054661,123.054494,10.098569,0.0957425482129081,0.013676722078950806,0.1112091389689628,0.0291433128350055,0.128530505022189,0.04646467888823169,0.1477196687581358,0.0656538426241785,0,0,0,0,0,0,0,0,0,0,0,0,0,0
693,Aspen' oil sands project (SAGD),Imperial Oil Limited,AB,Energy,Oil & Gas - Upstream,2017,2024,8,7000.0,No,0.7345401381813054,0.154267376567161,0.4444037573742332,1.7776150294969328,0.7205102004787753,0.5548463346160502,3110.826301619633,3110.826301619633,,,Imperial Oil Limited,Aspen' oil sands project (SAGD),AB,Private,2017,2024,8,In Review,Announced & Planning,1,0,7000.0,0.964,57.242382,-111.5391,Energy,Oil & Gas - Upstream,0,EN-OG-U,1,0,4,0.73454,0.276324,0.25,0.154267,0.444404,1.777615,0.72051,0.554846,capex,7000.0,blended_prob,0.434409,0.006073,0.002083,0.001128,0.000712,3040.86109,42.508527,14.577997,7.896857,4.98183,3110.826302,3110.826302,0.444404,2025.037058,7000.0,210.0,0.60512,0.39171,0.647326,1.544817,-0.0,3.476157,3110.826302,1382.462897,,0.444404,0.0,3110.826302,0.0,1382.462897,0.0,0,0,,0.586267,0.141863,4103.866053,993.039751,1823.773494,441.310597,1,0,,0.586267,0.141863,4103.866053,993.039751,1823.773494,441.310597,1,0,0.4711945382330625,0.0267907808588293,3298.3617676314384,0.4973040774923776,0.0529003201181443,3481.128542446644,0.5227947880431231,0.0783910306688898,3659.563516301862,0.5477778244647683,0.1033740670905351,3834.444771253379,0.4444037573742332,0.586267,0.141863,4103.866053,1823.773494,0.444404,0.0,3110.826302,1382.462897,0.586267,0.141863,4103.866053,1823.773494,0.4711945382330625,0.0267907808588293,0.4973040774923776,0.052900320118144384,0.5227947880431231,0.07839103066888986,0.5477778244647683,0.1033740670905351,1,0,0,0,1,0,0,0,0,0,1,0,1,0
707,Port Alberni LNG Export Facility,Port Alberni Harbour Authority,BC,Energy,Oil & Gas - Downstream,2020,2024,5,1600.0,No,0.0130900898433233,0.013444883433253,0.0132674866382881,0.0530699465531527,0.0207450259631319,0.0162585023682256,21.22797862126096,21.22797862126096,,,Port Alberni Harbour Authority,Port Alberni LNG Export Facility,BC,Public,2020,2024,5,Announced & Planning,Announced & Planning,1,0,1600.0,0.872,49.230014,-124.81106,Energy,Oil & Gas - Downstream,0,EN-OG-D,1,0,4,0.01309,0.022323,0.25,0.013445,0.013267,0.05307,0.020745,0.016259,capex,1600.0,blended_prob,0.012798,0.000233,0.000104,7.3e-05,6e-05,20.477229,0.372147,0.165921,0.116848,0.095834,21.227979,21.227979,0.013267,2025.067735,1600.0,48.0,0.014973,0.011657,0.778564,1.284416,1e-06,96.8093,21.227979,0.281642,,0.013267,0.0,21.227979,0.0,0.281642,0.0,0,0,,0.017582,0.004314,28.130902,6.902923,0.373226,0.091584,0,0,,0.017582,0.004314,28.130902,6.902923,0.373226,0.091584,0,0,0.0154842553410171,0.002216768702729,24.77480854562744,0.0180818540209062,0.0048143673826181,28.930966433450024,0.0211255937023765,0.0078581070640884,33.800949923802506,0.0246912059814913,0.0114237193432032,39.505929570386186,0.0132674866382881,0.017582,0.004314,28.130902,0.373226,0.013267,0.0,21.227979,0.281642,0.017582,0.004314,28.130902,0.373226,0.0154842553410171,0.002216768702729001,0.0180818540209062,0.004814367382618099,0.0211255937023765,0.007858107064088399,0.0246912059814913,0.011423719343203199,0,0,0,0,0,0,0,0,0,0,0,0,0,0
718,Kitimat Clean Oil Refinery,Kitimat Clean Ltd.,BC,Energy,Oil & Gas - Downstream,2017,2024,8,22000.0,No,0.0126485020829886,0.0118871595686641,0.0122678308258264,0.0490713233033056,0.0191225126847459,0.0150097035693942,269.89227816818084,269.89227816818084,,,Kitimat Clean Ltd.,Kitimat Clean Oil Refinery,BC,Private,2017,2024,8,Announced & Planning,In Review,1,0,22000.0,0.994,54.166667,-128.7,Energy,Oil & Gas - Downstream,0,EN-OG-D,1,0,4,0.012649,0.019722,0.25,0.011887,0.012268,0.049071,0.019123,0.01501,capex,22000.0,blended_prob,0.011833,0.000215,9.6e-05,6.8e-05,5.6e-05,260.336516,4.734159,2.111995,1.488256,1.221351,269.892278,269.892278,0.012268,2025.067836,22000.0,660.0,0.016676,0.010779,0.646362,1.547121,-0.0,126.11205,269.892278,3.310993,,0.012268,0.0,269.892278,0.0,3.310993,0.0,0,0,,0.021529,0.009262,473.647382,203.755104,5.810626,2.499633,0,0,,0.021529,0.009262,473.647382,203.755104,5.810626,2.499633,0,0,0.0143382656323715,0.0020704348065451,315.4418439121739,0.016767865865473,0.0045000350396466,368.8930490404063,0.0196188268624859,0.0073509960366595,431.6141909746901,0.0229633880509926,0.0106955572251662,505.1945371218376,0.0122678308258264,0.021529,0.009262,473.647382,5.810626,0.012268,0.0,269.892278,3.310993,0.021529,0.009262,473.647382,5.810626,0.0143382656323715,0.0020704348065450993,0.016767865865473,0.004500035039646598,0.0196188268624859,0.0073509960366595,0.0229633880509926,0.0106955572251662,0,0,0,0,0,0,0,0,0,0,0,0,0,0
725,Capilano (Cleveland) Dam Power Plant,Greater Vancouver Regional District,BC,Energy,Clean Electricity,2017,2024,8,90.0,Yes,0.061610519375154,0.0283710957487011,0.0449908075619275,0.1799632302477102,0.0722342573480326,0.0558881874763695,4.049172680573475,4.049172680573475,,,Greater Vancouver Regional District,Capilano (Cleveland) Dam Power Plant,BC,Private,2017,2024,8,Announced & Planning,Announced & Planning,1,0,90.0,0.328,49.360504,-123.11085,Energy,Clean Electricity,1,EN-CLEL,1,0,0,0.061611,0.047466,0.25,0.028371,0.044991,0.179963,0.072234,0.055888,capex,90.0,blended_prob,0.043455,0.000775,0.000339,0.000234,0.000188,3.910962,0.069717,0.030489,0.021061,0.016943,4.049173,4.049173,0.044991,2025.064618,90.0,2.7,0.061168,0.039543,0.646462,1.546882,-2e-06,34.382184,4.049173,0.182176,,0.044991,0.0,4.049173,0.0,0.182176,0.0,0,0,,0.07703,0.032039,6.932701,2.883528,0.311908,0.129732,0,0,,0.07703,0.032039,6.932701,2.883528,0.311908,0.129732,0,0,0.0527357473388543,0.0077449397769268,4.746217260496895,0.0617399175636935,0.016749110001766,5.55659258073242,0.0721675904561862,0.0271767828942587,6.495083141056765,0.0841877640202548,0.0391969564583273,7.576898761822938,0.0449908075619275,0.07703,0.032039,6.932701,0.311908,0.044991,0.0,4.049173,0.182176,0.07703,0.032039,6.932701,0.311908,0.0527357473388543,0.0077449397769268,0.0617399175636935,0.016749110001766,0.0721675904561862,0.027176782894258705,0.0841877640202548,0.0391969564583273,0,0,0,0,0,0,0,0,0,0,0,0,0,0
753,Maselpanik Creek Hydro Project,Kruger Energy Inc.,BC,Energy,Clean Electricity,2017,2024,8,400.0,Yes,0.1366261624531057,0.0208711170914049,0.0787486397722553,0.3149945590890215,0.1270256468722923,0.0980594426122701,31.49945590890211,31.49945590890211,,,Kruger Energy Inc.,Maselpanik Creek Hydro Project,BC,Private,2017,2024,8,Announced & Planning,In Review,1,0,400.0,0.634,49.089,,Energy,Clean Electricity,1,EN-CLEL,1,0,2,0.136626,0.034785,0.25,0.020871,0.078749,0.314995,0.127026,0.098059,capex,400.0,blended_prob,0.076159,0.00133,0.00057,0.000386,0.000304,30.463718,0.532007,0.227926,0.154243,0.121561,31.499456,31.499456,0.078749,2025.061488,400.0,12.0,0.107083,0.069236,0.646559,1.546649,0.0,19.640331,31.499456,2.480539,,0.078749,0.0,31.499456,0.0,2.480539,0.0,0,0,,0.131517,0.052768,52.606848,21.107392,4.142718,1.662178,0,0,,0.131517,0.052768,52.606848,21.107392,4.142718,1.662178,0,0,0.0919516619089959,0.0132030221367406,36.78066476359837,0.1069374085140505,0.0281887687417952,42.774963405620205,0.1237928552117328,0.0450442154394775,49.51714208469313,0.1425591185434517,0.0638104787711964,57.023647417380666,0.0787486397722553,0.131517,0.052768,52.606848,4.142718,0.078749,0.0,31.499456,2.480539,0.131517,0.052768,52.606848,4.142718,0.0919516619089959,0.0132030221367406,0.1069374085140505,0.028188768741795198,0.1237928552117328,0.04504421543947751,0.1425591185434517,0.06381047877119642,0,0,0,0,0,0,0,0,0,0,0,0,0,0
754,Wave Energy Project,Pacific Coastal Wave Energy Corp.,BC,Energy,Clean Electricity,2017,2024,8,20.0,Yes,0.0403251353110376,0.0113929675688706,0.0258590514399541,0.1034362057598166,0.041182041215461,0.0319882473501569,0.5171810287990819,0.5171810287990819,,,Pacific Coastal Wave Energy Corp.,Wave Energy Project,BC,Private,2017,2024,8,Announced & Planning,Announced & Planning,1,0,20.0,0.088,48.9206,-125.5448,Energy,Clean Electricity,1,EN-CLEL,1,1,0,0.040325,0.018897,0.25,0.011393,0.025859,0.103436,0.041182,0.031988,capex,20.0,blended_prob,0.024957,0.00045,0.000199,0.000139,0.000113,0.499147,0.009002,0.003983,0.002784,0.002265,0.517181,0.517181,0.025859,2025.066477,20.0,0.6,0.035154,0.022724,0.646404,1.54702,3e-06,59.825101,0.517181,0.013374,,0.025859,0.0,0.517181,0.0,0.013374,0.0,0,0,,0.044915,0.019056,0.898295,0.381114,0.023229,0.009855,0,0,,0.044915,0.019056,0.898295,0.381114,0.023229,0.009855,0,0,0.0305701594799503,0.0047111080399962,0.6114031895990073,0.0361103722323059,0.0102513207923518,0.7222074446461197,0.0426076184272796,0.0167485669873255,0.852152368545592,0.0502015551077083,0.0243425036677542,1.0040311021541677,0.0258590514399541,0.044915,0.019056,0.898295,0.023229,0.025859,0.0,0.517181,0.013374,0.044915,0.019056,0.898295,0.023229,0.0305701594799503,0.004711108039996203,0.0361103722323059,0.0102513207923518,0.0426076184272796,0.016748566987325502,0.0502015551077083,0.024342503667754204,0,0,0,0,0,0,0,0,0,0,0,0,0,0
757,Shovel Creek Hydroelectric Project,Innergex Renewable Energy Inc.,BC,Energy,Clean Electricity,2020,2024,5,40.0,Yes,0.0636512839645925,0.0329958809851554,0.048323582474874,0.193294329899496,0.0776435907232978,0.0600515857742435,1.93294329899496,1.93294329899496,,,Innergex Renewable Energy Inc.,Shovel Creek Hydroelectric Project,BC,Private,2020,2024,5,In Review,In Review,1,0,40.0,0.177,49.7212,-121.8148,Energy,Clean Electricity,1,EN-CLEL,1,0,0,0.063651,0.055334,0.25,0.032996,0.048324,0.193294,0.077644,0.060052,capex,40.0,blended_prob,0.04668,0.00083,0.000362,0.00025,0.000201,1.86721,0.033218,0.014497,0.009994,0.008024,1.932943,1.932943,0.048324,2025.064301,40.0,1.2,0.054545,0.042474,0.778692,1.284205,3e-06,26.575125,1.932943,0.093407,,0.048324,0.0,1.932943,0.0,0.093407,0.0,0,0,,0.063306,0.014983,2.532244,0.599301,0.122367,0.02896,0,0,,0.063306,0.014983,2.532244,0.599301,0.122367,0.02896,0,0,0.0565448071952734,0.0082212247203994,2.2617922878109398,0.0660864398932103,0.0177628574183363,2.643457595728412,0.0771174824754103,0.0287939000005363,3.084699299016415,0.0898108574480922,0.0414872749732182,3.59243429792369,0.048323582474874,0.063306,0.014983,2.532244,0.122367,0.048324,0.0,1.932943,0.093407,0.063306,0.014983,2.532244,0.122367,0.0565448071952734,0.008221224720399399,0.0660864398932103,0.017762857418336296,0.0771174824754103,0.028793900000536297,0.0898108574480922,0.0414872749732182,0,0,0,0,0,0,0,0,0,0,0,0,0,0
758,Cheslatta Green Energy Project,Pristine Power Inc./Cheslatta Forest Products,BC,Energy,Clean Electricity,2017,2024,8,46.0,Yes,0.061610519375154,0.0321498222055582,0.0468801707903561,0.1875206831614245,0.075300829749858,0.0582484343741568,2.1564878563563807,2.1564878563563807,,,Pristine Power Inc./Cheslatta Forest Products,Cheslatta Green Energy Project,BC,Private,2017,2024,8,Announced & Planning,In Review,1,0,46.0,0.203,53.5792,-124.95,Energy,Clean Electricity,1,EN-CLEL,1,0,0,0.061611,0.053892,0.25,0.03215,0.04688,0.187521,0.075301,0.058248,capex,46.0,blended_prob,0.045283,0.000806,0.000352,0.000243,0.000195,2.083035,0.03709,0.016202,0.011179,0.008983,2.156488,2.156488,0.04688,2025.064438,46.0,1.38,0.063738,0.041204,0.646467,1.546869,3e-06,32.996229,2.156488,0.101097,,0.04688,0.0,2.156488,0.0,0.101097,0.0,0,0,,0.080152,0.033272,3.686988,1.5305,0.172847,0.07175,0,0,,0.080152,0.033272,3.686988,1.5305,0.172847,0.07175,0,0,0.054867934799709,0.0079877640093529,2.5239250007866154,0.0641448270403777,0.0172646562500216,2.950662043857378,0.0748784312239598,0.0279982604336037,3.4444078363021533,0.0872413174206079,0.0403611466302518,4.013100601347965,0.0468801707903561,0.080152,0.033272,3.686988,0.172847,0.04688,0.0,2.156488,0.101097,0.080152,0.033272,3.686988,0.172847,0.054867934799709,0.007987764009352902,0.0641448270403777,0.017264656250021604,0.0748784312239598,0.027998260433603706,0.0872413174206079,0.040361146630251796,0,0,0,0,0,0,0,0,0,0,0,0,0,0
759,Tamihi Creek Hydro Project,KMC Power,BC,Energy,Clean Electricity,2017,2024,8,50.0,Yes,0.061610519375154,0.0317983290293026,0.0467044242022283,0.1868176968089133,0.0750155803977173,0.0580288866804239,2.3352212101114143,2.3352212101114143,,,KMC Power,Tamihi Creek Hydro Project,BC,Private,2017,2024,8,In Review,In Review,1,0,50.0,0.214,49.0461,-121.8196,Energy,Clean Electricity,1,EN-CLEL,1,0,0,0.061611,0.053293,0.25,0.031798,0.046704,0.186818,0.075016,0.058029,capex,50.0,blended_prob,0.045113,0.000803,0.000351,0.000242,0.000195,2.255665,0.040168,0.017548,0.012109,0.009731,2.335221,2.335221,0.046704,2025.064455,50.0,1.5,0.063499,0.04105,0.646467,1.54687,3e-06,33.120419,2.335221,0.109065,,0.046704,0.0,2.335221,0.0,0.109065,0.0,0,0,,0.079862,0.033157,3.993094,1.657873,0.186495,0.07743,0,0,,0.079862,0.033157,3.993094,1.657873,0.186495,0.07743,0,0,0.0546696476423279,0.0079652234400996,2.7334823821163963,0.0639212371986733,0.017216812996445,3.196061859933668,0.0746264744532325,0.0279220502510042,3.731323722661626,0.0869576047498872,0.0402531805476589,4.34788023749436,0.0467044242022283,0.079862,0.033157,3.993094,0.186495,0.046704,0.0,2.335221,0.109065,0.079862,0.033157,3.993094,0.186495,0.0546696476423279,0.007965223440099603,0.0639212371986733,0.017216812996445008,0.0746264744532325,0.027922050251004207,0.0869576047498872,0.040253180547658904,0,0,0,0,0,0,0,0,0,0,0,0,0,0
764,Log Creek Water Power Project,Highwater Power Corporation Altagas Ltd.,BC,Energy,Clean Electricity,2017,2024,8,20.0,Yes,0.061610519375154,0.036060946201783,0.0488357327884685,0.195342931153874,0.0784748475158635,0.0606913786794265,0.97671465576937,0.97671465576937,35.35711072618575,35.35711072618575,Highwater Power Corporation Altagas Ltd.,Log Creek Water Power Project,BC,Private,2017,2024,8,Announced & Planning,Announced & Planning,1,0,20.0,0.088,50.05884,-121.717396,Energy,Clean Electricity,1,EN-LCF,1,0,0,0.061611,0.06057,0.25,0.036061,0.048836,0.195343,0.078475,0.060691,capex,20.0,blended_prob,0.047176,0.000839,0.000366,0.000252,0.000202,0.943519,0.01678,0.007321,0.005045,0.004049,0.976715,0.976715,0.048836,2025.064252,20.0,0.6,0.066397,0.042924,0.646473,1.546855,3e-06,31.674656,0.976715,0.047699,,0.048836,0.0,0.976715,0.0,0.047699,0.0,0,0,,0.083374,0.034538,1.667479,0.690765,0.081433,0.033734,0,0,,0.083374,0.034538,1.667479,0.690765,0.081433,0.033734,0,0,0.0570736619249915,0.008237929136523,1.1414732384998314,0.066631191640699,0.0177954588522305,1.3326238328139817,0.0776791861579815,0.028843453369513,1.553583723159631,0.0903937250335016,0.0415579922450331,1.8078745006700323,0.0488357327884685,0.083374,0.034538,1.667479,0.081433,0.048836,0.0,0.976715,0.047699,0.083374,0.034538,1.667479,0.081433,0.0570736619249915,0.008237929136523,0.066631191640699,0.0177954588522305,0.0776791861579815,0.028843453369513,0.0903937250335016,0.0415579922450331,0,0,0,0,0,0,0,0,0,0,0,0,0,0
782,Saint John Pulp Mill Upgrades,J.D. Irving,NB,Forest,Pulp & Paper,2024,2024,1,1100.0,No,0.8821974995414053,0.1358439384600478,0.5090207190007265,0.1272551797501816,0.050847018174312,0.3257512386701607,559.9227909007991,559.9227909007991,,,J.D. Irving,Saint John Pulp Mill Upgrades,NB,Private,2024,2024,1,In Review,In Review,1,0,1100.0,0.821,45.2627,-66.0915,Forest,Pulp & Paper,0,FOR-P&P,0,0,3,0.882197,0.240784,4.0,0.135844,0.509021,0.127255,0.050847,0.325751,capex,1100.0,blended_prob,0.113006,0.106347,0.100917,0.096348,0.092404,124.306156,116.981198,111.009109,105.982279,101.644049,559.922791,559.922791,0.509021,2026.899409,1100.0,33.0,0.403859,0.362475,0.897531,1.114168,-0.0,2.188846,559.922791,285.012302,,0.509021,0.0,559.922791,0.0,285.012302,0.0,0,0,,0.509021,-0.0,559.922791,-0.0,285.012302,-0.0,0,0,,0.509021,-0.0,559.922791,-0.0,285.012302,-0.0,0,0,0.5264058583637068,0.0173851393629802,579.0464442000773,0.5434425449211653,0.0344218259204387,597.7867994132816,0.560339537444575,0.0513188184438484,616.3734911890324,0.5773007762843128,0.0682800572835862,635.0308539127439,0.5090207190007265,0.509021,-0.0,559.922791,285.012302,0.509021,0.0,559.922791,285.012302,0.509021,-0.0,559.922791,285.012302,0.5264058583637068,0.01738513936298025,0.5434425449211653,0.03442182592043874,0.560339537444575,0.051318818443848446,0.5773007762843128,0.06828005728358622,0,0,0,0,0,0,0,0,0,0,0,0,0,0
783,Springpole Lake Gold Project,First Mining Gold Corp.,ON,Mining,Precious Metal,2018,2024,7,1067.04673,No,0.5420350885958396,0.0502839074333177,0.2961594980145787,1.1846379920583148,0.4798991058829195,0.369655341161915,316.0160239148976,316.0160239148976,,,First Mining Gold Corp.,Springpole Lake Gold Project,ON,Private,2018,2024,7,In Review,Approved,1,0,1067.04673,0.818,51.3961,-92.293,Mining,Precious Metal,0,MIN-PM,1,0,3,0.542035,0.085085,0.25,0.050284,0.296159,1.184638,0.479899,0.369655,capex,1067.04673,blended_prob,0.288431,0.004413,0.001656,0.000982,0.000678,307.769105,4.708586,1.767251,1.047709,0.723372,316.016024,316.016024,0.296159,2025.045187,1067.04673,32.011402,0.378795,0.260822,0.688557,1.452312,-0.0,4.903818,316.016024,93.591147,,0.296159,0.0,316.016024,0.0,93.591147,0.0,0,0,,0.403933,0.107774,431.01573,114.999706,127.649402,34.058255,0,0,,0.403933,0.107774,431.01573,114.999706,127.649402,34.058255,0,0,0.3224332995067182,0.0262738014921394,344.0513978817541,0.3483670998094915,0.0522076017949127,371.72397469130135,0.3736754856666631,0.0775159876520844,398.72920506177456,0.3981440126440366,0.1019845146294579,424.8382667608978,0.2961594980145787,0.403933,0.107774,431.01573,127.649402,0.296159,0.0,316.016024,93.591147,0.403933,0.107774,431.01573,127.649402,0.3224332995067182,0.02627380149213948,0.3483670998094915,0.052207601794912795,0.3736754856666631,0.0775159876520844,0.3981440126440366,0.1019845146294579,0,0,0,0,0,0,0,0,0,0,0,0,0,0
795,Uatnan,Nouveau Monde Graphite inc.,QC,Mining,Critical Mineral,2017,2024,8,1564.0,Yes,0.0244446119360402,0.0189307746584439,0.0216876932972421,0.0867507731889684,0.0344116269477876,0.0267772667574603,33.91955231688666,33.91955231688666,,,Nouveau Monde Graphite inc.,Uatnan,QC,Private,2017,2024,8,In Review,Announced & Planning,1,0,1564.0,0.869,51.125343,-69.064963,Mining,Critical Mineral,1,MIN-CM,1,0,4,0.024445,0.03152,0.25,0.018931,0.021688,0.086751,0.034412,0.026777,capex,1564.0,blended_prob,0.020928,0.000378,0.000168,0.000118,9.6e-05,32.731241,0.591807,0.262507,0.183923,0.150075,33.919552,33.919552,0.021688,2025.06689,1564.0,46.92,0.029482,0.019057,0.646391,1.547051,0.0,71.333132,33.919552,0.735637,,0.021688,0.0,33.919552,0.0,0.735637,0.0,0,0,,0.037789,0.016101,59.101587,25.182034,1.281777,0.54614,0,0,,0.037789,0.016101,59.101587,25.182034,1.281777,0.54614,0,0,0.0253810625195465,0.0036933692223044,39.69598178057082,0.0297087125488964,0.0080210192516543,46.46442642647406,0.0347746120717454,0.0130869187745033,54.38749328020996,0.0406966487323312,0.0190089554350891,63.64955861736616,0.0216876932972421,0.037789,0.016101,59.101587,1.281777,0.021688,0.0,33.919552,0.735637,0.037789,0.016101,59.101587,1.281777,0.0253810625195465,0.003693369222304399,0.0297087125488964,0.008021019251654299,0.0347746120717454,0.013086918774503298,0.0406966487323312,0.019008955435089098,0,0,0,0,0,0,0,0,0,0,0,0,0,0
800,Joyce Lake DSO (the Attikamagen Project),Joyce Direct Iron Inc.,NL,Mining,Other,2017,2024,8,270.4,No,0.3468664323629958,0.0295564616446395,0.1882114470038176,0.7528457880152707,0.304691655521052,0.2348035304107114,50.892375269832286,50.892375269832286,,,Joyce Direct Iron Inc.,Joyce Lake DSO (the Attikamagen Project),NL,Private,2017,2024,8,In Review,In Review,1,0,270.4,0.559,53.6069,-77.6882,Mining,Other,0,MIN-OTH,1,0,2,0.346866,0.049479,0.25,0.029556,0.188211,0.752846,0.304692,0.234804,capex,270.4,blended_prob,0.182714,0.002985,0.001197,0.000758,0.000559,49.40579,0.807194,0.323534,0.204831,0.151026,50.892375,50.892375,0.188211,2025.05252,270.4,8.112,0.256058,0.165628,0.646839,1.54598,0.0,8.214061,50.892375,9.578528,,0.188211,0.0,50.892375,0.0,9.578528,0.0,0,0,,0.291148,0.102937,78.726545,27.83417,14.817237,5.238709,0,0,,0.291148,0.102937,78.726545,27.83417,14.817237,5.238709,0,0,0.2119471169296596,0.023735669925842,57.310500417779984,0.2368425560574883,0.0486311090536707,64.04222715794485,0.2625677237397516,0.074356276735934,70.99831249922885,0.2887588172599772,0.1005473702561596,78.08038418709785,0.1882114470038176,0.291148,0.102937,78.726545,14.817237,0.188211,0.0,50.892375,9.578528,0.291148,0.102937,78.726545,14.817237,0.2119471169296596,0.023735669925842,0.2368425560574883,0.04863110905367071,0.2625677237397516,0.07435627673593403,0.2887588172599772,0.10054737025615962,0,0,0,0,0,0,0,0,0,0,0,0,0,0
802,Black Point Aggregate Project,Vulcan Materials Company,NS,Mining,Other,2017,2024,8,95.0,No,0.0482148347748168,0.0738145648974981,0.0610146998361574,0.2440587993446299,0.0982421869396579,0.0759056946775577,5.796396484434951,5.796396484434951,,,Vulcan Materials Company,Black Point Aggregate Project,NS,Private,2017,2024,8,Approved,Approved,1,0,95.0,0.335,45.347966,-61.14967,Mining,Other,0,MIN-OTH,1,0,0,0.048215,0.126461,0.25,0.073815,0.061015,0.244059,0.098242,0.075906,capex,95.0,blended_prob,0.058969,0.001041,0.000451,0.000308,0.000246,5.602036,0.098894,0.042829,0.029298,0.02334,5.796396,5.796396,0.061015,2025.063109,95.0,2.85,0.082961,0.053635,0.646509,1.54677,-2e-06,25.350777,5.796396,0.353665,,0.061015,0.0,5.796396,0.0,0.353665,0.0,0,0,,0.103231,0.042217,9.806991,4.010594,0.598371,0.244705,0,0,,0.103231,0.042217,9.806991,4.010594,0.598371,0.244705,0,0,0.0704041711958234,0.009389471359666,6.688396263603221,0.0812072064530239,0.0201925066168665,7.7146846130372735,0.0936092316890538,0.0325945318528964,8.892877010460117,0.1078073083355358,0.0467926084993784,10.241694291875902,0.0610146998361574,0.103231,0.042217,9.806991,0.598371,0.061015,0.0,5.796396,0.353665,0.103231,0.042217,9.806991,0.598371,0.0704041711958234,0.009389471359666002,0.0812072064530239,0.0201925066168665,0.0936092316890538,0.0325945318528964,0.1078073083355358,0.0467926084993784,0,0,0,0,0,0,0,0,0,0,0,0,0,0
808,Greenview Sour Gas plant,Spartan Delta Inception Exploration Ltd.,AB,Energy,Oil & Gas - Downstream,2017,2024,8,50.0,No,0.256178818316159,0.3015799771453189,0.278879397730739,1.115517590922956,0.4518522603458276,0.3480685427767744,13.943969886536951,13.943969886536951,,,Spartan Delta Inception Exploration Ltd.,Greenview Sour Gas plant,AB,Private,2017,2024,8,Announced & Planning,Announced & Planning,1,0,50.0,0.214,54.700001,-119.014999,Energy,Oil & Gas - Downstream,0,EN-OG-D,1,0,0,0.256179,0.591949,0.25,0.30158,0.278879,1.115518,0.451852,0.348069,capex,50.0,blended_prob,0.271471,0.004197,0.001592,0.000954,0.000665,13.573551,0.209859,0.079598,0.047688,0.033274,13.94397,13.94397,0.278879,2025.046272,50.0,1.5,0.379541,0.245576,0.647035,1.545512,-0.0,5.541865,13.94397,3.888686,,0.278879,0.0,13.94397,0.0,3.888686,0.0,0,0,,0.406569,0.12769,20.328467,6.384497,5.669191,1.780505,0,0,,0.406569,0.12769,20.328467,6.384497,5.669191,1.780505,0,0,0.3138389004774558,0.0349595027467167,15.69194502387279,0.3515498571162421,0.0726704593855031,17.577492855812107,0.3917749171212994,0.1128955193905604,19.58874585606497,0.4341647272585985,0.1552853295278595,21.70823636292993,0.278879397730739,0.406569,0.12769,20.328467,5.669191,0.278879,0.0,13.94397,3.888686,0.406569,0.12769,20.328467,5.669191,0.3138389004774558,0.034959502746716775,0.3515498571162421,0.0726704593855031,0.3917749171212994,0.11289551939056042,0.4341647272585985,0.1552853295278595,0,0,0,0,0,0,0,0,0,0,0,0,0,0
817,Lac Knife,Focus Graphite inc.,QC,Mining,Critical Mineral,2017,2024,8,236.8,Yes,0.0280996468549834,0.0266084864456825,0.027354066650333,0.109416266601332,0.0436085584226738,0.0338558633592693,6.477442982798856,6.477442982798856,,,Focus Graphite inc.,Lac Knife,QC,Private,2017,2024,8,In Review,In Review,1,0,236.8,0.53,52.54809,-67.18002,Mining,Critical Mineral,1,MIN-CM,1,0,2,0.0281,0.044477,0.25,0.026608,0.027354,0.109416,0.043609,0.033856,capex,236.8,blended_prob,0.026402,0.000476,0.00021,0.000147,0.000119,6.251953,0.112651,0.049796,0.034769,0.028273,6.477443,6.477443,0.027354,2025.066329,236.8,7.104,0.037186,0.024038,0.646408,1.547009,1e-06,56.555006,6.477443,0.177184,,0.027354,0.0,6.477443,0.0,0.177184,0.0,0,0,,0.047458,0.020104,11.238004,4.760561,0.307405,0.130221,0,0,,0.047458,0.020104,11.238004,4.760561,0.307405,0.130221,0,0,0.0318984472318138,0.0045443805814808,7.553552304493517,0.0372023335819681,0.0098482669316351,8.809512592210057,0.0433857197406326,0.0160316530902996,10.273738434581814,0.0505833975498763,0.0232293308995433,11.97814853981072,0.027354066650333,0.047458,0.020104,11.238004,0.307405,0.027354,0.0,6.477443,0.177184,0.047458,0.020104,11.238004,0.307405,0.0318984472318138,0.004544380581480802,0.0372023335819681,0.009848266931635104,0.0433857197406326,0.0160316530902996,0.0505833975498763,0.0232293308995433,0,0,0,0,0,0,0,0,0,0,0,0,0,0
818,Hangingstone Oil Sands,Athabasca Oil Corporation,AB,Energy,Oil & Gas - Upstream,2020,2024,5,640.0,No,0.7817149760390647,0.1912734493392884,0.4864942126891766,1.9459768507567063,0.7888260365800329,0.6074269422455192,311.356296121073,311.356296121073,,,Athabasca Oil Corporation,Hangingstone Oil Sands,AB,Private,2020,2024,5,In Review,In Review,1,0,640.0,0.731,56.476139,-111.407639,Energy,Oil & Gas - Upstream,0,EN-OG-U,1,0,3,0.781715,0.350113,0.25,0.191273,0.486494,1.945977,0.788826,0.607427,capex,640.0,blended_prob,0.475992,0.006486,0.002168,0.001145,0.000704,304.634935,4.150814,1.387488,0.732588,0.450472,311.356296,311.356296,0.486494,2025.03509,640.0,19.2,0.550016,0.428898,0.779791,1.282394,-0.0,2.635991,311.356296,151.473036,,0.486494,0.0,311.356296,0.0,151.473036,0.0,0,0,,0.557715,0.071221,356.937701,45.581404,173.648126,22.175089,1,0,,0.557715,0.071221,356.937701,45.581404,173.648126,22.175089,1,0,0.5129166314075653,0.0264224187183886,328.26664410084175,0.5387901420757106,0.052295929386534,344.82569092845483,0.5642351375669525,0.0777409248777759,361.1104880428496,0.5893949754086685,0.1029007627194918,377.2127842615478,0.4864942126891766,0.557715,0.071221,356.937701,173.648126,0.486494,0.0,311.356296,151.473036,0.557715,0.071221,356.937701,173.648126,0.5129166314075653,0.026422418718388685,0.5387901420757106,0.052295929386534046,0.5642351375669525,0.07774092487777595,0.5893949754086685,0.10290076271949189,1,0,0,0,1,0,1,0,1,0,1,0,1,0
841,Jackfish,Canadian Natural Resources Limited,AB,Energy,Oil & Gas - Upstream,2017,2024,8,1300.0,No,0.7345401381813054,0.1727577484631113,0.4536489433222083,1.8145957732888327,0.7355158021816223,0.5663956868659739,589.7436263188708,589.7436263188708,,,Canadian Natural Resources Limited,Jackfish,AB,Private,2017,2024,8,Announced & Planning,Announced & Planning,1,0,1300.0,0.842,55.5279,-110.8738,Energy,Oil & Gas - Upstream,0,EN-OG-U,1,0,4,0.73454,0.31278,0.25,0.172758,0.453649,1.814596,0.735516,0.566396,capex,1300.0,blended_prob,0.443538,0.006165,0.002103,0.001133,0.00071,576.59928,8.015115,2.733303,1.472314,0.923615,589.743626,589.743626,0.453649,2025.036614,1300.0,39.0,0.617724,0.399877,0.64734,1.544783,-0.0,3.40524,589.743626,267.536573,,0.453649,0.0,589.743626,0.0,267.536573,0.0,0,0,,0.595301,0.141652,773.891117,184.147491,351.074888,83.538315,1,0,,0.595301,0.141652,773.891117,184.147491,351.074888,83.538315,1,0,0.481424571178092,0.0277756278558837,625.8519425315197,0.508588100895713,0.0549391575735047,661.1645311644271,0.5351968412958585,0.0815478979736502,695.7558936846162,0.5613534126405645,0.1077044693183562,729.759436432734,0.4536489433222083,0.595301,0.141652,773.891117,351.074888,0.453649,0.0,589.743626,267.536573,0.595301,0.141652,773.891117,351.074888,0.481424571178092,0.027775627855883722,0.508588100895713,0.05493915757350476,0.5351968412958585,0.08154789797365025,0.5613534126405645,0.1077044693183562,1,0,0,0,1,0,0,0,1,0,1,0,1,0
857,Bear Head Energy,Bear Head Energy,NS,Energy,Oil & Gas - Downstream,2017,2024,8,8000.0,No,0.0805873321472594,0.1536925796893309,0.1171399559182951,0.4685598236731806,0.1893375140621269,0.1460189791758278,937.1196473463608,937.1196473463608,,,Bear Head Energy,Bear Head Energy,NS,Private,2017,2024,8,Approved,Announced & Planning,1,0,8000.0,0.968,45.596588,-61.356844,Energy,Oil & Gas - Downstream,0,EN-OG-D,1,0,4,0.080587,0.275204,0.25,0.153693,0.11714,0.46856,0.189338,0.146019,capex,8000.0,blended_prob,0.113447,0.001935,0.00081,0.000536,0.000412,907.573351,15.483467,6.480329,4.284109,3.298391,937.119647,937.119647,0.11714,2025.058146,8000.0,240.0,0.159317,0.103025,0.646663,1.5464,0.0,13.201306,937.119647,109.774154,,0.11714,0.0,937.119647,0.0,109.774154,0.0,0,0,,0.190319,0.073179,1522.55514,585.435492,178.352042,68.577888,0,0,,0.190319,0.073179,1522.55514,585.435492,178.352042,68.577888,0,0,0.1339534657115113,0.0168135097932162,1071.627725692091,0.1529875694796274,0.0358476135613323,1223.9005558370195,0.1744464897491601,0.057306533830865,1395.5719179932812,0.1985192253888038,0.0813792694705087,1588.153803110431,0.1171399559182951,0.190319,0.073179,1522.55514,178.352042,0.11714,0.0,937.119647,109.774154,0.190319,0.073179,1522.55514,178.352042,0.1339534657115113,0.01681350979321619,0.1529875694796274,0.035847613561332314,0.1744464897491601,0.05730653383086501,0.1985192253888038,0.08137926947050869,0,0,0,0,0,0,0,0,0,0,0,0,0,0
858,Surmont (ConocoPhillips),ConocoPhillips Canada,AB,Energy,Oil & Gas - Upstream,2020,2024,5,6000.0,No,0.7412633063898943,0.1552779602216059,0.4482706333057501,1.7930825332230005,0.7267864182194662,0.5596769472712366,2689.6237998345,2689.6237998345,,,ConocoPhillips Canada,Surmont (ConocoPhillips),AB,Private,2020,2024,5,In Review,In Review,1,0,6000.0,0.957,56.1936,-110.9506,Energy,Oil & Gas - Upstream,0,EN-OG-U,1,0,4,0.741263,0.278296,0.25,0.155278,0.448271,1.793083,0.726786,0.559677,capex,6000.0,blended_prob,0.438227,0.006112,0.002091,0.00113,0.000711,2629.360547,36.669709,12.546053,6.780183,4.267307,2689.6238,2689.6238,0.448271,2025.036872,6000.0,180.0,0.506751,0.395126,0.779723,1.282506,0.0,2.861008,2689.6238,1205.679364,,0.448271,0.0,2689.6238,0.0,1205.679364,0.0,0,0,,0.519558,0.071287,3117.345149,427.72135,1397.414284,191.73492,1,0,,0.519558,0.071287,3117.345149,427.72135,1397.414284,191.73492,1,0,0.4748088992451732,0.0265382659394231,2848.8533954710383,0.5006639601236768,0.0523933268179266,3003.9837607420595,0.5259089982261345,0.0776383649203843,3155.453989356806,0.550663292728088,0.1023926594223378,3303.979756368527,0.4482706333057501,0.519558,0.071287,3117.345149,1397.414284,0.448271,0.0,2689.6238,1205.679364,0.519558,0.071287,3117.345149,1397.414284,0.4748088992451732,0.0265382659394231,0.5006639601236768,0.05239332681792663,0.5259089982261345,0.07763836492038434,0.550663292728088,0.10239265942233788,1,0,0,0,1,0,0,0,1,0,1,0,1,0
862,Aley Niobium Project,Taseko Mines Ltd.,BC,Mining,Critical Mineral,2017,2024,8,870.0,Yes,0.008470252444726,0.0043435510644352,0.0064069017545806,0.0256276070183226,0.0096098032869417,0.007688062367525,5.574004526485122,5.574004526485122,4.679031924005712,4.679031924005712,Taseko Mines Ltd.,Aley Niobium Project,BC,Private,2017,2024,8,In Review,In Review,1,0,870.0,0.789,56.968715,-122.439746,Mining,Critical Mineral,1,MIN-CM,1,0,3,0.00847,0.007179,0.25,0.004344,0.006407,0.025628,0.00961,0.007688,capex,870.0,blended_prob,0.006179,0.000113,5e-05,3.6e-05,2.9e-05,5.375346,0.098099,0.04392,0.03106,0.02558,5.574005,5.574005,0.006407,2025.068432,870.0,26.1,0.008709,0.005629,0.646343,1.547166,-2e-06,241.484203,5.574005,0.035712,,0.006407,0.0,5.574005,0.0,0.035712,0.0,0,0,,0.011294,0.004887,9.826115,4.252111,0.062955,0.027243,0,0,,0.011294,0.004887,9.826115,4.252111,0.062955,0.027243,0,0,0.0075598607757724,0.0011529590211918,6.577078874921998,0.0089253085706128,0.0025184068160322,7.765018456433207,0.0105424329428454,0.0041355311882648,9.171916660275516,0.0124573350670987,0.0060504333125181,10.837881508375876,0.0064069017545806,0.011294,0.004887,9.826115,0.062955,0.006407,0.0,5.574005,0.035712,0.011294,0.004887,9.826115,0.062955,0.0075598607757724,0.0011529590211918003,0.0089253085706128,0.0025184068160322,0.0105424329428454,0.0041355311882648,0.0124573350670987,0.0060504333125181,0,0,0,0,0,0,0,0,0,0,0,0,0,0
865,Ruddock Creek Zinc-Lead Mine Development Project,Imperial Metals Corporation,BC,Mining,Base Metal,2017,2024,8,144.7,No,0.0324137222689128,0.0050790451680561,0.0187463837184844,0.0749855348739378,0.0296376699639076,0.0231028982166537,2.7126017240646925,2.7126017240646925,690.9467420630674,690.9467420630674,Imperial Metals Corporation,Ruddock Creek Zinc-Lead Mine Development Project,BC,Private,2017,2024,8,In Review,In Review,1,0,144.7,0.436,51.822198,-119.00528,Mining,Base Metal,0,MIN-BM,1,0,1,0.032414,0.008398,0.25,0.005079,0.018746,0.074986,0.029638,0.023103,capex,144.7,blended_prob,0.018087,0.000328,0.000146,0.000102,8.4e-05,2.617256,0.047407,0.021066,0.014786,0.012087,2.712602,2.712602,0.018746,2025.067184,144.7,4.341,0.025484,0.016472,0.646382,1.547073,3e-06,82.526471,2.712602,0.050851,,0.018746,0.0,2.712602,0.0,0.050851,0.0,0,0,,0.032737,0.01399,4.737023,2.024421,0.088802,0.037951,0,0,,0.032737,0.01399,4.737023,2.024421,0.088802,0.037951,0,0,0.0222960751465896,0.0035496914281052,3.226242073711526,0.0264965853914123,0.0077502016729279,3.83405590613737,0.0314551273016572,0.0127087435831728,4.5515569205498085,0.0372911635455291,0.0185447798270447,5.396031365038064,0.0187463837184844,0.032737,0.01399,4.737023,0.088802,0.018746,0.0,2.712602,0.050851,0.032737,0.01399,4.737023,0.088802,0.0222960751465896,0.0035496914281052012,0.0264965853914123,0.007750201672927903,0.0314551273016572,0.0127087435831728,0.0372911635455291,0.018544779827044704,0,0,0,0,0,0,0,0,0,0,0,0,0,0
885,Pacific Northern Gas Pipeline Looping Project,Pacific Northern Gas Ltd.,BC,Energy,Trans & Distr,2017,2024,8,1300.0,No,0.0799629076404068,0.0187898694205758,0.0493763885304913,0.1975055541219652,0.0793523706688649,0.0613667813858407,64.1893050896387,64.1893050896387,,,Pacific Northern Gas Ltd.,Pacific Northern Gas Pipeline Looping Project,BC,Private,2017,2024,8,In Review,In Review,1,0,1300.0,0.842,54.040484,-128.648436,Energy,Trans & Distr,0,EN-T&D,0,0,4,0.079963,0.031283,0.25,0.01879,0.049376,0.197506,0.079352,0.061367,capex,1300.0,blended_prob,0.047699,0.000848,0.00037,0.000255,0.000204,62.008994,1.102436,0.480833,0.331261,0.265781,64.189305,64.189305,0.049376,2025.064201,1300.0,39.0,0.067132,0.043399,0.646475,1.546851,0.0,31.327751,64.189305,3.169436,,0.049376,0.0,64.189305,0.0,3.169436,0.0,0,0,,0.084263,0.034887,109.542057,45.352752,5.408791,2.239355,0,0,,0.084263,0.034887,109.542057,45.352752,5.408791,2.239355,0,0,0.0580769092530679,0.0087005207225766,75.4999820289883,0.0681615070560187,0.0187851185255274,88.60995917282436,0.0797851908812131,0.0304088023507218,103.72074814557712,0.0930956444752876,0.0437192559447963,121.02433781787391,0.0493763885304913,0.084263,0.034887,109.542057,5.408791,0.049376,0.0,64.189305,3.169436,0.084263,0.034887,109.542057,5.408791,0.0580769092530679,0.008700520722576606,0.0681615070560187,0.018785118525527403,0.0797851908812131,0.030408802350721797,0.0930956444752876,0.04371925594479631,0,0,0,0,0,0,0,0,0,0,0,0,0,0
891,Ekati (Misery Deep),Arctic Canadian Diamond Corp,NT,Mining,Other,2018,2024,7,126.721,No,0.2480967201807185,0.0687247545221046,0.1584107373514116,0.6336429494056466,0.2563229605026319,0.1975756266118997,20.07396704790823,20.07396704790823,,,Arctic Canadian Diamond Corp,Ekati (Misery Deep),NT,Private,2018,2024,7,Approved,Approved,1,0,126.721,0.408,64.445237,-110.695595,Mining,Other,0,MIN-OTH,1,0,1,0.248097,0.117423,0.25,0.068725,0.158411,0.633643,0.256323,0.197576,capex,126.721,blended_prob,0.153634,0.002556,0.001043,0.000673,0.000505,19.468645,0.323901,0.1322,0.085229,0.063991,20.073967,20.073967,0.158411,2025.054795,126.721,3.80163,0.202504,0.139371,0.688237,1.452988,-0.0,9.172282,20.073967,3.179932,,0.158411,0.0,20.073967,0.0,3.179932,0.0,0,0,,0.232625,0.074214,29.478427,9.40446,4.669699,1.489767,0,0,,0.232625,0.074214,29.478427,9.40446,4.669699,1.489767,0,0,0.1811035267397898,0.0226927893883782,22.949620011992906,0.2058661648356214,0.0474554274842098,26.087566274134783,0.2325681594518912,0.0741574221004796,29.471269733903117,0.2610070372746005,0.1025962999231889,33.07507277047466,0.1584107373514116,0.232625,0.074214,29.478427,4.669699,0.158411,0.0,20.073967,3.179932,0.232625,0.074214,29.478427,4.669699,0.1811035267397898,0.02269278938837821,0.2058661648356214,0.047455427484209806,0.2325681594518912,0.0741574221004796,0.2610070372746005,0.10259629992318892,0,0,0,0,0,0,0,0,0,0,0,0,0,0
893,Clear Hills Project,PRISM Diversifed Ltd.,AB,Mining,Other,2017,2024,8,300.0,No,0.2906767972741108,0.0584362658198033,0.174556531546957,0.6982261261878282,0.2825287456796793,0.2177454172000459,52.3669594640871,52.3669594640871,38.63003586172261,38.63003586172261,PRISM Diversifed Ltd.,Clear Hills Project,AB,Private,2017,2024,8,Announced & Planning,Announced & Planning,1,0,300.0,0.573,56.548159,-117.888044,Mining,Other,0,MIN-OTH,1,0,2,0.290677,0.099303,0.25,0.058436,0.174557,0.698226,0.282529,0.217745,capex,300.0,blended_prob,0.169383,0.00279,0.001128,0.00072,0.000535,50.8149,0.837144,0.338339,0.215992,0.160584,52.366959,52.366959,0.174557,2025.053548,300.0,9.0,0.237467,0.153596,0.646807,1.546057,0.0,8.857057,52.366959,9.140995,,0.174557,0.0,52.366959,0.0,9.140995,0.0,0,0,,0.272533,0.097976,81.759774,29.392815,14.271703,5.130708,0,0,,0.272533,0.097976,81.759774,29.392815,14.271703,5.130708,0,0,0.1983740900652347,0.0238175585182777,59.51222701957041,0.2239664131952907,0.0494098816483337,67.18992395858723,0.2511098992864627,0.0765533677395057,75.33296978593881,0.2795205163189816,0.1049639847720246,83.8561548956945,0.174556531546957,0.272533,0.097976,81.759774,14.271703,0.174557,0.0,52.366959,9.140995,0.272533,0.097976,81.759774,14.271703,0.1983740900652347,0.023817558518277715,0.2239664131952907,0.04940988164833371,0.2511098992864627,0.07655336773950572,0.2795205163189816,0.10496398477202462,0,0,0,0,0,0,0,0,0,0,0,0,0,0
894,Coffee Gold Mine,Newmont Goldcorp Corp.,YK,Mining,Precious Metal,2017,2024,8,317.0,No,0.5807199922999529,0.0576353698636974,0.3191776810818251,1.2767107243273006,0.5172592724576077,0.3984103176321382,101.17932490293856,101.17932490293856,,,Newmont Goldcorp Corp.,Coffee Gold Mine,YK,Private,2017,2024,8,In Review,In Review,1,0,317.0,0.587,62.847528,-139.515693,Mining,Precious Metal,0,MIN-PM,1,0,2,0.58072,0.097901,0.25,0.057635,0.319178,1.276711,0.517259,0.39841,capex,317.0,blended_prob,0.311042,0.004692,0.001737,0.001015,0.000691,98.600327,1.487508,0.550532,0.32184,0.219117,101.179325,101.179325,0.319178,2025.043789,317.0,9.51,0.434445,0.281135,0.647113,1.545325,-0.0,4.841583,101.179325,32.294182,,0.319178,0.0,101.179325,0.0,32.294182,0.0,0,0,,0.45371,0.134532,143.826023,42.646698,45.906057,13.611874,0,0,,0.45371,0.134532,143.826023,42.646698,45.906057,13.611874,0,0,0.3453089193058101,0.026131238223985,109.46292741994182,0.3708702737314973,0.0516925926496721,117.56587677288464,0.3956361823620051,0.07645850128018,125.41666980875564,0.4194605013741541,0.1002828202923289,132.96897893560686,0.3191776810818251,0.45371,0.134532,143.826023,45.906057,0.319178,0.0,101.179325,32.294182,0.45371,0.134532,143.826023,45.906057,0.3453089193058101,0.026131238223985,0.3708702737314973,0.05169259264967219,0.3956361823620051,0.07645850128018,0.4194605013741541,0.10028282029232899,0,0,0,0,0,0,0,0,0,0,0,0,0,0
896,Roughrider Project,Uranium Energy Corp,SK,Mining,Critical Mineral,2024,2024,1,650.0,Yes,0.1654568009672186,0.0563677004813664,0.1109122507242925,0.0277280626810731,0.0104621009380405,0.0707321908097917,72.09296297079011,72.09296297079011,1.890548690734441,1.890548690734441,Uranium Energy Corp,Roughrider Project,SK,Private,2024,2024,1,Announced & Planning,Announced & Planning,1,0,650.0,0.732,52.255289,-106.674981,Mining,Critical Mineral,1,MIN-CM,1,0,3,0.165457,0.095684,4.0,0.056368,0.110912,0.027728,0.010462,0.070732,capex,650.0,blended_prob,0.023919,0.022853,0.022018,0.021341,0.02078,15.547658,14.854756,14.3115,13.871931,13.507119,72.092963,72.092963,0.110912,2026.929759,650.0,19.5,0.087833,0.078692,0.895927,1.116162,-0.0,10.063468,72.092963,7.995993,,0.110912,0.0,72.092963,0.0,7.995993,0.0,0,0,,0.110912,-0.0,72.092963,-0.0,7.995993,-0.0,0,0,,0.110912,-0.0,72.092963,-0.0,7.995993,-0.0,0,0,0.1283114509883389,0.0173992002640464,83.40244314242031,0.1478370592501706,0.036924808525878,96.09408851261088,0.1695443795497092,0.0586321288254167,110.20384670731096,0.1934291727179242,0.0825169219936317,125.72896226665073,0.1109122507242925,0.110912,-0.0,72.092963,7.995993,0.110912,0.0,72.092963,7.995993,0.110912,-0.0,72.092963,7.995993,0.1283114509883389,0.0173992002640464,0.1478370592501706,0.036924808525878094,0.1695443795497092,0.058632128825416685,0.1934291727179242,0.0825169219936317,0,0,0,0,0,0,0,0,0,0,0,0,0,0
938,Cedar LNG,Cedar LNG (partnership between Pembina Pipeline Corporation and Haisla Nation),BC,Energy,Oil & Gas - Downstream,2017,2024,8,4600.0,No,0.0126485020829886,0.0124899989075445,0.0125692504952666,0.0502770019810664,0.0196117384862036,0.0153862456916414,57.81855227822639,57.81855227822639,,,Cedar LNG (partnership between Pembina Pipeline Corporation and Haisla Nation),Cedar LNG,BC,Private,2017,2024,8,In Review,Announced & Planning,1,0,4600.0,0.945,53.925411,-128.727915,Energy,Oil & Gas - Downstream,0,EN-OG-D,1,0,4,0.012649,0.020728,0.25,0.01249,0.012569,0.050277,0.019612,0.015386,capex,4600.0,blended_prob,0.012124,0.00022,9.8e-05,6.9e-05,5.7e-05,55.772132,1.014017,0.452289,0.318655,0.261459,57.818552,57.818552,0.012569,2025.067805,4600.0,138.0,0.017086,0.011044,0.646363,1.547119,0.0,123.087612,57.818552,0.726736,,0.012569,0.0,57.818552,0.0,0.726736,0.0,0,0,,0.022053,0.009484,101.445282,43.626729,1.275091,0.548355,0,0,,0.022053,0.009484,101.445282,43.626729,1.275091,0.548355,0,0,0.01467926160972,0.0021100111144534,67.52460340471247,0.0171535506456727,0.0045843001504061,78.90633297009484,0.0200549496242095,0.0074856991289429,92.25276827136403,0.0234564071765417,0.0108871566812751,107.89947301209226,0.0125692504952666,0.022053,0.009484,101.445282,1.275091,0.012569,0.0,57.818552,0.726736,0.022053,0.009484,101.445282,1.275091,0.01467926160972,0.0021100111144533983,0.0171535506456727,0.0045843001504060985,0.0200549496242095,0.007485699128942898,0.0234564071765417,0.010887156681275099,0,0,0,0,0,0,0,0,0,0,0,0,0,0
942,Watson Island LNG,Watson Island LNG Corporation,BC,Energy,Oil & Gas - Downstream,2017,2024,8,270.0,No,0.0145660810025405,0.0184678013159503,0.0165169411592454,0.0660677646369818,0.0260191243498365,0.0203178144354819,4.459574112996257,4.459574112996257,,,Watson Island LNG Corporation,Watson Island LNG,BC,Private,2017,2024,8,Announced & Planning,Announced & Planning,1,0,270.0,0.557,,,Energy,Oil & Gas - Downstream,0,EN-OG-D,1,0,2,0.014566,0.030742,0.25,0.018468,0.016517,0.066068,0.026019,0.020318,capex,270.0,blended_prob,0.015935,0.000289,0.000129,9e-05,7.4e-05,4.302432,0.078037,0.034724,0.024405,0.019977,4.459574,4.459574,0.016517,2025.067407,270.0,8.1,0.022453,0.014513,0.646375,1.547089,-2e-06,93.666828,4.459574,0.073659,,0.016517,0.0,4.459574,0.0,0.073659,0.0,0,0,,0.028893,0.012376,7.800993,3.341419,0.128849,0.05519,0,0,,0.028893,0.012376,7.800993,3.341419,0.128849,0.05519,0,0,0.01920915936739,0.0026922182081446,5.186473029195311,0.0223523235847356,0.0058353824254902,6.035127367878624,0.0260216924789988,0.0095047513197534,7.025856969329695,0.0303040881668788,0.0137871470076334,8.182103805057295,0.0165169411592454,0.028893,0.012376,7.800993,0.128849,0.016517,0.0,4.459574,0.073659,0.028893,0.012376,7.800993,0.128849,0.01920915936739,0.002692218208144602,0.0223523235847356,0.005835382425490202,0.0260216924789988,0.009504751319753403,0.0303040881668788,0.0137871470076334,0,0,0,0,0,0,0,0,0,0,0,0,0,0
943,Tilbury Marine Jetty,"Tilbury Jetty Marine Partnership (Fortis, Seaspan, Shell)",BC,Energy,Oil & Gas - Downstream,2017,2024,8,1100.0,No,0.0157607900074262,0.0141546776093267,0.0149577338083764,0.0598309352335059,0.0234884186819408,0.0183700077578022,16.45350718921404,16.45350718921404,,,"Tilbury Jetty Marine Partnership (Fortis, Seaspan, Shell)",Tilbury Marine Jetty,BC,Private,2017,2024,8,In Review,In Review,1,0,1100.0,0.821,49.141798,-123.023505,Energy,Oil & Gas - Downstream,0,EN-OG-D,1,0,3,0.015761,0.02351,0.25,0.014155,0.014958,0.059831,0.023488,0.01837,capex,1100.0,blended_prob,0.01443,0.000262,0.000117,8.2e-05,6.7e-05,15.872716,0.288169,0.128347,0.090294,0.07398,16.453507,16.453507,0.014958,2025.067564,1100.0,33.0,0.020333,0.013143,0.64637,1.547101,-0.0,103.431519,16.453507,0.246107,,0.014958,0.0,16.453507,0.0,0.246107,0.0,0,0,,0.026196,0.011238,28.815834,12.362327,0.43102,0.184912,0,0,,0.026196,0.011238,28.815834,12.362327,0.43102,0.184912,0,0,0.0174868616506508,0.0025291278422744,19.235547815715968,0.0204534238688833,0.0054956900605069,22.498766255771663,0.0239320950346299,0.0089743612262535,26.325304538092983,0.0280090769317571,0.0130513431233807,30.809984624932905,0.0149577338083764,0.026196,0.011238,28.815834,0.43102,0.014958,0.0,16.453507,0.246107,0.026196,0.011238,28.815834,0.43102,0.0174868616506508,0.0025291278422744003,0.0204534238688833,0.005495690060506901,0.0239320950346299,0.0089743612262535,0.0280090769317571,0.0130513431233807,0,0,0,0,0,0,0,0,0,0,0,0,0,0
956,Chapel Rock to Pincher Creek Area Transmission Development,Altalink,AB,Energy,Trans & Distr,2017,2024,8,500.0,No,0.7666751067987742,0.2008964182097041,0.4837857625042391,1.9351430500169569,0.7844300271394575,0.6040434683583265,241.8928812521195,241.8928812521195,3.331957187042876,3.331957187042876,Altalink,Chapel Rock to Pincher Creek Area Transmission Development,AB,Private,2017,2024,8,Announced & Planning,Announced & Planning,1,0,500.0,0.677,49.739198,-114.300651,Energy,Trans & Distr,0,EN-T&D,1,0,2,0.766675,0.369854,0.25,0.200896,0.483786,1.935143,0.78443,0.604043,capex,500.0,blended_prob,0.473315,0.00646,0.002163,0.001144,0.000705,236.657338,3.229903,1.081437,0.571936,0.352267,241.892881,241.892881,0.483786,2025.035213,500.0,15.0,0.658812,0.426504,0.647385,1.544677,-0.0,3.192895,241.892881,117.024332,,0.483786,0.0,241.892881,0.0,117.024332,0.0,0,0,,0.624099,0.140313,312.049287,70.156405,150.965002,33.94067,1,0,,0.624099,0.140313,312.049287,70.156405,150.965002,33.94067,1,0,0.5114675899234821,0.0276818274192429,255.73379496174095,0.5386132513168114,0.0548274888125722,269.3066256584056,0.5653175278553826,0.0815317653511434,282.6587639276912,0.5917022902445294,0.1079165277402902,295.8511451222646,0.4837857625042391,0.624099,0.140313,312.049287,150.965002,0.483786,0.0,241.892881,117.024332,0.624099,0.140313,312.049287,150.965002,0.5114675899234821,0.027681827419242966,0.5386132513168114,0.05482748881257227,0.5653175278553826,0.08153176535114348,0.5917022902445294,0.10791652774029026,1,0,0,0,1,0,1,0,1,0,1,0,1,0
957,Groundhog Project Anthracite Coal Mine,Atrum Coal,BC,Mining,Coal,2017,2024,8,600.0,No,0.004861603010901,0.0038318899324705,0.0043467464716857,0.017386985886743,0.0062660230974358,0.0051144571219858,2.608047883011421,2.608047883011421,,,Atrum Coal,Groundhog Project Anthracite Coal Mine,BC,Private,2017,2024,8,Announced & Planning,Announced & Planning,1,0,600.0,0.714,56.70066,-128.762292,Mining,Coal,0,MIN-COAL,1,0,3,0.004862,0.006332,0.25,0.003832,0.004347,0.017387,0.006266,0.005114,capex,600.0,blended_prob,0.004191,7.7e-05,3.4e-05,2.4e-05,2e-05,2.51488,0.045954,0.0206,0.014586,0.012028,2.608048,2.608048,0.004347,2025.068643,600.0,18.0,0.005908,0.003819,0.646337,1.547181,3e-06,355.940067,2.608048,0.011337,,0.004347,0.0,2.608048,0.0,0.011337,0.0,0,0,,0.007675,0.003328,4.604872,1.996824,0.020016,0.00868,0,0,,0.007675,0.003328,4.604872,1.996824,0.020016,0.00868,0,0,0.0050996651071083,0.0007529186354226,3.059799064265009,0.0059877713058356,0.0016410248341499,3.592662783501381,0.0070358382027126,0.0026890917310269,4.221502921627586,0.0082731440942503,0.0039263976225646,4.963886456550237,0.0043467464716857,0.007675,0.003328,4.604872,0.020016,0.004347,0.0,2.608048,0.011337,0.007675,0.003328,4.604872,0.020016,0.0050996651071083,0.0007529186354225999,0.0059877713058356,0.0016410248341498998,0.0070358382027126,0.0026890917310269,0.0082731440942503,0.0039263976225646,0,0,0,0,0,0,0,0,0,0,0,0,0,0
974,Lakelse Geothermal Power Plant,Enbridge/ Borealis Inc./ Kitselas First Nation,BC,Energy,Clean Electricity,2017,2024,8,120.0,Yes,0.1638269055579062,0.0267161990369279,0.095271552297417,0.3810862091896682,0.1538435222204739,0.1187003402666398,11.43258627569004,11.43258627569004,109.98476566461576,109.98476566461576,Enbridge/ Borealis Inc./ Kitselas First Nation,Lakelse Geothermal Power Plant,BC,Private,2017,2024,8,Announced & Planning,In Review,1,0,120.0,0.388,54.44564,-128.5403,Energy,Clean Electricity,1,EN-CLEL,1,0,1,0.163827,0.044659,0.25,0.026716,0.095272,0.381086,0.153844,0.1187,capex,120.0,blended_prob,0.092195,0.001594,0.000676,0.000453,0.000353,11.063427,0.191274,0.081127,0.054351,0.042406,11.432586,11.432586,0.095272,2025.060022,120.0,3.6,0.129562,0.083775,0.646605,1.54654,1e-06,16.23297,11.432586,1.0892,,0.095272,0.0,11.432586,0.0,1.0892,0.0,0,0,,0.157222,0.061951,18.866676,7.43409,1.797457,0.708257,0,0,,0.157222,0.061951,18.866676,7.43409,1.797457,0.708257,0,0,0.1106868807495806,0.0154153284521636,13.28242568994968,0.1280023738960846,0.0327308215986675,15.36028486753015,0.147254214041403,0.051982661743986,17.67050568496836,0.1684186049472362,0.0731470526498192,20.21023259366835,0.095271552297417,0.157222,0.061951,18.866676,1.797457,0.095272,0.0,11.432586,1.0892,0.157222,0.061951,18.866676,1.797457,0.1106868807495806,0.01541532845216359,0.1280023738960846,0.032730821598667595,0.147254214041403,0.05198266174398598,0.1684186049472362,0.0731470526498192,0,0,0,0,0,0,0,0,0,0,0,0,0,0
983,Red Willow Wind Farm,Red Willow Wind LP,BC,Energy,Clean Electricity,2017,2024,8,480.0,Yes,0.1366261624531057,0.0201292705034609,0.0783777164782833,0.3135108659131334,0.1264236116895525,0.097596074562791,37.62130390957599,37.62130390957599,,,Red Willow Wind LP,Red Willow Wind Farm,BC,Private,2017,2024,8,In Review,In Review,1,0,480.0,0.67,54.808663,-120.375011,Energy,Clean Electricity,1,EN-CLEL,1,0,2,0.136626,0.033536,0.25,0.020129,0.078378,0.313511,0.126424,0.097596,capex,480.0,blended_prob,0.0758,0.001324,0.000567,0.000384,0.000303,36.383767,0.635536,0.272342,0.184342,0.145316,37.621304,37.621304,0.078378,2025.061521,480.0,14.4,0.106579,0.068909,0.646558,1.546652,0.0,19.733311,37.621304,2.948672,,0.078378,0.0,37.621304,0.0,2.948672,0.0,0,0,,0.130933,0.052555,62.847826,25.226522,4.925869,1.977197,0,0,,0.130933,0.052555,62.847826,25.226522,4.925869,1.977197,0,0,0.091532508347545,0.0131547918692617,43.935604006821634,0.1064639273199201,0.0280862108416368,51.10268511356166,0.1232582273419408,0.0448805108636575,59.163949124131605,0.1419557319175137,0.0635780154392304,68.13875132040663,0.0783777164782833,0.130933,0.052555,62.847826,4.925869,0.078378,0.0,37.621304,2.948672,0.130933,0.052555,62.847826,4.925869,0.091532508347545,0.013154791869261703,0.1064639273199201,0.028086210841636802,0.1232582273419408,0.04488051086365749,0.1419557319175137,0.0635780154392304,0,0,0,0,0,0,0,0,0,0,0,0,0,0
1023,Kivalliq Hydro Fibre Link,Nukik Corp.,Multi,Energy,Clean Electricity,2017,2024,8,1600.0,Yes,0.6702485601505179,0.2015596201652288,0.4359040901578734,1.7436163606314936,0.7067146292946851,0.5442283058125981,697.4465442525976,697.4465442525976,,,Nukik Corp.,Kivalliq Hydro Fibre Link,Multi,Public,2017,2024,8,Announced & Planning,Announced & Planning,1,0,1600.0,0.872,58.765245,-94.167571,Energy,Clean Electricity,1,EN-CLEL,1,0,4,0.670249,0.371223,0.25,0.20156,0.435904,1.743616,0.706715,0.544228,capex,1600.0,blended_prob,0.426018,0.005986,0.002064,0.001124,0.000713,681.628939,9.577987,3.30174,1.797819,1.140059,697.446544,697.446544,0.435904,2025.037473,1600.0,48.0,0.593533,0.384201,0.647313,1.544848,0.0,3.54401,697.446544,304.019801,,0.435904,0.0,697.446544,0.0,304.019801,0.0,0,0,,0.577876,0.141972,924.601143,227.154598,403.03742,99.017619,1,0,,0.577876,0.141972,924.601143,227.154598,403.03742,99.017619,1,0,0.4677140365529074,0.031809946395034,748.3424584846521,0.4991585834864591,0.0632544933285857,798.6537335783348,0.5301685839292435,0.09426449377137,848.2697342867898,0.5607325618216529,0.1248284716637794,897.1720989146448,0.4359040901578734,0.577876,0.141972,924.601143,403.03742,0.435904,0.0,697.446544,304.019801,0.577876,0.141972,924.601143,403.03742,0.4677140365529074,0.03180994639503398,0.4991585834864591,0.06325449332858568,0.5301685839292435,0.09426449377137008,0.5607325618216529,0.12482847166377947,1,0,0,0,1,0,0,0,0,0,1,0,1,0
1034,Patterson Lake South,Fission Uranium Corp.,SK,Mining,Critical Mineral,2020,2024,5,1177.0,Yes,0.0751481260933726,0.0513179061941829,0.0632330161437778,0.2529320645751112,0.1018426738471572,0.0786768792251295,74.42526000122646,74.42526000122646,,,Fission Uranium Corp.,Patterson Lake South,SK,Private,2020,2024,5,Announced & Planning,In Review,1,0,1177.0,0.827,57.635749,-109.316745,Mining,Critical Mineral,1,MIN-CM,1,0,3,0.075148,0.086882,0.25,0.051318,0.063233,0.252932,0.101843,0.078677,capex,1177.0,blended_prob,0.061118,0.001077,0.000466,0.000318,0.000253,71.93581,1.26818,0.548478,0.37469,0.298101,74.42526,74.42526,0.063233,2025.062904,1177.0,35.31,0.071379,0.055586,0.778744,1.284119,0.0,20.307735,74.42526,4.706134,,0.063233,0.0,74.42526,0.0,4.706134,0.0,0,0,,0.082438,0.019205,97.029188,22.603928,6.135448,1.429315,0,0,,0.082438,0.019205,97.029188,22.603928,6.135448,1.429315,0,0,0.0736058430097605,0.0103728268659827,86.63407722248814,0.0855661098600203,0.0223330937162425,100.7113113052439,0.0992972459922219,0.0360642298484441,116.87285853284529,0.1149803500184846,0.0517473338747068,135.3318719717564,0.0632330161437778,0.082438,0.019205,97.029188,6.135448,0.063233,0.0,74.42526,4.706134,0.082438,0.019205,97.029188,6.135448,0.0736058430097605,0.010372826865982704,0.0855661098600203,0.022333093716242508,0.0992972459922219,0.036064229848444096,0.1149803500184846,0.0517473338747068,0,0,0,0,0,0,0,0,0,0,0,0,0,0
1037,Ksi Lisims LNG,"Western LNG, Nisga'a Nation, Rockies LNG Partners",BC,Energy,Oil & Gas - Downstream,2021,2024,4,10000.0,No,0.0313489009191976,0.0121174021328944,0.021733151526046,0.021733151526046,0.0080295579491135,0.016251714095273,217.33151526046004,217.33151526046004,,,"Western LNG, Nisga'a Nation, Rockies LNG Partners",Ksi Lisims LNG,BC,Private,2021,2024,4,Announced & Planning,Announced & Planning,1,0,10000.0,0.975,54.901569,-130.072604,Energy,Oil & Gas - Downstream,0,EN-OG-D,1,0,4,0.031349,0.020106,1.0,0.012117,0.021733,0.021733,0.00803,0.016252,capex,10000.0,blended_prob,0.007651,0.004627,0.003592,0.003083,0.002781,76.508311,46.265118,35.92298,30.826235,27.80887,217.331515,217.331515,0.021733,2026.480803,10000.0,300.0,0.021248,0.016284,0.766354,1.30488,-0.0,60.041005,217.331515,4.723299,,0.021733,0.0,217.331515,0.0,4.723299,0.0,0,0,,0.026178,0.004444,261.776396,44.444881,5.689226,0.965927,0,0,,0.026178,0.004444,261.776396,44.444881,5.689226,0.965927,0,0,0.0256453958793548,0.0039122443533088,256.4539587935484,0.0302515698219206,0.0085184182958746,302.51569821920646,0.0356644232060018,0.0139312716799558,356.6442320600189,0.0420099619105923,0.0202768103845463,420.0996191059232,0.021733151526046,0.026178,0.004444,261.776396,5.689226,0.021733,0.0,217.331515,4.723299,0.026178,0.004444,261.776396,5.689226,0.0256453958793548,0.003912244353308798,0.0302515698219206,0.008518418295874599,0.0356644232060018,0.013931271679955799,0.0420099619105923,0.0202768103845463,0,0,0,0,0,0,0,0,0,0,0,0,0,0
1041,Centrale hydroelectrique des chutes du six milles,"Energie hydroelectrique Pessamit, Societe en commandite",QC,Energy,Clean Electricity,2017,2024,8,51.0,Yes,0.5263679434359547,0.1406381898266192,0.333503066631287,1.334012266525148,0.5405104034791557,0.4163060013704345,17.008656398195637,17.008656398195637,,,"Energie hydroelectrique Pessamit, Societe en commandite",Centrale hydroelectrique des chutes du six milles,QC,Public,2017,2024,8,In Review,In Review,1,0,51.0,0.229,48.723889,-69.158333,Energy,Clean Electricity,1,EN-CLEL,1,0,0,0.526368,0.249959,0.25,0.140638,0.333503,1.334012,0.54051,0.416306,capex,51.0,blended_prob,0.325125,0.004862,0.001784,0.001034,0.000698,16.581385,0.247979,0.090981,0.052726,0.035585,17.008656,17.008656,0.333503,2025.042946,51.0,1.53,0.453965,0.293778,0.64714,1.545262,-0.0,4.633426,17.008656,5.672439,,0.333503,0.0,17.008656,0.0,5.672439,0.0,0,0,,0.469906,0.136403,23.965197,6.95654,7.992467,2.320028,0,0,,0.469906,0.136403,23.965197,6.95654,7.992467,2.320028,0,0,0.3652771780115816,0.0317741113802946,18.629136078590665,0.397364877884496,0.063861811253209,20.2656087721093,0.4294870614159649,0.0959839947846779,21.90384013221421,0.4614234274890875,0.1279203608578005,23.53259480194346,0.333503066631287,0.469906,0.136403,23.965197,7.992467,0.333503,0.0,17.008656,5.672439,0.469906,0.136403,23.965197,7.992467,0.3652771780115816,0.03177411138029462,0.397364877884496,0.063861811253209,0.4294870614159649,0.0959839947846779,0.4614234274890875,0.1279203608578005,0,0,0,0,0,0,0,0,0,0,0,0,0,0
1042,Kudz Ze Kayah,BMC Minerals Ltd.,YK,Mining,Other,2018,2024,7,496.0,No,0.5453039740625764,0.0527873744580622,0.2990456742603193,1.1961826970412772,0.4845835775021505,0.3732608355570518,148.32665443311836,148.32665443311836,,,BMC Minerals Ltd.,Kudz Ze Kayah,YK,Private,2018,2024,7,Announced & Planning,In Review,1,0,496.0,0.676,61.45805,-130.61,Mining,Other,0,MIN-OTH,1,0,2,0.545304,0.089438,0.25,0.052787,0.299046,1.196183,0.484584,0.373261,capex,496.0,blended_prob,0.291265,0.004448,0.001667,0.000986,0.00068,144.467289,2.206338,0.826641,0.489211,0.337174,148.326654,148.326654,0.299046,2025.045008,496.0,14.88,0.382491,0.263369,0.688563,1.4523,-0.0,4.856448,148.326654,44.356444,,0.299046,0.0,148.326654,0.0,44.356444,0.0,0,0,,0.407262,0.108216,202.001983,53.675328,60.407819,16.051375,0,0,,0.407262,0.108216,202.001983,53.675328,60.407819,16.051375,0,0,0.3254357692706768,0.0263900950103574,161.41614155825567,0.3514788056836935,0.0524331314233742,174.333487619112,0.3768952564689401,0.0778495822086208,186.94004720859428,0.4014775314810146,0.1024318572206953,199.13285561458324,0.2990456742603193,0.407262,0.108216,202.001983,60.407819,0.299046,0.0,148.326654,44.356444,0.407262,0.108216,202.001983,60.407819,0.3254357692706768,0.026390095010357495,0.3514788056836935,0.05243313142337419,0.3768952564689401,0.07784958220862082,0.4014775314810146,0.10243185722069531,0,0,0,0,0,0,0,0,0,0,0,0,0,0
1045,NES Wood Pellet Plant,Northern Energy Solutions (NES),NB,Forest,Other,2017,2024,8,70.0,Yes,0.4199147844592837,0.2045518198806736,0.3122333021699787,1.2489332086799148,0.5059880460473222,0.3897351997209161,21.85633115189852,21.85633115189852,,,Northern Energy Solutions (NES),NES Wood Pellet Plant,NB,Private,2017,2024,8,In Review,In Review,1,0,70.0,0.275,47.022825,-65.495815,Forest,Other,1,FOR-OTH,1,0,0,0.419915,0.377415,0.25,0.204552,0.312233,1.248933,0.505988,0.389735,capex,70.0,blended_prob,0.304218,0.004609,0.001713,0.001006,0.000688,21.295266,0.322626,0.119911,0.070397,0.048131,21.856331,21.856331,0.312233,2025.044205,70.0,2.1,0.424983,0.275006,0.6471,1.545357,0.0,4.949365,21.856331,6.824274,,0.312233,0.0,21.856331,0.0,6.824274,0.0,0,0,,0.445755,0.133522,31.20284,9.346509,9.742566,2.918291,0,0,,0.445755,0.133522,31.20284,9.346509,9.742566,2.918291,0,0,0.3472852046248627,0.035051902454884,24.30996432374041,0.3837885024758408,0.0715552003058621,26.86519517330888,0.4213856748292167,0.109152372659238,29.49699723804519,0.4597117892389369,0.1474784870689582,32.179825246725606,0.3122333021699787,0.445755,0.133522,31.20284,9.742566,0.312233,0.0,21.856331,6.824274,0.445755,0.133522,31.20284,9.742566,0.3472852046248627,0.03505190245488399,0.3837885024758408,0.0715552003058621,0.4213856748292167,0.109152372659238,0.4597117892389369,0.14747848706895822,0,0,0,0,0,0,0,0,0,0,0,0,0,0
1049,Centrale hydroelectrique de la chute du quatre milles,"Energie hydroelectrique Pessamit, Societe en commandite",QC,Energy,Clean Electricity,2017,2024,8,22.0,Yes,0.5263679434359547,0.1575050056591698,0.3419364745475622,1.367745898190249,0.554198431053872,0.4268412571500861,7.522602440046369,7.522602440046369,,,"Energie hydroelectrique Pessamit, Societe en commandite",Centrale hydroelectrique de la chute du quatre milles,QC,Public,2017,2024,8,In Review,In Review,1,0,22.0,0.108,48.726389,-69.092778,Energy,Clean Electricity,1,EN-CLEL,1,0,0,0.526368,0.28265,0.25,0.157505,0.341936,1.367746,0.554198,0.426841,capex,22.0,blended_prob,0.33342,0.004961,0.001811,0.001044,0.000701,7.335236,0.109139,0.039837,0.022968,0.015422,7.522602,7.522602,0.341936,2025.04246,22.0,0.66,0.465457,0.301223,0.647155,1.545225,1e-06,4.519042,7.522602,2.572252,,0.341936,0.0,7.522602,0.0,2.572252,0.0,0,0,,0.479308,0.137371,10.544775,3.022173,3.605643,1.033391,0,0,,0.479308,0.137371,10.544775,3.022173,3.605643,1.033391,0,0,0.3746302539602087,0.0326937794126465,8.241865587124593,0.4077082730636605,0.0657717985160982,8.96958200740053,0.4408886062878129,0.0989521317402507,9.699549338331884,0.4739452873401614,0.1320088127925991,10.42679632148355,0.3419364745475622,0.479308,0.137371,10.544775,3.605643,0.341936,0.0,7.522602,2.572252,0.479308,0.137371,10.544775,3.605643,0.3746302539602087,0.032693779412646506,0.4077082730636605,0.06577179851609827,0.4408886062878129,0.09895213174025069,0.4739452873401614,0.13200881279259918,0,0,0,0,0,0,0,0,0,0,0,0,0,0
1050,Centrale hydroelectrique Manouane Sipi (Dam B),"Manouane Sipi, Societe en commandite",QC,Energy,Clean Electricity,2017,2024,8,100.0,Yes,0.7683249386503099,0.1263969641986598,0.4473609514244849,1.7894438056979396,0.7253099391022937,0.5585405464956084,44.73609514244849,44.73609514244849,,,"Manouane Sipi, Societe en commandite",Centrale hydroelectrique Manouane Sipi (Dam B),QC,Private,2017,2024,8,In Review,In Review,1,0,100.0,0.342,47.3812,-73.5727,Energy,Clean Electricity,1,EN-CLEL,1,0,1,0.768325,0.222853,0.25,0.126397,0.447361,1.789444,0.72531,0.558541,capex,100.0,blended_prob,0.437329,0.006102,0.002089,0.00113,0.000711,43.732852,0.610247,0.208903,0.112959,0.071133,44.736095,44.736095,0.447361,2025.036916,100.0,3.0,0.609151,0.394322,0.64733,1.544806,0.0,3.453154,44.736095,20.013182,,0.447361,0.0,44.736095,0.0,20.013182,0.0,0,0,,0.589167,0.141806,58.916673,14.180578,26.357019,6.343837,1,0,,0.589167,0.141806,58.916673,14.180578,26.357019,6.343837,1,0,0.4709938495826504,0.0236328981581654,47.09938495826504,0.4938131425509122,0.0464521911264272,49.38131425509122,0.515936284007456,0.068575332582971,51.5936284007456,0.5375207747902888,0.0901598233658039,53.75207747902888,0.4473609514244849,0.589167,0.141806,58.916673,26.357019,0.447361,0.0,44.736095,20.013182,0.589167,0.141806,58.916673,26.357019,0.4709938495826504,0.023632898158165494,0.4938131425509122,0.04645219112642729,0.515936284007456,0.06857533258297105,0.5375207747902888,0.09015982336580391,1,0,0,0,1,0,0,0,0,0,1,0,1,0
1051,St. Lawrence Fluorspar Mine,Fluorspar Holdings PTE Ltd.,NL,Mining,Precious Metal,2017,2024,8,250.0,No,0.411687366652097,0.0303050205425954,0.2209961935973462,0.8839847743893848,0.3579036571054015,0.2757591790005683,55.24904839933655,55.24904839933655,,,Fluorspar Holdings PTE Ltd.,St. Lawrence Fluorspar Mine,NL,Private,2017,2024,8,Approved,Approved,1,0,250.0,0.534,,,Mining,Precious Metal,0,MIN-PM,1,0,2,0.411687,0.050752,0.25,0.030305,0.220996,0.883985,0.357904,0.275759,capex,250.0,blended_prob,0.214761,0.003439,0.001351,0.000839,0.000606,53.69016,0.859861,0.337835,0.20966,0.151532,55.249048,55.249048,0.220996,2025.050148,250.0,7.5,0.300701,0.194527,0.646913,1.545803,0.0,6.994703,55.249048,12.209829,,0.220996,0.0,55.249048,0.0,12.209829,0.0,0,0,,0.334476,0.11348,83.619011,28.369963,18.479483,6.269654,0,0,,0.334476,0.11348,83.619011,28.369963,18.479483,6.269654,0,0,0.2459988894443564,0.0250026958470102,61.49972236108911,0.2716225185663922,0.050626324969046,67.90562964159807,0.297492121153224,0.0764959275558778,74.37303028830601,0.3232388468093961,0.1022426532120499,80.80971170234903,0.2209961935973462,0.334476,0.11348,83.619011,18.479483,0.220996,0.0,55.249048,12.209829,0.334476,0.11348,83.619011,18.479483,0.2459988894443564,0.025002695847010203,0.2716225185663922,0.05062632496904598,0.297492121153224,0.07649592755587778,0.3232388468093961,0.10224265321204987,0,0,0,0,0,0,0,0,0,0,0,0,0,0
1057,Pacific Future Energy Oil Refinery,Pacific Future Energy,BC,Energy,Oil & Gas - Downstream,2017,2024,8,12720.0,No,0.0126485020829886,0.0120320647529729,0.0123402834179807,0.0493611336719231,0.0192401084525677,0.0151002134318155,156.96840507671456,156.96840507671456,,,Pacific Future Energy,Pacific Future Energy Oil Refinery,BC,Private,2017,2024,8,Announced & Planning,Announced & Planning,1,0,12720.0,0.982,53.952896,-128.722594,Energy,Oil & Gas - Downstream,0,EN-OG-D,1,0,4,0.012649,0.019963,0.25,0.012032,0.01234,0.049361,0.01924,0.0151,capex,12720.0,blended_prob,0.011903,0.000216,9.7e-05,6.8e-05,5.6e-05,151.41126,2.753257,1.228224,0.865453,0.710211,156.968405,156.968405,0.01234,2025.067828,12720.0,381.6,0.016775,0.010842,0.646362,1.547121,-0.0,125.371574,156.968405,1.937035,,0.01234,0.0,156.968405,0.0,1.937035,0.0,0,0,,0.021655,0.009315,275.456407,118.488002,3.39921,1.462176,0,0,,0.021655,0.009315,275.456407,118.488002,3.39921,1.462176,0,0,0.0144202337566857,0.002079950338705,183.4253733850433,0.0168605794622453,0.0045202960442646,214.4665707597607,0.0197236692472129,0.0073833858292322,250.8850728245491,0.0230819134439685,0.0107416300259878,293.6019390072805,0.0123402834179807,0.021655,0.009315,275.456407,3.39921,0.01234,0.0,156.968405,1.937035,0.021655,0.009315,275.456407,3.39921,0.0144202337566857,0.0020799503387050004,0.0168605794622453,0.0045202960442646024,0.0197236692472129,0.0073833858292321995,0.0230819134439685,0.0107416300259878,0,0,0,0,0,0,0,0,0,0,0,0,0,0
1067,Authier,Sayona Quebec inc.,QC,Mining,Other,2017,2024,8,223.0,No,0.0712932553104474,0.0220422039673761,0.0466677296389117,0.186670918555647,0.0749560224823993,0.0579830467763067,10.40690370947731,10.40690370947731,,,Sayona Quebec inc.,Authier,QC,Private,2017,2024,8,Announced & Planning,In Review,1,0,223.0,0.519,48.400581,-78.257358,Mining,Other,0,MIN-OTH,1,0,1,0.071293,0.036758,0.25,0.022042,0.046668,0.186671,0.074956,0.057983,capex,223.0,blended_prob,0.045078,0.000803,0.000351,0.000242,0.000194,10.052347,0.179012,0.078206,0.053967,0.043371,10.406904,10.406904,0.046668,2025.064458,223.0,6.69,0.063449,0.041018,0.646467,1.54687,1e-06,33.146467,10.406904,0.485667,,0.046668,0.0,10.406904,0.0,0.485667,0.0,0,0,,0.079801,0.033134,17.795695,7.388791,0.830485,0.344818,0,0,,0.079801,0.033134,17.795695,7.388791,0.830485,0.344818,0,0,0.054845108705289,0.0081773790663773,12.230459241279467,0.0643428333421447,0.017675103703233,14.34845183529827,0.0753209587482956,0.0286532291093839,16.796573800869922,0.0879381163922971,0.0412703867533854,19.610199955482276,0.0466677296389117,0.079801,0.033134,17.795695,0.830485,0.046668,0.0,10.406904,0.485667,0.079801,0.033134,17.795695,0.830485,0.054845108705289,0.008177379066377298,0.0643428333421447,0.017675103703233004,0.0753209587482956,0.0286532291093839,0.0879381163922971,0.041270386753385395,0,0,0,0,0,0,0,0,0,0,0,0,0,0
1077,Christina Lake,Cenovus Energy Inc.,AB,Energy,Other,2017,2024,8,900.0,Yes,0.8309127778113065,0.216436297766521,0.5236745377889138,2.094698151155656,0.8491723782078305,0.6538736739564806,471.3070840100224,471.3070840100224,,,Cenovus Energy Inc.,Christina Lake,AB,Private,2017,2024,8,Approved,Approved,1,0,900.0,0.793,55.576423,-110.89741,Energy,Other,1,EN-OTH,1,0,3,0.830913,0.402241,0.25,0.216436,0.523675,2.094698,0.849172,0.653874,capex,900.0,blended_prob,0.512767,0.00683,0.002232,0.001152,0.000693,461.490527,6.147355,2.00889,1.036952,0.62336,471.307084,471.307084,0.523675,2025.033459,900.0,27.0,0.713201,0.461755,0.64744,1.544544,-0.0,2.949435,471.307084,246.811519,,0.523675,0.0,471.307084,0.0,246.811519,0.0,0,0,,0.660748,0.137074,594.673354,123.36627,311.415294,64.603774,0,0,,0.660748,0.137074,594.673354,123.36627,311.415294,64.603774,0,0,0.5485613631361926,0.0248868253472788,493.7052268225733,0.5730901395429627,0.0494156017540489,515.7811255886664,0.5974194262375111,0.0737448884485972,537.6774836137599,0.6217049406091653,0.0980304028202514,559.5344465482486,0.5236745377889138,0.660748,0.137074,594.673354,311.415294,0.523675,0.0,471.307084,246.811519,0.660748,0.137074,594.673354,311.415294,0.5485613631361926,0.024886825347278818,0.5730901395429627,0.04941560175404891,0.5974194262375111,0.07374488844859728,0.6217049406091653,0.09803040282025144,0,0,0,0,0,0,0,0,0,0,0,0,0,0
1079,Hangingstone,Japan Canada Oil Sands Limited (JACOS),AB,Energy,Oil & Gas - Upstream,2017,2024,8,1200.0,No,0.7757249033096876,0.1750018337799148,0.4753633685448012,1.9014534741792049,0.7707598760088066,0.5935219715304034,570.4360422537613,570.4360422537613,1.9928288989185885,1.9928288989185885,Japan Canada Oil Sands Limited (JACOS),Hangingstone,AB,Private,2017,2024,8,Approved,Approved,1,0,1200.0,0.828,56.28806,-111.604233,Energy,Oil & Gas - Upstream,0,EN-OG-U,1,0,3,0.775725,0.31726,0.25,0.175002,0.475363,1.901453,0.77076,0.593522,capex,1200.0,blended_prob,0.46499,0.006379,0.002147,0.001141,0.000706,557.988211,7.65457,2.576078,1.369404,0.847779,570.436042,570.436042,0.475363,2025.035597,1200.0,36.0,0.647328,0.419062,0.647372,1.544706,-0.0,3.249527,570.436042,271.164399,,0.475363,0.0,570.436042,0.0,271.164399,0.0,0,0,,0.616149,0.140786,739.378892,168.94285,351.473641,80.309242,1,0,,0.616149,0.140786,739.378892,168.94285,351.473641,80.309242,1,0,0.5012604890825004,0.0258971205376992,601.5125868990004,0.5265509833453501,0.0511876148005489,631.86118001442,0.5513539991142005,0.0759906305693992,661.6247989370404,0.5758174548382632,0.1004540862934619,690.9809458059157,0.4753633685448012,0.616149,0.140786,739.378892,351.473641,0.475363,0.0,570.436042,271.164399,0.616149,0.140786,739.378892,351.473641,0.5012604890825004,0.025897120537699214,0.5265509833453501,0.0511876148005489,0.5513539991142005,0.07599063056939925,0.5758174548382632,0.10045408629346197,1,0,0,0,1,0,1,0,1,0,1,0,1,0
1082,Narrows Lake,Cenovus Energy Inc.,AB,Energy,Clean Electricity,2017,2024,8,1600.0,Yes,0.8850853580686062,0.2015596201652288,0.5433224891169175,2.17328995646767,0.8810624162842978,0.6784184599838696,869.3159825870681,869.3159825870681,,,Cenovus Energy Inc.,Narrows Lake,AB,Private,2017,2024,8,Approved,Approved,1,0,1600.0,0.872,,-113.426459,Energy,Clean Electricity,1,EN-CLEL,1,0,4,0.885085,0.371223,0.25,0.20156,0.543322,2.17329,0.881062,0.678418,capex,1600.0,blended_prob,0.532216,0.007005,0.002262,0.001154,0.000685,851.545997,11.208306,3.619213,1.845963,1.096504,869.315983,869.315983,0.543322,2025.032636,1600.0,48.0,0.739994,0.479121,0.647467,1.544481,0.0,2.84266,869.315983,472.318923,,0.543322,0.0,869.315983,0.0,472.318923,0.0,0,0,,0.678216,0.134894,1085.146068,215.830085,589.584263,117.265339,0,0,,0.678216,0.134894,1085.146068,215.830085,589.584263,117.265339,0,0,0.563978921661289,0.0206564325443715,902.3662746580626,0.5845424981532772,0.0412200090363596,935.2679970452436,0.6052015207000394,0.0618790315831219,968.3224331200632,0.6261262769094916,0.0828037877925741,1001.8020430551868,0.5433224891169175,0.678216,0.134894,1085.146068,589.584263,0.543322,0.0,869.315983,472.318923,0.678216,0.134894,1085.146068,589.584263,0.563978921661289,0.02065643254437155,0.5845424981532772,0.041220009036359695,0.6052015207000394,0.06187903158312191,0.6261262769094916,0.08280378779257414,0,0,0,0,0,0,0,0,0,0,0,0,0,0
1083,Heartland Upgrader,Value Creation Inc.,AB,Energy,Oil & Gas - Downstream,2017,2024,8,2000.0,No,0.5521893375598058,0.2171251205476888,0.3846572290537473,1.538628916214989,0.6235372880733265,0.480209252661579,769.3144581074947,769.3144581074947,,,Value Creation Inc.,Heartland Upgrader,AB,Private,2017,2024,8,In Review,Announced & Planning,1,0,2000.0,0.893,,,Energy,Oil & Gas - Downstream,0,EN-OG-D,0,0,4,0.552189,0.403691,0.25,0.217125,0.384657,1.538629,0.623537,0.480209,capex,2000.0,blended_prob,0.375479,0.005443,0.001936,0.001087,0.000711,750.958355,10.886502,3.871714,2.174967,1.42292,769.314458,769.314458,0.384657,2025.040096,2000.0,60.0,0.523678,0.33894,0.64723,1.545047,0.0,4.016685,769.314458,295.922368,,0.384657,0.0,769.314458,0.0,295.922368,0.0,0,0,,0.525486,0.140829,1050.972904,281.658446,404.264325,108.341957,1,0,,0.525486,0.140829,1050.972904,281.658446,404.264325,108.341957,1,0,0.420100573735126,0.0354433446813787,840.2011474702522,0.4559059866524165,0.0712487575986692,911.8119733048331,0.4917973207034929,0.1071400916497457,983.5946414069862,0.5275499085951407,0.1428926795413934,1055.0998171902818,0.3846572290537473,0.525486,0.140829,1050.972904,404.264325,0.384657,0.0,769.314458,295.922368,0.525486,0.140829,1050.972904,404.264325,0.420100573735126,0.03544334468137872,0.4559059866524165,0.07124875759866922,0.4917973207034929,0.10714009164974564,0.5275499085951407,0.14289267954139345,1,0,0,0,1,0,0,0,0,0,0,0,1,0
1090,Heartland Upgrader,Value Creation Inc.,AB,Energy,Oil & Gas - Downstream,2017,2024,8,2000.0,No,0.5521893375598058,0.2171251205476888,0.3846572290537473,1.538628916214989,0.6235372880733265,0.480209252661579,769.3144581074947,769.3144581074947,,,Value Creation Inc.,Heartland Upgrader,AB,Private,2017,2024,8,In Review,Announced & Planning,1,0,2000.0,0.893,,,Energy,Oil & Gas - Downstream,0,EN-OG-D,0,0,4,0.552189,0.403691,0.25,0.217125,0.384657,1.538629,0.623537,0.480209,capex,2000.0,blended_prob,0.375479,0.005443,0.001936,0.001087,0.000711,750.958355,10.886502,3.871714,2.174967,1.42292,769.314458,769.314458,0.384657,2025.040096,2000.0,60.0,0.523678,0.33894,0.64723,1.545047,0.0,4.016685,769.314458,295.922368,,0.384657,0.0,769.314458,0.0,295.922368,0.0,0,0,,0.525486,0.140829,1050.972904,281.658446,404.264325,108.341957,1,0,,0.525486,0.140829,1050.972904,281.658446,404.264325,108.341957,1,0,0.420100573735126,0.0354433446813787,840.2011474702522,0.4559059866524165,0.0712487575986692,911.8119733048331,0.4917973207034929,0.1071400916497457,983.5946414069862,0.5275499085951407,0.1428926795413934,1055.0998171902818,0.3846572290537473,0.525486,0.140829,1050.972904,404.264325,0.384657,0.0,769.314458,295.922368,0.525486,0.140829,1050.972904,404.264325,0.420100573735126,0.03544334468137872,0.4559059866524165,0.07124875759866922,0.4917973207034929,0.10714009164974564,0.5275499085951407,0.14289267954139345,1,0,0,0,1,0,0,0,0,0,0,0,1,0
2025,Victoria Lake Hydro Project,Synex Energy Resources Ltd.,ON,Energy,Other,2017,2024,8,18.0,Yes,0.5126989971856507,0.4238167450334159,0.4682578711095333,1.8730314844381333,0.7592271426474422,0.5846455797246969,8.428641679971598,8.428641679971598,,,Synex Energy Resources Ltd.,Victoria Lake Hydro Project,ON,Private,2017,2024,8,Announced & Planning,In Review,1,0,18.0,0.083,49.777918,-94.497042,Energy,Other,1,EN-OTH,1,0,0,0.512699,0.909244,0.25,0.423817,0.468258,1.873031,0.759227,0.584646,capex,18.0,blended_prob,0.457969,0.00631,0.002133,0.001139,0.000708,8.24344,0.113575,0.038388,0.020495,0.012743,8.428642,8.428642,0.468258,2025.035926,18.0,0.54,0.637641,0.412784,0.647362,1.544731,1e-06,3.29889,8.428642,3.946778,,0.468258,0.0,8.428642,0.0,3.946778,0.0,0,0,,0.609384,0.141126,10.968903,2.540262,5.136275,1.189497,1,0,,0.609384,0.141126,10.968903,2.540262,5.136275,1.189497,1,0,0.5119473947713005,0.0436895236617671,9.215053105883406,0.5561023111997192,0.0878444400901858,10.009841601594944,0.6001720814828966,0.1319142103733632,10.803097466692137,0.6436077801400326,0.1753499090304993,11.584940042520584,0.4682578711095333,0.609384,0.141126,10.968903,5.136275,0.468258,0.0,8.428642,3.946778,0.609384,0.141126,10.968903,5.136275,0.5119473947713005,0.04368952366176715,0.5561023111997192,0.08784444009018588,0.6001720814828966,0.13191421037336326,0.6436077801400326,0.1753499090304993,1,0,0,0,1,0,1,0,1,0,1,0,1,0
2059,Hackney Hills Wind Park (Aeolis / Boralex),Aeolis / Boralex,BC,Energy,Other,2017,2024,8,5200.0,Yes,0.0654225156721098,0.0151537149639007,0.0402881153180052,0.161152461272021,0.0646014496208044,0.0500134490391249,209.4981996536271,209.4981996536271,,,Aeolis / Boralex,Hackney Hills Wind Park (Aeolis / Boralex),BC,Private,2017,2024,8,Approved,In Review,1,0,5200.0,0.952,56.247719,-120.841882,Energy,Other,1,EN-OTH,1,0,4,0.065423,0.025183,0.25,0.015154,0.040288,0.161152,0.064601,0.050013,capex,5200.0,blended_prob,0.038906,0.000696,0.000305,0.000211,0.00017,202.309853,3.616747,1.586213,1.098853,0.886535,209.4982,209.4982,0.040288,2025.065069,5200.0,156.0,0.054773,0.035408,0.646448,1.546916,-0.0,38.39633,209.4982,8.440288,,0.040288,0.0,209.4982,0.0,8.440288,0.0,0,0,,0.069221,0.028933,359.949892,150.451692,14.501703,6.061415,0,0,,0.069221,0.028933,359.949892,150.451692,14.501703,6.061415,0,0,0.0475090382157082,0.007220922897703,247.0469987216832,0.0559266830290793,0.0156385677110741,290.8187517512129,0.0656937737972962,0.025405658479291,341.60762374594066,0.0769644144604396,0.0366762991424344,400.21495519428606,0.0402881153180052,0.069221,0.028933,359.949892,14.501703,0.040288,0.0,209.4982,8.440288,0.069221,0.028933,359.949892,14.501703,0.0475090382157082,0.007220922897703,0.0559266830290793,0.0156385677110741,0.0656937737972962,0.025405658479291,0.0769644144604396,0.0366762991424344,0,0,0,0,0,0,0,0,0,0,0,0,0,0
2075,Green Bay Copper-Gold Project (formerly Ming Mine),FireFly Metals Ltd. (previously owned by Rambler Mining and Metals),NL,Mining,Other,2017,2024,8,66.24,No,0.180557491117908,0.0394792128884895,0.1100183520031987,0.4400734080127951,0.1777786387256306,0.1371224666921715,7.287615636691882,7.287615636691882,,,FireFly Metals Ltd. (previously owned by Rambler Mining and Metals),Green Bay Copper-Gold Project (formerly Ming Mine),NL,Private,2017,2024,8,Announced & Planning,Approved,1,0,66.24,0.269,49.975196,-56.180174,Mining,Other,0,MIN-OTH,1,0,0,0.180557,0.066429,0.25,0.039479,0.110018,0.440073,0.177779,0.137122,capex,66.24,blended_prob,0.106523,0.001825,0.000767,0.000509,0.000394,7.056058,0.120901,0.050821,0.033743,0.026092,7.287616,7.287616,0.110018,2025.058749,66.24,1.9872,0.149627,0.096755,0.646644,1.546445,1e-06,14.056249,7.287616,0.801771,,0.110018,0.0,7.287616,0.0,0.801771,0.0,0,0,,0.179654,0.069636,11.900289,4.612674,1.30925,0.507479,0,0,,0.179654,0.069636,11.900289,4.612674,1.30925,0.507479,0,0,0.1272960237734019,0.0172776717702032,8.43208861475014,0.1465856254456068,0.0365672734424081,9.709831829516997,0.1678959951283218,0.0578776431251231,11.121430717300036,0.1911701328767017,0.081151780873503,12.66310960175272,0.1100183520031987,0.179654,0.069636,11.900289,1.30925,0.110018,0.0,7.287616,0.801771,0.179654,0.069636,11.900289,1.30925,0.1272960237734019,0.0172776717702032,0.1465856254456068,0.036567273442408094,0.1678959951283218,0.057877643125123085,0.1911701328767017,0.081151780873503,0,0,0,0,0,0,0,0,0,0,0,0,0,0
2083,Horne 5,Ressources Falco ltee,QC,Mining,Other,2017,2024,8,1080.0,No,0.0629425205450289,0.0162995652670692,0.039621042906049,0.1584841716241963,0.0635187431206757,0.0491801229918997,42.79072633853292,42.79072633853292,,,Ressources Falco ltee,Horne 5,QC,Private,2017,2024,8,Announced & Planning,In Review,1,0,1080.0,0.819,48.234558,-78.996534,Mining,Other,0,MIN-OTH,1,0,3,0.062943,0.027102,0.25,0.0163,0.039621,0.158484,0.063519,0.04918,capex,1080.0,blended_prob,0.038261,0.000684,0.0003,0.000208,0.000168,41.32139,0.739013,0.324244,0.224712,0.181367,42.790726,42.790726,0.039621,2025.065133,1080.0,32.4,0.053866,0.034822,0.646446,1.546921,0.0,39.042903,42.790726,1.695413,,0.039621,0.0,42.790726,0.0,1.695413,0.0,0,0,,0.068109,0.028488,73.557719,30.766992,2.914434,1.21902,0,0,,0.068109,0.028488,73.557719,30.766992,2.914434,1.21902,0,0,0.0466999793938814,0.0070789364878324,50.435977745391945,0.0549557735954607,0.0153347306894117,59.352235483097566,0.0645416496150929,0.0249206067090439,69.7049815843004,0.0756137323926439,0.0359926894865949,81.66283098405542,0.039621042906049,0.068109,0.028488,73.557719,2.914434,0.039621,0.0,42.790726,1.695413,0.068109,0.028488,73.557719,2.914434,0.0466999793938814,0.0070789364878324,0.0549557735954607,0.0153347306894117,0.0645416496150929,0.024920606709043898,0.0756137323926439,0.035992689486594905,0,0,0,0,0,0,0,0,0,0,0,0,0,0
2092,Lac Windfall,Miniere Osisko Inc.,QC,Mining,Other,2017,2024,8,788.6,No,0.0629425205450289,0.0170725695388918,0.0400075450419603,0.1600301801678415,0.0641460638843056,0.0496629525788984,31.5499500200899,31.5499500200899,,,Miniere Osisko Inc.,Lac Windfall,QC,Private,2017,2024,8,Announced & Planning,In Review,1,0,788.6,0.773,49.026695,-75.642654,Mining,Other,0,MIN-OTH,1,0,3,0.062943,0.028399,0.25,0.017073,0.040008,0.16003,0.064146,0.049663,capex,788.6,blended_prob,0.038634,0.000691,0.000303,0.00021,0.000169,30.467063,0.544761,0.238959,0.165568,0.1336,31.54995,31.54995,0.040008,2025.065096,788.6,23.658,0.054392,0.035161,0.646447,1.546918,0.0,38.665651,31.54995,1.262236,,0.040008,0.0,31.54995,0.0,1.262236,0.0,0,0,,0.068754,0.028746,54.219014,22.669064,2.16917,0.906934,0,0,,0.068754,0.028746,54.219014,22.669064,2.16917,0.906934,0,0,0.047136963543062,0.0071294185011017,37.17220945005871,0.0554496859771872,0.0154421409352269,43.72762236160985,0.0650997178928731,0.0250921728509128,51.33763753031979,0.0762440485018376,0.0362365034598773,60.126056648549216,0.0400075450419603,0.068754,0.028746,54.219014,2.16917,0.040008,0.0,31.54995,1.262236,0.068754,0.028746,54.219014,2.16917,0.047136963543062,0.0071294185011017,0.0554496859771872,0.015442140935226896,0.0650997178928731,0.025092172850912794,0.0762440485018376,0.03623650345987729,0,0,0,0,0,0,0,0,0,0,0,0,0,0
2114,Centrale de cogeneration Assinica,Chantiers Chibougamau inc.,QC,Energy,Other,2017,2024,8,342.0,Yes,0.5775624512381402,0.0987527073547517,0.3381575792964459,1.352630317185784,0.548065012284999,0.4221205524918672,115.64989211938448,115.64989211938448,,,Chantiers Chibougamau inc.,Centrale de cogeneration Assinica,QC,Private,2017,2024,8,Announced & Planning,Announced & Planning,1,0,342.0,0.6,,,Energy,Other,1,EN-OTH,1,0,2,0.577562,0.171475,0.25,0.098753,0.338158,1.35263,0.548065,0.422121,capex,342.0,blended_prob,0.329703,0.004917,0.001799,0.00104,0.0007,112.758346,1.681561,0.615204,0.355517,0.239265,115.649892,115.649892,0.338158,2025.042677,342.0,10.26,0.460307,0.297887,0.647148,1.545242,-0.0,4.56959,115.649892,39.107888,,0.338158,0.0,115.649892,0.0,39.107888,0.0,0,0,,0.475107,0.136949,162.486592,46.8367,54.946073,15.838185,0,0,,0.475107,0.136949,162.486592,46.8367,54.946073,15.838185,0,0,0.3668338600521007,0.0286762807556548,125.45718013781844,0.3952253478091469,0.057067768512701,135.16706895072824,0.4231191184129031,0.0849615391164572,144.70673849721285,0.4503792648838341,0.1122216855873882,154.02970859027124,0.3381575792964459,0.475107,0.136949,162.486592,54.946073,0.338158,0.0,115.649892,39.107888,0.475107,0.136949,162.486592,54.946073,0.3668338600521007,0.028676280755654815,0.3952253478091469,0.05706776851270101,0.4231191184129031,0.08496153911645721,0.4503792648838341,0.11222168558738821,0,0,0,0,0,0,0,0,0,0,0,0,0,0
2115,Cogeneration Val-d'Or,Cogeneration Val-d'Or,QC,Energy,Other,2017,2024,8,72.0,Yes,0.361939004505811,0.1335316401091836,0.2477353223074973,0.9909412892299894,0.4013031860671274,0.3091624678113494,17.83694320613981,17.83694320613981,,,Cogeneration Val-d'Or,Cogeneration Val-d'Or,QC,Private,2017,2024,8,Announced & Planning,Announced & Planning,1,0,72.0,0.284,48.148516,-77.791895,Energy,Other,1,EN-OTH,1,0,0,0.361939,0.236377,0.25,0.133532,0.247735,0.990941,0.401303,0.309162,capex,72.0,blended_prob,0.240938,0.003796,0.001468,0.000896,0.000637,17.347553,0.27334,0.10566,0.064514,0.045875,17.836943,17.836943,0.247735,2025.04831,72.0,2.16,0.337118,0.218105,0.646971,1.545665,-0.0,6.239179,17.836943,4.418841,,0.247735,0.0,17.836943,0.0,4.418841,0.0,0,0,,0.368451,0.120716,26.528498,8.691555,6.572046,2.153205,0,0,,0.368451,0.120716,26.528498,8.691555,6.572046,2.153205,0,0,0.2780841142881977,0.0303487919807003,20.02205622875024,0.3101269401346513,0.062391617827154,22.3291396896949,0.343559851631332,0.0958245293238347,24.736309317455916,0.3780488952485215,0.1303135729410242,27.219520457893555,0.2477353223074973,0.368451,0.120716,26.528498,6.572046,0.247735,0.0,17.836943,4.418841,0.368451,0.120716,26.528498,6.572046,0.2780841142881977,0.030348791980700368,0.3101269401346513,0.062391617827153995,0.343559851631332,0.0958245293238347,0.3780488952485215,0.13031357294102416,0,0,0,0,0,0,0,0,0,0,0,0,0,0
2121,Anahim Lake Bioenergy Project,Ainsworth Energy Co. Ltd.,BC,Energy,Waste Biomass,2018,2024,7,15.0,Yes,0.0461927203433676,0.0366408646915257,0.0414167925174466,0.1656671700697867,0.0664333738894139,0.0514234250662336,0.6212518877616993,0.6212518877616993,,,Ainsworth Energy Co. Ltd.,Anahim Lake Bioenergy Project,BC,Private,2018,2024,7,Announced & Planning,Announced & Planning,1,0,15.0,0.072,52.418398,-126.486276,Energy,Waste Biomass,1,EN-BIO,1,0,0,0.046193,0.061562,0.25,0.036641,0.041417,0.165667,0.066433,0.051423,capex,15.0,blended_prob,0.039997,0.000715,0.000313,0.000217,0.000175,0.599962,0.010718,0.004698,0.003252,0.002622,0.621252,0.621252,0.041417,2025.064961,15.0,0.45,0.052915,0.0364,0.6879,1.453699,3e-06,35.099258,0.621252,0.02573,,0.041417,0.0,0.621252,0.0,0.02573,0.0,0,0,,0.065057,0.02364,0.975857,0.354606,0.040417,0.014687,0,0,,0.065057,0.02364,0.975857,0.354606,0.040417,0.014687,0,0,0.0483052174620146,0.006888424944568,0.7245782619302198,0.0563136655651643,0.0148968730477177,0.8447049834774661,0.0656016049794544,0.0241848124620078,0.9840240746918174,0.0763406732376349,0.0349238807201883,1.1451100985645246,0.0414167925174466,0.065057,0.02364,0.975857,0.040417,0.041417,0.0,0.621252,0.02573,0.065057,0.02364,0.975857,0.040417,0.0483052174620146,0.006888424944567997,0.0563136655651643,0.014896873047717703,0.0656016049794544,0.0241848124620078,0.0763406732376349,0.034923880720188295,0,0,0,0,0,0,0,0,0,0,0,0,0,0
2122,Biomass Project - Anahim Lake,Yun Ka Whu'ten Holdings,BC,Energy,Waste Biomass,2018,2024,7,15.0,Yes,0.0461927203433676,0.0366408646915257,0.0414167925174466,0.1656671700697867,0.0664333738894139,0.0514234250662336,0.6212518877616993,0.6212518877616993,290.99501299895815,290.99501299895815,Yun Ka Whu'ten Holdings,Biomass Project - Anahim Lake,BC,Private,2018,2024,7,Announced & Planning,Announced & Planning,1,0,15.0,0.072,52.465348,-125.317541,Energy,Waste Biomass,1,EN-BIO,1,0,0,0.046193,0.061562,0.25,0.036641,0.041417,0.165667,0.066433,0.051423,capex,15.0,blended_prob,0.039997,0.000715,0.000313,0.000217,0.000175,0.599962,0.010718,0.004698,0.003252,0.002622,0.621252,0.621252,0.041417,2025.064961,15.0,0.45,0.052915,0.0364,0.6879,1.453699,3e-06,35.099258,0.621252,0.02573,,0.041417,0.0,0.621252,0.0,0.02573,0.0,0,0,,0.065057,0.02364,0.975857,0.354606,0.040417,0.014687,0,0,,0.065057,0.02364,0.975857,0.354606,0.040417,0.014687,0,0,0.0483052174620146,0.006888424944568,0.7245782619302198,0.0563136655651643,0.0148968730477177,0.8447049834774661,0.0656016049794544,0.0241848124620078,0.9840240746918174,0.0763406732376349,0.0349238807201883,1.1451100985645246,0.0414167925174466,0.065057,0.02364,0.975857,0.040417,0.041417,0.0,0.621252,0.02573,0.065057,0.02364,0.975857,0.040417,0.0483052174620146,0.006888424944567997,0.0563136655651643,0.014896873047717703,0.0656016049794544,0.0241848124620078,0.0763406732376349,0.034923880720188295,0,0,0,0,0,0,0,0,0,0,0,0,0,0
2123,Tumbler Ridge Bioenergy Project,Ainsworth Energy Co. Ltd.,BC,Energy,Waste Biomass,2018,2024,7,15.0,Yes,0.0300632746170725,0.0115785623218039,0.0208209184694382,0.083283673877753,0.0330047890642373,0.0256944667073579,0.3123137770415731,0.3123137770415731,,,Ainsworth Energy Co. Ltd.,Tumbler Ridge Bioenergy Project,BC,Private,2018,2024,7,Announced & Planning,Announced & Planning,1,0,15.0,0.072,50.024653,-119.373429,Energy,Waste Biomass,1,EN-BIO,1,1,0,0.030063,0.019207,0.25,0.011579,0.020821,0.083284,0.033005,0.025694,capex,15.0,blended_prob,0.020091,0.000363,0.000161,0.000113,9.2e-05,0.301362,0.005452,0.002419,0.001696,0.001385,0.312314,0.312314,0.020821,2025.066977,15.0,0.45,0.026598,0.018295,0.687834,1.453839,3e-06,69.825893,0.312314,0.006503,,0.020821,0.0,0.312314,0.0,0.006503,0.0,0,0,,0.033111,0.01229,0.496671,0.184357,0.010341,0.003838,0,0,,0.033111,0.01229,0.496671,0.184357,0.010341,0.003838,0,0,0.0245749342877247,0.0037540158182865,0.3686240143158708,0.02899710540673,0.0081761869372918,0.4349565811009508,0.03419691535046,0.0133759968810218,0.5129537302569002,0.0402971064874678,0.0194761880180296,0.604456597312018,0.0208209184694382,0.033111,0.01229,0.496671,0.010341,0.020821,0.0,0.312314,0.006503,0.033111,0.01229,0.496671,0.010341,0.0245749342877247,0.0037540158182865005,0.02899710540673,0.008176186937291798,0.03419691535046,0.013375996881021802,0.0402971064874678,0.0194761880180296,0,0,0,0,0,0,0,0,0,0,0,0,0,0
2124,Biomass Project - Kamloops,Nations Energy Corp.,BC,Energy,Waste Biomass,2018,2024,7,15.0,Yes,0.0300632746170725,0.0115785623218039,0.0208209184694382,0.083283673877753,0.0330047890642373,0.0256944667073579,0.3123137770415731,0.3123137770415731,,,Nations Energy Corp.,Biomass Project - Kamloops,BC,Private,2018,2024,7,Announced & Planning,Announced & Planning,1,0,15.0,0.072,50.716188,-120.388986,Energy,Waste Biomass,1,EN-BIO,1,1,0,0.030063,0.019207,0.25,0.011579,0.020821,0.083284,0.033005,0.025694,capex,15.0,blended_prob,0.020091,0.000363,0.000161,0.000113,9.2e-05,0.301362,0.005452,0.002419,0.001696,0.001385,0.312314,0.312314,0.020821,2025.066977,15.0,0.45,0.026598,0.018295,0.687834,1.453839,3e-06,69.825893,0.312314,0.006503,,0.020821,0.0,0.312314,0.0,0.006503,0.0,0,0,,0.033111,0.01229,0.496671,0.184357,0.010341,0.003838,0,0,,0.033111,0.01229,0.496671,0.184357,0.010341,0.003838,0,0,0.0245749342877247,0.0037540158182865,0.3686240143158708,0.02899710540673,0.0081761869372918,0.4349565811009508,0.03419691535046,0.0133759968810218,0.5129537302569002,0.0402971064874678,0.0194761880180296,0.604456597312018,0.0208209184694382,0.033111,0.01229,0.496671,0.010341,0.020821,0.0,0.312314,0.006503,0.033111,0.01229,0.496671,0.010341,0.0245749342877247,0.0037540158182865005,0.02899710540673,0.008176186937291798,0.03419691535046,0.013375996881021802,0.0402971064874678,0.0194761880180296,0,0,0,0,0,0,0,0,0,0,0,0,0,0
3101,Pakeagama Lake,Frontier Lithium Inc.,ON,Mining,Critical Mineral,2018,2024,7,869.316174,Yes,0.2952042981661013,0.0630076388305158,0.1791059684983086,0.7164238739932344,0.2899128090450188,0.2234287047169927,155.69971527551414,155.69971527551414,,,Frontier Lithium Inc.,Pakeagama Lake,ON,Private,2018,2024,7,Announced & Planning,Announced & Planning,1,0,869.316174,0.788,52.6,-93.37,Mining,Critical Mineral,1,MIN-CM,1,0,3,0.295204,0.107329,0.25,0.063008,0.179106,0.716424,0.289913,0.223429,capex,869.316174,blended_prob,0.173823,0.002856,0.001151,0.000733,0.000543,151.107395,2.482518,1.000556,0.636979,0.472267,155.699715,155.699715,0.179106,2025.053203,869.316174,26.079485,0.22898,0.157604,0.68829,1.452876,-0.0,8.111825,155.699715,27.886748,,0.179106,0.0,155.699715,0.0,27.886748,0.0,0,0,,0.26002,0.080914,226.039443,70.339728,40.485013,12.598265,0,0,,0.26002,0.080914,226.039443,70.339728,40.485013,12.598265,0,0,0.203370933569993,0.0242649650716844,176.7936418738745,0.2294140827653775,0.0503081142670689,199.4333726913173,0.2570062374368966,0.077900268938588,223.41967902277852,0.2858595266240166,0.106753558125708,248.5023099862412,0.1791059684983086,0.26002,0.080914,226.039443,40.485013,0.179106,0.0,155.699715,27.886748,0.26002,0.080914,226.039443,40.485013,0.203370933569993,0.024264965071684408,0.2294140827653775,0.05030811426706891,0.2570062374368966,0.07790026893858801,0.2858595266240166,0.106753558125708,0,0,0,0,0,0,0,0,0,0,0,0,0,0
3104,Vanguard,Gensource Potash Corp,SK,Mining,Other,2018,2024,7,353.6,No,0.1505599437567115,0.0520006434663539,0.1012802936115327,0.405121174446131,0.1635961415190408,0.126206632774536,35.812711821037965,35.812711821037965,15.918763994298535,15.918763994298535,Gensource Potash Corp,Vanguard,SK,Private,2018,2024,7,Announced & Planning,Approved,1,0,353.6,0.615,50.84,-106.21,Mining,Other,0,MIN-OTH,1,0,2,0.15056,0.088069,0.25,0.052001,0.10128,0.405121,0.163596,0.126207,capex,353.6,blended_prob,0.098031,0.001689,0.000714,0.000476,0.00037,34.663891,0.597112,0.252335,0.168435,0.130938,35.812712,35.812712,0.10128,2025.0595,353.6,10.608,0.129438,0.089064,0.688081,1.453317,0.0,14.349458,35.812712,3.627122,,0.10128,0.0,35.812712,0.0,3.627122,0.0,0,0,,0.153615,0.052334,54.318099,18.505388,5.501353,1.874231,0,0,,0.153615,0.052334,54.318099,18.505388,5.501353,1.874231,0,0,0.1174290503912595,0.0161487567797268,41.522912218349376,0.1356448615271704,0.0343645679156377,47.96402303600747,0.1560124324670511,0.0547321388555184,55.16599612034928,0.1785642169419278,0.0772839233303951,63.14030711066569,0.1012802936115327,0.153615,0.052334,54.318099,5.501353,0.10128,0.0,35.812712,3.627122,0.153615,0.052334,54.318099,5.501353,0.1174290503912595,0.016148756779726797,0.1356448615271704,0.03436456791563769,0.1560124324670511,0.05473213885551839,0.1785642169419278,0.0772839233303951,0,0,0,0,0,0,0,0,0,0,0,0,0,0
3105,Aries,Ram River Coal,AB,Mining,Coal,2018,2024,7,1028.0,No,0.1189951633595754,0.0459532657878022,0.0824742145736888,0.3298968582947552,0.1330725227165491,0.1027135378308329,84.78349258175209,84.78349258175209,,,Ram River Coal,Aries,AB,Private,2018,2024,7,Announced & Planning,Announced & Planning,1,0,1028.0,0.816,52.18,-115.58,Mining,Coal,0,MIN-COAL,1,0,3,0.118995,0.077582,0.25,0.045953,0.082474,0.329897,0.133073,0.102714,capex,1028.0,blended_prob,0.079773,0.00139,0.000594,0.000401,0.000315,82.007116,1.428898,0.610792,0.412402,0.324284,84.783493,84.783493,0.082474,2025.061154,1028.0,30.84,0.105394,0.072514,0.688026,1.453433,-0.0,17.622877,84.783493,6.992452,,0.082474,0.0,84.783493,0.0,6.992452,0.0,0,0,,0.126458,0.043984,129.999038,45.215545,10.721569,3.729117,0,0,,0.126458,0.043984,129.999038,45.215545,10.721569,3.729117,0,0,0.0960039613575702,0.0135297467838814,98.6920722755822,0.1114301212719759,0.0289559066982871,114.55016466759125,0.1288912640767032,0.0464170495030144,132.5002194708509,0.1484930950793578,0.066018880505669,152.65090174157987,0.0824742145736888,0.126458,0.043984,129.999038,10.721569,0.082474,0.0,84.783493,6.992452,0.126458,0.043984,129.999038,10.721569,0.0960039613575702,0.0135297467838814,0.1114301212719759,0.0289559066982871,0.1288912640767032,0.04641704950301441,0.1484930950793578,0.066018880505669,0,0,0,0,0,0,0,0,0,0,0,0,0,0
3600,Fibre Pontiac (The Biomass Conversion Centre),Fibre Pontiac,QC,Energy,Waste Biomass,2018,2024,7,120.0,Yes,0.7098323570367069,0.1209911575668237,0.4154117573017653,1.6616470292070613,0.6734540992705951,0.5186286940892972,49.84941087621184,49.84941087621184,,,Fibre Pontiac,Fibre Pontiac (The Biomass Conversion Centre),QC,Private,2018,2024,7,In Review,In Review,1,0,120.0,0.388,45.542307,-76.109056,Energy,Waste Biomass,1,EN-BIO,1,0,1,0.709832,0.212679,0.25,0.120991,0.415412,1.661647,0.673454,0.518629,capex,120.0,blended_prob,0.405798,0.005774,0.002015,0.001111,0.000713,48.695787,0.692842,0.241835,0.133334,0.085613,49.849411,49.849411,0.415412,2025.038495,120.0,3.6,0.531519,0.366101,0.688782,1.451839,0.0,3.494939,49.849411,20.708031,,0.415412,0.0,49.849411,0.0,20.708031,0.0,0,0,,0.533677,0.118266,64.041273,14.191862,26.603498,5.895466,1,0,,0.533677,0.118266,64.041273,14.191862,26.603498,5.895466,1,0,0.4414205836216525,0.0260088263198871,52.9704700345983,0.4666370598076885,0.0512253025059232,55.99644717692263,0.4910839418969276,0.0756721845951622,58.93007302763132,0.5148461101113666,0.0994343528096012,61.78153321336399,0.4154117573017653,0.533677,0.118266,64.041273,26.603498,0.415412,0.0,49.849411,20.708031,0.533677,0.118266,64.041273,26.603498,0.4414205836216525,0.026008826319887157,0.4666370598076885,0.051225302505923165,0.4910839418969276,0.07567218459516228,0.5148461101113666,0.09943435280960128,1,0,0,0,1,0,0,0,0,0,0,0,1,0
3603,Hammerdown (Green Bay),Maritime Resources Corp.,NL,Mining,Precious Metal,2018,2024,7,75.0,No,0.2488237993559813,0.0385853619911675,0.1437045806735744,0.5748183226942978,0.2324538105548561,0.1792042726260871,10.77784355051808,10.77784355051808,,,Maritime Resources Corp.,Hammerdown (Green Bay),NL,Private,2018,2024,7,Announced & Planning,Approved,1,0,75.0,0.292,49.5544,-56.2372,Mining,Precious Metal,0,MIN-PM,1,0,0,0.248824,0.064895,0.25,0.038585,0.143705,0.574818,0.232454,0.179204,capex,75.0,blended_prob,0.139302,0.002338,0.000963,0.000626,0.000475,10.447663,0.175381,0.072226,0.046982,0.035592,10.777844,10.777844,0.143705,2025.055962,75.0,2.25,0.183692,0.126417,0.688198,1.45307,1e-06,10.111506,10.777844,1.548825,,0.143705,0.0,10.777844,0.0,1.548825,0.0,0,0,,0.212771,0.069066,15.957798,5.179954,2.293209,0.744383,0,0,,0.212771,0.069066,15.957798,5.179954,2.293209,0.744383,0,0,0.1645491418027442,0.0208445611291698,12.341185635205818,0.1872441382040282,0.0435395575304538,14.043310365302114,0.2116378102225486,0.0679332295489742,15.872835766691146,0.2375062551983983,0.0938016745248239,17.81296913987988,0.1437045806735744,0.212771,0.069066,15.957798,2.293209,0.143705,0.0,10.777844,1.548825,0.212771,0.069066,15.957798,2.293209,0.1645491418027442,0.020844561129169797,0.1872441382040282,0.0435395575304538,0.2116378102225486,0.06793322954897421,0.2375062551983983,0.09380167452482391,0,0,0,0,0,0,0,0,0,0,0,0,0,0
3604,Cape Ray,AuMEGA (previously Matador Mining Limited),NL,Mining,Other,2018,2024,7,145.4,No,0.4286317875135608,0.0333235211088224,0.2309776543111916,0.9239106172447664,0.3741042857057796,0.2882283068690268,33.58415093684726,33.58415093684726,,,AuMEGA (previously Matador Mining Limited),Cape Ray,NL,Private,2018,2024,7,In Review,In Review,1,0,145.4,0.439,47.4503,-58.5547,Mining,Other,0,MIN-OTH,1,0,1,0.428632,0.055893,0.25,0.033324,0.230978,0.923911,0.374104,0.288228,capex,145.4,blended_prob,0.224528,0.003574,0.001396,0.000861,0.000618,32.646428,0.519674,0.20294,0.125182,0.089927,33.584151,33.584151,0.230978,2025.049452,145.4,4.362,0.295357,0.203328,0.688415,1.452613,0.0,6.288976,33.584151,7.757188,,0.230978,0.0,33.584151,0.0,7.757188,0.0,0,0,,0.326019,0.095041,47.403102,13.818951,10.949057,3.191869,0,0,,0.326019,0.095041,47.403102,13.818951,10.949057,3.191869,0,0,0.2563563876920011,0.0253787333808095,37.274218770416965,0.2822306225510331,0.0512529682398415,41.03633251892022,0.3082256984054461,0.0772480440942545,44.81601654815187,0.3339836738657664,0.1030060195545748,48.56122618008244,0.2309776543111916,0.326019,0.095041,47.403102,10.949057,0.230978,0.0,33.584151,7.757188,0.326019,0.095041,47.403102,10.949057,0.2563563876920011,0.02537873338080948,0.2822306225510331,0.05125296823984149,0.3082256984054461,0.07724804409425451,0.3339836738657664,0.10300601955457478,0,0,0,0,0,0,0,0,0,0,0,0,0,0
3610,Tenas Project,Telkwa Mining Ltd.,BC,Mining,Coal,2018,2024,7,115.0,No,0.0063297161678214,0.0053755393714242,0.0058526277696228,0.0234105110784913,0.0087101767462393,0.0069956473602694,0.6730521935066219,0.6730521935066219,,,Telkwa Mining Ltd.,Tenas Project,BC,Private,2018,2024,7,In Review,In Review,1,0,115.0,0.38,54.62717,-127.161516,Mining,Coal,0,MIN-COAL,1,0,1,0.00633,0.008889,0.25,0.005376,0.005853,0.023411,0.00871,0.006996,capex,115.0,blended_prob,0.005644,0.000103,4.6e-05,3.3e-05,2.7e-05,0.649049,0.011849,0.005307,0.003754,0.003093,0.673052,0.673052,0.005853,2025.068489,115.0,3.45,0.007476,0.005142,0.687784,1.453945,3e-06,248.425945,0.673052,0.003939,,0.005853,0.0,0.673052,0.0,0.003939,0.0,0,0,,0.009392,0.00354,1.080098,0.407046,0.006321,0.002382,0,0,,0.009392,0.00354,1.080098,0.407046,0.006321,0.002382,0,0,0.0068571211195753,0.0010044933499525,0.7885689287511638,0.0080401442369442,0.0021875164673213,0.9246165872485828,0.0094339733905572,0.0035813456209344,1.084906939914085,0.0110766177560452,0.0052239899864224,1.2738110419452064,0.0058526277696228,0.009392,0.00354,1.080098,0.006321,0.005853,0.0,0.673052,0.003939,0.009392,0.00354,1.080098,0.006321,0.0068571211195753,0.0010044933499524997,0.0080401442369442,0.002187516467321399,0.0094339733905572,0.003581345620934399,0.0110766177560452,0.0052239899864224,0,0,0,0,0,0,0,0,0,0,0,0,0,0
3615,Advanced Meter Infrastructure,NB Power,NB,Energy,Waste Biomass,2018,2024,7,109.6,Yes,0.8410982451467575,0.103640047272283,0.4723691462095202,1.889476584838081,0.7659000378156294,0.589781502851964,51.7716584245634,51.7716584245634,,,NB Power,Advanced Meter Infrastructure,NB,Public,2018,2024,7,In Review,Approved,1,0,109.6,0.369,,,Energy,Waste Biomass,1,EN-BIO,1,0,1,0.841098,0.180443,0.25,0.10364,0.472369,1.889477,0.7659,0.589782,capex,109.6,blended_prob,0.462031,0.00635,0.002141,0.00114,0.000707,50.638626,0.695936,0.234638,0.124958,0.077501,51.771658,51.771658,0.472369,2025.035736,109.6,3.288,0.604488,0.416417,0.688875,1.451643,0.0,3.073111,51.771658,24.455334,,0.472369,0.0,51.771658,0.0,24.455334,0.0,0,0,,0.590471,0.118102,64.715674,12.944015,30.569688,6.114353,1,0,,0.590471,0.118102,64.715674,12.944015,30.569688,6.114353,1,0,0.4905953576972723,0.0182262114877521,53.76925120362103,0.508072550322049,0.0357034041125288,55.68475151529656,0.5249935262848229,0.0526243800753026,57.53929048081657,0.5415640546320282,0.0691949084225079,59.35542038767027,0.4723691462095202,0.590471,0.118102,64.715674,30.569688,0.472369,0.0,51.771658,24.455334,0.590471,0.118102,64.715674,30.569688,0.4905953576972723,0.01822621148775211,0.508072550322049,0.035703404112528814,0.5249935262848229,0.05262438007530268,0.5415640546320282,0.06919490842250797,1,0,0,0,1,0,0,0,1,0,1,0,1,0
3617,Beaver Dam Gold Project,St Barbara Ltd.,NS,Mining,Other,2018,2024,7,314.5,No,0.1222700015758469,0.0577491289120061,0.0900095652439265,0.360038260975706,0.1453029387931055,0.1121269146635981,28.30800826921489,28.30800826921489,,,St Barbara Ltd.,Beaver Dam Gold Project,NS,Private,2018,2024,7,Announced & Planning,In Review,1,0,314.5,0.585,44.98,-62.94,Mining,Other,0,MIN-OTH,1,0,2,0.12227,0.0981,0.25,0.057749,0.09001,0.360038,0.145303,0.112127,capex,314.5,blended_prob,0.087086,0.00151,0.000643,0.000432,0.000338,27.388654,0.475038,0.202129,0.135851,0.106335,28.308008,28.308008,0.09001,2025.060484,314.5,9.435,0.115027,0.079144,0.688048,1.453386,0.0,16.147019,28.308008,2.547992,,0.09001,0.0,28.308008,0.0,2.547992,0.0,0,0,,0.13741,0.047401,43.21556,14.907552,3.889814,1.341822,0,0,,0.13741,0.047401,43.21556,14.907552,3.889814,1.341822,0,0,0.1045203566732887,0.0145107914293622,32.87165217374931,0.1210305034500977,0.0310209382061712,38.06409333505574,0.1396812836378898,0.0496717183939633,43.92976370411636,0.160579044294372,0.0705694790504455,50.50210943058001,0.0900095652439265,0.13741,0.047401,43.21556,3.889814,0.09001,0.0,28.308008,2.547992,0.13741,0.047401,43.21556,3.889814,0.1045203566732887,0.014510791429362194,0.1210305034500977,0.031020938206171203,0.1396812836378898,0.04967171839396331,0.160579044294372,0.0705694790504455,0,0,0,0,0,0,0,0,0,0,0,0,0,0
3622,Titanium and Zircon Extraction Facility,CVW Cleantech,AB,Mining,Critical Mineral,2018,2024,7,610.0,Yes,0.1910572068308507,0.0611225935589891,0.1260899001949199,0.5043596007796798,0.2038639172987346,0.1571995070364458,76.91483911890116,76.91483911890116,,,CVW Cleantech,Titanium and Zircon Extraction Facility,AB,Private,2018,2024,7,Announced & Planning,Announced & Planning,1,0,610.0,0.726,57.336236,-111.754013,Mining,Critical Mineral,1,MIN-CM,1,0,3,0.191057,0.104015,0.25,0.061123,0.12609,0.50436,0.203864,0.1572,capex,610.0,blended_prob,0.122153,0.002073,0.000863,0.000567,0.000434,74.513249,1.264312,0.52628,0.346031,0.264966,76.914839,76.914839,0.12609,2025.057399,610.0,18.3,0.161163,0.110905,0.688151,1.45317,0.0,11.524875,76.914839,9.698184,,0.12609,0.0,76.914839,0.0,9.698184,0.0,0,0,,0.188554,0.062464,115.018121,38.103282,14.502623,4.804439,0,0,,0.188554,0.062464,115.018121,38.103282,14.502623,4.804439,0,0,0.1453483626042878,0.0192584624093679,88.6625011886156,0.1667727810101214,0.0406828808152015,101.73139641617414,0.1903620808927533,0.0642721806978334,116.12086934457956,0.216046560346989,0.0899566601520691,131.7884018116633,0.1260899001949199,0.188554,0.062464,115.018121,14.502623,0.12609,0.0,76.914839,9.698184,0.188554,0.062464,115.018121,14.502623,0.1453483626042878,0.019258462409367905,0.1667727810101214,0.04068288081520152,0.1903620808927533,0.06427218069783341,0.216046560346989,0.0899566601520691,0,0,0,0,0,0,0,0,0,0,0,0,0,0
4000,Northwest Bulk Transmission Line Waasigan Transmission Line,Hydro One,ON,Energy,Trans & Distr,2019,2024,6,1200.0,No,0.644818287191712,0.1905562416980832,0.4176872644448976,1.6707490577795905,0.6771474110172674,0.5214713230738455,501.2247173338773,501.2247173338773,,,Hydro One,Northwest Bulk Transmission Line Waasigan Transmission Line,ON,Public,2019,2024,6,Announced & Planning,In Review,1,0,1200.0,0.828,,,Energy,Trans & Distr,0,EN-T&D,1,0,3,0.644818,0.348651,0.25,0.190556,0.417687,1.670749,0.677147,0.521471,capex,1200.0,blended_prob,0.408043,0.005798,0.002021,0.001113,0.000713,489.651351,6.957104,2.425004,1.335153,0.856106,501.224717,501.224717,0.417687,2025.03838,1200.0,36.0,0.50239,0.36811,0.732719,1.364781,-0.0,3.26747,501.224717,209.355181,,0.417687,0.0,501.224717,0.0,209.355181,0.0,0,0,,0.512239,0.094552,614.686881,113.462163,256.746882,47.391701,1,0,,0.512239,0.094552,614.686881,113.462163,256.746882,47.391701,1,0,0.4497651086252809,0.0320778441803833,539.7181303503373,0.4815576884670478,0.0638704240221502,577.8692261604576,0.5129550014774704,0.0952677370325728,615.5460017729647,0.5439109182378632,0.1262236537929655,652.6931018854361,0.4176872644448976,0.512239,0.094552,614.686881,256.746882,0.417687,0.0,501.224717,209.355181,0.512239,0.094552,614.686881,256.746882,0.4497651086252809,0.032077844180383286,0.4815576884670478,0.06387042402215015,0.5129550014774704,0.0952677370325728,0.5439109182378632,0.12622365379296557,1,0,0,0,1,0,0,0,0,0,1,0,1,0
4006,Wasamac,Mines Agnico Eagle ltee,QC,Mining,Precious Metal,2019,2024,6,533.0,No,0.0693623793239824,0.0184115492055002,0.0438869642647413,0.1755478570589653,0.0704426402888255,0.054509234674375,23.391751953107107,23.391751953107107,3420.2485039313515,3420.2485039313515,Mines Agnico Eagle ltee,Wasamac,QC,Private,2019,2024,6,Announced & Planning,In Review,1,0,533.0,0.698,48.21,-79.19,Mining,Precious Metal,0,MIN-PM,1,0,2,0.069362,0.030647,0.25,0.018412,0.043887,0.175548,0.070443,0.054509,capex,533.0,blended_prob,0.042387,0.000756,0.000331,0.000229,0.000184,22.59234,0.403006,0.176361,0.121907,0.098137,23.391752,23.391752,0.043887,2025.064724,533.0,15.99,0.05271,0.038572,0.731788,1.366515,-0.0,31.137161,23.391752,1.026593,,0.043887,0.0,23.391752,0.0,1.026593,0.0,0,0,,0.062972,0.019085,33.56423,10.172478,1.473032,0.446439,0,0,,0.062972,0.019085,33.56423,10.172478,1.473032,0.446439,0,0,0.0516621814159433,0.007775217151202,27.5359426946978,0.0607064511671211,0.0168194869023798,32.35653847207557,0.0711762871155803,0.027289322850839,37.93696103260432,0.0832276082751685,0.0393406440104272,44.36031521066482,0.0438869642647413,0.062972,0.019085,33.56423,1.473032,0.043887,0.0,23.391752,1.026593,0.062972,0.019085,33.56423,1.473032,0.0516621814159433,0.007775217151202003,0.0607064511671211,0.016819486902379804,0.0711762871155803,0.027289322850839,0.0832276082751685,0.039340644010427195,0,0,0,0,0,0,0,0,0,0,0,0,0,0
4007,Rook I,NexGen Energy Ltd.,SK,Mining,Other,2019,2024,6,1300.0,No,0.1093929734634481,0.0415179231416336,0.0754554483025408,0.3018217932101635,0.1216805602722145,0.0939454930904103,98.09208279330304,98.09208279330304,,,NexGen Energy Ltd.,Rook I,SK,Private,2019,2024,6,Announced & Planning,Approved,1,0,1300.0,0.842,57.59,-108.99,Mining,Other,0,MIN-OTH,1,0,4,0.109393,0.069933,0.25,0.041518,0.075455,0.301822,0.121681,0.093945,capex,1300.0,blended_prob,0.072965,0.001277,0.000548,0.000372,0.000294,94.854983,1.659836,0.712546,0.483164,0.381553,98.092083,98.092083,0.075455,2025.061785,1300.0,39.0,0.090639,0.066338,0.731891,1.366323,0.0,18.107682,98.092083,7.401582,,0.075455,0.0,98.092083,0.0,7.401582,0.0,0,0,,0.106737,0.031281,138.757488,40.665405,10.470008,3.068426,0,0,,0.106737,0.031281,138.757488,40.665405,10.470008,3.068426,0,0,0.0879781266643968,0.012522678361856,114.37156466371584,0.1023059436250022,0.0268504953224614,132.99772671250295,0.1185879236189037,0.0431324753163629,154.16430070457483,0.1369467443051313,0.0614912960025905,178.03076759667073,0.0754554483025408,0.106737,0.031281,138.757488,10.470008,0.075455,0.0,98.092083,7.401582,0.106737,0.031281,138.757488,10.470008,0.0879781266643968,0.012522678361855999,0.1023059436250022,0.026850495322461393,0.1185879236189037,0.0431324753163629,0.1369467443051313,0.061491296002590484,0,0,0,0,0,0,0,0,0,0,0,0,0,0
4008,Wheeler River - Phoenix,Denison Mines Corp.,SK,Mining,Other,2019,2024,6,945.659,No,0.1331011346077841,0.0432878136352909,0.0881944741215375,0.3527778964861503,0.1423569153609963,0.109859450617321,83.40189820329903,83.40189820329903,,,Denison Mines Corp.,Wheeler River - Phoenix,SK,Private,2019,2024,6,Announced & Planning,In Review,1,0,945.659,0.8,57.53,-105.41,Mining,Other,0,MIN-OTH,1,0,3,0.133101,0.072981,0.25,0.043288,0.088194,0.352778,0.142357,0.109859,capex,945.659,blended_prob,0.085324,0.001482,0.000631,0.000425,0.000333,80.687871,1.401025,0.596796,0.401551,0.314654,83.401898,83.401898,0.088194,2025.060645,945.659,28.36977,0.105949,0.077547,0.731931,1.366249,0.0,15.491318,83.401898,7.355587,,0.088194,0.0,83.401898,0.0,7.355587,0.0,0,0,,0.124048,0.035854,117.307211,33.905313,10.345848,2.990261,0,0,,0.124048,0.035854,117.307211,33.905313,10.345848,2.990261,0,0,0.1025848388791175,0.01439036475758,97.0102761495874,0.1189199913351121,0.0307255172135746,112.4577600859708,0.1373126957443851,0.0491182216228475,129.85098654493947,0.1578334886298848,0.0696390145083473,149.25665902424825,0.0881944741215375,0.124048,0.035854,117.307211,10.345848,0.088194,0.0,83.401898,7.355587,0.124048,0.035854,117.307211,10.345848,0.1025848388791175,0.014390364757580001,0.1189199913351121,0.030725517213574596,0.1373126957443851,0.049118221622847597,0.1578334886298848,0.06963901450834731,0,0,0,0,0,0,0,0,0,0,0,0,0,0
4013,Vaudreuil alumina refinery,Rio Tinto,QC,Mining,Critical Mineral,2019,2024,6,250.0,Yes,0.0256981083386829,0.0265020332630819,0.0261000708008824,0.1044002832035298,0.0415732329722431,0.0322893356694267,6.5250177002206,6.5250177002206,,,Rio Tinto,Vaudreuil alumina refinery,QC,Private,2019,2024,6,Announced & Planning,Announced & Planning,1,0,250.0,0.534,48.42623,-71.182543,Mining,Critical Mineral,1,MIN-CM,1,0,2,0.025698,0.044296,0.25,0.026502,0.0261,0.1044,0.041573,0.032289,capex,250.0,blended_prob,0.02519,0.000454,0.000201,0.00014,0.000114,6.297553,0.113559,0.050236,0.035103,0.028566,6.525018,6.525018,0.0261,2025.066453,250.0,7.5,0.031344,0.022935,0.731728,1.366628,-2e-06,52.361103,6.525018,0.170303,,0.0261,0.0,6.525018,0.0,0.170303,0.0,0,0,,0.037756,0.011656,9.438944,2.913926,0.246357,0.076054,0,0,,0.037756,0.011656,9.438944,2.913926,0.246357,0.076054,0,0,0.0304058819774419,0.0043058111765595,7.601470494360485,0.0354293927049313,0.0093293219040489,8.857348176232847,0.0412848654908208,0.0151847946899384,10.32121637270522,0.0481012650990212,0.0220011942981388,12.0253162747553,0.0261000708008824,0.037756,0.011656,9.438944,0.246357,0.0261,0.0,6.525018,0.170303,0.037756,0.011656,9.438944,0.246357,0.0304058819774419,0.004305811176559499,0.0354293927049313,0.009329321904048896,0.0412848654908208,0.015184794689938396,0.0481012650990212,0.022001194298138797,0,0,0,0,0,0,0,0,0,0,0,0,0,0
4014,The Elysis joint venture,Alcoa/Rio Tinto,QC,Mining,Critical Mineral,2019,2024,6,664.0,Yes,0.027780125976323,0.0216393204006791,0.0247097231885011,0.0988388927540044,0.0393165988042231,0.0305524734347899,16.407256197164727,16.407256197164727,,,Alcoa/Rio Tinto,The Elysis joint venture,QC,Private,2019,2024,6,Announced & Planning,Announced & Planning,1,0,664.0,0.736,48.43214,-71.17565,Mining,Critical Mineral,1,MIN-CM,1,0,3,0.02778,0.036079,0.25,0.021639,0.02471,0.098839,0.039317,0.030552,capex,664.0,blended_prob,0.023847,0.00043,0.000191,0.000133,0.000109,15.834401,0.285773,0.126527,0.088487,0.07207,16.407256,16.407256,0.02471,2025.06659,664.0,19.92,0.029674,0.021713,0.731723,1.366637,1e-06,55.30768,16.407256,0.405419,,0.02471,0.0,16.407256,0.0,0.405419,0.0,0,0,,0.035767,0.011058,23.74951,7.342253,0.586844,0.181425,0,0,,0.035767,0.011058,23.74951,7.342253,0.586844,0.181425,0,0,0.028901679274519,0.0041919560860179,19.190715038280672,0.0338074661501536,0.0090977429616525,22.44815752370204,0.0395416950531091,0.014831971864608,26.255685515264467,0.0462333443727471,0.021523621184246,30.69894066350413,0.0247097231885011,0.035767,0.011058,23.74951,0.586844,0.02471,0.0,16.407256,0.405419,0.035767,0.011058,23.74951,0.586844,0.028901679274519,0.004191956086017901,0.0338074661501536,0.0090977429616525,0.0395416950531091,0.014831971864608003,0.0462333443727471,0.021523621184246,0,0,0,0,0,0,0,0,0,0,0,0,0,0
4015,Goldboro Gold,Signal Gold Inc. (formerly Anaconda Mining),NS,Mining,Precious Metal,2019,2024,6,271.0,No,0.1279843487096441,0.0592479374400183,0.0936161430748312,0.3744645722993249,0.1511566739959899,0.1166323554432947,25.369974773279253,25.369974773279253,,,Signal Gold Inc. (formerly Anaconda Mining),Goldboro Gold,NS,Private,2019,2024,6,In Review,Approved,1,0,271.0,0.559,45.203,-61.6422,Mining,Precious Metal,0,MIN-PM,1,0,2,0.127984,0.100725,0.25,0.059248,0.093616,0.374465,0.151157,0.116632,capex,271.0,blended_prob,0.090588,0.001568,0.000666,0.000446,0.000349,24.549289,0.424858,0.180381,0.120968,0.094478,25.369975,25.369975,0.093616,2025.060167,271.0,8.13,0.112465,0.082318,0.731948,1.366217,-0.0,14.593822,25.369975,2.375039,,0.093616,0.0,25.369975,0.0,2.375039,0.0,0,0,,0.131356,0.03774,35.597564,10.227589,3.332507,0.957467,0,0,,0.131356,0.03774,35.597564,10.227589,3.332507,0.957467,0,0,0.1086379509950316,0.0150218079202004,29.44088471965357,0.1256978011820762,0.032081658107245,34.06410412034266,0.1449283134799294,0.0513121704050982,39.27557295306087,0.1664233881007098,0.0728072450258786,45.10073817529236,0.0936161430748312,0.131356,0.03774,35.597564,3.332507,0.093616,0.0,25.369975,2.375039,0.131356,0.03774,35.597564,3.332507,0.1086379509950316,0.0150218079202004,0.1256978011820762,0.03208165810724502,0.1449283134799294,0.05131217040509821,0.1664233881007098,0.07280724502587861,0,0,0,0,0,0,0,0,0,0,0,0,0,0
4016,James Bay Lithium,Allkem Limited,QC,Mining,Critical Mineral,2019,2024,6,508.7,Yes,0.0256981083386829,0.0226626304758681,0.0241803694072755,0.0967214776291021,0.0384574195464271,0.0298911894629362,12.300553917481048,12.300553917481048,,,Allkem Limited,James Bay Lithium,QC,Private,2019,2024,6,In Review,Approved,1,0,508.7,0.69,,,Mining,Critical Mineral,1,MIN-CM,1,0,2,0.025698,0.037805,0.25,0.022663,0.02418,0.096721,0.038457,0.029891,capex,508.7,blended_prob,0.023336,0.000421,0.000187,0.000131,0.000106,11.870828,0.214309,0.094916,0.066401,0.054099,12.300554,12.300554,0.02418,2025.066643,508.7,15.261,0.029038,0.021248,0.731721,1.366641,1e-06,56.518611,12.300554,0.297432,,0.02418,0.0,12.300554,0.0,0.297432,0.0,0,0,,0.03501,0.010829,17.809382,5.508828,0.430637,0.133206,0,0,,0.03501,0.010829,17.809382,5.508828,0.430637,0.133206,0,0,0.0282377725116582,0.0040574031043827,14.364554876680542,0.03298181152935,0.0088014421220745,16.77784752498037,0.0385231695265797,0.0143428001193042,19.596736338171127,0.0449869067603041,0.0208065373530286,22.884839468966717,0.0241803694072755,0.03501,0.010829,17.809382,0.430637,0.02418,0.0,12.300554,0.297432,0.03501,0.010829,17.809382,0.430637,0.0282377725116582,0.004057403104382698,0.03298181152935,0.0088014421220745,0.0385231695265797,0.014342800119304198,0.0449869067603041,0.020806537353028596,0,0,0,0,0,0,0,0,0,0,0,0,0,0
4021,Mill upgrade,Tolko,BC,Forest,Pulp & Paper,2019,2024,6,35.0,No,0.0550281728987371,0.0697637756301108,0.062395974264424,0.249583897057696,0.1004840946773205,0.0776312224295826,2.183859099254841,2.183859099254841,,,Tolko,Mill upgrade,BC,Private,2019,2024,6,Announced & Planning,Announced & Planning,1,0,35.0,0.157,50.4477,-119.197,Forest,Pulp & Paper,0,FOR-P&P,0,0,0,0.055028,0.119264,0.25,0.069764,0.062396,0.249584,0.100484,0.077631,capex,35.0,blended_prob,0.060307,0.001064,0.00046,0.000315,0.00025,2.110744,0.03723,0.01611,0.011011,0.008765,2.183859,2.183859,0.062396,2025.062981,35.0,1.05,0.074947,0.05485,0.731849,1.366402,3e-06,21.898873,2.183859,0.136264,,0.062396,0.0,2.183859,0.0,0.136264,0.0,0,0,,0.088783,0.026387,3.107404,0.923545,0.193889,0.057625,0,0,,0.088783,0.026387,3.107404,0.923545,0.193889,0.057625,0,0,0.0721548649189407,0.0097588906545167,2.525420272162927,0.0833927980465309,0.0209968237821069,2.918747931628584,0.0962992580565453,0.0339032837921212,3.3704740319790867,0.1110726235009857,0.0486766492365617,3.887541822534504,0.062395974264424,0.088783,0.026387,3.107404,0.193889,0.062396,0.0,2.183859,0.136264,0.088783,0.026387,3.107404,0.193889,0.0721548649189407,0.009758890654516697,0.0833927980465309,0.02099682378210689,0.0962992580565453,0.03390328379212129,0.1110726235009857,0.0486766492365617,0,0,0,0,0,0,0,0,0,0,0,0,0,0
4057,Vulcan Solar Project,EDF Renewables Canada,AB,Energy,Clean Electricity,2019,2024,6,155.0,Yes,0.9094025580471986,0.2919330680880359,0.6006678130676173,2.402671252270469,0.9741380013041316,0.750055888362223,93.10351102548071,93.10351102548071,,,EDF Renewables Canada,Vulcan Solar Project,AB,Private,2019,2024,6,Announced & Planning,Announced & Planning,1,0,155.0,0.451,50.403783,-113.253133,Energy,Clean Electricity,1,EN-CLEL,1,0,1,0.909403,0.569326,0.25,0.291933,0.600668,2.402671,0.974138,0.750056,capex,155.0,blended_prob,0.589036,0.007487,0.002335,0.00115,0.00066,91.300638,1.160506,0.361879,0.178244,0.102245,93.103511,93.103511,0.600668,2025.030375,155.0,4.65,0.722799,0.529816,0.733006,1.364245,0.0,2.271215,93.103511,55.924282,,0.600668,0.0,93.103511,0.0,55.924282,0.0,0,0,,0.687722,0.087054,106.596853,13.493342,64.029299,8.105016,0,0,,0.687722,0.087054,106.596853,13.493342,64.029299,8.105016,0,0,0.6237265675370346,0.0230587544694172,96.6776179682404,0.6469910182361631,0.0463232051685458,100.28360782660532,0.6705702898120798,0.0699024767444624,103.9383949208724,0.6945295660151484,0.093861752947531,107.65208273234803,0.6006678130676173,0.687722,0.087054,106.596853,64.029299,0.600668,0.0,93.103511,55.924282,0.687722,0.087054,106.596853,64.029299,0.6237265675370346,0.023058754469417297,0.6469910182361631,0.04632320516854582,0.6705702898120798,0.06990247674446248,0.6945295660151484,0.09386175294753107,0,0,0,0,0,0,0,0,0,0,0,0,0,0
4072,Borden Battery Park,PEI Energy Corporation,PE,Energy,"DER, Storage, EV",2020,2024,5,35.0,Yes,0.7415655174463895,0.372092348384231,0.5568289329153102,2.227315731661241,0.9029843459459675,0.6952910981275732,19.489012652035857,19.489012652035857,,,PEI Energy Corporation,Borden Battery Park,PE,Public,2020,2024,5,Announced & Planning,In Review,1,0,35.0,0.157,46.253763,-63.692162,Energy,"DER, Storage, EV",1,EN-DER,1,0,0,0.741566,0.767468,0.25,0.372092,0.556829,2.227316,0.902984,0.695291,capex,35.0,blended_prob,0.545592,0.007122,0.002281,0.001154,0.00068,19.09571,0.249286,0.079836,0.040387,0.023793,19.489013,19.489013,0.556829,2025.032084,35.0,1.05,0.62964,0.49106,0.779906,1.282205,1e-06,2.302691,19.489013,10.852046,,0.556829,0.0,19.489013,0.0,10.852046,0.0,0,0,,0.625798,0.068969,21.902937,2.413925,12.196189,1.344143,0,0,,0.625798,0.068969,21.902937,2.413925,12.196189,1.344143,0,0,0.5928320834979127,0.0360031505826025,20.749122922426945,0.6282996331397199,0.0714707002244097,21.9904871598902,0.6631196467681213,0.106290713852811,23.209187636884245,0.6971814702713498,0.1403525373560396,24.40135145949724,0.5568289329153102,0.625798,0.068969,21.902937,12.196189,0.556829,0.0,19.489013,10.852046,0.625798,0.068969,21.902937,12.196189,0.5928320834979127,0.036003150582602506,0.6282996331397199,0.07147070022440971,0.6631196467681213,0.10629071385281108,0.6971814702713498,0.1403525373560396,0,0,0,0,0,0,0,0,0,0,0,0,0,0
4073,Western PEI Transmission Upgrade,PEI Energy Corporation,PE,Energy,Trans & Distr,2019,2024,6,44.0,No,0.7124960840717321,0.3928127990762576,0.5526544415739949,2.21061776629598,0.896208846271623,0.6900762034530461,24.31679542925578,24.31679542925578,,,PEI Energy Corporation,Western PEI Transmission Upgrade,PE,Private,2019,2024,6,In Review,In Review,1,0,44.0,0.192,46.794249,-64.157612,Energy,Trans & Distr,0,EN-T&D,0,0,0,0.712496,0.822808,0.25,0.392813,0.552654,2.210618,0.896209,0.690076,capex,44.0,blended_prob,0.541457,0.007086,0.002275,0.001154,0.000682,23.824117,0.311804,0.100113,0.050773,0.029988,24.316795,24.316795,0.552654,2025.032253,44.0,1.32,0.664954,0.48737,0.732938,1.364372,-0.0,2.468761,24.316795,13.438785,,0.552654,0.0,24.316795,0.0,13.438785,0.0,0,0,,0.643971,0.091317,28.334732,4.017936,15.659315,2.22053,0,0,,0.643971,0.091317,28.334732,4.017936,15.659315,2.22053,0,0,0.5905834970157846,0.0379290554417897,25.985673868694526,0.627958876305025,0.0753044347310301,27.630190557421106,0.6645923651130508,0.1119379235390558,29.24206406497424,0.7003045360217459,0.147650094447751,30.813399584956827,0.5526544415739949,0.643971,0.091317,28.334732,15.659315,0.552654,0.0,24.316795,13.438785,0.643971,0.091317,28.334732,15.659315,0.5905834970157846,0.037929055441789705,0.627958876305025,0.0753044347310301,0.6645923651130508,0.11193792353905585,0.7003045360217459,0.147650094447751,0,0,0,0,0,0,0,0,0,0,0,0,0,0
4077,Victoria Lake Hydro Project,Synex Energy Resources Ltd.,BC,Energy,Clean Electricity,2019,2024,6,18.0,Yes,0.0565115003851756,0.0362411966606958,0.0463763485229357,0.1855053940917428,0.0744830899751818,0.0576190451038341,0.8347742734128427,0.8347742734128427,,,Synex Energy Resources Ltd.,Victoria Lake Hydro Project,BC,Private,2019,2024,6,In Review,In Review,1,0,18.0,0.083,50.424697,-127.487264,Energy,Clean Electricity,1,EN-CLEL,1,0,0,0.056512,0.060878,0.25,0.036241,0.046376,0.185505,0.074483,0.057619,capex,18.0,blended_prob,0.044796,0.000798,0.000349,0.000241,0.000193,0.806325,0.014362,0.006275,0.004331,0.003481,0.834774,0.834774,0.046376,2025.064486,18.0,0.54,0.0557,0.040761,0.731797,1.3665,3e-06,29.465449,0.834774,0.038714,,0.046376,0.0,0.834774,0.0,0.038714,0.0,0,0,,0.066469,0.020093,1.196442,0.361667,0.055487,0.016773,0,0,,0.066469,0.020093,1.196442,0.361667,0.055487,0.016773,0,0,0.0541735598477373,0.0077972113248016,0.9751240772592732,0.0632278003398613,0.0168514518169256,1.1381004061175048,0.0737074818928466,0.0273311333699109,1.3267346740712405,0.0857888519885688,0.0394125034656331,1.544199335794239,0.0463763485229357,0.066469,0.020093,1.196442,0.055487,0.046376,0.0,0.834774,0.038714,0.066469,0.020093,1.196442,0.055487,0.0541735598477373,0.007797211324801601,0.0632278003398613,0.016851451816925607,0.0737074818928466,0.027331133369910894,0.0857888519885688,0.039412503465633096,0,0,0,0,0,0,0,0,0,0,0,0,0,0
4080,Fries Creek Hydroelectric Project,Pacific Greengen Power Inc.,BC,Energy,Clean Electricity,2019,2024,6,20.0,Yes,0.0565115003851756,0.036060946201783,0.0462862232934793,0.1851448931739172,0.0743368102460114,0.0575064580744921,0.925724465869586,0.925724465869586,,,Pacific Greengen Power Inc.,Fries Creek Hydroelectric Project,BC,Private,2019,2024,6,In Review,In Review,1,0,20.0,0.088,49.307766,-121.799622,Energy,Clean Electricity,1,EN-CLEL,1,0,0,0.056512,0.06057,0.25,0.036061,0.046286,0.185145,0.074337,0.057506,capex,20.0,blended_prob,0.044709,0.000796,0.000348,0.00024,0.000193,0.894172,0.015927,0.00696,0.004804,0.003862,0.925724,0.925724,0.046286,2025.064495,20.0,0.6,0.055592,0.040682,0.731796,1.366501,3e-06,29.522834,0.925724,0.042848,,0.046286,0.0,0.925724,0.0,0.042848,0.0,0,0,,0.066343,0.020056,1.326851,0.401126,0.061415,0.018567,0,0,,0.066343,0.020056,1.326851,0.401126,0.061415,0.018567,0,0,0.0540719340395105,0.0077857107460312,1.0814386807902103,0.0631132811823104,0.0168270578888311,1.2622656236462082,0.0735785290169621,0.0272923057234828,1.4715705803392436,0.0856437678610981,0.0393575445676188,1.712875357221963,0.0462862232934793,0.066343,0.020056,1.326851,0.061415,0.046286,0.0,0.925724,0.042848,0.066343,0.020056,1.326851,0.061415,0.0540719340395105,0.007785710746031203,0.0631132811823104,0.0168270578888311,0.0735785290169621,0.027292305723482804,0.0856437678610981,0.03935754456761881,0,0,0,0,0,0,0,0,0,0,0,0,0,0
4096,Babcock Ridge Wind Farm,Boralex,BC,Energy,Clean Electricity,2019,2024,6,50.0,Yes,0.0565115003851756,0.0317983290293026,0.0441549147072391,0.1766196588289565,0.0708775431278651,0.0548439660754895,2.2077457353619554,2.2077457353619554,,,Boralex,Babcock Ridge Wind Farm,BC,Private,2019,2024,6,In Review,Announced & Planning,1,0,50.0,0.214,55.11167,-121.000634,Energy,Clean Electricity,1,EN-CLEL,1,0,0,0.056512,0.053293,0.25,0.031798,0.044155,0.17662,0.070878,0.054844,capex,50.0,blended_prob,0.042646,0.000761,0.000333,0.00023,0.000185,2.132319,0.03803,0.01664,0.0115,0.009256,2.207746,2.207746,0.044155,2025.064698,50.0,1.5,0.053032,0.038808,0.731789,1.366514,3e-06,30.94817,2.207746,0.097483,,0.044155,0.0,2.207746,0.0,0.097483,0.0,0,0,,0.063349,0.019194,3.167452,0.959706,0.139859,0.042376,0,0,,0.063349,0.019194,3.167452,0.959706,0.139859,0.042376,0,0,0.0516679197568468,0.0075130050496077,2.583395987842345,0.0604033267402846,0.0162484120330455,3.0201663370142358,0.0705258173122131,0.026370902604974,3.526290865610659,0.0822076475774837,0.0380527328702446,4.110382378874188,0.0441549147072391,0.063349,0.019194,3.167452,0.139859,0.044155,0.0,2.207746,0.097483,0.063349,0.019194,3.167452,0.139859,0.0516679197568468,0.007513005049607703,0.0604033267402846,0.0162484120330455,0.0705258173122131,0.026370902604973996,0.0822076475774837,0.0380527328702446,0,0,0,0,0,0,0,0,0,0,0,0,0,0
4104,Biofuel Facility,Canfor Corporation/Licella,BC,Energy,Low Carbon Fuels,2019,2024,6,70.0,Yes,0.0103275017685638,0.0094312819093269,0.0098793918389453,0.0395175673557815,0.015245904433666,0.0120259968768336,0.691557428726171,0.691557428726171,,,Canfor Corporation/Licella,Biofuel Facility,BC,Private,2019,2024,6,Announced & Planning,Announced & Planning,1,0,70.0,0.275,53.92241,-122.745706,Energy,Low Carbon Fuels,1,EN-LCF,1,1,0,0.010328,0.015628,0.25,0.009431,0.009879,0.039518,0.015246,0.012026,capex,70.0,blended_prob,0.009529,0.000174,7.8e-05,5.5e-05,4.5e-05,0.667006,0.012147,0.005427,0.00383,0.003147,0.691557,0.691557,0.009879,2025.068078,70.0,2.1,0.011863,0.00868,0.731671,1.366735,3e-06,138.341979,0.691557,0.006832,,0.009879,0.0,0.691557,0.0,0.006832,0.0,0,0,,0.014398,0.004519,1.007888,0.316331,0.009957,0.003125,0,0,,0.014398,0.004519,1.007888,0.316331,0.009957,0.003125,0,0,0.0115555915931405,0.0016761997541952,0.8088914115198418,0.0135249489697306,0.0036455571307853,0.9467464278811478,0.0158390132568793,0.005959621417934,1.1087309279815538,0.0185579602742556,0.0086785684353103,1.299057219197895,0.0098793918389453,0.014398,0.004519,1.007888,0.009957,0.009879,0.0,0.691557,0.006832,0.014398,0.004519,1.007888,0.009957,0.0115555915931405,0.0016761997541952008,0.0135249489697306,0.0036455571307853,0.0158390132568793,0.005959621417934002,0.0185579602742556,0.0086785684353103,0,0,0,0,0,0,0,0,0,0,0,0,0,0
4111,Canoe Reach Geothermal Energy Project,Borealis Geopower,BC,Energy,Clean Electricity,2019,2024,6,120.0,Yes,0.1516352412410768,0.0267161990369279,0.0891757201390023,0.3567028805560095,0.1439495482180786,0.1110852513706329,10.701086416680276,10.701086416680276,,,Borealis Geopower,Canoe Reach Geothermal Energy Project,BC,Private,2019,2024,6,Announced & Planning,In Review,1,0,120.0,0.388,52.830616,-119.265917,Energy,Clean Electricity,1,EN-CLEL,1,0,1,0.151635,0.044659,0.25,0.026716,0.089176,0.356703,0.14395,0.111085,capex,120.0,blended_prob,0.086277,0.001497,0.000637,0.000429,0.000336,10.353231,0.179661,0.076485,0.051432,0.040278,10.701086,10.701086,0.089176,2025.060558,120.0,3.6,0.107128,0.078411,0.731934,1.366243,1e-06,15.320795,10.701086,0.954277,,0.089176,0.0,10.701086,0.0,0.954277,0.0,0,0,,0.125373,0.036198,15.044809,4.343723,1.341632,0.387355,0,0,,0.125373,0.036198,15.044809,4.343723,1.341632,0.387355,0,0,0.1037898936794098,0.0146141735404075,12.45478724152918,0.1202809719947456,0.0311052518557433,14.433716639369484,0.138711485009325,0.0495357648703227,16.645378201119005,0.1590900001988749,0.0699142800598726,19.090800023865,0.0891757201390023,0.125373,0.036198,15.044809,1.341632,0.089176,0.0,10.701086,0.954277,0.125373,0.036198,15.044809,1.341632,0.1037898936794098,0.014614173540407505,0.1202809719947456,0.03110525185574331,0.138711485009325,0.04953576487032271,0.1590900001988749,0.0699142800598726,0,0,0,0,0,0,0,0,0,0,0,0,0,0
4116,Kenney Dam Cold Water Release Facility,Alcan Aluminum Ltd. and the Province of BC,BC,Energy,Clean Electricity,2020,2024,5,275.0,Yes,0.1407789451041863,0.0224143613620095,0.0815966532330979,0.3263866129323917,0.1316481775469847,0.1016172629586526,22.43907963910192,22.43907963910192,,,Alcan Aluminum Ltd. and the Province of BC,Kenney Dam Cold Water Release Facility,BC,Public,2020,2024,5,Announced & Planning,Announced & Planning,1,0,275.0,0.563,53.566667,-124.95,Energy,Clean Electricity,1,EN-CLEL,1,0,2,0.140779,0.037386,0.25,0.022414,0.081597,0.326387,0.131648,0.101617,capex,275.0,blended_prob,0.078922,0.001376,0.000588,0.000398,0.000313,21.703565,0.378367,0.161822,0.109319,0.086007,22.43908,22.43908,0.081597,2025.061232,275.0,8.25,0.092117,0.071741,0.778806,1.284017,1e-06,15.736142,22.43908,1.830954,,0.081597,0.0,22.43908,0.0,1.830954,0.0,0,0,,0.105749,0.024152,29.080982,6.641902,2.372911,0.541957,0,0,,0.105749,0.024152,29.080982,6.641902,2.372911,0.541957,0,0,0.0951907219685828,0.0135940687354849,26.177448541360288,0.1105951503572289,0.028998497124131,30.413666348237964,0.1278904385967346,0.0462937853636367,35.16987061410203,0.1471088675458638,0.0655122143127659,40.45493857511254,0.0815966532330979,0.105749,0.024152,29.080982,2.372911,0.081597,0.0,22.43908,1.830954,0.105749,0.024152,29.080982,2.372911,0.0951907219685828,0.01359406873548491,0.1105951503572289,0.02899849712413101,0.1278904385967346,0.04629378536363671,0.1471088675458638,0.06551221431276591,0,0,0,0,0,0,0,0,0,0,0,0,0,0
4119,Ridley Island Energy Export Facility (REEF),AltaGas / Vopak Development Canada Inc.,BC,Energy,"DER, Storage, EV",2019,2024,6,750.0,Yes,0.0918291044054383,0.0184425039777959,0.0551358041916171,0.2205432167664685,0.0887003165012493,0.06856160911547,41.35185314371282,41.35185314371282,,,AltaGas / Vopak Development Canada Inc.,Ridley Island Energy Export Facility (REEF),BC,Private,2019,2024,6,In Review,In Review,1,0,750.0,0.757,54.314188,-130.322183,Energy,"DER, Storage, EV",1,EN-DER,1,0,3,0.091829,0.030699,0.25,0.018443,0.055136,0.220543,0.0887,0.068562,capex,750.0,blended_prob,0.053275,0.000944,0.00041,0.000282,0.000225,39.956212,0.707882,0.307666,0.211219,0.168874,41.351853,41.351853,0.055136,2025.063658,750.0,22.5,0.066224,0.048464,0.731826,1.366446,0.0,24.783275,41.351853,2.279968,,0.055136,0.0,41.351853,0.0,2.279968,0.0,0,0,,0.07871,0.023574,59.032689,17.680836,3.254815,0.974847,0,0,,0.07871,0.023574,59.032689,17.680836,3.254815,0.974847,0,0,0.0647903150442301,0.009654510852613,48.59273628317262,0.0759351753782491,0.020799371186632,56.95138153368683,0.0887179185273107,0.0335821143356936,66.53843889548308,0.103270554295803,0.0481347501041859,77.45291572185229,0.0551358041916171,0.07871,0.023574,59.032689,3.254815,0.055136,0.0,41.351853,2.279968,0.07871,0.023574,59.032689,3.254815,0.0647903150442301,0.009654510852613006,0.0759351753782491,0.020799371186632006,0.0887179185273107,0.0335821143356936,0.103270554295803,0.04813475010418589,0,0,0,0,0,0,0,0,0,0,0,0,0,0
4125,Nisgaa LNG,Nisgaa Nation,BC,Energy,Oil & Gas - Downstream,2019,2024,6,10000.0,No,0.01155180128471,0.0121174021328944,0.0118346017088022,0.0473384068352089,0.018419350670188,0.0144685012933565,118.346017088022,118.346017088022,,,Nisgaa Nation,Nisgaa LNG,BC,Private,2019,2024,6,Announced & Planning,Announced & Planning,1,0,10000.0,0.975,54.901569,-130.072604,Energy,Oil & Gas - Downstream,0,EN-OG-D,1,0,4,0.011552,0.020106,0.25,0.012117,0.011835,0.047338,0.018419,0.014469,capex,10000.0,blended_prob,0.011415,0.000208,9.3e-05,6.5e-05,5.4e-05,114.153835,2.076408,0.926568,0.653095,0.53611,118.346017,118.346017,0.011835,2025.06788,10000.0,300.0,0.014211,0.010398,0.731678,1.366722,-0.0,115.485227,118.346017,1.400578,,0.011835,0.0,118.346017,0.0,1.400578,0.0,0,0,,0.017232,0.005398,172.323925,53.977908,2.039385,0.638807,0,0,,0.017232,0.005398,172.323925,53.977908,2.039385,0.638807,0,0,0.0138103575322539,0.0019757558234517,138.10357532253985,0.0161260462567034,0.0042914445479012,161.26046256703398,0.0188403716748616,0.0070057699660594,188.40371674861697,0.0220216068649304,0.0101870051561282,220.21606864930456,0.0118346017088022,0.017232,0.005398,172.323925,2.039385,0.011835,0.0,118.346017,1.400578,0.017232,0.005398,172.323925,2.039385,0.0138103575322539,0.0019757558234517,0.0161260462567034,0.0042914445479012,0.0188403716748616,0.007005769966059399,0.0220216068649304,0.010187005156128201,0,0,0,0,0,0,0,0,0,0,0,0,0,0
4126,Pike,Devon Energy Corporation/ BP JV,AB,Energy,Clean Electricity,2019,2024,6,1900.0,Yes,0.8754125009447284,0.1982966846164272,0.5368545927805779,2.147418371122312,0.8705645553624554,0.6703385778133288,1020.023726283098,1020.023726283098,,,Devon Energy Corporation/ BP JV,Pike,AB,Private,2019,2024,6,Announced & Planning,Announced & Planning,1,0,1900.0,0.89,55.599405,-110.995766,Energy,Clean Electricity,1,EN-CLEL,1,0,4,0.875413,0.364497,0.25,0.198297,0.536855,2.147418,0.870565,0.670339,capex,1900.0,blended_prob,0.525813,0.006948,0.002252,0.001153,0.000688,999.044183,13.20159,4.279669,2.191435,1.306849,1020.023726,1020.023726,0.536855,2025.032904,1900.0,57.0,0.64592,0.473404,0.732915,1.364415,0.0,2.541498,1020.023726,547.604422,,0.536855,0.0,1020.023726,0.0,547.604422,0.0,0,0,,0.629233,0.092378,1195.542326,175.5186,641.832389,94.227966,0,0,,0.629233,0.092378,1195.542326,175.5186,641.832389,94.227966,0,0,0.5580054154531422,0.0211508226725642,1060.21028936097,0.5789885471834968,0.0421339544029188,1100.0782396486438,0.5999936112169811,0.0631390184364032,1139.9878613122642,0.6211956608873533,0.0843410681067754,1180.2717556859714,0.5368545927805779,0.629233,0.092378,1195.542326,641.832389,0.536855,0.0,1020.023726,547.604422,0.629233,0.092378,1195.542326,641.832389,0.5580054154531422,0.021150822672564296,0.5789885471834968,0.042133954402918894,0.5999936112169811,0.06313901843640324,0.6211956608873533,0.08434106810677544,0,0,0,0,0,0,0,0,0,0,0,0,0,0
4153,Uisce Tapa In-Stream Tidal Energy Project,DP Energy Limited (Haligonia Tidal Energy Ltd. / Rio Fundo Operations Canada Ltd.),NS,Energy,Clean Electricity,2019,2024,6,117.0,Yes,0.5501460809143904,0.3089405768819276,0.429543328898159,1.7181733155926362,0.6963906563073081,0.5362822598618187,50.2565694810846,50.2565694810846,,,DP Energy Limited (Haligonia Tidal Energy Ltd. / Rio Fundo Operations Canada Ltd.),Uisce Tapa In-Stream Tidal Energy Project,NS,Private,2019,2024,6,Approved,Approved,1,0,117.0,0.384,45.367408,-63.70584,Energy,Clean Electricity,1,EN-CLEL,1,0,1,0.550146,0.609422,0.25,0.308941,0.429543,1.718173,0.696391,0.536282,capex,117.0,blended_prob,0.41974,0.005921,0.002049,0.00112,0.000713,49.10963,0.692746,0.239731,0.131041,0.08342,50.256569,50.256569,0.429543,2025.037786,117.0,3.51,0.516667,0.378583,0.73274,1.364741,0.0,3.177191,50.256569,21.587374,,0.429543,0.0,50.256569,0.0,21.587374,0.0,0,0,,0.524362,0.094819,61.35038,11.093811,26.352647,4.765272,1,0,,0.524362,0.094819,61.35038,11.093811,26.352647,4.765272,1,0,0.4690518649846235,0.0395085360864644,54.87906820320094,0.5090006621237337,0.0794573332255747,59.55307746847684,0.5490287598350998,0.1194854309369408,64.23636490070668,0.5888053738459055,0.1592620449477464,68.89022873997094,0.429543328898159,0.524362,0.094819,61.35038,26.352647,0.429543,0.0,50.256569,21.587374,0.524362,0.094819,61.35038,26.352647,0.4690518649846235,0.039508536086464485,0.5090006621237337,0.07945733322557474,0.5490287598350998,0.1194854309369408,0.5888053738459055,0.15926204494774648,1,0,0,0,1,0,0,0,1,0,1,0,1,0
4162,Superior Lake (formerly Pick Lake/Winston Lake Zinc Project),Waroona Energy Inc.,ON,Mining,Other,2020,2024,5,145.0846,No,0.4822958502439837,0.0730879945761578,0.2776919224100708,1.1107676896402832,0.4499249024977347,0.3465851144451364,40.28882148609613,40.28882148609613,,,Waroona Energy Inc.,Superior Lake (formerly Pick Lake/Winston Lake Zinc Project),ON,Private,2020,2024,5,Announced & Planning,Announced & Planning,1,0,145.0846,0.438,49.011,-87.41,Mining,Other,0,MIN-OTH,1,0,1,0.482296,0.125168,0.25,0.073088,0.277692,1.110768,0.449925,0.346585,capex,145.0846,blended_prob,0.270306,0.004182,0.001587,0.000952,0.000665,39.217245,0.60677,0.23031,0.138082,0.096414,40.288821,40.288821,0.277692,2025.046348,145.0846,4.352538,0.313754,0.244529,0.779364,1.283097,0.0,4.620577,40.288821,11.18788,,0.277692,0.0,40.288821,0.0,11.18788,0.0,0,0,,0.338495,0.060803,49.11039,8.821568,13.637558,2.449678,0,0,,0.338495,0.060803,49.11039,8.821568,13.637558,2.449678,0,0,0.3057690860848587,0.0280771636747879,44.36238554698727,0.3341564245392732,0.0564645021292024,48.4809511917106,0.362523002730557,0.0848310803204862,52.59650484196175,0.3905848718705807,0.1128929494605099,56.66784990139442,0.2776919224100708,0.338495,0.060803,49.11039,13.637558,0.277692,0.0,40.288821,11.18788,0.338495,0.060803,49.11039,13.637558,0.3057690860848587,0.02807716367478791,0.3341564245392732,0.0564645021292024,0.362523002730557,0.0848310803204862,0.3905848718705807,0.11289294946050993,0,0,0,0,0,0,0,0,0,0,0,0,0,0
4163,Wanipigow,Canadian Premium Sand,MB,Mining,Other,2020,2024,5,124.0,No,0.4132553659319757,0.0692656287398763,0.241260497335926,0.965041989343704,0.3907940794719998,0.3010739301903555,29.91630166965482,29.91630166965482,,,Canadian Premium Sand,Wanipigow,MB,Private,2020,2024,5,Announced & Planning,Approved,1,0,124.0,0.4,,,Mining,Other,0,MIN-OTH,1,0,1,0.413255,0.118381,0.25,0.069266,0.24126,0.965042,0.390794,0.301074,capex,124.0,blended_prob,0.234596,0.003711,0.00144,0.000883,0.00063,29.089928,0.460172,0.178583,0.10947,0.078149,29.916302,29.916302,0.24126,2025.048747,124.0,3.72,0.272555,0.212395,0.779274,1.283246,-0.0,5.318922,29.916302,7.217622,,0.24126,0.0,29.916302,0.0,7.217622,0.0,0,0,,0.297371,0.05611,36.873946,6.957645,8.896227,1.678605,0,0,,0.297371,0.05611,36.873946,6.957645,8.896227,1.678605,0,0,0.2687264257171525,0.0274659283812265,33.322076788926914,0.2970838829818484,0.0558233856459224,36.8384014897492,0.3259843746516996,0.0847238773157736,40.42206245681076,0.3550872186390726,0.1138267213031466,44.030815111245,0.241260497335926,0.297371,0.05611,36.873946,8.896227,0.24126,0.0,29.916302,7.217622,0.297371,0.05611,36.873946,8.896227,0.2687264257171525,0.027465928381226495,0.2970838829818484,0.0558233856459224,0.3259843746516996,0.0847238773157736,0.3550872186390726,0.11382672130314661,0,0,0,0,0,0,0,0,0,0,0,0,0,0
4164,New Ingerbelle,Copper Mountain Mining Corp.,BC,Mining,Critical Mineral,2020,2024,5,183.0,Yes,0.0100071958808687,0.0059524126438783,0.0079798042623735,0.0319192170494941,0.012162737179474,0.0096529774292137,1.4603041800143504,1.4603041800143504,,,Copper Mountain Mining Corp.,New Ingerbelle,BC,Private,2020,2024,5,Announced & Planning,In Review,1,0,183.0,0.478,49.33,-120.53,Mining,Critical Mineral,1,MIN-CM,1,0,1,0.010007,0.009846,0.25,0.005952,0.00798,0.031919,0.012163,0.009653,capex,183.0,blended_prob,0.007696,0.00014,6.3e-05,4.4e-05,3.6e-05,1.408351,0.025677,0.011485,0.008114,0.006677,1.460304,1.460304,0.00798,2025.068271,183.0,5.49,0.009005,0.007011,0.778544,1.284449,3e-06,160.962473,1.460304,0.011653,,0.00798,0.0,1.460304,0.0,0.011653,0.0,0,0,,0.010593,0.002613,1.938545,0.47824,0.015469,0.003816,0,0,,0.010593,0.002613,1.938545,0.47824,0.015469,0.003816,0,0,0.0093942057260562,0.0014144014636827,1.7191396478683023,0.011065483763729,0.0030856795013555,2.0249835287624185,0.0130402163200716,0.0050604120576981,2.386359586573114,0.01537297524449,0.0073931709821165,2.81325446974167,0.0079798042623735,0.010593,0.002613,1.938545,0.015469,0.00798,0.0,1.460304,0.011653,0.010593,0.002613,1.938545,0.015469,0.0093942057260562,0.0014144014636827008,0.011065483763729,0.0030856795013554997,0.0130402163200716,0.0050604120576981,0.01537297524449,0.0073931709821165,0,0,0,0,0,0,0,0,0,0,0,0,0,0
4166,McIlvenna Bay,Foran Mining Corp.,SK,Mining,Critical Mineral,2020,2024,5,368.0,Yes,0.0697708199612737,0.0628178601582101,0.0662943400597419,0.2651773602389677,0.1068114227316963,0.0825011731285236,24.396317141985016,24.396317141985016,,,Foran Mining Corp.,McIlvenna Bay,SK,Private,2020,2024,5,Announced & Planning,Approved,1,0,368.0,0.622,54.66,-102.89,Mining,Critical Mineral,1,MIN-CM,1,0,2,0.069771,0.106995,0.25,0.062818,0.066294,0.265177,0.106811,0.082501,capex,368.0,blended_prob,0.064084,0.001128,0.000487,0.000332,0.000264,23.583043,0.414979,0.179141,0.122152,0.097002,24.396317,24.396317,0.066294,2025.062621,368.0,11.04,0.074836,0.058279,0.778754,1.284102,-0.0,19.369708,24.396317,1.617338,,0.066294,0.0,24.396317,0.0,1.617338,0.0,0,0,,0.086343,0.020049,31.774262,7.377945,2.106454,0.489116,0,0,,0.086343,0.020049,31.774262,7.377945,2.106454,0.489116,0,0,0.0769222981446538,0.0106279580849119,28.30740571723262,0.0891607716590592,0.0228664315993173,32.81116397053379,0.1032007908842103,0.0369064508244684,37.977891045389406,0.119234423001756,0.0529400829420141,43.8782676646462,0.0662943400597419,0.086343,0.020049,31.774262,2.106454,0.066294,0.0,24.396317,1.617338,0.086343,0.020049,31.774262,2.106454,0.0769222981446538,0.010627958084911904,0.0891607716590592,0.022866431599317297,0.1032007908842103,0.036906450824468404,0.119234423001756,0.052940082942014105,0,0,0,0,0,0,0,0,0,0,0,0,0,0
4169,Telkwa (Delete same project as Tenas Project (ID3610),Allegiance Coal,BC,Mining,Coal,2020,2024,5,73.216,No,0.0019334278767732,0.0059005662301236,0.0039169970534484,0.0156679882137939,0.0055685088842673,0.004577601785776,0.286786856265278,0.286786856265278,23.822478693047067,23.822478693047067,Allegiance Coal,Telkwa (Delete same project as Tenas Project (ID3610),BC,Private,2020,2024,5,Announced & Planning,Announced & Planning,1,0,73.216,0.288,,,Mining,Coal,0,MIN-COAL,1,0,0,0.001933,0.00976,0.25,0.005901,0.003917,0.015668,0.005569,0.004578,capex,73.216,blended_prob,0.003777,6.9e-05,3.1e-05,2.2e-05,1.8e-05,0.276537,0.005054,0.002266,0.001605,0.001324,0.286787,0.286787,0.003917,2025.068687,73.216,2.19648,0.00442,0.003441,0.778528,1.284475,3e-06,327.923284,0.286787,0.001123,,0.003917,0.0,0.286787,0.0,0.001123,0.0,0,0,,0.005207,0.00129,0.381219,0.094432,0.001493,0.00037,0,0,,0.005207,0.00129,0.381219,0.094432,0.001493,0.00037,0,0,0.0045074080717634,0.000590411018315,0.3300143893822292,0.0051903838764599,0.0012733868230115,0.3800191458988926,0.0059810307633212,0.0020640337098728,0.4379071483673284,0.0068970016187917,0.0029800045653433,0.5049708705214602,0.0039169970534484,0.005207,0.00129,0.381219,0.001493,0.003917,0.0,0.286787,0.001123,0.005207,0.00129,0.381219,0.001493,0.0045074080717634,0.0005904110183149996,0.0051903838764599,0.0012733868230114997,0.0059810307633212,0.0020640337098727993,0.0068970016187917,0.0029800045653432996,0,0,0,0,0,0,0,0,0,0,0,0,0,0
4188,Airport City Solar,Alpin Sun,AB,Energy,Clean Electricity,2020,2024,5,169.0,Yes,0.9193044127295388,0.2887191488267173,0.6040117807781281,2.4160471231125125,0.9795655013948243,0.7542332690248066,102.07799095150364,102.07799095150364,,,Alpin Sun,Airport City Solar,AB,Private,2020,2024,5,Announced & Planning,Announced & Planning,1,0,169.0,0.464,53.291079,-113.593655,Energy,Clean Electricity,1,EN-CLEL,1,0,1,0.919304,0.561857,0.25,0.288719,0.604012,2.416047,0.979566,0.754233,capex,169.0,blended_prob,0.592352,0.007514,0.002338,0.001149,0.000658,100.10751,1.269861,0.395174,0.194247,0.111199,102.077991,102.077991,0.604012,2025.030249,169.0,5.07,0.683062,0.532773,0.779977,1.282089,0.0,2.122623,102.077991,61.656309,,0.604012,0.0,102.077991,0.0,61.656309,0.0,0,0,,0.66999,0.065978,113.228308,11.150317,68.391232,6.734923,0,0,,0.66999,0.065978,113.228308,11.150317,68.391232,6.734923,0,0,0.6262142858586045,0.0222025050804763,105.83021431010414,0.64871173782376,0.0446999570456319,109.63228369221542,0.6716109097947712,0.0675991290166431,113.50224375531631,0.6949738954160626,0.0909621146379344,117.45058832531456,0.6040117807781281,0.66999,0.065978,113.228308,68.391232,0.604012,0.0,102.077991,61.656309,0.66999,0.065978,113.228308,68.391232,0.6262142858586045,0.022202505080476387,0.64871173782376,0.0446999570456319,0.6716109097947712,0.06759912901664311,0.6949738954160626,0.09096211463793447,0,0,0,0,0,0,0,0,0,0,0,0,0,0
4198,Greenview Geothermal Power Plant (Alberta No. 1),Climate Transition Development Corporation,AB,Energy,Clean Electricity,2020,2024,5,106.0,Yes,0.9193044127295388,0.3138991773386888,0.6166017950341138,2.466407180136456,1.0,0.7699610770204683,65.35979027361606,65.35979027361606,,,Climate Transition Development Corporation,Greenview Geothermal Power Plant (Alberta No. 1),AB,Private,2020,2024,5,Announced & Planning,Announced & Planning,1,0,106.0,0.365,54.841827,-117.649841,Energy,Clean Electricity,1,EN-CLEL,1,0,1,0.919304,0.621298,0.25,0.313899,0.616602,2.466407,1.0,0.769961,capex,106.0,blended_prob,0.604838,0.007614,0.002351,0.001147,0.000652,64.11285,0.807062,0.249236,0.121576,0.069066,65.35979,65.35979,0.616602,2025.029782,106.0,3.18,0.697318,0.543904,0.779995,1.28206,0.0,2.079235,65.35979,40.300964,,0.616602,0.0,65.35979,0.0,40.300964,0.0,0,0,,0.681588,0.064986,72.248342,6.888551,44.548457,4.247493,0,0,,0.681588,0.064986,72.248342,6.888551,44.548457,4.247493,0,0,0.6398154823320794,0.0232136872979655,67.82044112720041,0.6633122489094481,0.0467104538753342,70.31109838440149,0.6871717075324484,0.0705699124983345,72.84020099843951,0.7114233879663292,0.0948215929322153,75.41087912443089,0.6166017950341138,0.681588,0.064986,72.248342,44.548457,0.616602,0.0,65.35979,40.300964,0.681588,0.064986,72.248342,44.548457,0.6398154823320794,0.02321368729796558,0.6633122489094481,0.046710453875334235,0.6871717075324484,0.07056991249833455,0.7114233879663292,0.09482159293221537,0,0,0,0,0,0,0,0,0,0,0,0,0,0
4204,In-Stream Tidal Demonstration Project,Jupiter Hydro,NS,Energy,Clean Electricity,2020,2024,5,23.3,Yes,0.2293894588502896,0.1401983076365229,0.1847938832434063,0.7391755329736251,0.2991447037483785,0.2305342114453951,4.305697479571368,4.305697479571368,,,Jupiter Hydro,In-Stream Tidal Demonstration Project,NS,Public,2020,2024,5,Announced & Planning,Approved,1,0,23.3,0.118,45.357404,-64.409667,Energy,Clean Electricity,1,EN-CLEL,1,1,0,0.229389,0.249115,0.25,0.140198,0.184794,0.739176,0.299145,0.230534,capex,23.3,blended_prob,0.179376,0.002937,0.00118,0.000748,0.000553,4.179469,0.068426,0.027483,0.017436,0.012883,4.305697,4.305697,0.184794,2025.052775,23.3,0.699,0.208718,0.162617,0.779123,1.283495,3e-06,6.945549,4.305697,0.795667,,0.184794,0.0,4.305697,0.0,0.795667,0.0,0,0,,0.231783,0.046989,5.400549,1.094852,0.997988,0.202322,0,0,,0.231783,0.046989,5.400549,1.094852,0.997988,0.202322,0,0,0.210758218547243,0.0259643353038367,4.910666492150765,0.2392617561040718,0.0544678728606655,5.574798917224875,0.2702308859780425,0.0854370027346362,6.296379643288394,0.3035115765528786,0.1187176933094723,7.071819733682073,0.1847938832434063,0.231783,0.046989,5.400549,0.997988,0.184794,0.0,4.305697,0.795667,0.231783,0.046989,5.400549,0.997988,0.210758218547243,0.02596433530383671,0.2392617561040718,0.05446787286066551,0.2702308859780425,0.08543700273463622,0.3035115765528786,0.1187176933094723,0,0,0,0,0,0,0,0,0,0,0,0,0,0
4216,Oneida Energy Storage,NRStor and Six Nations of the Grand River Development Corporation Oneida Energy Storage LP,ON,Energy,"DER, Storage, EV",2020,2024,5,800.0,Yes,0.7827450571041634,0.238681827491457,0.5107134422978102,2.042853769191241,0.8281355880700765,0.6376823006067167,408.57075383824815,408.57075383824815,,,NRStor and Six Nations of the Grand River Development Corporation Oneida Energy Storage LP,Oneida Energy Storage,ON,Private,2020,2024,5,Announced & Planning,Approved,1,0,800.0,0.776,,,Energy,"DER, Storage, EV",1,EN-DER,1,0,3,0.782745,0.449739,0.25,0.238682,0.510713,2.042854,0.828136,0.637682,capex,800.0,blended_prob,0.499943,0.006712,0.002211,0.00115,0.000697,399.954433,5.369849,1.768707,0.920205,0.557559,408.570754,408.570754,0.510713,2025.034016,800.0,24.0,0.577432,0.4503,0.779832,1.282327,-0.0,2.510854,408.570754,208.662576,,0.510713,0.0,408.570754,0.0,208.662576,0.0,0,0,,0.581465,0.070752,465.172118,56.601364,237.569654,28.907078,0,0,,0.581465,0.070752,465.172118,56.601364,237.569654,28.907078,0,0,0.539385340743134,0.0286718984453238,431.5082725945072,0.5676115360963999,0.0568980937985896,454.0892288771199,0.5954840770851045,0.0847706347872943,476.3872616680836,0.6231069586732654,0.1123935163754551,498.4855669386122,0.5107134422978102,0.581465,0.070752,465.172118,237.569654,0.510713,0.0,408.570754,208.662576,0.581465,0.070752,465.172118,237.569654,0.539385340743134,0.028671898445323807,0.5676115360963999,0.05689809379858968,0.5954840770851045,0.0847706347872943,0.6231069586732654,0.11239351637545514,0,0,0,0,0,0,0,0,0,0,0,0,0,0
4220,Goose Harbour Lake Wind Farm (formerly Pirate Harbour),Port Hawkesbury Paper,NS,Energy,Clean Electricity,2020,2024,5,155.0,Yes,0.5812318926878104,0.2919330680880359,0.4365824803879231,1.7463299215516923,0.7078157054275517,0.5450757704037745,67.67028446012809,67.67028446012809,,,Port Hawkesbury Paper,Goose Harbour Lake Wind Farm (formerly Pirate Harbour),NS,Private,2020,2024,5,Announced & Planning,Approved,1,0,155.0,0.451,45.605694,-61.370927,Energy,Clean Electricity,1,EN-CLEL,1,0,1,0.581232,0.569326,0.25,0.291933,0.436582,1.74633,0.707816,0.545076,capex,155.0,blended_prob,0.426688,0.005993,0.002065,0.001124,0.000712,66.136592,0.928942,0.320094,0.174222,0.110434,67.670284,67.670284,0.436582,2025.037439,155.0,4.65,0.493523,0.384801,0.779702,1.282542,0.0,2.937684,67.670284,29.543661,,0.436582,0.0,67.670284,0.0,29.543661,0.0,0,0,,0.507721,0.071139,78.696772,11.026488,34.357632,4.813971,1,0,,0.507721,0.071139,78.696772,11.026488,34.357632,4.813971,1,0,0.474899220127003,0.0383167397390799,73.60937911968549,0.5134398275534948,0.0768573471655717,79.58317327079172,0.551906916159169,0.1153244357712459,85.54557200467121,0.5900431598740168,0.1534606794860937,91.45668978047262,0.4365824803879231,0.507721,0.071139,78.696772,34.357632,0.436582,0.0,67.670284,29.543661,0.507721,0.071139,78.696772,34.357632,0.474899220127003,0.0383167397390799,0.5134398275534948,0.07685734716557174,0.551906916159169,0.1153244357712459,0.5900431598740168,0.1534606794860937,1,0,0,0,1,0,0,0,1,0,1,0,1,0
4224,Canyon Creek Hydro Power Project (storage),WindRiver Power Corp. & TC Energy,AB,Energy,Clean Electricity,2020,2024,5,200.0,Yes,0.9193044127295388,0.2823748351612807,0.6008396239454098,2.403358495781639,0.9744168627153438,0.7502705194533834,120.16792478908197,120.16792478908197,,,WindRiver Power Corp. & TC Energy,Canyon Creek Hydro Power Project (storage),AB,Private,2020,2024,5,Announced & Planning,In Review,1,0,200.0,0.49,53.530105,-117.524529,Energy,Clean Electricity,1,EN-CLEL,1,0,1,0.919304,0.547212,0.25,0.282375,0.60084,2.403358,0.974417,0.750271,capex,200.0,blended_prob,0.589207,0.007489,0.002335,0.00115,0.00066,117.841345,1.497703,0.466978,0.229986,0.131912,120.167925,120.167925,0.60084,2025.030368,200.0,6.0,0.67947,0.529968,0.779972,1.282097,0.0,2.133842,120.167925,72.201651,,0.60084,0.0,120.167925,0.0,72.201651,0.0,0,0,,0.667055,0.066215,133.411005,13.24308,80.158618,7.956967,0,0,,0.667055,0.066215,133.411005,13.24308,80.158618,7.956967,0,0,0.6227771387803421,0.0219375148349323,124.55542775606844,0.6450095982185406,0.0441699742731308,129.0019196437081,0.6676501910763412,0.0668105671309313,133.53003821526823,0.6907688452654344,0.0899292213200245,138.15376905308688,0.6008396239454098,0.667055,0.066215,133.411005,80.158618,0.60084,0.0,120.167925,72.201651,0.667055,0.066215,133.411005,80.158618,0.6227771387803421,0.021937514834932337,0.6450095982185406,0.04416997427313085,0.6676501910763412,0.06681056713093136,0.6907688452654344,0.08992922132002457,0,0,0,0,0,0,0,0,0,0,0,0,0,0
4231,Frontier NGL Plant and Pipeline Project,Enbridge Frontier Inc.,BC,Energy,Trans & Distr,2020,2024,5,2500.0,No,0.0498832188399657,0.0129130148248651,0.0313981168324154,0.1255924673296617,0.0501723427143186,0.0389078071851767,78.4952920810385,78.4952920810385,,,Enbridge Frontier Inc.,Frontier NGL Plant and Pipeline Project,BC,Private,2020,2024,5,Announced & Planning,Announced & Planning,1,0,2500.0,0.912,55.712509,-121.668906,Energy,Trans & Distr,0,EN-T&D,1,0,4,0.049883,0.021435,0.25,0.012913,0.031398,0.125592,0.050172,0.038908,capex,2500.0,blended_prob,0.03031,0.000545,0.00024,0.000167,0.000136,75.775084,1.362001,0.60058,0.41831,0.339316,78.495292,78.495292,0.031398,2025.065932,2500.0,75.0,0.035437,0.027592,0.778631,1.284305,0.0,40.9039,78.495292,2.464604,,0.031398,0.0,78.495292,0.0,2.464604,0.0,0,0,,0.041361,0.009963,103.402594,24.907302,3.246647,0.782042,0,0,,0.041361,0.009963,103.402594,24.907302,3.246647,0.782042,0,0,0.037088842919761,0.0056907260873456,92.72210729940257,0.04375952647559,0.0123614096431746,109.39881618897512,0.0515515091097607,0.0201533922773453,128.87877277440177,0.0606149236066086,0.0292168067741932,151.5373090165216,0.0313981168324154,0.041361,0.009963,103.402594,3.246647,0.031398,0.0,78.495292,2.464604,0.041361,0.009963,103.402594,3.246647,0.037088842919761,0.005690726087345603,0.04375952647559,0.0123614096431746,0.0515515091097607,0.020153392277345306,0.0606149236066086,0.0292168067741932,0,0,0,0,0,0,0,0,0,0,0,0,0,0
5002,Inuvialuit Energy Security Project,Inuvialuit Petroleum Corporation,NT,Energy,Clean Electricity,2021,2024,4,160.0,Yes,0.8766481744929614,0.2906936449661117,0.5836709097295365,0.5836709097295365,0.2360459069128443,0.4446209086028596,93.38734555672583,93.38734555672583,,,Inuvialuit Petroleum Corporation,Inuvialuit Energy Security Project,NT,Private,2021,2024,4,Announced & Planning,Approved,1,0,160.0,0.456,69.297389,-133.076278,Energy,Clean Electricity,1,EN-CLEL,1,0,1,0.876648,0.566442,1.0,0.290694,0.583671,0.583671,0.236046,0.444621,capex,160.0,blended_prob,0.231541,0.12854,0.091627,0.072183,0.059781,37.04651,20.566364,14.660249,11.549273,9.564949,93.387346,93.387346,0.583671,2026.314894,160.0,4.8,0.576244,0.445788,0.77361,1.292641,0.0,2.214674,93.387346,54.507477,,0.583671,0.0,93.387346,0.0,54.507477,0.0,0,0,,0.629129,0.045458,100.660626,7.27328,58.752679,4.245202,0,0,,0.629129,0.045458,100.660626,7.27328,58.752679,4.245202,0,0,0.6089679224263056,0.025297012696769,97.4348675882089,0.634220613638032,0.0505497039084954,101.47529818208513,0.6595453074144386,0.0758743976849021,105.52724918631016,0.6850223894235117,0.1013514796939751,109.60358230776188,0.5836709097295365,0.629129,0.045458,100.660626,58.752679,0.583671,0.0,93.387346,54.507477,0.629129,0.045458,100.660626,58.752679,0.6089679224263056,0.025297012696769094,0.634220613638032,0.05054970390849545,0.6595453074144386,0.07587439768490212,0.6850223894235117,0.10135147969397518,0,0,0,0,0,0,0,0,0,0,0,0,0,0
5010,Clarke Lake Geothermal Development,Deh Tai GP Ltd,BC,Energy,Clean Electricity,2021,2024,4,100.0,Yes,0.3310891331770679,0.0279761391857039,0.1795326361813859,0.1795326361813859,0.0720595360635925,0.1365433961342685,17.95326361813859,17.95326361813859,,,Deh Tai GP Ltd,Clarke Lake Geothermal Development,BC,Private,2021,2024,4,Announced & Planning,Announced & Planning,1,0,100.0,0.342,,,Energy,Clean Electricity,1,EN-CLEL,1,0,1,0.331089,0.046795,1.0,0.027976,0.179533,0.179533,0.07206,0.136543,capex,100.0,blended_prob,0.065452,0.03864,0.029291,0.024539,0.021611,6.545178,3.864013,2.929067,2.453858,2.161147,17.953264,17.953264,0.179533,2026.433072,100.0,3.0,0.17602,0.135263,0.768449,1.301323,1e-06,7.248394,17.953264,3.223197,,0.179533,0.0,17.953264,0.0,3.223197,0.0,0,0,,0.209342,0.029809,20.934191,2.980928,3.758371,0.535174,0,0,,0.209342,0.029809,20.934191,2.980928,3.758371,0.535174,0,0,0.2027425326514778,0.0232098964700918,20.274253265147777,0.2272208333690152,0.0476881971876293,22.722083336901523,0.252655919595752,0.0731232834143661,25.2655919595752,0.2786934965649327,0.0991608603835468,27.869349656493277,0.1795326361813859,0.209342,0.029809,20.934191,3.758371,0.179533,0.0,17.953264,3.223197,0.209342,0.029809,20.934191,3.758371,0.2027425326514778,0.02320989647009189,0.2272208333690152,0.04768819718762929,0.252655919595752,0.07312328341436611,0.2786934965649327,0.0991608603835468,0,0,0,0,0,0,0,0,0,0,0,0,0,0
5014,Ksi Lisims LNG,"Nisga'a Nation, Western LNG, Rockies LNG Partners",BC,Energy,Oil & Gas - Downstream,2021,2024,4,10000.0,No,0.0313489009191976,0.0121174021328944,0.021733151526046,0.021733151526046,0.0080295579491135,0.016251714095273,217.33151526046004,217.33151526046004,,,"Nisga'a Nation, Western LNG, Rockies LNG Partners",Ksi Lisims LNG,BC,Private,2021,2024,4,Announced & Planning,Announced & Planning,1,0,10000.0,0.975,,,Energy,Oil & Gas - Downstream,0,EN-OG-D,1,0,4,0.031349,0.020106,1.0,0.012117,0.021733,0.021733,0.00803,0.016252,capex,10000.0,blended_prob,0.007651,0.004627,0.003592,0.003083,0.002781,76.508311,46.265118,35.92298,30.826235,27.80887,217.331515,217.331515,0.021733,2026.480803,10000.0,300.0,0.021248,0.016284,0.766354,1.30488,-0.0,60.041005,217.331515,4.723299,,0.021733,0.0,217.331515,0.0,4.723299,0.0,0,0,,0.026178,0.004444,261.776396,44.444881,5.689226,0.965927,0,0,,0.026178,0.004444,261.776396,44.444881,5.689226,0.965927,0,0,0.0256453958793548,0.0039122443533088,256.4539587935484,0.0302515698219206,0.0085184182958746,302.51569821920646,0.0356644232060018,0.0139312716799558,356.6442320600189,0.0420099619105923,0.0202768103845463,420.0996191059232,0.021733151526046,0.026178,0.004444,261.776396,5.689226,0.021733,0.0,217.331515,4.723299,0.026178,0.004444,261.776396,5.689226,0.0256453958793548,0.003912244353308798,0.0302515698219206,0.008518418295874599,0.0356644232060018,0.013931271679955799,0.0420099619105923,0.0202768103845463,0,0,0,0,0,0,0,0,0,0,0,0,0,0
5016,Caroline Solar Project,Pace Canada LP,AB,Energy,Clean Electricity,2021,2024,4,17.0,Yes,0.9030536490100836,0.3951117075519613,0.6490826782810225,0.6490826782810225,0.2625879080982662,0.49448477020792,11.034405530777384,11.034405530777384,,,Pace Canada LP,Caroline Solar Project,AB,Private,2021,2024,4,Announced & Planning,Announced & Planning,1,0,17.0,0.081,,,Energy,Clean Electricity,1,EN-CLEL,1,0,0,0.903054,0.829064,1.0,0.395112,0.649083,0.649083,0.262588,0.494485,capex,17.0,blended_prob,0.260857,0.143381,0.101193,0.07893,0.064721,4.434574,2.437471,1.720286,1.341811,1.100263,11.034406,11.034406,0.649083,2026.296357,17.0,0.51,0.641521,0.496805,0.774416,1.291295,1e-06,1.989415,11.034406,7.162241,,0.649083,0.0,11.034406,0.0,7.162241,0.0,0,0,,0.691177,0.042095,11.750017,0.715611,7.626732,0.464491,0,0,,0.691177,0.042095,11.750017,0.715611,7.626732,0.464491,0,0,0.6762743947098757,0.0271917164288532,11.49666471006789,0.7034417155672059,0.0543590372861834,11.958509164642503,0.730571183226697,0.0814885049456745,12.419710114853851,0.7575888767411787,0.1085061984601561,12.87901090460004,0.6490826782810225,0.691177,0.042095,11.750017,7.626732,0.649083,0.0,11.034406,7.162241,0.691177,0.042095,11.750017,7.626732,0.6762743947098757,0.027191716428853208,0.7034417155672059,0.05435903728618341,0.730571183226697,0.0814885049456745,0.7575888767411787,0.10850619846015619,0,0,0,0,0,0,0,0,0,0,0,0,0,0
5017,Hannah Sheerness Solar Project,Pace Canada LP,AB,Energy,Clean Electricity,2021,2024,4,17.2,Yes,0.9030536490100836,0.3948028982379544,0.6489282736240191,0.6489282736240191,0.2625252556325101,0.4943670664274154,11.161566306333128,11.161566306333128,,,Pace Canada LP,Hannah Sheerness Solar Project,AB,Private,2021,2024,4,Announced & Planning,Announced & Planning,1,0,17.2,0.082,,,Energy,Clean Electricity,1,EN-CLEL,1,0,0,0.903054,0.828222,1.0,0.394803,0.648928,0.648928,0.262525,0.494367,capex,17.2,blended_prob,0.260787,0.143346,0.101171,0.078914,0.06471,4.485541,2.465543,1.740139,1.357328,1.113014,11.161566,11.161566,0.648928,2026.296401,17.2,0.516,0.641367,0.496684,0.774415,1.291298,1e-06,1.989893,11.161566,7.243056,,0.648928,0.0,11.161566,0.0,7.243056,0.0,0,0,,0.691033,0.042104,11.885764,0.724197,7.713008,0.469952,0,0,,0.691033,0.042104,11.885764,0.724197,7.713008,0.469952,0,0,0.6761107536245498,0.0271824800005306,11.629104962342256,0.7032698235537029,0.0543415499296838,12.09624096512369,0.7303924376355171,0.081464164011498,12.562749927330891,0.7574051181779125,0.1084768445538933,13.027368032660094,0.6489282736240191,0.691033,0.042104,11.885764,7.713008,0.648928,0.0,11.161566,7.243056,0.691033,0.042104,11.885764,7.713008,0.6761107536245498,0.027182480000530695,0.7032698235537029,0.054341549929683874,0.7303924376355171,0.08146416401149803,0.7574051181779125,0.10847684455389339,0,0,0,0,0,0,0,0,0,0,0,0,0,0
5018,Atlin Hydro Expansion project,Tlingit Homeland Energy Limited Partnership (THELP),BC,Energy,Clean Electricity,2021,2024,4,330.0,Yes,0.4066035333688894,0.0294174362867534,0.2180104848278214,0.2180104848278214,0.0876726149789305,0.165875336888265,71.94345999318105,71.94345999318105,,,Tlingit Homeland Energy Limited Partnership (THELP),Atlin Hydro Expansion project,BC,Private,2021,2024,4,Announced & Planning,Announced & Planning,1,0,330.0,0.594,,,Energy,Clean Electricity,1,EN-CLEL,0,0,2,0.406604,0.049243,1.0,0.029417,0.21801,0.21801,0.087673,0.165875,capex,330.0,blended_prob,0.080147,0.047039,0.035449,0.029525,0.025851,26.448356,15.522906,11.698253,9.743129,8.530816,71.94346,71.94346,0.21801,2026.421562,330.0,9.9,0.21389,0.164472,0.768953,1.30047,0.0,5.965172,71.94346,15.684429,,0.21801,0.0,71.94346,0.0,15.684429,0.0,0,0,,0.252244,0.034234,83.240647,11.297187,18.147334,2.462905,0,0,,0.252244,0.034234,83.240647,11.297187,18.147334,2.462905,0,0,0.2428904982369156,0.0248800134090942,80.15386441818215,0.2684288862819314,0.05041840145411,88.58153247303734,0.294251367302084,0.0762408824742626,97.10295120968772,0.3199865378557527,0.1019760530279313,105.59555749239836,0.2180104848278214,0.252244,0.034234,83.240647,18.147334,0.21801,0.0,71.94346,15.684429,0.252244,0.034234,83.240647,18.147334,0.2428904982369156,0.02488001340909421,0.2684288862819314,0.05041840145411,0.294251367302084,0.07624088247426261,0.3199865378557527,0.10197605302793131,0,0,0,0,0,0,0,0,0,0,0,0,0,0
5019,"pellet mill, sawmill, biomass power plant and logistics",AWP Industrial Park,NT,Forest,Lumber,2021,2024,4,20.0,No,0.3901445031751236,0.5395518380789162,0.4648481706270199,0.4648481706270199,0.187831444103576,0.3540414800176423,9.296963412540396,9.296963412540396,,,AWP Industrial Park,"pellet mill, sawmill, biomass power plant and logistics",NT,Private,2021,2024,4,Announced & Planning,Announced & Planning,1,0,20.0,0.088,60.44313,-116.34148,Forest,Lumber,0,FOR-LUM,1,0,0,0.390145,1.279033,1.0,0.539552,0.464848,0.464848,0.187831,0.354041,capex,20.0,blended_prob,0.180016,0.101759,0.07386,0.059248,0.049964,3.600327,2.035188,1.477204,1.184966,0.999278,9.296963,9.296963,0.464848,2026.349,20.0,0.6,0.458015,0.353644,0.772124,1.295129,-2e-06,2.786133,9.296963,4.321676,,0.464848,0.0,9.296963,0.0,4.321676,0.0,0,0,,0.512443,0.047594,10.248852,0.951889,4.76416,0.442484,1,0,,0.512443,0.047594,10.248852,0.951889,4.76416,0.442484,1,0,0.5101430513792868,0.0452948807522669,10.202861027585737,0.5563328122557823,0.0914846416287624,11.126656245115646,0.6026871649623038,0.1378389943352839,12.053743299246074,0.6484208149913672,0.1835726443643472,12.96841629982734,0.4648481706270199,0.512443,0.047594,10.248852,4.76416,0.464848,0.0,9.296963,4.321676,0.512443,0.047594,10.248852,4.76416,0.5101430513792868,0.04529488075226695,0.5563328122557823,0.09148464162876246,0.6026871649623038,0.1378389943352839,0.6484208149913672,0.18357264436434728,1,0,0,0,1,0,1,0,1,0,1,0,1,0
5025,Mill improvement,Interfor Corporation,BC,Forest,Pulp & Paper,2021,2024,4,35.0,No,0.0859944898695075,0.0518117964801106,0.0689031431748091,0.0689031431748091,0.0271696301713218,0.0522097379734142,2.4116100111183183,2.4116100111183183,,,Interfor Corporation,Mill improvement,BC,Private,2021,2024,4,Announced & Planning,Announced & Planning,1,0,35.0,0.157,49.335625,-117.737002,Forest,Pulp & Paper,0,FOR-P&P,1,0,0,0.085994,0.08774,1.0,0.051812,0.068903,0.068903,0.02717,0.05221,capex,35.0,blended_prob,0.024514,0.014718,0.011346,0.009667,0.008658,0.857998,0.515127,0.397115,0.338335,0.303035,2.41161,2.41161,0.068903,2026.466448,35.0,1.05,0.067422,0.051712,0.766984,1.303807,3e-06,18.922321,2.41161,0.166168,,0.068903,0.0,2.41161,0.0,0.166168,0.0,0,0,,0.082184,0.01328,2.876427,0.464817,0.198195,0.032027,0,0,,0.082184,0.01328,2.876427,0.464817,0.198195,0.032027,0,0,0.0802132236261709,0.0113100804513618,2.807462826915982,0.0932209791700665,0.0243178359952574,3.2627342709523304,0.1081057505881047,0.0392026074132956,3.7837012705836655,0.125037302959391,0.0561341597845819,4.376305603578688,0.0689031431748091,0.082184,0.01328,2.876427,0.198195,0.068903,0.0,2.41161,0.166168,0.082184,0.01328,2.876427,0.198195,0.0802132236261709,0.011310080451361795,0.0932209791700665,0.0243178359952574,0.1081057505881047,0.039202607413295606,0.125037302959391,0.0561341597845819,0,0,0,0,0,0,0,0,0,0,0,0,0,0
5027,Cariboo Gold Project,Osisko Development Corp.,BC,Mining,Precious Metal,2021,2024,4,588.0,No,0.057478481236539,0.0038435624845313,0.0306610218605351,0.0306610218605351,0.0116522018593571,0.0230574938600639,18.02868085399464,18.02868085399464,,,Osisko Development Corp.,Cariboo Gold Project,BC,Private,2021,2024,4,Approved,Approved,1,0,588.0,0.711,53.08972,-121.56139,Mining,Precious Metal,0,MIN-PM,1,0,3,0.057478,0.006351,1.0,0.003844,0.030661,0.030661,0.011652,0.023057,capex,588.0,blended_prob,0.010815,0.006531,0.005064,0.00434,0.00391,6.359496,3.840412,2.977875,2.551906,2.298992,18.028681,18.028681,0.030661,2026.478081,588.0,17.64,0.029981,0.02298,0.766473,1.304677,1e-06,42.551634,18.028681,0.552778,,0.030661,0.0,18.028681,0.0,0.552778,0.0,0,0,,0.036862,0.006201,21.675142,3.646461,0.664582,0.111804,0,0,,0.036862,0.006201,21.675142,3.646461,0.664582,0.111804,0,0,0.0364371353824612,0.005776113521926,21.425035604887185,0.043215922426074,0.0125549005655389,25.410962386531533,0.0511346978076999,0.0204736759471648,30.06720231092757,0.0603349626853803,0.0296739408248452,35.476958059003614,0.0306610218605351,0.036862,0.006201,21.675142,0.664582,0.030661,0.0,18.028681,0.552778,0.036862,0.006201,21.675142,0.664582,0.0364371353824612,0.0057761135219260955,0.043215922426074,0.012554900565538898,0.0511346978076999,0.020473675947164798,0.0603349626853803,0.0296739408248452,0,0,0,0,0,0,0,0,0,0,0,0,0,0
5028,Moose River Consolidated (15 Mile Stream Mine),St Barbara Ltd.,NS,Mining,Precious Metal,2021,2024,4,182.0,No,0.3347551697894058,0.0642255911452025,0.1994903804673041,0.1994903804673041,0.0801577496454229,0.1517573281385516,36.30724924504936,36.30724924504936,,,St Barbara Ltd.,Moose River Consolidated (15 Mile Stream Mine),NS,Private,2021,2024,4,In Review,In Review,1,0,182.0,0.477,45.140214,-62.526081,Mining,Precious Metal,0,MIN-PM,1,0,1,0.334755,0.109474,1.0,0.064226,0.19949,0.19949,0.080158,0.151757,capex,182.0,blended_prob,0.073044,0.042992,0.03249,0.027137,0.023827,13.294056,7.824485,5.913268,4.938885,4.336556,36.307249,36.307249,0.19949,2026.427095,182.0,5.46,0.195657,0.150403,0.76871,1.30088,0.0,6.521016,36.307249,7.242947,,0.19949,0.0,36.307249,0.0,7.242947,0.0,0,0,,0.231678,0.032187,42.16534,5.858091,8.41158,1.168633,0,0,,0.231678,0.032187,42.16534,5.858091,8.41158,1.168633,0,0,0.2250877959983589,0.0255974155310547,40.96597887170134,0.2521947544885282,0.0527043740212241,45.89944531691216,0.2805209770572658,0.0810305965899617,51.0548178244224,0.3097365063103658,0.1102461258430617,56.3720441484866,0.1994903804673041,0.231678,0.032187,42.16534,8.41158,0.19949,0.0,36.307249,7.242947,0.231678,0.032187,42.16534,8.41158,0.2250877959983589,0.025597415531054796,0.2521947544885282,0.052704374021224076,0.2805209770572658,0.0810305965899617,0.3097365063103658,0.1102461258430617,0,0,0,0,0,0,0,0,0,0,0,0,0,0
5034,Lathom Solar Project,Greengate Power Corporation,AB,Energy,Clean Electricity,2021,2024,4,170.0,Yes,0.9652742729935754,0.2887191488267173,0.6269967109101464,0.6269967109101464,0.2536261297345216,0.4776484784398965,106.5894408547249,106.5894408547249,,,Greengate Power Corporation,Lathom Solar Project,AB,Private,2021,2024,4,Announced & Planning,Approved,1,0,170.0,0.464,,,Energy,Clean Electricity,1,EN-CLEL,1,0,1,0.965274,0.561857,1.0,0.288719,0.626997,0.626997,0.253626,0.477648,capex,170.0,blended_prob,0.250883,0.138363,0.09798,0.076681,0.063089,42.650147,23.521642,16.656676,13.035825,10.725151,106.589441,106.589441,0.626997,2026.302597,170.0,5.1,0.619466,0.479556,0.774145,1.291748,0.0,2.060214,106.589441,66.831229,,0.626997,0.0,106.589441,0.0,66.831229,0.0,0,0,,0.670396,0.043399,113.967236,7.377795,71.457082,4.625853,0,0,,0.670396,0.043399,113.967236,7.377795,71.457082,4.625853,0,0,0.6456514366790367,0.0186547257688902,109.76074423543623,0.6650959059253987,0.0380991950152522,113.06630400731778,0.6853841099226404,0.058387399012494,116.51529868684888,0.7065257024772587,0.0795289915671122,120.10936942113398,0.6269967109101464,0.670396,0.043399,113.967236,71.457082,0.626997,0.0,106.589441,66.831229,0.670396,0.043399,113.967236,71.457082,0.6456514366790367,0.018654725768890268,0.6650959059253987,0.038099195015252274,0.6853841099226404,0.05838739901249401,0.7065257024772587,0.07952899156711224,0,0,0,0,0,0,0,0,0,0,0,0,0,0
5038,Tempest Wind Power Project,TransAlta Renewables,AB,Energy,Clean Electricity,2021,2024,4,105.0,Yes,0.9652742729935754,0.3146875990551463,0.6399809360243609,0.6399809360243609,0.2588947125294051,0.4875464466263786,67.1979982825579,67.1979982825579,,,TransAlta Renewables,Tempest Wind Power Project,AB,Private,2021,2024,4,Announced & Planning,In Review,1,0,105.0,0.362,,,Energy,Clean Electricity,1,EN-CLEL,1,0,1,0.965274,0.623194,1.0,0.314688,0.639981,0.639981,0.258895,0.487546,capex,105.0,blended_prob,0.256738,0.141312,0.099871,0.078007,0.064053,26.957449,14.837743,10.486499,8.190731,6.725576,67.197998,67.197998,0.639981,2026.298926,105.0,3.15,0.63243,0.489694,0.774305,1.291481,0.0,2.017999,67.197998,43.005438,,0.639981,0.0,67.197998,0.0,43.005438,0.0,0,0,,0.682634,0.042653,71.676538,4.47854,45.871618,2.86618,0,0,,0.682634,0.042653,71.676538,4.47854,45.871618,2.86618,0,0,0.6596774458243622,0.0196965098000012,69.26613181155804,0.6801511550881161,0.0401702190637551,71.41587128425219,0.7014280035666648,0.0614470675423038,73.6499403744998,0.7234840280302398,0.0835030920058789,75.96582294317518,0.6399809360243609,0.682634,0.042653,71.676538,45.871618,0.639981,0.0,67.197998,43.005438,0.682634,0.042653,71.676538,45.871618,0.6596774458243622,0.01969650980000126,0.6801511550881161,0.040170219063755175,0.7014280035666648,0.06144706754230389,0.7234840280302398,0.08350309200587891,0,0,0,0,0,0,0,0,0,0,0,0,0,0
5040,Vauxhall Solar Farm,Prairie Sunlight,AB,Energy,Clean Electricity,2021,2024,4,220.0,Yes,0.9652742729935754,0.2756665885070478,0.6204704307503116,0.6204704307503116,0.2509779742179437,0.4726734481373644,136.50349476506855,136.50349476506855,,,Prairie Sunlight,Vauxhall Solar Farm,AB,Private,2021,2024,4,In Review,In Review,1,0,220.0,0.518,,,Energy,Clean Electricity,1,EN-CLEL,1,0,1,0.965274,0.531868,1.0,0.275667,0.62047,0.62047,0.250978,0.472673,capex,220.0,blended_prob,0.247951,0.136881,0.097028,0.076011,0.0626,54.549144,30.113852,21.346089,16.722444,13.771966,136.503495,136.503495,0.62047,2026.304444,220.0,6.6,0.612952,0.474464,0.774065,1.291882,-0.0,2.0821,136.503495,84.696382,,0.62047,0.0,136.503495,0.0,84.696382,0.0,0,0,,0.664222,0.043751,146.12882,9.625325,90.668612,5.97223,0,0,,0.664222,0.043751,146.12882,9.625325,90.668612,5.97223,0,0,0.638575572468431,0.0181051417181193,140.48662594305483,0.6574691356826464,0.0369987049323348,144.64320985018222,0.6772181088777172,0.0567476781274055,148.98798395309777,0.6978480796944755,0.0773776489441638,153.5265775327846,0.6204704307503116,0.664222,0.043751,146.12882,90.668612,0.62047,0.0,136.503495,84.696382,0.664222,0.043751,146.12882,90.668612,0.638575572468431,0.01810514171811939,0.6574691356826464,0.036998704932334814,0.6772181088777172,0.056747678127405554,0.6978480796944755,0.07737764894416388,0,0,0,0,0,0,0,0,0,0,0,0,0,0
5041,Provost to Edgerton and Nilrem to Vermilion (PENV) Transmission Development,AltaLink,AB,Energy,Trans & Distr,2021,2024,4,241.0,No,0.892486338188338,0.2288353159280096,0.5606608270581739,0.5606608270581739,0.2267091521504462,0.4270801570950828,135.11925932101988,135.11925932101988,88.64410126136436,88.64410126136436,AltaLink,Provost to Edgerton and Nilrem to Vermilion (PENV) Transmission Development,AB,Private,2021,2024,4,Announced & Planning,Announced & Planning,1,0,241.0,0.532,,,Energy,Trans & Distr,0,EN-T&D,1,0,2,0.892486,0.428546,1.0,0.228835,0.560661,0.560661,0.226709,0.42708,capex,241.0,blended_prob,0.221389,0.123335,0.088225,0.069747,0.057966,53.354632,29.723704,21.262159,16.808975,13.969789,135.119259,135.119259,0.560661,2026.321456,241.0,7.23,0.553314,0.427891,0.773324,1.293119,-0.0,2.306419,135.119259,75.756076,,0.560661,0.0,135.119259,0.0,75.756076,0.0,0,0,,0.606939,0.046278,146.272374,11.153115,82.00919,6.253114,0,0,,0.606939,0.046278,146.272374,11.153115,82.00919,6.253114,0,0,0.5821297803179116,0.0214689532597377,140.2932770566167,0.603618868269732,0.0429580412115581,145.4721472530054,0.6252984712472952,0.0646376441891213,150.69693157059814,0.6473129614228456,0.0866521343646716,156.00242370290576,0.5606608270581739,0.606939,0.046278,146.272374,82.00919,0.560661,0.0,135.119259,75.756076,0.606939,0.046278,146.272374,82.00919,0.5821297803179116,0.021468953259737744,0.603618868269732,0.04295804121155811,0.6252984712472952,0.06463764418912132,0.6473129614228456,0.08665213436467167,0,0,0,0,0,0,0,0,0,0,0,0,0,0
5048,Dunmore Solar Project,Ascent Energy Partners,AB,Energy,Clean Electricity,2021,2024,4,200.0,Yes,0.9652742729935754,0.2823748351612807,0.6238245540774281,0.6238245540774281,0.2523389700646514,0.4752303204723174,124.76491081548562,124.76491081548562,,,Ascent Energy Partners,Dunmore Solar Project,AB,Private,2021,2024,4,Announced & Planning,Approved,1,0,200.0,0.49,,,Energy,Clean Electricity,1,EN-CLEL,1,0,1,0.965274,0.547212,1.0,0.282375,0.623825,0.623825,0.252339,0.47523,capex,200.0,blended_prob,0.249457,0.137642,0.097518,0.076356,0.062852,49.891396,27.528489,19.503508,15.271177,12.57034,124.764911,124.764911,0.623825,2026.303495,200.0,6.0,0.616299,0.477081,0.774106,1.291813,-0.0,2.070795,124.764911,77.831415,,0.623825,0.0,124.764911,0.0,77.831415,0.0,0,0,,0.667397,0.043572,133.479329,8.714418,83.267683,5.436268,0,0,,0.667397,0.043572,133.479329,8.714418,83.267683,5.436268,0,0,0.6422142896007744,0.0183897355233463,128.4428579201549,0.6613937663201793,0.0375692122427512,132.27875326403586,0.6814233912042104,0.0575988371267822,136.28467824084208,0.7023206523266303,0.0784960982492022,140.46413046532606,0.6238245540774281,0.667397,0.043572,133.479329,83.267683,0.623825,0.0,124.764911,77.831415,0.667397,0.043572,133.479329,83.267683,0.6422142896007744,0.01838973552334633,0.6613937663201793,0.037569212242751227,0.6814233912042104,0.057598837126782265,0.7023206523266303,0.07849609824920223,0,0,0,0,0,0,0,0,0,0,0,0,0,0
5052,Tilbury LNG Phase 2,Fortis,BC,Energy,Oil & Gas - Downstream,2022,2024,3,3500.0,No,0.0525548259059857,0.0171970258245578,0.0348759258652717,0.0174379629326358,0.006286707950368,0.0234402386993102,122.06574052845096,122.06574052845096,2.53714456540664,2.53714456540664,Fortis,Tilbury LNG Phase 2,BC,Private,2022,2024,3,In Review,Announced & Planning,1,0,3500.0,0.93,49.141798,-123.023505,Energy,Oil & Gas - Downstream,0,EN-OG-D,0,0,4,0.052555,0.028608,2.0,0.017197,0.034876,0.017438,0.006287,0.02344,capex,3500.0,blended_prob,0.008644,0.007423,0.0067,0.006224,0.005885,30.254287,25.978789,23.451228,21.783151,20.598285,122.065741,122.065741,0.034876,2026.807418,3500.0,105.0,0.031424,0.025118,0.799311,1.251077,0.0,35.872236,122.065741,4.257156,,0.034876,0.0,122.065741,0.0,4.257156,0.0,0,0,,0.03823,0.003354,133.805655,11.739914,4.666596,0.40944,0,0,,0.03823,0.003354,133.805655,11.739914,4.666596,0.40944,0,0,0.0410889342288322,0.0062130083635605,143.81126980091295,0.04835415789986,0.0134782320345883,169.2395526495102,0.056819751981625,0.0219438261163533,198.86913193568756,0.0666420260701893,0.0317661002049176,233.2470912456627,0.0348759258652717,0.03823,0.003354,133.805655,4.666596,0.034876,0.0,122.065741,4.257156,0.03823,0.003354,133.805655,4.666596,0.0410889342288322,0.0062130083635605,0.04835415789986,0.013478232034588304,0.056819751981625,0.0219438261163533,0.0666420260701893,0.03176610020491761,0,0,0,0,0,0,0,0,0,0,0,0,0,0
5053,MDF and Fuel Pellet Plant,Alberta BioBoard,AB,Energy,Waste Biomass,2021,2024,4,790.0,Yes,0.9096175271064116,0.074571453334147,0.4920944902202793,0.4920944902202793,0.1988871281640592,0.3748115453977913,388.7546472740207,388.7546472740207,,,Alberta BioBoard,MDF and Fuel Pellet Plant,AB,Private,2021,2024,4,Announced & Planning,Announced & Planning,1,0,790.0,0.775,,,Energy,Waste Biomass,1,EN-BIO,1,1,3,0.909618,0.127809,1.0,0.074571,0.492094,0.492094,0.198887,0.374812,capex,790.0,blended_prob,0.191633,0.107878,0.077977,0.062292,0.052313,151.390387,85.223667,61.602133,49.210835,41.327625,388.754647,388.754647,0.492094,2026.341131,790.0,23.7,0.485085,0.374712,0.772467,1.294554,-0.0,2.630701,388.754647,191.30402,,0.492094,0.0,388.754647,0.0,191.30402,0.0,0,0,,0.539665,0.047571,426.335663,37.581015,209.797431,18.493411,1,0,,0.539665,0.047571,426.335663,37.581015,209.797431,18.493411,1,0,0.503982953254678,0.0118884630343987,398.1465330711957,0.5153966509553201,0.0233021607350407,407.1633542547029,0.5265262980213872,0.0344318078011078,415.955775436896,0.5375577056639405,0.0454632154436611,424.670587474513,0.4920944902202793,0.539665,0.047571,426.335663,209.797431,0.492094,0.0,388.754647,191.30402,0.539665,0.047571,426.335663,209.797431,0.503982953254678,0.011888463034398722,0.5153966509553201,0.023302160735040767,0.5265262980213872,0.03443180780110788,0.5375577056639405,0.045463215443661165,1,0,0,0,1,0,1,0,1,0,1,0,1,0
5060,Tilbury LNG Phase 1B,Fortis,BC,Energy,Oil & Gas - Downstream,2021,2024,4,60.0,No,0.0258678915979153,0.0339160338326804,0.0298919627152979,0.0298919627152979,0.0113401422835871,0.0224712345426135,1.793517762917874,1.793517762917874,,,Fortis,Tilbury LNG Phase 1B,BC,Private,2021,2024,4,Announced & Planning,In Review,1,0,60.0,0.253,49.141798,-123.023505,Energy,Oil & Gas - Downstream,0,EN-OG-D,0,0,0,0.025868,0.056904,1.0,0.033916,0.029892,0.029892,0.01134,0.022471,capex,60.0,blended_prob,0.010542,0.006367,0.004938,0.004232,0.003813,0.632542,0.382028,0.296261,0.253912,0.228774,1.793518,1.793518,0.029892,2026.478315,60.0,1.8,0.029229,0.022403,0.766463,1.304694,3e-06,43.646987,1.793518,0.053612,,0.029892,0.0,1.793518,0.0,0.053612,0.0,0,0,,0.035944,0.006052,2.156619,0.363101,0.064466,0.010854,0,0,,0.035944,0.006052,2.156619,0.363101,0.064466,0.010854,0,0,0.0346906595413342,0.0047986968260363,2.0814395724800527,0.040268651911074,0.0103766891957761,2.416119114664446,0.0467471145625478,0.0168551518472499,2.8048268737528703,0.0542624477594796,0.0243704850441817,3.255746865568781,0.0298919627152979,0.035944,0.006052,2.156619,0.064466,0.029892,0.0,1.793518,0.053612,0.035944,0.006052,2.156619,0.064466,0.0346906595413342,0.0047986968260363,0.040268651911074,0.010376689195776098,0.0467471145625478,0.0168551518472499,0.0542624477594796,0.024370485044181704,0,0,0,0,0,0,0,0,0,0,0,0,0,0
5067,Redevelopment of Coniston station,Ontario Power Generation,ON,Energy,Clean Electricity,2021,2024,4,85.0,Yes,0.8389041382224164,0.352535626078405,0.5957198821504107,0.5957198821504107,0.2409349941116752,0.4538059269349165,50.636189982784906,50.636189982784906,,,Ontario Power Generation,Redevelopment of Coniston station,ON,Public,2021,2024,4,Announced & Planning,Announced & Planning,1,0,85.0,0.317,,,Energy,Clean Electricity,1,EN-LCF,1,0,0,0.838904,0.716886,1.0,0.352536,0.59572,0.59572,0.240935,0.453806,capex,85.0,blended_prob,0.23689,0.131269,0.0934,0.073446,0.060715,20.135661,11.157833,7.939031,6.242873,5.160791,50.63619,50.63619,0.59572,2026.311467,85.0,2.55,0.588258,0.45517,0.773759,1.292392,0.0,2.169462,50.63619,30.164985,,0.59572,0.0,50.63619,0.0,30.164985,0.0,0,0,,0.640672,0.044952,54.457138,3.820948,32.4412,2.276215,0,0,,0.640672,0.044952,54.457138,3.820948,32.4412,2.276215,0,0,0.6258051410656418,0.030085258915231,53.19343699057954,0.6555715282766859,0.0598516461262751,55.723579903518285,0.6850491902859017,0.089329308135491,58.22918117430164,0.7142331183249537,0.118513236174543,60.70981505762106,0.5957198821504107,0.640672,0.044952,54.457138,32.4412,0.59572,0.0,50.63619,30.164985,0.640672,0.044952,54.457138,32.4412,0.6258051410656418,0.03008525891523106,0.6555715282766859,0.05985164612627514,0.6850491902859017,0.089329308135491,0.7142331183249537,0.11851323617454301,0,0,0,0,0,0,0,0,0,0,0,0,0,0
5069,Crawford,Canada Nickel Company Inc.,ON,Mining,Critical Mineral,2024,2024,1,2655.1095,Yes,0.4259354592063786,0.0555432052186538,0.2407393322125162,0.060184833053129,0.0236320190852927,0.1538964069616268,639.1892879811078,639.1892879811078,,,Canada Nickel Company Inc.,Crawford,ON,Private,2024,2024,1,In Review,In Review,1,0,2655.1095,0.916,48.83972,-81.37309,Mining,Critical Mineral,1,MIN-CM,1,0,4,0.425935,0.094243,4.0,0.055543,0.240739,0.060185,0.023632,0.153896,capex,2655.1095,blended_prob,0.052414,0.049831,0.047773,0.046077,0.044644,139.165001,132.307877,126.841246,122.339692,118.535472,639.189288,639.189288,0.240739,2026.919856,2655.1095,79.653285,0.190763,0.171009,0.896451,1.11551,-0.0,4.633684,639.189288,153.878002,,0.240739,0.0,639.189288,0.0,153.878002,0.0,0,0,,0.240739,-0.0,639.189288,-0.0,153.878002,-0.0,0,0,,0.240739,-0.0,639.189288,-0.0,153.878002,-0.0,0,0,0.2674960262679906,0.0267566940554744,710.2312405563914,0.2949379282501553,0.0541985960376391,783.0924952073059,0.3227069089891284,0.0819675767766122,856.8221797726703,0.3504606254580468,0.1097212932455306,930.511336029602,0.2407393322125162,0.240739,-0.0,639.189288,153.878002,0.240739,0.0,639.189288,153.878002,0.240739,-0.0,639.189288,153.878002,0.2674960262679906,0.026756694055474428,0.2949379282501553,0.0541985960376391,0.3227069089891284,0.0819675767766122,0.3504606254580468,0.1097212932455306,0,0,0,0,0,0,0,0,0,0,0,0,0,0
5074,River Valley Palladium,New Age Metals Inc.,ON,Mining,Precious Metal,2024,2024,1,606.348,No,0.7238156278974981,0.0551804437570848,0.3894980358272915,0.0973745089568228,0.0387223987490738,0.2491877809960044,236.1713550278065,236.1713550278065,,,New Age Metals Inc.,River Valley Palladium,ON,Private,2024,2024,1,Announced & Planning,Announced & Planning,1,0,606.348,0.724,46.70591,-80.27606,Mining,Precious Metal,0,MIN-PM,1,0,3,0.723816,0.09361,4.0,0.05518,0.389498,0.097375,0.038722,0.249188,capex,606.348,blended_prob,0.085726,0.081042,0.077255,0.074093,0.071384,51.979501,49.139435,46.843284,44.92588,43.283255,236.171355,236.171355,0.389498,2026.908515,606.348,18.19044,0.308855,0.277059,0.89705,1.114765,0.0,2.862056,236.171355,91.988279,,0.389498,0.0,236.171355,0.0,91.988279,0.0,0,0,,0.389498,-0.0,236.171355,-0.0,91.988279,-0.0,0,0,,0.389498,-0.0,236.171355,-0.0,91.988279,-0.0,0,0,0.4109909316247243,0.0214928957974328,249.20352940878837,0.4312641365799848,0.0417661007526933,261.4961466870006,0.4503422514803442,0.0608442156530527,273.0641235006037,0.4683118355293941,0.0788137997021026,283.9599448495771,0.3894980358272915,0.389498,-0.0,236.171355,91.988279,0.389498,0.0,236.171355,91.988279,0.389498,-0.0,236.171355,91.988279,0.4109909316247243,0.0214928957974328,0.4312641365799848,0.041766100752693325,0.4503422514803442,0.0608442156530527,0.4683118355293941,0.07881379970210262,0,0,0,0,0,0,0,0,0,0,0,0,0,0
5076,Usine de production d'ethanol cellulosique,Resolve Energie,QC,Energy,Oil & Gas - Upstream,2021,2024,4,300.0,No,0.7085498402030194,0.0836344165288458,0.3960921283659326,0.3960921283659326,0.1599324437308481,0.3016282545118988,118.82763850977976,118.82763850977976,,,Resolve Energie,Usine de production d'ethanol cellulosique,QC,Private,2021,2024,4,Announced & Planning,Announced & Planning,1,0,300.0,0.573,46.483331,-70.616664,Energy,Oil & Gas - Upstream,0,EN-OG-U,1,0,2,0.70855,0.14404,1.0,0.083634,0.396092,0.396092,0.159932,0.301628,capex,300.0,blended_prob,0.151225,0.086383,0.063359,0.051359,0.043766,45.367373,25.914911,19.007694,15.407728,13.129932,118.827639,118.827639,0.396092,2026.368985,300.0,9.0,0.389811,0.300643,0.771252,1.296593,-0.0,3.273464,118.827639,47.066692,,0.396092,0.0,118.827639,0.0,47.066692,0.0,0,0,,0.442467,0.046375,132.740199,13.912561,52.577348,5.510656,0,0,,0.442467,0.046375,132.740199,13.912561,52.577348,5.510656,0,0,0.4199686795408829,0.0238765511749503,125.99060386226483,0.4428446601747524,0.0467525318088198,132.85339805242572,0.4647325704693907,0.0686404421034581,139.4197711408172,0.4857109908615656,0.089618862495633,145.71329725846965,0.3960921283659326,0.442467,0.046375,132.740199,52.577348,0.396092,0.0,118.827639,47.066692,0.442467,0.046375,132.740199,52.577348,0.4199686795408829,0.0238765511749503,0.4428446601747524,0.046752531808819775,0.4647325704693907,0.0686404421034581,0.4857109908615656,0.089618862495633,0,0,0,0,0,0,0,0,0,0,0,0,0,0
5077,Agrandissement usine d'ethanol a Varennes,Greenfield Global,QC,Energy,Low Carbon Fuels,2021,2024,4,120.0,Yes,0.7962980346640914,0.1607889371714791,0.4785434859177853,0.4785434859177853,0.1933885645229102,0.3644815173598352,57.42521831013424,57.42521831013424,,,Greenfield Global,Agrandissement usine d'ethanol a Varennes,QC,Private,2021,2024,4,Announced & Planning,Announced & Planning,1,0,120.0,0.388,45.682002,-73.440983,Energy,Low Carbon Fuels,1,EN-LCF,0,0,1,0.796298,0.28909,1.0,0.160789,0.478543,0.478543,0.193389,0.364482,capex,120.0,blended_prob,0.185841,0.104833,0.075933,0.060784,0.051152,22.300912,12.579983,9.111945,7.294097,6.138281,57.425218,57.425218,0.478543,2026.345041,120.0,3.6,0.471619,0.36423,0.772297,1.294839,0.0,2.705793,57.425218,27.480464,,0.478543,0.0,57.425218,0.0,27.480464,0.0,0,0,,0.526161,0.047618,63.139377,5.714159,30.214938,2.734474,1,0,,0.526161,0.047618,63.139377,5.714159,30.214938,2.734474,1,0,0.5025903996594295,0.0240469137416442,60.31084795913155,0.5260106085448706,0.0474671226270853,63.12127302538448,0.5489538429751237,0.0704103570573384,65.87446115701485,0.5715927337675557,0.0930492478497704,68.5911280521067,0.4785434859177853,0.526161,0.047618,63.139377,30.214938,0.478543,0.0,57.425218,27.480464,0.526161,0.047618,63.139377,30.214938,0.5025903996594295,0.02404691374164425,0.5260106085448706,0.0474671226270853,0.5489538429751237,0.07041035705733845,0.5715927337675557,0.09304924784977042,1,0,0,0,1,0,1,0,1,0,1,0,1,0
5086,DEEP Geothermal,DEEP,SK,Energy,Clean Electricity,2021,2024,4,256.0,Yes,0.90129399334591,0.0861177120991666,0.4937058527225382,0.4937058527225382,0.1995409674714529,0.3760398986221041,126.38869829696978,126.38869829696978,,,DEEP,DEEP Geothermal,SK,Private,2021,2024,4,Announced & Planning,Announced & Planning,1,0,256.0,0.551,,,Energy,Clean Electricity,1,EN-CLEL,1,1,2,0.901294,0.148515,1.0,0.086118,0.493706,0.493706,0.199541,0.37604,capex,256.0,blended_prob,0.192324,0.10824,0.07822,0.062471,0.052451,49.234976,27.70953,20.02434,15.992513,13.427339,126.388698,126.388698,0.493706,2026.340667,256.0,7.68,0.486687,0.375959,0.772487,1.29452,-0.0,2.622047,126.388698,62.39884,,0.493706,0.0,126.388698,0.0,62.39884,0.0,0,0,,0.541267,0.047561,138.564231,12.175533,68.409972,6.011132,1,0,,0.541267,0.047561,138.564231,12.175533,68.409972,6.011132,1,0,0.5068876790796774,0.0131818263571391,129.7632458443974,0.5195979411723054,0.0258920884497672,133.01707294011018,0.5320353989753188,0.0383295462527806,136.20106213768162,0.5443948590886987,0.0506890063661604,139.36508392670686,0.4937058527225382,0.541267,0.047561,138.564231,68.409972,0.493706,0.0,126.388698,62.39884,0.541267,0.047561,138.564231,68.409972,0.5068876790796774,0.01318182635713916,0.5195979411723054,0.025892088449767203,0.5320353989753188,0.03832954625278062,0.5443948590886987,0.05068900636616047,1,0,0,0,1,0,1,0,1,0,1,0,1,0
6002,Aldersyde Bioenergy Facility,Highwood Organics Processing,AB,Energy,Waste Biomass,2022,2024,3,25.0,Yes,0.8575984507591758,0.3819748308992684,0.6197866408292221,0.309893320414611,0.1249557275604983,0.4218542755217325,15.494666020730552,15.494666020730552,,,Highwood Organics Processing,Aldersyde Bioenergy Facility,AB,Private,2022,2024,3,Approved,Approved,1,0,25.0,0.124,50.63106,-113.87501,Energy,Waste Biomass,1,EN-BIO,1,0,0,0.857598,0.79363,2.0,0.381975,0.619787,0.309893,0.124956,0.421854,capex,25.0,blended_prob,0.16615,0.13646,0.117822,0.104678,0.094676,4.153757,3.41151,2.945553,2.61695,2.366897,15.494666,15.494666,0.619787,2026.718078,25.0,0.75,0.56143,0.451148,0.803569,1.244448,1e-06,2.007865,15.494666,9.603387,,0.619787,0.0,15.494666,0.0,9.603387,0.0,0,0,,0.641976,0.02219,16.049412,0.554746,9.947211,0.343824,0,0,,0.641976,0.02219,16.049412,0.554746,9.947211,0.343824,0,0,0.6496657554173206,0.0298791145880985,16.241643885433017,0.6792478961540022,0.05946125532478,16.981197403850054,0.7085354149450429,0.0887487741158208,17.71338537362607,0.737484376658921,0.1176977358296988,18.437109416473024,0.6197866408292221,0.641976,0.02219,16.049412,9.947211,0.619787,0.0,15.494666,9.603387,0.641976,0.02219,16.049412,9.947211,0.6496657554173206,0.029879114588098554,0.6792478961540022,0.05946125532478008,0.7085354149450429,0.08874877411582083,0.737484376658921,0.11769773582969889,0,0,0,0,0,0,0,0,0,0,0,0,0,0
6016,Creekside Solar Project,Voltarix Group,AB,Energy,Clean Electricity,2022,2024,3,43.0,Yes,0.9030536490100836,0.3629686479440873,0.6330111484770855,0.3165055742385427,0.1276387684370795,0.4308621964610831,27.21947938451468,27.21947938451468,,,Voltarix Group,Creekside Solar Project,AB,Private,2022,2024,3,Announced & Planning,Approved,1,0,43.0,0.188,53.247146,-113.825172,Energy,Clean Electricity,1,EN-CLEL,1,0,0,0.903054,0.743677,2.0,0.362969,0.633011,0.316506,0.127639,0.430862,capex,43.0,blended_prob,0.169989,0.139473,0.120302,0.106774,0.096474,7.309522,5.997324,5.17298,4.591266,4.148388,27.219479,27.219479,0.633011,2026.716074,43.0,1.29,0.573478,0.460884,0.803665,1.2443,-0.0,1.965684,27.219479,17.230234,,0.633011,0.0,27.219479,0.0,17.230234,0.0,0,0,,0.654859,0.021848,28.158935,0.939456,17.82492,0.594686,0,0,,0.654859,0.021848,28.158935,0.939456,17.82492,0.594686,0,0,0.6591826988470416,0.0261715503699561,28.344856050422795,0.6854179408035619,0.0524067923264763,29.472971454553164,0.7117454763100792,0.0787343278329937,30.60505548133341,0.7381375468301516,0.1051263983530661,31.73991451369653,0.6330111484770855,0.654859,0.021848,28.158935,17.82492,0.633011,0.0,27.219479,17.230234,0.654859,0.021848,28.158935,17.82492,0.6591826988470416,0.02617155036995611,0.6854179408035619,0.05240679232647638,0.7117454763100792,0.07873432783299372,0.7381375468301516,0.10512639835306614,0,0,0,0,0,0,0,0,0,0,0,0,0,0
6018,Eagle Mountain - Woodfibre Gas Pipeline,FortisBC,BC,Energy,Trans & Distr,2022,2024,3,350.0,No,0.1287786126907684,0.0176499534207473,0.0732142830557579,0.0366071415278789,0.0140649468248915,0.0495545485634113,25.62499906951527,25.62499906951527,,,FortisBC,Eagle Mountain - Woodfibre Gas Pipeline,BC,Private,2022,2024,3,Announced & Planning,Announced & Planning,1,0,350.0,0.602,,,Energy,Trans & Distr,0,EN-T&D,1,0,2,0.128779,0.029368,2.0,0.01765,0.073214,0.036607,0.014065,0.049555,capex,350.0,blended_prob,0.018242,0.015619,0.014058,0.01302,0.012276,6.384734,5.466484,4.920259,4.556972,4.29655,25.624999,25.624999,0.073214,2026.801527,350.0,10.5,0.065991,0.052766,0.799593,1.250637,-0.0,17.081872,25.624999,1.876116,,0.073214,0.0,25.624999,0.0,1.876116,0.0,0,0,,0.07995,0.006736,27.982626,2.357627,2.048728,0.172612,0,0,,0.07995,0.006736,27.982626,2.357627,2.048728,0.172612,0,0,0.0856471725228839,0.012432889467126,29.976510383009398,0.0998033424858353,0.0265890594300774,34.931169870042375,0.1157808477854116,0.0425665647296537,40.52329672489408,0.1336365163857916,0.0604222333300337,46.77278073502708,0.0732142830557579,0.07995,0.006736,27.982626,2.048728,0.073214,0.0,25.624999,1.876116,0.07995,0.006736,27.982626,2.048728,0.0856471725228839,0.012432889467125993,0.0998033424858353,0.026589059430077402,0.1157808477854116,0.0425665647296537,0.1336365163857916,0.0604222333300337,0,0,0,0,0,0,0,0,0,0,0,0,0,0
6019,Eskay Creek Mine,Skeena Resources Ltd.,BC,Mining,Precious Metal,2022,2024,3,713.0,No,0.057478481236539,0.0036945486592427,0.0305865149478909,0.0152932574739454,0.0054164551489606,0.0205184910283187,21.80818515784621,21.80818515784621,,,Skeena Resources Ltd.,Eskay Creek Mine,BC,Private,2022,2024,3,Announced & Planning,In Review,1,0,713.0,0.75,,,Mining,Precious Metal,0,MIN-PM,1,0,3,0.057478,0.006104,2.0,0.003695,0.030587,0.015293,0.005416,0.020518,capex,713.0,blended_prob,0.007576,0.006508,0.005877,0.00546,0.005165,5.402023,4.64013,4.190044,3.893278,3.68271,21.808185,21.808185,0.030587,2026.808078,713.0,21.39,0.027558,0.022027,0.79928,1.251127,1e-06,40.904522,21.808185,0.667036,,0.030587,0.0,21.808185,0.0,0.667036,0.0,0,0,,0.033543,0.002956,23.915853,2.107668,0.731503,0.064466,0,0,,0.033543,0.002956,23.915853,2.107668,0.731503,0.064466,0,0,0.0363527504284159,0.005766235480525,25.91951105546059,0.0431203562091644,0.0125338412612735,30.744813977134218,0.0510264769865253,0.0204399620386344,36.381878091392586,0.0602124221076254,0.0296259071597345,42.931456962736966,0.0305865149478909,0.033543,0.002956,23.915853,0.731503,0.030587,0.0,21.808185,0.667036,0.033543,0.002956,23.915853,0.731503,0.0363527504284159,0.005766235480525003,0.0431203562091644,0.0125338412612735,0.0510264769865253,0.0204399620386344,0.0602124221076254,0.029625907159734503,0,0,0,0,0,0,0,0,0,0,0,0,0,0
6022,Fort Providence and Kakisa Transmission Line,NTPC,NT,Energy,Trans & Distr,2022,2024,3,60.0,No,0.4682412603471069,0.2917747075807116,0.3800079839639093,0.1900039919819546,0.0763084769533791,0.2585281811596972,22.80047903783456,22.80047903783456,,,NTPC,Fort Providence and Kakisa Transmission Line,NT,Private,2022,2024,3,Announced & Planning,Announced & Planning,1,0,60.0,0.253,60.977458,-117.221393,Energy,Trans & Distr,0,EN-T&D,1,0,0,0.468241,0.568957,2.0,0.291775,0.380008,0.190004,0.076308,0.258528,capex,60.0,blended_prob,0.098695,0.082551,0.072588,0.065678,0.060496,5.921704,4.953075,4.355297,3.940662,3.629742,22.800479,22.800479,0.380008,2026.754552,60.0,1.8,0.34348,0.275414,0.801833,1.247142,1e-06,3.281883,22.800479,8.664364,,0.380008,0.0,22.800479,0.0,8.664364,0.0,0,0,,0.402706,0.022698,24.162339,1.36186,9.181882,0.517518,0,0,,0.402706,0.022698,24.162339,1.36186,9.181882,0.517518,0,0,0.4193201186307704,0.0393121346668611,25.15920711784623,0.4597566169086047,0.0797486329446954,27.585397014516285,0.5008975929361037,0.1208896089721944,30.053855576166224,0.5423238512793799,0.1623158673154706,32.5394310767628,0.3800079839639093,0.402706,0.022698,24.162339,9.181882,0.380008,0.0,22.800479,8.664364,0.402706,0.022698,24.162339,9.181882,0.4193201186307704,0.03931213466686112,0.4597566169086047,0.07974863294469542,0.5008975929361037,0.12088960897219442,0.5423238512793799,0.1623158673154706,0,0,0,0,0,0,0,0,0,0,1,0,1,0
6023,Tower Gold (formerly Garrison/Golden Highway),STLLR Gold Inc.,ON,Mining,Precious Metal,2024,2024,1,517.0,No,0.7075315319072868,0.0568384321989791,0.3821849820531329,0.0955462455132832,0.0379805479849029,0.2445032084258409,197.58963572146973,197.58963572146973,,,STLLR Gold Inc.,Tower Gold (formerly Garrison/Golden Highway),ON,Private,2024,2024,1,Announced & Planning,Announced & Planning,1,0,517.0,0.694,48.493967,-79.98755,Mining,Precious Metal,0,MIN-PM,1,0,2,0.707532,0.096506,4.0,0.056838,0.382185,0.095546,0.037981,0.244503,capex,517.0,blended_prob,0.084071,0.0795,0.075806,0.072724,0.070084,43.464875,41.101465,39.191807,37.598054,36.233435,197.589636,197.589636,0.382185,2026.909073,517.0,15.51,0.303046,0.271838,0.897021,1.114802,0.0,2.916917,197.589636,75.515791,,0.382185,0.0,197.589636,0.0,75.515791,0.0,0,0,,0.382185,-0.0,197.589636,-0.0,75.515791,-0.0,0,0,,0.382185,-0.0,197.589636,-0.0,75.515791,-0.0,0,0,0.4044657032797833,0.0222807212266504,209.10876859564803,0.4255698120706621,0.0433848300175291,220.01959284053237,0.4454946707909065,0.0633096887377736,230.32074479889877,0.4643048386841881,0.0821198566310552,240.04560159972533,0.3821849820531329,0.382185,-0.0,197.589636,75.515791,0.382185,0.0,197.589636,75.515791,0.382185,-0.0,197.589636,75.515791,0.4044657032797833,0.022280721226650424,0.4255698120706621,0.043384830017529186,0.4454946707909065,0.0633096887377736,0.4643048386841881,0.0821198566310552,0,0,0,0,0,0,0,0,0,0,0,0,0,0
6025,Georgia Lake,Rock Tech Lithium Inc.,ON,Mining,Critical Mineral,2023,2024,2,255.88,Yes,0.461239635116942,0.0795372628657375,0.2703884489913398,0.0901294829971132,0.0357825992012345,0.1765461090752977,69.18699632790401,69.18699632790401,,,Rock Tech Lithium Inc.,Georgia Lake,ON,Private,2023,2024,2,Announced & Planning,Announced & Planning,1,0,255.88,0.55,49.445411,-88.039681,Mining,Critical Mineral,1,MIN-CM,1,0,2,0.46124,0.136682,3.0,0.079537,0.270388,0.090129,0.035783,0.176546,capex,255.88,blended_prob,0.061919,0.056882,0.053196,0.050345,0.048046,15.843834,14.554982,13.611887,12.882352,12.293941,69.186996,69.186996,0.270388,2026.873207,255.88,7.6764,0.228213,0.193165,0.846426,1.181438,0.0,4.369409,69.186996,18.707365,,0.270388,0.0,69.186996,0.0,18.707365,0.0,0,0,,0.270388,-0.0,69.186996,-0.0,18.707365,-0.0,0,0,,0.270388,-0.0,69.186996,-0.0,18.707365,-0.0,0,0,0.2988374567128136,0.0284490077214738,76.46652842367473,0.3278218138758595,0.0574333648845197,83.88304573455493,0.3570021827653056,0.0866137337739658,91.34971852598638,0.386074955506483,0.1156865065151432,98.78885961499886,0.2703884489913398,0.270388,-0.0,69.186996,18.707365,0.270388,0.0,69.186996,18.707365,0.270388,-0.0,69.186996,18.707365,0.2988374567128136,0.028449007721473796,0.3278218138758595,0.05743336488451972,0.3570021827653056,0.0866137337739658,0.386074955506483,0.11568650651514323,0,0,0,0,0,0,0,0,0,0,0,0,0,0
6026,Ghost River WaterCharger Battery Energy Storage,TransAlta Corporation,AB,Energy,"DER, Storage, EV",2022,2024,3,120.0,Yes,0.9472896133383828,0.30790430432423,0.6275969588313064,0.3137984794156532,0.1265403160394558,0.4271743017145661,75.31163505975677,75.31163505975677,,,TransAlta Corporation,Ghost River WaterCharger Battery Energy Storage,AB,Private,2022,2024,3,Announced & Planning,Approved,1,0,120.0,0.388,51.217782,-114.704604,Energy,"DER, Storage, EV",1,EN-DER,1,0,1,0.94729,0.606951,2.0,0.307904,0.627597,0.313798,0.12654,0.427174,capex,120.0,blended_prob,0.168416,0.138239,0.119287,0.105916,0.095739,20.209901,16.588671,14.31442,12.709963,11.48868,75.311635,75.311635,0.627597,2026.716894,120.0,3.6,0.568545,0.456897,0.803626,1.24436,0.0,1.982738,75.311635,47.265353,,0.627597,0.0,75.311635,0.0,47.265353,0.0,0,0,,0.649589,0.021992,77.95064,2.639005,48.921585,1.656232,0,0,,0.649589,0.021992,77.95064,2.639005,48.921585,1.656232,0,0,0.6484527629101657,0.0208558040788593,77.81433154921989,0.6698810097201704,0.042284050888864,80.38572116642045,0.6919412989457122,0.0643443401144058,83.03295587348546,0.7146430731238775,0.0870461142925711,85.7571687748653,0.6275969588313064,0.649589,0.021992,77.95064,48.921585,0.627597,0.0,75.311635,47.265353,0.649589,0.021992,77.95064,48.921585,0.6484527629101657,0.02085580407885934,0.6698810097201704,0.042284050888864,0.6919412989457122,0.06434434011440582,0.7146430731238775,0.08704611429257114,0,0,0,0,0,0,0,0,0,0,0,0,0,0
6028,Glacier Gas Plant CSS (Phase 2),TransAlta Corporation,AB,Energy,CCUS,2022,2024,3,100.0,Yes,0.9517229817214824,0.1508664549025352,0.5512947183120089,0.2756473591560044,0.1110598130415932,0.3752007562038426,55.12947183120089,55.12947183120089,13.3668315164334,13.3668315164334,TransAlta Corporation,Glacier Gas Plant CSS (Phase 2),AB,Private,2022,2024,3,Announced & Planning,Announced & Planning,1,0,100.0,0.342,55.559541,-119.60376,Energy,CCUS,1,EN-CCU,0,1,1,0.951723,0.269706,2.0,0.150866,0.551295,0.275647,0.11106,0.375201,capex,100.0,blended_prob,0.146468,0.120924,0.104953,0.093732,0.085218,14.646801,12.092368,10.495295,9.373168,8.52184,55.129472,55.129472,0.551295,2026.728473,100.0,3.0,0.499078,0.400797,0.803075,1.245214,0.0,2.258708,55.129472,30.392587,,0.551295,0.0,55.129472,0.0,30.392587,0.0,0,0,,0.574739,0.023444,57.473913,2.344441,31.685064,1.292478,0,0,,0.574739,0.023444,57.473913,2.344441,31.685064,1.292478,0,0,0.5644001399691169,0.0131054216571079,56.44001399691168,0.5778585732890763,0.0265638549770673,57.785857328907625,0.5918325620941353,0.0405378437821263,59.18325620941352,0.6064687076684654,0.0551739893564564,60.64687076684653,0.5512947183120089,0.574739,0.023444,57.473913,31.685064,0.551295,0.0,55.129472,30.392587,0.574739,0.023444,57.473913,31.685064,0.5644001399691169,0.01310542165710793,0.5778585732890763,0.02656385497706737,0.5918325620941353,0.040537843782126326,0.6064687076684654,0.055173989356456454,0,0,0,0,0,0,0,0,0,0,0,0,0,0
6029,Grassy Point LNG,LNG Newfoundland and Labrador,NL,Energy,Oil & Gas - Downstream,2022,2024,3,10000.0,No,0.3885473967323216,0.0781674116648279,0.2333574041985747,0.1166787020992873,0.0465554222036776,0.1586366114006159,2333.574041985747,2333.574041985747,,,LNG Newfoundland and Labrador,Grassy Point LNG,NL,Private,2022,2024,3,Announced & Planning,Announced & Planning,1,0,10000.0,0.975,47.752791,-54.027147,Energy,Oil & Gas - Downstream,0,EN-OG-D,1,0,4,0.388547,0.13423,2.0,0.078167,0.233357,0.116679,0.046555,0.158637,capex,10000.0,blended_prob,0.059425,0.050262,0.044692,0.040891,0.038087,594.248607,502.622544,446.92071,408.909697,380.872483,2333.574042,2333.574042,0.233357,2026.776967,10000.0,300.0,0.210644,0.168676,0.800765,1.248806,0.0,5.351474,2333.574042,544.556781,,0.233357,0.0,2333.574042,0.0,544.556781,0.0,0,0,,0.25084,0.017482,2508.396164,174.822122,585.352818,40.796037,0,0,,0.25084,0.017482,2508.396164,174.822122,585.352818,40.796037,0,0,0.2610059871928439,0.0276485829942692,2610.059871928439,0.2898188646412648,0.0564614604426901,2898.1886464126483,0.3194616146027489,0.0861042104041742,3194.61614602749,0.3495918305484175,0.1162344263498428,3495.918305484175,0.2333574041985747,0.25084,0.017482,2508.396164,585.352818,0.233357,0.0,2333.574042,544.556781,0.25084,0.017482,2508.396164,585.352818,0.2610059871928439,0.0276485829942692,0.2898188646412648,0.05646146044269007,0.3194616146027489,0.08610421040417421,0.3495918305484175,0.11623442634984282,0,0,0,0,0,0,0,0,0,0,0,0,0,0
6031,Implantation de mesures de reduction des emissions de GES et de conversion energetique,Diageo Canada Inc.,QC,Energy,Waste Biomass,2022,2024,3,94.0,Yes,0.7567615110412588,0.1691991621750469,0.4629803366081528,0.2314901683040764,0.0931422389124932,0.315045097529889,43.520151641166365,43.520151641166365,258.67660104564914,258.67660104564914,Diageo Canada Inc.,Implantation de mesures de reduction des emissions de GES et de conversion energetique,QC,Private,2022,2024,3,Announced & Planning,Announced & Planning,1,0,94.0,0.333,,-74.120343,Energy,Waste Biomass,1,EN-BIO,0,0,0,0.756762,0.305701,2.0,0.169199,0.46298,0.23149,0.093142,0.315045,capex,94.0,blended_prob,0.121579,0.101052,0.088297,0.079388,0.072664,11.428414,9.498885,8.299921,7.46249,6.830442,43.520152,43.520152,0.46298,2026.741905,94.0,2.82,0.418793,0.336054,0.802436,1.246206,0.0,2.691703,43.520152,20.148974,,0.46298,0.0,43.520152,0.0,20.148974,0.0,0,0,,0.486743,0.023763,45.753853,2.233702,21.183134,1.03416,0,0,,0.486743,0.023763,45.753853,2.233702,21.183134,1.03416,0,0,0.4895257764123569,0.0265454398042041,46.01542298276156,0.5154350447313958,0.0524547081232429,48.4508942047512,0.5408018858060747,0.0778215491979218,50.83537726577102,0.5657576179742249,0.102777281366072,53.181216089577134,0.4629803366081528,0.486743,0.023763,45.753853,21.183134,0.46298,0.0,43.520152,20.148974,0.486743,0.023763,45.753853,21.183134,0.4895257764123569,0.026545439804204096,0.5154350447313958,0.05245470812324299,0.5408018858060747,0.07782154919792189,0.5657576179742249,0.10277728136607206,0,0,0,0,0,0,0,0,1,0,1,0,1,0
6040,Kopahawakenum,FD Power,SK,Energy,Other,2022,2024,3,30.0,Yes,0.7513287891067753,0.3533745004838755,0.5523516447953254,0.2761758223976627,0.111274246503601,0.3759206854786356,16.570549343859764,16.570549343859764,,,FD Power,Kopahawakenum,SK,Private,2022,2024,3,Announced & Planning,Announced & Planning,1,0,30.0,0.145,,,Energy,Other,1,EN-LCF,1,0,0,0.751329,0.719024,2.0,0.353375,0.552352,0.276176,0.111274,0.375921,capex,30.0,blended_prob,0.146769,0.121163,0.105152,0.093902,0.085366,4.403076,3.634878,3.154556,2.817053,2.560985,16.570549,16.570549,0.552352,2026.728313,30.0,0.9,0.500039,0.401573,0.803083,1.245202,1e-06,2.254364,16.570549,9.15277,,0.552352,0.0,16.570549,0.0,9.15277,0.0,0,0,,0.575783,0.023432,17.2735,0.70295,9.541046,0.388276,0,0,,0.575783,0.023432,17.2735,0.70295,9.541046,0.388276,0,0,0.5872666975576452,0.0349150527623197,17.61800092672936,0.6216839861115353,0.0693323413162099,18.65051958334606,0.6555309239316811,0.1031792791363557,19.665927717950435,0.6887353335789197,0.1363836887835943,20.662060007367597,0.5523516447953254,0.575783,0.023432,17.2735,9.541046,0.552352,0.0,16.570549,9.15277,0.575783,0.023432,17.2735,9.541046,0.5872666975576452,0.034915052762319765,0.6216839861115353,0.06933234131620991,0.6555309239316811,0.10317927913635572,0.6887353335789197,0.1363836887835943,0,0,0,0,0,0,0,0,0,0,0,0,0,0
6046,LNG Canada Phase 2,"LNG Canada (Shell Canada Limited, PETRONAS, Korea Gas Corporation (KOGAS), Mitsubishi Corporation, and PetroChina Company Limited)",BC,Energy,Oil & Gas - Downstream,2022,2024,3,25000.0,No,0.0525548259059857,0.0161071357713327,0.0343309808386592,0.0171654904193296,0.0061761473290712,0.023069047434824,858.2745209664802,858.2745209664802,2.874127094627466,2.874127094627466,"LNG Canada (Shell Canada Limited, PETRONAS, Korea Gas Corporation (KOGAS), Mitsubishi Corporation, and PetroChina Company Limited)",LNG Canada Phase 2,BC,Private,2022,2024,3,Announced & Planning,Announced & Planning,1,0,25000.0,0.995,54.081951,-128.638058,Energy,Oil & Gas - Downstream,0,EN-OG-D,0,0,4,0.052555,0.02678,2.0,0.016107,0.034331,0.017165,0.006176,0.023069,capex,25000.0,blended_prob,0.008508,0.007306,0.006596,0.006127,0.005794,212.709463,182.657197,164.892723,153.170315,144.844824,858.274521,858.274521,0.034331,2026.807502,25000.0,750.0,0.030933,0.024725,0.799307,1.251084,-0.0,36.441828,858.274521,29.465406,,0.034331,0.0,858.274521,0.0,29.465406,0.0,0,0,,0.037635,0.003304,940.871868,82.597347,32.301054,2.835648,0,0,,0.037635,0.003304,940.871868,82.597347,32.301054,2.835648,0,0,0.0404728097320675,0.0061418288934083,1011.8202433016888,0.0476577639816121,0.0133267831429529,1191.4440995403036,0.0560328965290707,0.0217019156904115,1400.822413226769,0.0657532979193864,0.0314223170807272,1643.8324479846606,0.0343309808386592,0.037635,0.003304,940.871868,32.301054,0.034331,0.0,858.274521,29.465406,0.037635,0.003304,940.871868,32.301054,0.0404728097320675,0.006141828893408301,0.0476577639816121,0.013326783142952901,0.0560328965290707,0.0217019156904115,0.0657532979193864,0.0314223170807272,0,0,0,0,0,0,0,0,0,0,0,0,0,0
6050,Marban Block,Miniere O3,QC,Mining,Other,2023,2024,2,435.1,No,0.1354269567805943,0.0192837285751277,0.077355342677861,0.0257851142259536,0.0096737146683984,0.0502826914740759,33.65730959913732,33.65730959913732,,,Miniere O3,Marban Block,QC,Private,2023,2024,2,Announced & Planning,Announced & Planning,1,0,435.1,0.652,48.137067,-77.97919,Mining,Other,0,MIN-OTH,1,0,2,0.135427,0.032113,3.0,0.019284,0.077355,0.025785,0.009674,0.050283,capex,435.1,blended_prob,0.017391,0.016133,0.015236,0.014562,0.014033,7.566732,7.019591,6.629345,6.335772,6.10587,33.65731,33.65731,0.077355,2026.892875,435.1,13.053,0.065212,0.055132,0.84543,1.182831,-0.0,15.290872,33.65731,2.603573,,0.077355,0.0,33.65731,0.0,2.603573,0.0,0,0,,0.077355,-0.0,33.65731,-0.0,2.603573,-0.0,0,0,,0.077355,-0.0,33.65731,-0.0,2.603573,-0.0,0,0,0.0903703879205578,0.0130150452426967,39.3201557842347,0.10515045347788,0.027795110800019,45.7509623082256,0.1217832109651662,0.0444278682873052,52.987875090943824,0.1403110571128282,0.0629557144349672,61.04934094979156,0.077355342677861,0.077355,-0.0,33.65731,2.603573,0.077355,0.0,33.65731,2.603573,0.077355,-0.0,33.65731,2.603573,0.0903703879205578,0.013015045242696796,0.10515045347788,0.027795110800019007,0.1217832109651662,0.0444278682873052,0.1403110571128282,0.06295571443496721,0,0,0,0,0,0,0,0,0,0,0,0,0,0
6051,Martison,Fox River Resources Corporation,ON,Mining,Other,2024,2024,1,2326.92,No,0.6140756773605726,0.0460390885071438,0.3300573829338582,0.0825143457334645,0.0326926203372657,0.2111114778952212,768.0171254964532,768.0171254964532,,,Fox River Resources Corporation,Martison,ON,Private,2024,2024,1,Announced & Planning,Announced & Planning,1,0,2326.92,0.907,50.31444,-83.41444,Mining,Other,0,MIN-OTH,1,0,4,0.614076,0.07773,4.0,0.046039,0.330057,0.082514,0.032693,0.211111,capex,2326.92,blended_prob,0.07233,0.068533,0.065478,0.06294,0.060776,168.305916,159.470166,152.362689,146.456921,141.421434,768.017125,768.017125,0.330057,2026.913046,2326.92,69.8076,0.261648,0.234649,0.896811,1.115063,-0.0,3.37839,768.017125,253.489722,,0.330057,0.0,768.017125,0.0,253.489722,0.0,0,0,,0.330057,-0.0,768.017125,-0.0,253.489722,-0.0,0,0,,0.330057,-0.0,768.017125,-0.0,253.489722,-0.0,0,0,0.3547314289946227,0.0246740460607645,825.4316567561674,0.3785397759702354,0.0484823930363771,880.83177550066,0.4013041443524713,0.0712467614186131,933.8026395766524,0.4229280100597583,0.0928706271259,984.1196451682524,0.3300573829338582,0.330057,-0.0,768.017125,253.489722,0.330057,0.0,768.017125,253.489722,0.330057,-0.0,768.017125,253.489722,0.3547314289946227,0.024674046060764454,0.3785397759702354,0.04848239303637719,0.4013041443524713,0.07124676141861308,0.4229280100597583,0.09287062712590005,0,0,0,0,0,0,0,0,0,0,0,0,0,0
6053,Meaford Pumped Storage Project,TC Energy Corporation,ON,Energy,Clean Electricity,2022,2024,3,4300.0,Yes,0.9158097195380572,0.2059605214259079,0.5608851204819827,0.2804425602409913,0.1130055520989599,0.3817332931287736,2411.806018072525,2411.806018072525,,,TC Energy Corporation,Meaford Pumped Storage Project,ON,Private,2022,2024,3,In Review,In Review,1,0,4300.0,0.941,,,Energy,Clean Electricity,1,EN-CLEL,1,0,4,0.91581,0.380338,2.0,0.205961,0.560885,0.280443,0.113006,0.381733,capex,4300.0,blended_prob,0.149204,0.123093,0.106758,0.095274,0.086557,641.577051,529.29832,459.057339,409.677174,372.196135,2411.806018,2411.806018,0.560885,2026.727017,4300.0,129.0,0.507804,0.40784,0.803144,1.245106,0.0,2.219895,2411.806018,1352.746109,,0.560885,0.0,2411.806018,0.0,1352.746109,0.0,0,0,,0.584206,0.023321,2512.087377,100.281359,1408.992431,56.246322,0,0,,0.584206,0.023321,2512.087377,100.281359,1408.992431,56.246322,0,0,0.5795784994925294,0.0186933790105466,2492.187547817876,0.5984388138197226,0.0375536933377399,2573.286899424807,0.6176422759747218,0.056757155492739,2655.861786691303,0.6373397712621414,0.0764546507801586,2740.5610164272075,0.5608851204819827,0.584206,0.023321,2512.087377,1408.992431,0.560885,0.0,2411.806018,1352.746109,0.584206,0.023321,2512.087377,1408.992431,0.5795784994925294,0.018693379010546685,0.5984388138197226,0.037553693337739946,0.6176422759747218,0.056757155492739075,0.6373397712621414,0.07645465078015867,0,0,0,0,0,0,0,0,0,0,0,0,0,0
6056,Mill and port upgrades,San Group,BC,Forest,Pulp & Paper,2022,2024,3,100.0,No,0.3248803423907765,0.0581670599269634,0.19152370115887,0.095761850579435,0.0380680336170468,0.1301414341421407,19.152370115887003,19.152370115887003,,,San Group,Mill and port upgrades,BC,Private,2022,2024,3,Announced & Planning,Announced & Planning,1,0,100.0,0.342,,,Forest,Pulp & Paper,0,FOR-P&P,0,0,1,0.32488,0.098831,2.0,0.058167,0.191524,0.095762,0.038068,0.130141,capex,100.0,blended_prob,0.048496,0.041149,0.036706,0.033691,0.031481,4.849628,4.114949,3.670585,3.369104,3.148103,19.15237,19.15237,0.191524,2026.783374,100.0,3.0,0.172816,0.138332,0.800459,1.249283,1e-06,6.522863,19.15237,3.668133,,0.191524,0.0,19.15237,0.0,3.668133,0.0,0,0,,0.206717,0.015193,20.671695,1.519325,3.95912,0.290987,0,0,,0.206717,0.015193,20.671695,1.519325,3.95912,0.290987,0,0,0.2164627020042994,0.0249390008454294,21.64627020042995,0.2429427741077469,0.0514190729488769,24.294277410774697,0.2706837215958532,0.0791600204369832,27.068372159585323,0.2993604658233572,0.1078367646644872,29.936046582335727,0.19152370115887,0.206717,0.015193,20.671695,3.95912,0.191524,0.0,19.15237,3.668133,0.206717,0.015193,20.671695,3.95912,0.2164627020042994,0.02493900084542941,0.2429427741077469,0.051419072948876904,0.2706837215958532,0.0791600204369832,0.2993604658233572,0.10783676466448719,0,0,0,0,0,0,0,0,0,0,0,0,0,0
6060,Moblan,Sayona Nord,QC,Mining,Other,2024,2024,1,822.6,No,0.1450752778965086,0.0168844774492211,0.0809798776728648,0.0202449694182162,0.007425701301528,0.0515582071243301,66.61404737369858,66.61404737369858,,,Sayona Nord,Moblan,QC,Private,2024,2024,1,Announced & Planning,Announced & Planning,1,0,822.6,0.784,50.739349,-74.835889,Mining,Other,0,MIN-OTH,1,0,3,0.145075,0.028083,4.0,0.016884,0.08098,0.020245,0.007426,0.051558,capex,822.6,blended_prob,0.017426,0.016668,0.016077,0.015601,0.015208,14.334517,13.711284,13.224896,12.833306,12.510044,66.614047,66.614047,0.08098,2026.932043,822.6,24.678,0.06412,0.05744,0.895807,1.116312,-0.0,13.785059,66.614047,5.394397,,0.08098,0.0,66.614047,0.0,5.394397,0.0,0,0,,0.08098,-0.0,66.614047,-0.0,5.394397,-0.0,0,0,,0.08098,-0.0,66.614047,-0.0,5.394397,-0.0,0,0,0.09451082723709,0.0135309495642252,77.74460648523024,0.1098203764145678,0.028840498741703,90.33824163862349,0.1269750911921938,0.045995213519329,104.44971001469864,0.1459902769568909,0.0650103992840261,120.09160182473852,0.0809798776728648,0.08098,-0.0,66.614047,5.394397,0.08098,0.0,66.614047,5.394397,0.08098,-0.0,66.614047,5.394397,0.09451082723709,0.013530949564225209,0.1098203764145678,0.028840498741702997,0.1269750911921938,0.045995213519329003,0.1459902769568909,0.0650103992840261,0,0,0,0,0,0,0,0,0,0,0,0,0,0
6062,Moon Lake Solar Project,Voltarix Group,AB,Energy,Clean Electricity,2022,2024,3,43.0,Yes,0.9030536490100836,0.3629686479440873,0.6330111484770855,0.3165055742385427,0.1276387684370795,0.4308621964610831,27.21947938451468,27.21947938451468,,,Voltarix Group,Moon Lake Solar Project,AB,Private,2022,2024,3,Announced & Planning,Approved,1,0,43.0,0.188,53.422494,-114.990517,Energy,Clean Electricity,1,EN-CLEL,1,0,0,0.903054,0.743677,2.0,0.362969,0.633011,0.316506,0.127639,0.430862,capex,43.0,blended_prob,0.169989,0.139473,0.120302,0.106774,0.096474,7.309522,5.997324,5.17298,4.591266,4.148388,27.219479,27.219479,0.633011,2026.716074,43.0,1.29,0.573478,0.460884,0.803665,1.2443,-0.0,1.965684,27.219479,17.230234,,0.633011,0.0,27.219479,0.0,17.230234,0.0,0,0,,0.654859,0.021848,28.158935,0.939456,17.82492,0.594686,0,0,,0.654859,0.021848,28.158935,0.939456,17.82492,0.594686,0,0,0.6591826988470416,0.0261715503699561,28.344856050422795,0.6854179408035619,0.0524067923264763,29.472971454553164,0.7117454763100792,0.0787343278329937,30.60505548133341,0.7381375468301516,0.1051263983530661,31.73991451369653,0.6330111484770855,0.654859,0.021848,28.158935,17.82492,0.633011,0.0,27.219479,17.230234,0.654859,0.021848,28.158935,17.82492,0.6591826988470416,0.02617155036995611,0.6854179408035619,0.05240679232647638,0.7117454763100792,0.07873432783299372,0.7381375468301516,0.10512639835306614,0,0,0,0,0,0,0,0,0,0,0,0,0,0
6063,NEBC Connector Project,Northriver Midstream NEBC Connector GP Inc.,Multi,Energy,Clean Electricity,2022,2024,3,350.1,Yes,0.8555946373432151,0.2534120663120049,0.55450335182761,0.277251675913805,0.1117107934114913,0.3773863284611625,194.13162347484624,194.13162347484624,,,Northriver Midstream NEBC Connector GP Inc.,NEBC Connector Project,Multi,Private,2022,2024,3,In Review,Approved,1,0,350.1,0.615,56.9228,-122.058,Energy,Clean Electricity,1,EN-CLEL,1,0,2,0.855595,0.481961,2.0,0.253412,0.554503,0.277252,0.111711,0.377386,capex,350.1,blended_prob,0.147383,0.121649,0.105557,0.094248,0.085667,51.598665,42.589351,36.955434,32.996206,29.991968,194.131623,194.131623,0.554503,2026.727986,350.1,10.503,0.501997,0.403153,0.803098,1.245178,-0.0,2.245573,194.131623,107.646636,,0.554503,0.0,194.131623,0.0,107.646636,0.0,0,0,,0.577908,0.023405,202.325755,8.194131,112.190309,4.543673,0,0,,0.577908,0.023405,202.325755,8.194131,112.190309,4.543673,0,0,0.5795791280894456,0.0250757762618355,202.91065274411488,0.6044688967273767,0.0499655448997666,211.62456074425452,0.6293185664292518,0.0748152146016417,220.324430106881,0.6542534374670856,0.0997500856394756,229.05412845722665,0.55450335182761,0.577908,0.023405,202.325755,112.190309,0.554503,0.0,194.131623,107.646636,0.577908,0.023405,202.325755,112.190309,0.5795791280894456,0.025075776261835547,0.6044688967273767,0.04996554489976668,0.6293185664292518,0.07481521460164176,0.6542534374670856,0.09975008563947563,0,0,0,0,0,0,0,0,0,0,0,0,0,0
6064,New OSB Mill,One Sky Forest Products,SK,Forest,EWP,2022,2024,3,400.0,No,0.5406713878935689,0.3378232530585578,0.4392473204760634,0.2196236602380317,0.0883271899063214,0.2988792682481666,175.69892819042536,175.69892819042536,,,One Sky Forest Products,New OSB Mill,SK,Private,2022,2024,3,Announced & Planning,Announced & Planning,1,0,400.0,0.634,,,Forest,EWP,0,FOR-EWP,1,0,2,0.540671,0.679831,2.0,0.337823,0.439247,0.219624,0.088327,0.298879,capex,400.0,blended_prob,0.114984,0.095743,0.08381,0.07549,0.069221,45.993588,38.297296,33.523833,30.195875,27.688335,175.698928,175.698928,0.439247,2026.74552,400.0,12.0,0.397239,0.318691,0.802264,1.246473,-0.0,2.837748,175.698928,77.175283,,0.439247,0.0,175.698928,0.0,77.175283,0.0,0,0,,0.462842,0.023595,185.136739,9.437811,81.320817,4.145533,0,0,,0.462842,0.023595,185.136739,9.437811,81.320817,4.145533,0,0,0.4799692669855473,0.0407219465094839,191.98770679421887,0.5211716117553502,0.0819242912792868,208.46864470214007,0.5624475018784075,0.1232001814023441,224.979000751363,0.6034119207883277,0.1641646003122643,241.3647683153311,0.4392473204760634,0.462842,0.023595,185.136739,81.320817,0.439247,0.0,175.698928,77.175283,0.462842,0.023595,185.136739,81.320817,0.4799692669855473,0.04072194650948391,0.5211716117553502,0.0819242912792868,0.5624475018784075,0.12320018140234412,0.6034119207883277,0.16416460031226432,0,0,0,0,0,0,0,0,1,0,1,0,1,0
6067,Northern Petrochemical Ammonia and Methanol Production Facility,Northern Petrochemical Corp.,AB,Energy,Low Carbon Fuels,2022,2024,3,2500.0,Yes,0.7722100837169894,0.0652070197054102,0.4187085517111998,0.2093542758555999,0.0841602025508653,0.284889212047066,1046.7713792779996,1046.7713792779996,,,Northern Petrochemical Corp.,Northern Petrochemical Ammonia and Methanol Production Facility,AB,Private,2022,2024,3,Announced & Planning,Announced & Planning,1,0,2500.0,0.912,54.760765,-118.572392,Energy,Low Carbon Fuels,1,EN-LCF,1,1,4,0.77221,0.111205,2.0,0.065207,0.418709,0.209354,0.08416,0.284889,capex,2500.0,blended_prob,0.109309,0.09116,0.079922,0.072101,0.066217,273.271527,227.899748,199.805772,180.252223,165.54211,1046.771379,1046.771379,0.418709,2026.74865,2500.0,75.0,0.378594,0.303676,0.802115,1.246705,-0.0,2.9775,1046.771379,438.292128,,0.418709,0.0,1046.771379,0.0,438.292128,0.0,0,0,,0.44207,0.023361,1105.173939,58.40256,462.745779,24.453651,0,0,,0.44207,0.023361,1105.173939,58.40256,462.745779,24.453651,0,0,0.4385325480308837,0.0198239963196839,1096.3313700772092,0.4571874414740202,0.0384788897628204,1142.9686036850503,0.4747795250580598,0.05607097334686,1186.9488126451497,0.4914585622347229,0.0727500105235231,1228.6464055868073,0.4187085517111998,0.44207,0.023361,1105.173939,462.745779,0.418709,0.0,1046.771379,438.292128,0.44207,0.023361,1105.173939,462.745779,0.4385325480308837,0.0198239963196839,0.4571874414740202,0.03847888976282038,0.4747795250580598,0.05607097334686001,0.4914585622347229,0.07275001052352309,0,0,0,0,0,0,0,0,0,0,0,0,0,0
6072,Pellet Plant,Peak Renewables,BC,Forest,Other,2022,2024,3,29.0,Yes,0.0932373746556017,0.0639593209289989,0.0785983477923003,0.0392991738961501,0.0151572873607327,0.0532219236196733,2.2793520859767087,2.2793520859767087,,,Peak Renewables,Pellet Plant,BC,Private,2022,2024,3,Announced & Planning,Announced & Planning,1,0,29.0,0.142,58.80494,-122.697387,Forest,Other,1,FOR-OTH,1,0,0,0.093237,0.109005,2.0,0.063959,0.078598,0.039299,0.015157,0.053222,capex,29.0,blended_prob,0.019598,0.016773,0.01509,0.013971,0.013167,0.568343,0.486405,0.437623,0.405145,0.381835,2.279352,2.279352,0.078598,2026.8007,29.0,0.87,0.070848,0.056652,0.799632,1.250575,3e-06,15.910961,2.279352,0.179153,,0.078598,0.0,2.279352,0.0,0.179153,0.0,0,0,,0.085784,0.007186,2.487734,0.208382,0.195532,0.016378,0,0,,0.085784,0.007186,2.487734,0.208382,0.195532,0.016378,0,0,0.0912524643848155,0.0126541165925152,2.6463214671596504,0.1057532700901517,0.0271549222978514,3.0668448326144,0.1222822450694578,0.0436838972771575,3.546185107014277,0.1410062129757997,0.0624078651834994,4.089180176298192,0.0785983477923003,0.085784,0.007186,2.487734,0.195532,0.078598,0.0,2.279352,0.179153,0.085784,0.007186,2.487734,0.195532,0.0912524643848155,0.01265411659251521,0.1057532700901517,0.027154922297851408,0.1222822450694578,0.043683897277157505,0.1410062129757997,0.06240786518349942,0,0,0,0,0,0,0,0,0,0,0,0,0,0
6077,Power Downtown Toronto,Hydro One,ON,Energy,Trans & Distr,2022,2024,3,120.0,No,0.9078158323704972,0.3619262714885067,0.634871051929502,0.317435525964751,0.1280161130704076,0.4321290763858643,76.18452623154025,76.18452623154025,,,Hydro One,Power Downtown Toronto,ON,Public,2022,2024,3,Announced & Planning,Announced & Planning,1,0,120.0,0.388,,,Energy,Trans & Distr,0,EN-T&D,0,0,1,0.907816,0.740981,2.0,0.361926,0.634871,0.317436,0.128016,0.432129,capex,120.0,blended_prob,0.17053,0.139897,0.12065,0.107068,0.096726,20.46357,16.787595,14.478056,12.848146,11.607159,76.184526,76.184526,0.634871,2026.715792,120.0,3.6,0.575173,0.462254,0.803678,1.244279,0.0,1.959893,76.184526,48.36735,,0.634871,0.0,76.184526,0.0,48.36735,0.0,0,0,,0.656668,0.021797,78.800183,2.615657,50.027955,1.660605,0,0,,0.656668,0.021797,78.800183,2.615657,50.027955,1.660605,0,0,0.6606658781074743,0.0257948261779723,79.27990537289693,0.6865667915708329,0.0516957396413308,82.38801498849996,0.7126018056425887,0.0777307537130866,85.51221667711066,0.7387418410666051,0.1038707891371031,88.64902092799262,0.634871051929502,0.656668,0.021797,78.800183,50.027955,0.634871,0.0,76.184526,48.36735,0.656668,0.021797,78.800183,50.027955,0.6606658781074743,0.025794826177972352,0.6865667915708329,0.051695739641330896,0.7126018056425887,0.07773075371308669,0.7387418410666051,0.10387078913710313,0,0,0,0,0,0,0,0,0,0,0,0,0,0
6081,Red Chris Block Cave Expansion,Newcrest Mining Ltd./Imperial Metals,BC,Mining,Critical Mineral,2022,2024,3,2632.0,Yes,0.0287413201493284,0.0051873189929291,0.0169643195711287,0.0084821597855643,0.0026527297991905,0.0112396836623534,44.65008911121073,44.65008911121073,,,Newcrest Mining Ltd./Imperial Metals,Red Chris Block Cave Expansion,BC,Private,2022,2024,3,Announced & Planning,Approved,1,0,2632.0,0.916,,,Mining,Critical Mineral,1,MIN-CM,0,0,4,0.028741,0.008577,2.0,0.005187,0.016964,0.008482,0.002653,0.01124,capex,2632.0,blended_prob,0.004194,0.003606,0.00326,0.003032,0.002871,11.039387,9.492241,8.580395,7.980943,7.557122,44.650089,44.650089,0.016964,2026.810172,2632.0,78.96,0.015283,0.012214,0.799179,1.251283,0.0,73.759721,44.650089,0.757458,,0.016964,0.0,44.650089,0.0,0.757458,0.0,0,0,,0.018629,0.001665,49.031919,4.38183,0.831793,0.074335,0,0,,0.018629,0.001665,49.031919,4.38183,0.831793,0.074335,0,0,0.0201701688125816,0.0032058492414529,53.08788431471481,0.0239671543129201,0.0070028347417914,63.081550151605775,0.0284548801091995,0.0114905605380708,74.89324444741311,0.0337453985995739,0.0167810790284452,88.81788911407868,0.0169643195711287,0.018629,0.001665,49.031919,0.831793,0.016964,0.0,44.650089,0.757458,0.018629,0.001665,49.031919,0.831793,0.0201701688125816,0.003205849241452903,0.0239671543129201,0.007002834741791402,0.0284548801091995,0.0114905605380708,0.0337453985995739,0.016781079028445202,0,0,0,0,0,0,0,0,0,0,0,0,0,0
6083,Rocktree Solar Project,Voltarix Group,AB,Energy,Clean Electricity,2022,2024,3,40.0,Yes,0.9030536490100836,0.3661882613928806,0.6346209552014821,0.317310477600741,0.1279653724483562,0.4319587221002317,25.38483820805929,25.38483820805929,,,Voltarix Group,Rocktree Solar Project,AB,Private,2022,2024,3,Announced & Planning,Approved,1,0,40.0,0.177,53.515088,-113.912081,Energy,Clean Electricity,1,EN-CLEL,1,0,0,0.903054,0.752033,2.0,0.366188,0.634621,0.31731,0.127965,0.431959,capex,40.0,blended_prob,0.170457,0.13984,0.120604,0.107028,0.096692,6.81828,5.593584,4.824144,4.281133,3.867697,25.384838,25.384838,0.634621,2026.71583,40.0,1.2,0.574945,0.462069,0.803676,1.244282,-0.0,1.96067,25.384838,16.10975,,0.634621,0.0,25.384838,0.0,16.10975,0.0,0,0,,0.656425,0.021804,26.256998,0.87216,16.663241,0.553491,0,0,,0.656425,0.021804,26.256998,0.87216,16.663241,0.553491,0,0,0.6608999684999872,0.0262790132985051,26.43599873999949,0.6872351789621407,0.0526142237606586,27.489407158485637,0.7136510639382855,0.0790301087368033,28.546042557531425,0.7401152584327169,0.1054943032312347,29.60461033730868,0.6346209552014821,0.656425,0.021804,26.256998,16.663241,0.634621,0.0,25.384838,16.10975,0.656425,0.021804,26.256998,16.663241,0.6608999684999872,0.026279013298505127,0.6872351789621407,0.05261422376065861,0.7136510639382855,0.07903010873680338,0.7401152584327169,0.10549430323123477,0,0,0,0,0,0,0,0,0,0,0,0,0,0
6084,Saamis Solar Farm,DP Energy,AB,Energy,Clean Electricity,2022,2024,3,600.0,Yes,0.9605093607296024,0.23224327464629,0.5963763176879462,0.2981881588439731,0.1202061477958281,0.4059082497310989,357.8257906127677,357.8257906127677,,,DP Energy,Saamis Solar Farm,AB,Private,2022,2024,3,Announced & Planning,In Review,1,0,600.0,0.714,50.070674,-110.70734,Energy,Clean Electricity,1,EN-CLEL,1,0,3,0.960509,0.43585,2.0,0.232243,0.596376,0.298188,0.120206,0.405908,capex,600.0,blended_prob,0.159386,0.131138,0.113428,0.100954,0.091471,95.631328,78.682688,68.057018,60.572438,54.882319,357.825791,357.825791,0.596376,2026.721629,600.0,18.0,0.54011,0.433924,0.803401,1.244709,-0.0,2.08712,357.825791,213.398827,,0.596376,0.0,357.825791,0.0,213.398827,0.0,0,0,,0.619093,0.022716,371.455635,13.629845,221.527344,8.128517,0,0,,0.619093,0.022716,371.455635,13.629845,221.527344,8.128517,0,0,0.6129142273732604,0.0165379096853142,367.7485364239562,0.6301413235971614,0.0337650059092151,378.0847941582968,0.6481692606158885,0.0517929429279423,388.9015563695331,0.6670776607186266,0.0707013430306804,400.246596431176,0.5963763176879462,0.619093,0.022716,371.455635,221.527344,0.596376,0.0,357.825791,213.398827,0.619093,0.022716,371.455635,221.527344,0.6129142273732604,0.01653790968531421,0.6301413235971614,0.03376500590921516,0.6481692606158885,0.05179294292794234,0.6670776607186266,0.07070134303068043,0,0,0,0,0,0,0,0,0,0,0,0,0,0
6087,Shakespeare,Magna Mining Inc.,ON,Mining,Other,2022,2024,3,232.9,No,0.6473880499838918,0.0670527660209475,0.3572204080024196,0.1786102040012098,0.0716852426212674,0.2430063418499587,83.19663302376351,83.19663302376351,,,Magna Mining Inc.,Shakespeare,ON,Private,2022,2024,3,Announced & Planning,Announced & Planning,1,0,232.9,0.526,46.291979,-81.858789,Mining,Other,0,MIN-OTH,1,0,2,0.647388,0.114464,2.0,0.067053,0.35722,0.17861,0.071685,0.243006,capex,232.9,blended_prob,0.092495,0.077499,0.068264,0.061873,0.05709,21.542003,18.049585,15.898754,14.410112,13.29618,83.196633,83.196633,0.35722,2026.75803,232.9,6.987,0.322816,0.258791,0.801668,1.2474,0.0,3.491961,83.196633,29.719535,,0.35722,0.0,83.196633,0.0,29.719535,0.0,0,0,,0.37939,0.022169,88.3599,5.163267,31.56396,1.844424,0,0,,0.37939,0.022169,88.3599,5.163267,31.56396,1.844424,0,0,0.3822776752523029,0.0250572672498832,89.03247056626132,0.4064417439383984,0.0492213359359788,94.66028216325296,0.4296067142424079,0.0723863062399883,100.0554037470568,0.4517466613185132,0.0945262533160936,105.21179742108173,0.3572204080024196,0.37939,0.022169,88.3599,31.56396,0.35722,0.0,83.196633,29.719535,0.37939,0.022169,88.3599,31.56396,0.3822776752523029,0.025057267249883275,0.4064417439383984,0.04922133593597877,0.4296067142424079,0.07238630623998832,0.4517466613185132,0.0945262533160936,0,0,0,0,0,0,0,0,0,0,0,0,0,0
6088,Slave Lake Bio-Mass/Gas to Liquids Plant (Phase 1),Expander Energy,AB,Energy,Waste Biomass,2022,2024,3,35.0,Yes,0.7939984805395953,0.1351388915337622,0.4645686860366788,0.2322843430183394,0.0934644895819704,0.3161270074547954,16.25990401128376,16.25990401128376,,,Expander Energy,Slave Lake Bio-Mass/Gas to Liquids Plant (Phase 1),AB,Private,2022,2024,3,Announced & Planning,Announced & Planning,1,0,35.0,0.157,55.265038,-114.57517,Energy,Waste Biomass,1,EN-BIO,1,1,0,0.793998,0.239439,2.0,0.135139,0.464569,0.232284,0.093464,0.316127,capex,35.0,blended_prob,0.122022,0.101408,0.088597,0.079648,0.072894,4.270758,3.549271,3.100902,2.787695,2.551278,16.259904,16.259904,0.464569,2026.741663,35.0,1.05,0.420236,0.337217,0.802447,1.246188,1e-06,2.682462,16.259904,7.553842,,0.464569,0.0,16.259904,0.0,7.553842,0.0,0,0,,0.488339,0.02377,17.09186,0.831956,7.940343,0.386501,0,0,,0.488339,0.02377,17.09186,0.831956,7.940343,0.386501,0,0,0.4873407250756347,0.0227720390389559,17.056925377647218,0.5093731426764321,0.0448044566397533,17.828059993675122,0.5308170049424441,0.0662483189057653,18.578595172985544,0.551851525574732,0.0872828395380532,19.31480339511562,0.4645686860366788,0.488339,0.02377,17.09186,7.940343,0.464569,0.0,16.259904,7.553842,0.488339,0.02377,17.09186,7.940343,0.4873407250756347,0.022772039038955916,0.5093731426764321,0.0448044566397533,0.5308170049424441,0.06624831890576532,0.551851525574732,0.08728283953805327,0,0,0,0,0,0,0,0,1,0,1,0,1,0
6089,St.Clair Transmission Line,Hydro One,ON,Energy,Trans & Distr,2022,2024,3,250.0,No,0.8227171382295513,0.247973837904661,0.5353454880671061,0.267672744033553,0.1078239695730469,0.3643368806694824,133.83637201677652,133.83637201677652,,,Hydro One,St.Clair Transmission Line,ON,Public,2022,2024,3,Announced & Planning,Announced & Planning,1,0,250.0,0.534,,,Energy,Trans & Distr,0,EN-T&D,1,0,2,0.822717,0.469991,2.0,0.247974,0.535345,0.267673,0.107824,0.364337,capex,250.0,blended_prob,0.141932,0.117321,0.10195,0.09116,0.082981,35.483102,29.330343,25.487512,22.790096,20.745319,133.836372,133.836372,0.535345,2026.730897,250.0,7.5,0.484569,0.38909,0.80296,1.245393,0.0,2.326334,133.836372,71.648698,,0.535345,0.0,133.836372,0.0,71.648698,0.0,0,0,,0.558957,0.023611,139.739138,5.902766,74.808717,3.160019,0,0,,0.558957,0.023611,139.739138,5.902766,74.808717,3.160019,0,0,0.5622041675845988,0.0268586795174926,140.55104189614968,0.5887252959136269,0.0533798078465207,147.1813239784067,0.6150375666686962,0.0796920786015901,153.75939166717404,0.6412628721326121,0.1059173840655059,160.31571803315302,0.5353454880671061,0.558957,0.023611,139.739138,74.808717,0.535345,0.0,133.836372,71.648698,0.558957,0.023611,139.739138,74.808717,0.5622041675845988,0.026858679517492656,0.5887252959136269,0.053379807846520744,0.6150375666686962,0.07969207860159011,0.6412628721326121,0.10591738406550599,0,0,0,0,0,0,0,0,0,0,0,0,0,0
6091,Suncor and ATCO clean hydrogen project,"ATCO, Suncor",AB,Energy,Low Carbon Fuels,2022,2024,3,3532.0,Yes,0.7722100837169894,0.0640013586700151,0.4181057211935022,0.2090528605967511,0.0840378978901777,0.2844785918721724,1476.74940725545,1476.74940725545,,,"ATCO, Suncor",Suncor and ATCO clean hydrogen project,AB,Private,2022,2024,3,Announced & Planning,Announced & Planning,1,0,3532.0,0.931,,,Energy,Low Carbon Fuels,1,EN-LCF,1,1,4,0.77221,0.109079,2.0,0.064001,0.418106,0.209053,0.084038,0.284479,capex,3532.0,blended_prob,0.109142,0.091026,0.079808,0.072001,0.066128,385.491244,321.502162,281.882426,254.30829,233.565285,1476.749407,1476.749407,0.418106,2026.748742,3532.0,105.96,0.378047,0.303235,0.80211,1.246711,0.0,2.981809,1476.749407,617.437376,,0.418106,0.0,1476.749407,0.0,617.437376,0.0,0,0,,0.441459,0.023353,1559.231967,82.48256,651.923806,34.48643,0,0,,0.441459,0.023353,1559.231967,82.48256,651.923806,34.48643,0,0,0.4378554989983957,0.0197497778048935,1546.505622462334,0.4564279361780088,0.0383222149845066,1612.1034705807276,0.4739286636647716,0.0558229424712694,1673.9160400639737,0.4905068041460818,0.0724010829525796,1732.4700322439612,0.4181057211935022,0.441459,0.023353,1559.231967,651.923806,0.418106,0.0,1476.749407,617.437376,0.441459,0.023353,1559.231967,651.923806,0.4378554989983957,0.01974977780489351,0.4564279361780088,0.03832221498450661,0.4739286636647716,0.0558229424712694,0.4905068041460818,0.07240108295257958,0,0,0,0,0,0,0,0,0,0,0,0,0,0
6092,Suncor PURE Demonstration Facility,Suncor Energy Inc.,AB,Energy,Clean Electricity,2022,2024,3,52.5,Yes,0.856354641579479,0.1256400775852405,0.4909973595823598,0.2454986797911799,0.0988264443197212,0.3341289934773043,25.77736137807389,25.77736137807389,,,Suncor Energy Inc.,Suncor PURE Demonstration Facility,AB,Private,2022,2024,3,Announced & Planning,Announced & Planning,1,0,52.5,0.234,57.380561,-111.509771,Energy,Clean Electricity,1,EN-CLEL,1,1,0,0.856355,0.221425,2.0,0.12564,0.490997,0.245499,0.098826,0.334129,capex,52.5,blended_prob,0.129415,0.107336,0.093588,0.083966,0.076691,6.794298,5.63515,4.913389,4.40824,4.026285,25.777361,25.777361,0.490997,2026.73764,52.5,1.575,0.444249,0.356571,0.802639,1.24589,-0.0,2.537469,25.777361,12.656616,,0.490997,0.0,25.777361,0.0,12.656616,0.0,0,0,,0.51482,0.023822,27.028028,1.250667,13.270691,0.614074,1,0,,0.51482,0.023822,27.028028,1.250667,13.270691,0.614074,1,0,0.5095237933106329,0.0185264337282731,26.749999148808232,0.5274930521230918,0.036495692540732,27.693385236462326,0.5451084483452013,0.0541110887628415,28.618193538123077,0.5625780935249467,0.0715807339425869,29.535349910059704,0.4909973595823598,0.51482,0.023822,27.028028,13.270691,0.490997,0.0,25.777361,12.656616,0.51482,0.023822,27.028028,13.270691,0.5095237933106329,0.018526433728273117,0.5274930521230918,0.03649569254073204,0.5451084483452013,0.05411108876284154,0.5625780935249467,0.0715807339425869,1,0,0,0,1,0,1,0,1,0,1,0,1,0
6096,Troilus,Troilus Gold Corp.,QC,Mining,Other,2024,2024,1,449.5,No,0.1354269567805943,0.0192449707436216,0.0773359637621079,0.0193339909405269,0.0070560554049231,0.049224000419234,34.7625157110675,34.7625157110675,,,Troilus Gold Corp.,Troilus,QC,Private,2024,2024,1,In Review,In Review,1,0,449.5,0.654,51.011121,-74.466634,Mining,Other,0,MIN-OTH,1,0,2,0.135427,0.032048,4.0,0.019245,0.077336,0.019334,0.007056,0.049224,capex,449.5,blended_prob,0.016637,0.015916,0.015354,0.014901,0.014528,7.478459,7.154304,6.901472,6.698047,6.530234,34.762516,34.762516,0.077336,2026.932321,449.5,13.485,0.061234,0.054853,0.895792,1.116331,1e-06,14.43482,34.762516,2.688393,,0.077336,0.0,34.762516,0.0,2.688393,0.0,0,0,,0.077336,-0.0,34.762516,-0.0,2.688393,-0.0,0,0,,0.077336,-0.0,34.762516,-0.0,2.688393,-0.0,0,0,0.0903484855338894,0.0130125217717815,40.61164424748331,0.1051257075559882,0.0277897437938803,47.25400554641671,0.1217552632620705,0.0444192994999626,54.72899083630072,0.1402795073358225,0.0629435435737146,63.05563854745222,0.0773359637621079,0.077336,-0.0,34.762516,2.688393,0.077336,0.0,34.762516,2.688393,0.077336,-0.0,34.762516,2.688393,0.0903484855338894,0.013012521771781499,0.1051257075559882,0.0277897437938803,0.1217552632620705,0.04441929949996261,0.1402795073358225,0.06294354357371461,0,0,0,0,0,0,0,0,0,0,0,0,0,0
6097,Upper Beaver,Agnico Eagle Mines Limited,ON,Mining,Other,2022,2024,3,240.1,No,0.6473880499838918,0.0667246645743806,0.3570563572791362,0.1785281786395681,0.0716519593559752,0.2428945981098718,85.7292313827206,85.7292313827206,,,Agnico Eagle Mines Limited,Upper Beaver,ON,Private,2022,2024,3,Announced & Planning,In Review,1,0,240.1,0.531,48.165061,-79.764065,Mining,Other,0,MIN-OTH,1,0,2,0.647388,0.113884,2.0,0.066725,0.357056,0.178528,0.071652,0.242895,capex,240.1,blended_prob,0.09245,0.077463,0.068233,0.061845,0.057065,22.197278,18.598858,16.382779,14.849002,13.701314,85.729231,85.729231,0.357056,2026.758055,240.1,7.203,0.322667,0.258671,0.801667,1.247401,0.0,3.49357,85.729231,30.610167,,0.357056,0.0,85.729231,0.0,30.610167,0.0,0,0,,0.379222,0.022165,91.051117,5.321885,32.51038,1.900213,0,0,,0.379222,0.022165,91.051117,5.321885,32.51038,1.900213,0,0,0.3820934871201525,0.0250371298410163,91.74064625754862,0.4062352001670176,0.0491788428878814,97.53707156010093,0.4293754233383185,0.0723190660591823,103.09303914353028,0.4514880660502309,0.0944317087710947,108.40228465866043,0.3570563572791362,0.379222,0.022165,91.051117,32.51038,0.357056,0.0,85.729231,30.610167,0.379222,0.022165,91.051117,32.51038,0.3820934871201525,0.025037129841016303,0.4062352001670176,0.04917884288788138,0.4293754233383185,0.07231906605918231,0.4514880660502309,0.09443170877109469,0,0,0,0,0,0,0,0,0,0,0,0,0,0
6100,Novador,Probe Gold inc.,QC,Mining,Precious Metal,2023,2024,2,602.0,No,0.1827369927558385,0.0179540468050577,0.1003455197804481,0.0334485065934827,0.0127832739083876,0.0653206214316239,60.40800290782976,60.40800290782976,,,Probe Gold inc.,Novador,QC,Private,2023,2024,2,Announced & Planning,In Review,1,0,602.0,0.723,48.150028,-77.500793,Mining,Precious Metal,0,MIN-PM,1,0,3,0.182737,0.029879,3.0,0.017954,0.100346,0.033449,0.012783,0.065321,capex,602.0,blended_prob,0.022609,0.02095,0.019762,0.018865,0.018159,13.61073,12.611841,11.896818,11.356731,10.931883,60.408003,60.408003,0.100346,2026.890531,602.0,18.06,0.084605,0.071538,0.845548,1.182664,0.0,11.785921,60.408003,6.061672,,0.100346,0.0,60.408003,0.0,6.061672,0.0,0,0,,0.100346,-0.0,60.408003,-0.0,6.061672,-0.0,0,0,,0.100346,-0.0,60.408003,-0.0,6.061672,-0.0,0,0,0.1163689457255352,0.0160234259450871,70.05410532677223,0.1342328817551161,0.033887361974668,80.8081948165799,0.1539218762743985,0.0535763564939504,92.66096951718794,0.1753523389153433,0.0750068191348952,105.56210802703671,0.1003455197804481,0.100346,-0.0,60.408003,6.061672,0.100346,0.0,60.408003,6.061672,0.100346,-0.0,60.408003,6.061672,0.1163689457255352,0.0160234259450871,0.1342328817551161,0.033887361974668004,0.1539218762743985,0.053576356493950386,0.1753523389153433,0.0750068191348952,0,0,0,0,0,0,0,0,0,0,0,0,0,0
6101,Projet de valorisation de la vapeur de l'incinerateur pour le CHU de Quebec - Universite Laval,Ville de Quebec,QC,Energy,Other,2022,2024,3,43.8,Yes,0.5889929509745193,0.1458856360157837,0.3674392934951515,0.1837196467475757,0.0737584908827656,0.2499669724501971,16.093841055087633,16.093841055087633,,,Ville de Quebec,Projet de valorisation de la vapeur de l'incinerateur pour le CHU de Quebec - Universite Laval,QC,Private,2022,2024,3,Announced & Planning,Announced & Planning,1,0,43.8,0.19,46.8347,-71.2033,Energy,Other,1,EN-OTH,1,0,0,0.588993,0.26006,2.0,0.145886,0.367439,0.18372,0.073758,0.249967,capex,43.8,blended_prob,0.095271,0.079763,0.070204,0.063581,0.05862,4.172856,3.49363,3.074929,2.784849,2.567578,16.093841,16.093841,0.367439,2026.75647,43.8,1.314,0.332082,0.266244,0.801742,1.247284,1e-06,3.394531,16.093841,5.91351,,0.367439,0.0,16.093841,0.0,5.91351,0.0,0,0,,0.389858,0.022419,17.075793,0.981952,6.274317,0.360808,0,0,,0.389858,0.022419,17.075793,0.981952,6.274317,0.360808,0,0,0.3985708396348567,0.0311315461397052,17.457402776006724,0.429577134555812,0.0621378410606605,18.815478493544564,0.4602654640009451,0.0928261705057936,20.159627323241395,0.4905155242733376,0.1230762307781861,21.484579963172187,0.3674392934951515,0.389858,0.022419,17.075793,6.274317,0.367439,0.0,16.093841,5.91351,0.389858,0.022419,17.075793,6.274317,0.3985708396348567,0.031131546139705202,0.429577134555812,0.062137841060660504,0.4602654640009451,0.09282617050579361,0.4905155242733376,0.12307623077818614,0,0,0,0,0,0,0,0,0,0,0,0,0,0
6102,West Cache,Galleon Gold Corp.,ON,Mining,Precious Metal,2022,2024,3,149.6,No,0.7496974684720983,0.0729452072811644,0.4113213378766314,0.2056606689383157,0.0826614551335733,0.2798573847794081,61.53367214634405,61.53367214634405,,,Galleon Gold Corp.,West Cache,ON,Private,2022,2024,3,Announced & Planning,Announced & Planning,1,0,149.6,0.44,48.418089,-81.48394,Mining,Precious Metal,0,MIN-PM,1,0,1,0.749697,0.124913,2.0,0.072945,0.411321,0.205661,0.082661,0.279857,capex,149.6,blended_prob,0.107275,0.089514,0.078523,0.070879,0.065131,16.048277,13.391276,11.747088,10.603443,9.743587,61.533672,61.533672,0.411321,2026.749776,149.6,4.488,0.371889,0.298278,0.802061,1.246788,0.0,3.031178,61.533672,25.310112,,0.411321,0.0,61.533672,0.0,25.310112,0.0,0,0,,0.434578,0.023257,65.012919,3.479247,26.741201,1.431089,0,0,,0.434578,0.023257,65.012919,3.479247,26.741201,1.431089,0,0,0.4327311428960538,0.0214098050194224,64.73657897724965,0.4530184423623387,0.0416971044857072,67.77155897740586,0.4722600744948646,0.0609387366182332,70.65010714443174,0.4905851196717553,0.0792637817951238,73.3915339028946,0.4113213378766314,0.434578,0.023257,65.012919,26.741201,0.411321,0.0,61.533672,25.310112,0.434578,0.023257,65.012919,26.741201,0.4327311428960538,0.021409805019422412,0.4530184423623387,0.04169710448570729,0.4722600744948646,0.060938736618233236,0.4905851196717553,0.07926378179512389,0,0,0,0,0,0,0,0,0,0,0,0,0,0
6103,Westcoast Connector Gas Transmission Project,"Enbridge Inc., BG Group",BC,Energy,Trans & Distr,2022,2024,3,6700.0,No,0.1135579761491267,0.0122650965317602,0.0629115363404435,0.0314557681702217,0.0119746844639546,0.0425367955898479,421.5072934809715,421.5072934809715,,,"Enbridge Inc., BG Group",Westcoast Connector Gas Transmission Project,BC,Private,2022,2024,3,Announced & Planning,Approved,1,0,6700.0,0.963,,,Energy,Trans & Distr,0,EN-T&D,1,0,4,0.113558,0.020352,2.0,0.012265,0.062912,0.031456,0.011975,0.042537,capex,6700.0,blended_prob,0.015653,0.013412,0.012082,0.011198,0.010567,104.874651,89.862015,80.946207,75.028328,70.796093,421.507293,421.507293,0.062912,2026.803109,6700.0,201.0,0.0567,0.045332,0.799517,1.250755,-0.0,19.881176,421.507293,26.517671,,0.062912,0.0,421.507293,0.0,26.517671,0.0,0,0,,0.06877,0.005859,460.759315,39.252022,28.987076,2.469405,0,0,,0.06877,0.005859,460.759315,39.252022,28.987076,2.469405,0,0,0.0738646902370619,0.0109531538966184,494.8934245883153,0.0864148007879478,0.0235032644475043,578.9791652792508,0.1006785733455647,0.0377670370051212,674.5464414152842,0.1167411497245226,0.0538296133840791,782.1657031543016,0.0629115363404435,0.06877,0.005859,460.759315,28.987076,0.062912,0.0,421.507293,26.517671,0.06877,0.005859,460.759315,28.987076,0.0738646902370619,0.010953153896618398,0.0864148007879478,0.023503264447504307,0.1006785733455647,0.0377670370051212,0.1167411497245226,0.0538296133840791,0,0,0,0,0,0,0,0,0,0,0,0,0,0
6104,Whati Transmission Line,NTPC,NT,Energy,Trans & Distr,2022,2024,3,41.5,No,0.4682412603471069,0.3087751337593042,0.3885081970532055,0.1942540985266027,0.0780330341002698,0.2643181318720312,16.12309017770803,16.12309017770803,,,NTPC,Whati Transmission Line,NT,Private,2022,2024,3,Announced & Planning,Announced & Planning,1,0,41.5,0.186,63.252421,-116.735563,Energy,Trans & Distr,0,EN-T&D,1,0,0,0.468241,0.609027,2.0,0.308775,0.388508,0.194254,0.078033,0.264318,capex,41.5,blended_prob,0.101017,0.084439,0.0742,0.067093,0.061759,4.192215,3.504217,3.079307,2.784348,2.563003,16.12309,16.12309,0.388508,2026.753255,41.5,1.245,0.35119,0.281618,0.801895,1.247046,1e-06,3.209831,16.12309,6.263953,,0.388508,0.0,16.12309,0.0,6.263953,0.0,0,0,,0.411377,0.022868,17.072133,0.949043,6.632664,0.368711,0,0,,0.411377,0.022868,17.072133,0.949043,6.632664,0.368711,0,0,0.4285048766495726,0.0399966795963671,17.782952380957266,0.4696184287653467,0.0811102317121412,19.48916479376189,0.5114106957457241,0.1229024986925185,21.22354387344755,0.5534405478461052,0.1649323507928997,22.967782735613365,0.3885081970532055,0.411377,0.022868,17.072133,6.632664,0.388508,0.0,16.12309,6.263953,0.411377,0.022868,17.072133,6.632664,0.4285048766495726,0.0399966795963671,0.4696184287653467,0.08111023171214121,0.5114106957457241,0.12290249869251857,0.5534405478461052,0.1649323507928997,0,0,0,0,0,0,0,0,0,0,1,0,1,0
7003,Jonquiere Refinery,Rio Tinto Group,QC,Mining,Critical Mineral,2023,2024,2,1485.0,Yes,0.0978785304981321,0.0258249495420472,0.0618517400200897,0.0206172466733632,0.0075767594913037,0.0401417478085753,91.8498339298332,91.8498339298332,,,Rio Tinto Group,Jonquiere Refinery,QC,Private,2023,2024,2,Approved,Approved,1,0,1485.0,0.862,48.429,-71.162,Mining,Critical Mineral,1,MIN-CM,0,0,4,0.097879,0.04315,3.0,0.025825,0.061852,0.020617,0.007577,0.040142,capex,1485.0,blended_prob,0.013885,0.012891,0.012184,0.011653,0.011239,20.618668,19.142807,18.092804,17.305188,16.690367,91.849834,91.849834,0.061852,2026.894456,1485.0,44.55,0.052137,0.044074,0.845349,1.182943,0.0,19.125457,91.849834,5.681072,,0.061852,0.0,91.849834,0.0,5.681072,0.0,0,0,,0.061852,-0.0,91.849834,-0.0,5.681072,-0.0,0,0,,0.061852,-0.0,91.849834,-0.0,5.681072,-0.0,0,0,0.0724704121895106,0.0106186721694209,107.61856210142324,0.0846890814669156,0.0228373414468259,125.76328597836968,0.0986568923275309,0.0368051523074412,146.5054851063834,0.1145038637622816,0.0526521237421919,170.0382376869882,0.0618517400200897,0.061852,-0.0,91.849834,5.681072,0.061852,0.0,91.849834,5.681072,0.061852,-0.0,91.849834,5.681072,0.0724704121895106,0.010618672169420897,0.0846890814669156,0.0228373414468259,0.0986568923275309,0.0368051523074412,0.1145038637622816,0.05265212374219189,0,0,0,0,0,0,0,0,0,0,0,0,0,0
7009,Biomethanization plants in Quebec- Farnham Project,Energir Developpement/Nature Energy,QC,Energy,Waste Biomass,2023,2024,2,1390.0832645,Yes,0.7913075259497194,0.0771130469020171,0.4342102864258683,0.1447367621419561,0.0579404845465034,0.2837023656741223,603.588452434351,603.588452434351,,,Energir Developpement/Nature Energy,Biomethanization plants in Quebec- Farnham Project,QC,Private,2023,2024,2,Announced & Planning,In Review,1,0,1390.083264,0.855,,,Energy,Waste Biomass,1,EN-BIO,1,0,4,0.791308,0.132345,3.0,0.077113,0.43421,0.144737,0.05794,0.283702,capex,1390.083264,blended_prob,0.100987,0.092004,0.085331,0.080089,0.075799,140.380372,127.893697,118.61706,111.330802,105.366522,603.588452,603.588452,0.43421,2026.85654,1390.083264,41.702498,0.36685,0.310821,0.84727,1.180261,-0.0,2.718179,603.588452,262.084315,,0.43421,0.0,603.588452,0.0,262.084315,0.0,0,0,,0.43421,-0.0,603.588452,-0.0,262.084315,-0.0,0,0,,0.43421,-0.0,603.588452,-0.0,262.084315,-0.0,0,0,0.453753945392575,0.0195436589667067,630.7557656910653,0.4722320517424869,0.0380217653166186,656.441872087729,0.4897817921325248,0.0555715057066565,680.8374725002404,0.5065755058909365,0.0723652194650681,704.1821329446119,0.4342102864258683,0.43421,-0.0,603.588452,262.084315,0.43421,0.0,603.588452,262.084315,0.43421,-0.0,603.588452,262.084315,0.453753945392575,0.019543658966706734,0.4722320517424869,0.038021765316618605,0.4897817921325248,0.05557150570665653,0.5065755058909365,0.07236521946506819,0,0,0,0,0,0,0,0,0,0,0,0,1,0
7010,Bobcaygeon Natural Gas Expansion,Enbridge Gas,ON,Energy,NG Power Gen,2023,2024,2,122.79,No,0.9078158323704972,0.3584434244438887,0.633129628407193,0.2110432094690643,0.0848455177313498,0.4138159841368557,77.74198707211924,77.74198707211924,89.12902180539041,89.12902180539041,Enbridge Gas,Bobcaygeon Natural Gas Expansion,ON,Private,2023,2024,2,In Review,Approved,1,0,122.79,0.4,,,Energy,NG Power Gen,0,EN-NGPG,0,0,1,0.907816,0.732003,3.0,0.358443,0.63313,0.211043,0.084846,0.413816,capex,122.79,blended_prob,0.15002,0.135304,0.12423,0.115428,0.108148,18.420938,16.613944,15.254184,14.173444,13.279476,77.741987,77.741987,0.63313,2026.836338,122.79,3.6837,0.535563,0.454314,0.848292,1.17884,0.0,1.861925,77.741987,49.220755,,0.63313,0.0,77.741987,0.0,49.220755,0.0,0,0,,0.63313,-0.0,77.741987,-0.0,49.220755,-0.0,0,0,,0.63313,-0.0,77.741987,-0.0,49.220755,-0.0,0,0,0.6588065004238808,0.0256768720166877,80.89485018704833,0.6845971260968204,0.0514674976896274,84.06168111342859,0.7105339454342365,0.0774043170270435,87.24646315986992,0.7365928482319206,0.1034632198247276,90.44623583439754,0.633129628407193,0.63313,-0.0,77.741987,49.220755,0.63313,0.0,77.741987,49.220755,0.63313,-0.0,77.741987,49.220755,0.6588065004238808,0.02567687201668778,0.6845971260968204,0.05146749768962744,0.7105339454342365,0.07740431702704353,0.7365928482319206,0.10346321982472761,0,0,0,0,0,0,0,0,0,0,0,0,0,0
7012,Cielo- Halifax,Cielo Waste Solutions Corp.,NS,Energy,Other,2023,2024,2,50.0,Yes,0.2704596592190107,0.1280461244169877,0.1992528918179992,0.0664176306059997,0.0261610887573132,0.1300161705937248,9.96264459089996,9.96264459089996,,,Cielo Waste Solutions Corp.,Cielo- Halifax,NS,Private,2023,2024,2,Announced & Planning,Announced & Planning,1,0,50.0,0.214,,,Energy,Other,1,EN-OTH,1,1,0,0.27046,0.225969,3.0,0.128046,0.199253,0.066418,0.026161,0.130016,capex,50.0,blended_prob,0.045321,0.041785,0.039219,0.037251,0.035678,2.26605,2.089238,1.960927,1.862539,1.783891,9.962645,9.962645,0.199253,2026.880452,50.0,1.5,0.1681,0.142222,0.846059,1.18195,-2e-06,5.93191,9.962645,1.985086,,0.199253,0.0,9.962645,0.0,1.985086,0.0,0,0,,0.199253,-0.0,9.962645,-0.0,1.985086,-0.0,0,0,,0.199253,-0.0,9.962645,-0.0,1.985086,-0.0,0,0,0.226405567540816,0.0271526757228168,11.3202783770408,0.2558628166596766,0.0566099248416773,12.793140832983829,0.2874610341041482,0.0882081422861489,14.373051705207407,0.320964182802427,0.1217112909844277,16.048209140121347,0.1992528918179992,0.199253,-0.0,9.962645,1.985086,0.199253,0.0,9.962645,1.985086,0.199253,-0.0,9.962645,1.985086,0.226405567540816,0.027152675722816794,0.2558628166596766,0.05660992484167737,0.2874610341041482,0.08820814228614898,0.320964182802427,0.12171129098442779,0,0,0,0,0,0,0,0,0,0,0,0,0,0
7014,East Windsor Expansion,Capital Power Corporation,ON,Energy,NG Power Gen,2023,2024,2,200.0,No,0.9078158323704972,0.3330760962876558,0.6204459643290765,0.2068153214430255,0.0831299761478712,0.4055195690565944,124.08919286581528,124.08919286581528,,,Capital Power Corporation,East Windsor Expansion,ON,Private,2023,2024,2,Announced & Planning,Announced & Planning,1,0,200.0,0.49,,,Energy,NG Power Gen,0,EN-NGPG,0,0,1,0.907816,0.66805,3.0,0.333076,0.620446,0.206815,0.08313,0.40552,capex,200.0,blended_prob,0.146841,0.132522,0.121754,0.113201,0.106129,29.368166,26.504353,24.350779,22.640117,21.225777,124.089193,124.089193,0.620446,2026.837625,200.0,6.0,0.524793,0.445144,0.848227,1.17893,0.0,1.900134,124.089193,76.990639,,0.620446,0.0,124.089193,0.0,76.990639,0.0,0,0,,0.620446,-0.0,124.089193,-0.0,76.990639,-0.0,0,0,,0.620446,-0.0,124.089193,-0.0,76.990639,-0.0,0,0,0.6452235504405297,0.0247775861114531,129.04471008810592,0.6701601075174174,0.0497141431883408,134.03202150348346,0.6953193486513656,0.074873384322289,139.0638697302731,0.7207128441924661,0.1002668798633895,144.1425688384932,0.6204459643290765,0.620446,-0.0,124.089193,76.990639,0.620446,0.0,124.089193,76.990639,0.620446,-0.0,124.089193,76.990639,0.6452235504405297,0.024777586111453198,0.6701601075174174,0.04971414318834089,0.6953193486513656,0.07487338432228907,0.7207128441924661,0.10026687986338956,0,0,0,0,0,0,0,0,0,0,0,0,0,0
7029,FCL HDRD Plant,Federated Co-operatives Limited,SK,Energy,Waste Biomass,2023,2024,2,2000.0,Yes,0.8888188746170338,0.1844843866646693,0.5366516306408515,0.1788838768802838,0.0717962903125568,0.3507094945095336,1073.3032612817033,1073.3032612817033,,,Federated Co-operatives Limited,FCL HDRD Plant,SK,Private,2023,2024,2,Announced & Planning,Announced & Planning,1,0,2000.0,0.893,,,Energy,Waste Biomass,1,EN-BIO,1,0,4,0.888819,0.336326,3.0,0.184484,0.536652,0.178884,0.071796,0.350709,capex,2000.0,blended_prob,0.126019,0.114215,0.105381,0.098395,0.092641,252.037735,228.429274,210.762435,196.790818,185.282999,1073.303261,1073.303261,0.536652,2026.846131,2000.0,60.0,0.453685,0.384632,0.847797,1.179528,-0.0,2.19794,1073.303261,575.989945,,0.536652,0.0,1073.303261,0.0,575.989945,0.0,0,0,,0.536652,-0.0,1073.303261,-0.0,575.989945,-0.0,0,0,,0.536652,-0.0,1073.303261,-0.0,575.989945,-0.0,0,0,0.5561860995832985,0.0195344689424469,1112.372199166597,0.575606599012616,0.0389549683717644,1151.2131980252325,0.5951094479558845,0.0584578173150329,1190.218895911769,0.6148755977510074,0.0782239671101558,1229.7511955020152,0.5366516306408515,0.536652,-0.0,1073.303261,575.989945,0.536652,0.0,1073.303261,575.989945,0.536652,-0.0,1073.303261,575.989945,0.5561860995832985,0.019534468942446925,0.575606599012616,0.03895496837176449,0.5951094479558845,0.05845781731503297,0.6148755977510074,0.07822396711015589,0,0,0,0,0,0,0,0,0,0,0,0,0,0
7031,Fort Nelson First Nation Hydrogen,Fort Nelson First Nation/Hydrogen Naturally,BC,Energy,Low Carbon Fuels,2023,2024,2,1200.0,Yes,0.0569276524731307,0.0053888451083107,0.0311582487907207,0.0103860829302402,0.0034252808474497,0.0200650616134123,37.38989854886484,37.38989854886484,,,Fort Nelson First Nation/Hydrogen Naturally,Fort Nelson First Nation Hydrogen,BC,Private,2023,2024,2,Announced & Planning,Announced & Planning,1,0,1200.0,0.828,,,Energy,Low Carbon Fuels,1,EN-LCF,1,1,4,0.056928,0.008911,3.0,0.005389,0.031158,0.010386,0.003425,0.020065,capex,1200.0,blended_prob,0.006974,0.006485,0.006139,0.005881,0.00568,8.368634,7.781722,7.366346,7.056651,6.816545,37.389899,37.389899,0.031158,2026.897586,1200.0,36.0,0.026259,0.022194,0.845191,1.183165,-0.0,37.97277,37.389899,1.165004,,0.031158,0.0,37.389899,0.0,1.165004,0.0,0,0,,0.031158,-0.0,37.389899,-0.0,1.165004,-0.0,0,0,,0.031158,-0.0,37.389899,-0.0,1.165004,-0.0,0,0,0.0369876019996711,0.0058293532089504,44.385122399605415,0.0438260573229513,0.0126678085322306,52.59126878754167,0.0518123500866508,0.0206541012959301,62.17482010398104,0.0610898938977512,0.0299316451070305,73.3078726773015,0.0311582487907207,0.031158,-0.0,37.389899,1.165004,0.031158,0.0,37.389899,1.165004,0.031158,-0.0,37.389899,1.165004,0.0369876019996711,0.005829353208950398,0.0438260573229513,0.012667808532230599,0.0518123500866508,0.020654101295930097,0.0610898938977512,0.0299316451070305,0,0,0,0,0,0,0,0,0,0,0,0,0,0
7035,Future Energy Park Renewable Natural Gas and Ethanol Project,Green Impact Partners (In partnership with Carbon Clean Energy and PCL Construction),AB,Energy,Low Carbon Fuels,2023,2024,2,1200.0,Yes,0.7722100837169894,0.0708047485498073,0.4215074161333983,0.1405024720444661,0.0562223452074249,0.275393387763009,505.8088993600781,505.8088993600781,,,Green Impact Partners (In partnership with Carbon Clean Energy and PCL Construction),Future Energy Park Renewable Natural Gas and Ethanol Project,AB,Private,2023,2024,2,Announced & Planning,Announced & Planning,1,0,1200.0,0.828,51.010133,-113.914,Energy,Low Carbon Fuels,1,EN-LCF,1,1,4,0.77221,0.12111,3.0,0.070805,0.421507,0.140502,0.056222,0.275393,capex,1200.0,blended_prob,0.097915,0.089263,0.082842,0.077804,0.073683,117.498483,107.116119,99.410592,93.36426,88.419445,505.808899,505.808899,0.421507,2026.857832,1200.0,36.0,0.35609,0.301681,0.847205,1.180352,-0.0,2.800312,505.808899,213.202202,,0.421507,0.0,505.808899,0.0,213.202202,0.0,0,0,,0.421507,-0.0,505.808899,-0.0,213.202202,-0.0,0,0,,0.421507,-0.0,505.808899,-0.0,213.202202,-0.0,0,0,0.4416744744312967,0.0201670582978984,530.0093693175562,0.4607100786358482,0.0392026625024499,552.852094363018,0.4787234204358783,0.0572160043024799,574.4681045230541,0.4958670194158003,0.074359603282402,595.0404232989605,0.4215074161333983,0.421507,-0.0,505.808899,213.202202,0.421507,0.0,505.808899,213.202202,0.421507,-0.0,505.808899,213.202202,0.4416744744312967,0.020167058297898388,0.4607100786358482,0.03920266250244986,0.4787234204358783,0.05721600430247997,0.4958670194158003,0.07435960328240199,0,0,0,0,0,0,0,0,0,0,0,0,0,0
7038,H2MB,H2MB,MB,Energy,Low Carbon Fuels,2023,2024,2,20.0,Yes,0.7848238290496212,0.1442076768739794,0.4645157529618003,0.1548385843206001,0.0620394805250244,0.3035252439870899,9.290315059236006,9.290315059236006,,,H2MB,H2MB,MB,Private,2023,2024,2,Announced & Planning,Announced & Planning,1,0,20.0,0.088,,,Energy,Low Carbon Fuels,1,EN-LCF,1,1,0,0.784824,0.256823,3.0,0.144208,0.464516,0.154839,0.062039,0.303525,capex,20.0,blended_prob,0.108344,0.098555,0.091266,0.085528,0.080822,2.166877,1.971104,1.825324,1.710569,1.616442,9.290315,9.290315,0.464516,2026.85346,20.0,0.6,0.392527,0.332638,0.847426,1.180044,-2e-06,2.540375,9.290315,4.315498,,0.464516,0.0,9.290315,0.0,4.315498,0.0,0,0,,0.464516,-0.0,9.290315,-0.0,4.315498,-0.0,0,0,,0.464516,-0.0,9.290315,-0.0,4.315498,-0.0,0,0,0.4882845477501833,0.023768794788383,9.765690955003668,0.5113388516717412,0.0468230987099408,10.226777033434823,0.5338174775774825,0.0693017246156822,10.67634955154965,0.5558898032011346,0.0913740502393342,11.117796064022691,0.4645157529618003,0.464516,-0.0,9.290315,4.315498,0.464516,0.0,9.290315,4.315498,0.464516,-0.0,9.290315,4.315498,0.4882845477501833,0.023768794788383008,0.5113388516717412,0.04682309870994089,0.5338174775774825,0.06930172461568224,0.5558898032011346,0.09137405023933426,0,0,0,0,0,0,0,0,1,0,1,0,1,0
7039,Hazer Pyrolysis Hydrogen Production Demo Plant,FortisBC/Suncor/Hazer,BC,Energy,Low Carbon Fuels,2023,2024,2,11.25,Yes,0.0280860547481822,0.0116254287328195,0.0198557417405009,0.0066185805801669,0.0018965490296726,0.0126720646561696,0.2233770945806351,0.2233770945806351,,,FortisBC/Suncor/Hazer,Hazer Pyrolysis Hydrogen Production Demo Plant,BC,Private,2023,2024,2,Announced & Planning,Announced & Planning,1,0,11.25,0.068,,,Energy,Low Carbon Fuels,1,EN-LCF,1,1,0,0.028086,0.019285,3.0,0.011625,0.019856,0.006619,0.001897,0.012672,capex,11.25,blended_prob,0.004439,0.00413,0.003912,0.00375,0.003624,0.049942,0.046466,0.044011,0.042185,0.040773,0.223377,0.223377,0.019856,2026.898739,11.25,0.3375,0.016733,0.014141,0.845132,1.183247,3e-06,59.592178,0.223377,0.004435,,0.019856,0.0,0.223377,0.0,0.004435,0.0,0,0,,0.019856,-0.0,0.223377,-0.0,0.004435,-0.0,0,0,,0.019856,-0.0,0.223377,-0.0,0.004435,-0.0,0,0,0.0234231280393969,0.003567386298896,0.2635101904432155,0.0276259902584437,0.0077702485179428,0.3107923904074924,0.0325695070705536,0.0127137653300527,0.3664069545437288,0.0383721526711847,0.0185164109306838,0.4316867175508287,0.0198557417405009,0.019856,-0.0,0.223377,0.004435,0.019856,0.0,0.223377,0.004435,0.019856,-0.0,0.223377,0.004435,0.0234231280393969,0.0035673862988960005,0.0276259902584437,0.0077702485179428,0.0325695070705536,0.012713765330052702,0.0383721526711847,0.018516410930683798,0,0,0,0,0,0,0,0,0,0,0,0,0,0
7040,Heidelberg Materials Carbon Capture Utilization and Storage Hub,Heidelberg Materials,AB,Energy,CCUS,2023,2024,2,1360.0,Yes,0.8895183109494762,0.0690921262343402,0.4793052185919082,0.1597684061973027,0.0640398443890953,0.3131990689107831,651.8550972849953,651.8550972849953,,,Heidelberg Materials,Heidelberg Materials Carbon Capture Utilization and Storage Hub,AB,Private,2023,2024,2,Announced & Planning,Announced & Planning,1,0,1360.0,0.853,53.5798,-113.606,Energy,CCUS,1,EN-CCU,1,1,4,0.889518,0.118073,3.0,0.069092,0.479305,0.159768,0.06404,0.313199,capex,1360.0,blended_prob,0.111949,0.101758,0.094162,0.088176,0.083261,152.250399,138.391,128.059711,119.918823,113.235165,651.855097,651.855097,0.479305,2026.851957,1360.0,40.8,0.405062,0.343291,0.847502,1.179938,-0.0,2.461768,651.855097,312.43755,,0.479305,0.0,651.855097,0.0,312.43755,0.0,0,0,,0.479305,-0.0,651.855097,-0.0,312.43755,-0.0,0,0,,0.479305,-0.0,651.855097,-0.0,312.43755,-0.0,0,0,0.4922840653123851,0.0129788467204769,669.506328824844,0.5045903113706578,0.0252850927787495,686.2428234640947,0.5164179751283304,0.0371127565364222,702.3284461745295,0.5279606040410308,0.0486553854491226,718.0264214958021,0.4793052185919082,0.479305,-0.0,651.855097,312.43755,0.479305,0.0,651.855097,312.43755,0.479305,-0.0,651.855097,312.43755,0.4922840653123851,0.012978846720476889,0.5045903113706578,0.025285092778749574,0.5164179751283304,0.03711275653642221,0.5279606040410308,0.04865538544912262,0,0,0,0,0,0,0,0,1,0,1,0,1,0
7042,Homestead Solar Project,Kiwetinohk Energy Corp,AB,Energy,Clean Electricity,2023,2024,2,500.0,Yes,0.957358801472827,0.2399752504147362,0.5986670259437816,0.1995556753145938,0.0801842442037041,0.3912739132477506,299.33351297189085,299.33351297189085,,,Kiwetinohk Energy Corp,Homestead Solar Project,AB,Private,2023,2024,2,Announced & Planning,Announced & Planning,1,0,500.0,0.677,49.981414,-113.446,Energy,Clean Electricity,1,EN-CLEL,1,0,2,0.957359,0.452543,3.0,0.239975,0.598667,0.199556,0.080184,0.391274,capex,500.0,blended_prob,0.141399,0.127752,0.117501,0.109367,0.102648,70.69946,63.875781,58.750505,54.683608,51.324159,299.333513,299.333513,0.598667,2026.839835,500.0,15.0,0.506305,0.429404,0.848115,1.179086,-0.0,1.969518,299.333513,179.201104,,0.598667,0.0,299.333513,0.0,179.201104,0.0,0,0,,0.598667,-0.0,299.333513,-0.0,179.201104,-0.0,0,0,,0.598667,-0.0,299.333513,-0.0,179.201104,-0.0,0,0,0.6158161634224967,0.017149137478715,307.9080817112484,0.6336287504679872,0.0349617245242055,316.81437523399364,0.652215349747101,0.0535483238033194,326.10767487355054,0.6716523617876609,0.0729853358438792,335.82618089383044,0.5986670259437816,0.598667,-0.0,299.333513,179.201104,0.598667,0.0,299.333513,179.201104,0.598667,-0.0,299.333513,179.201104,0.6158161634224967,0.01714913747871505,0.6336287504679872,0.03496172452420554,0.652215349747101,0.05354832380331942,0.6716523617876609,0.07298533584387923,0,0,0,0,0,0,0,0,0,0,0,0,0,0
7044,Hydrogen Electrolyzer Plant,Renewable Hydrogen Canada/ Fortis BC/ Green Investment Group,BC,Energy,Low Carbon Fuels,2023,2024,2,200.0,Yes,0.0793883357105787,0.0075879716202426,0.0434881536654106,0.0144960512218035,0.0050929743784824,0.0281300819506393,8.69763073308212,8.69763073308212,,,Renewable Hydrogen Canada/ Fortis BC/ Green Investment Group,Hydrogen Electrolyzer Plant,BC,Private,2023,2024,2,In Review,In Review,1,0,200.0,0.49,,,Energy,Low Carbon Fuels,1,EN-LCF,1,1,1,0.079388,0.012562,3.0,0.007588,0.043488,0.014496,0.005093,0.02813,capex,200.0,blended_prob,0.009745,0.009056,0.008567,0.008202,0.007918,1.949021,1.811198,1.713447,1.640385,1.583579,8.697631,8.697631,0.043488,2026.896328,200.0,6.0,0.036654,0.030982,0.845254,1.183076,-2e-06,27.204552,8.697631,0.378244,,0.043488,0.0,8.697631,0.0,0.378244,0.0,0,0,,0.043488,-0.0,8.697631,-0.0,0.378244,-0.0,0,0,,0.043488,-0.0,8.697631,-0.0,0.378244,-0.0,0,0,0.0514059966365849,0.0079178429711743,10.28119932731699,0.0606075584868995,0.0171194048214889,12.1215116973799,0.0712363454115258,0.0277481917461152,14.247269082305174,0.0834276057218922,0.0399394520564816,16.685521144378445,0.0434881536654106,0.043488,-0.0,8.697631,0.378244,0.043488,0.0,8.697631,0.378244,0.043488,-0.0,8.697631,0.378244,0.0514059966365849,0.007917842971174295,0.0606075584868995,0.017119404821488896,0.0712363454115258,0.027748191746115203,0.0834276057218922,0.0399394520564816,0,0,0,0,0,0,0,0,0,0,0,0,0,0
7048,Kettle Unit 10 Stator Overhaul,Manitoba Hydro,MB,Energy,Clean Electricity,2023,2024,2,22.9,Yes,0.972886587029378,0.483214792572659,0.7280506898010186,0.2426835632670062,0.0976841601745844,0.4759040779504449,16.672360796443325,16.672360796443325,,,Manitoba Hydro,Kettle Unit 10 Stator Overhaul,MB,Public,2023,2024,2,Approved,Approved,1,0,22.9,0.115,,,Energy,Clean Electricity,1,EN-CLEL,0,0,0,0.972887,1.088672,3.0,0.483215,0.728051,0.242684,0.097684,0.475904,capex,22.9,blended_prob,0.174039,0.156213,0.142739,0.131989,0.12307,3.9855,3.577279,3.268723,3.022551,2.818307,16.672361,16.672361,0.728051,2026.826712,22.9,0.687,0.616214,0.523029,0.848778,1.178165,1e-06,1.618245,16.672361,12.138324,,0.728051,0.0,16.672361,0.0,12.138324,0.0,0,0,,0.728051,-0.0,16.672361,-0.0,12.138324,-0.0,0,0,,0.728051,-0.0,16.672361,-0.0,12.138324,-0.0,0,0,0.7520580731438843,0.0240073833428656,17.22212987499495,0.7763864795754671,0.0483357897744485,17.779250382278196,0.8008299808339383,0.0727792910329196,18.339006561097182,0.825120331160049,0.0970696413590304,18.89525558356512,0.7280506898010186,0.728051,-0.0,16.672361,12.138324,0.728051,0.0,16.672361,12.138324,0.728051,-0.0,16.672361,12.138324,0.7520580731438843,0.024007383342865674,0.7763864795754671,0.04833578977444852,0.8008299808339383,0.07277929103291969,0.825120331160049,0.0970696413590304,0,0,0,0,0,0,0,0,0,0,0,0,0,0
7055,Phoenix Solar Project,Kiwetinohk Energy Corp,AB,Energy,Clean Electricity,2023,2024,2,320.0,Yes,0.957358801472827,0.259680352468889,0.608519576970858,0.202839858990286,0.0815168607793399,0.3977184904942508,194.72626463067456,194.72626463067456,,,Kiwetinohk Energy Corp,Phoenix Solar Project,AB,Private,2023,2024,2,Announced & Planning,Announced & Planning,1,0,320.0,0.587,52.238021,-114.157,Energy,Clean Electricity,1,EN-CLEL,1,0,2,0.957359,0.495865,3.0,0.25968,0.60852,0.20284,0.081517,0.397718,capex,320.0,blended_prob,0.143858,0.129909,0.119425,0.111103,0.104225,46.034611,41.570723,38.216062,35.552853,33.352017,194.726265,194.726265,0.60852,2026.838835,320.0,9.6,0.514668,0.436524,0.848165,1.179015,-0.0,1.937514,194.726265,118.494744,,0.60852,0.0,194.726265,0.0,118.494744,0.0,0,0,,0.60852,-0.0,194.726265,-0.0,118.494744,-0.0,0,0,,0.60852,-0.0,194.726265,-0.0,118.494744,-0.0,0,0,0.6265612999374994,0.0180417229666414,200.49961597999985,0.6452877776614772,0.0367682006906191,206.4920888516727,0.6647931686730978,0.0562735917022397,212.73381397539129,0.6851329037019476,0.0766133267310895,219.2425291846232,0.608519576970858,0.60852,-0.0,194.726265,118.494744,0.60852,0.0,194.726265,118.494744,0.60852,-0.0,194.726265,118.494744,0.6265612999374994,0.018041722966641416,0.6452877776614772,0.036768200690619146,0.6647931686730978,0.05627359170223978,0.6851329037019476,0.07661332673108956,0,0,0,0,0,0,0,0,0,0,0,0,0,0
7058,Luna Solar Project (Phase Two),Greengate Power Corporation,AB,Energy,Clean Electricity,2023,2024,2,700.0,Yes,0.9765742101292096,0.2947196875628424,0.6356469488460259,0.2118823162820086,0.0851860004077406,0.4154625694707118,444.9528641922181,444.9528641922181,,,Greengate Power Corporation,Luna Solar Project (Phase Two),AB,Private,2023,2024,2,Announced & Planning,Approved,1,0,700.0,0.742,50.582389,-112.246,Energy,Clean Electricity,1,EN-CLEL,0,0,3,0.976574,0.575829,3.0,0.29472,0.635647,0.211882,0.085186,0.415463,capex,700.0,blended_prob,0.150652,0.135856,0.124721,0.11587,0.108548,105.456157,95.099334,87.30483,81.109036,75.983506,444.952864,444.952864,0.635647,2026.836082,700.0,21.0,0.537701,0.456134,0.848304,1.178822,-0.0,1.854523,444.952864,282.832931,,0.635647,0.0,444.952864,0.0,282.832931,0.0,0,0,,0.635647,-0.0,444.952864,-0.0,282.832931,-0.0,0,0,,0.635647,-0.0,444.952864,-0.0,282.832931,-0.0,0,0,0.6536294956189416,0.0179825467729156,457.5406469332591,0.6725435857305511,0.0368966368845251,470.7805100113857,0.6924168024896711,0.0567698536436451,484.69176174276976,0.7132332652149973,0.0775863163689714,499.2632856504981,0.6356469488460259,0.635647,-0.0,444.952864,282.832931,0.635647,0.0,444.952864,282.832931,0.635647,-0.0,444.952864,282.832931,0.6536294956189416,0.017982546772915664,0.6725435857305511,0.03689663688452516,0.6924168024896711,0.056769853643645174,0.7132332652149973,0.0775863163689714,0,0,0,0,0,0,0,0,0,0,0,0,0,0
7059,McLeod Lake Indian Band Hydrogen Project,McLeod Lake Indian Band/Mitsubishi,BC,Energy,Low Carbon Fuels,2023,2024,2,5000.0,Yes,0.0569276524731307,0.0047815855257945,0.0308546189994626,0.0102848729998208,0.0033842130984398,0.0198664566390535,154.27309499731302,154.27309499731302,,,McLeod Lake Indian Band/Mitsubishi,McLeod Lake Indian Band Hydrogen Project,BC,Private,2023,2024,2,Announced & Planning,Announced & Planning,1,0,5000.0,0.946,,,Energy,Low Carbon Fuels,1,EN-LCF,1,1,4,0.056928,0.007905,3.0,0.004782,0.030855,0.010285,0.003384,0.019866,capex,5000.0,blended_prob,0.006906,0.006421,0.006079,0.005823,0.005625,34.528507,32.107435,30.394058,29.116685,28.126409,154.273095,154.273095,0.030855,2026.897617,5000.0,150.0,0.026003,0.021978,0.845189,1.183167,0.0,38.346519,154.273095,4.760038,,0.030855,0.0,154.273095,0.0,4.760038,0.0,0,0,,0.030855,-0.0,154.273095,-0.0,4.760038,-0.0,0,0,,0.030855,-0.0,154.273095,-0.0,4.760038,-0.0,0,0,0.0366437778445835,0.0057891588451209,183.21888922291797,0.0434367530817595,0.0125821340822969,217.18376540879788,0.0513715949254307,0.0205169759259681,256.8579746271538,0.0605909459085904,0.0297363269091278,302.9547295429524,0.0308546189994626,0.030855,-0.0,154.273095,4.760038,0.030855,0.0,154.273095,4.760038,0.030855,-0.0,154.273095,4.760038,0.0366437778445835,0.005789158845120903,0.0434367530817595,0.012582134082296897,0.0513715949254307,0.020516975925968097,0.0605909459085904,0.029736326909127798,0,0,0,0,0,0,0,0,0,0,0,0,0,0
7061,Merritt Electro Fuels Project,Huron Clean Energy and Upper Nicola Band,BC,Energy,Clean Electricity,2023,2024,2,75.0,Yes,0.1422690571306928,0.0294120992392992,0.085840578184996,0.0286135260616653,0.0108213936252398,0.0558329043610935,6.4380433638747006,6.4380433638747006,,,Huron Clean Energy and Upper Nicola Band,Merritt Electro Fuels Project,BC,Private,2023,2024,2,Announced & Planning,Announced & Planning,1,0,75.0,0.292,,,Energy,Clean Electricity,1,EN-CLEL,1,0,0,0.142269,0.049234,3.0,0.029412,0.085841,0.028614,0.010821,0.055833,capex,75.0,blended_prob,0.019314,0.01791,0.016907,0.016151,0.015558,1.44856,1.343239,1.268017,1.211343,1.166885,6.438043,6.438043,0.085841,2026.89201,75.0,2.25,0.072369,0.061186,0.845473,1.182769,3e-06,13.778673,6.438043,0.552645,,0.085841,0.0,6.438043,0.0,0.552645,0.0,0,0,,0.085841,-0.0,6.438043,-0.0,0.552645,-0.0,0,0,,0.085841,-0.0,6.438043,-0.0,0.552645,-0.0,0,0,0.0999900823842071,0.0141495041992111,7.499256178815539,0.1160112625827473,0.0301706843977513,8.700844693706054,0.1339881305593497,0.0481475523743537,10.049109791951231,0.1539561685030966,0.0681155903181006,11.54671263773225,0.085840578184996,0.085841,-0.0,6.438043,0.552645,0.085841,0.0,6.438043,0.552645,0.085841,-0.0,6.438043,0.552645,0.0999900823842071,0.0141495041992111,0.1160112625827473,0.030170684397751293,0.1339881305593497,0.04814755237435368,0.1539561685030966,0.06811559031810059,0,0,0,0,0,0,0,0,0,0,0,0,0,0
7066,Pamour,Newmont Corp.,ON,Mining,Other,2023,2024,2,520.52,No,0.6473880499838918,0.0567823956152409,0.3520852227995663,0.1173617409331887,0.0468325774914884,0.2299841646763352,183.26740017163024,183.26740017163024,,,Newmont Corp.,Pamour,ON,Private,2023,2024,2,Announced & Planning,Announced & Planning,1,0,520.52,0.695,48.522253,-81.120492,Mining,Other,0,MIN-OTH,1,0,2,0.647388,0.096408,3.0,0.056782,0.352085,0.117362,0.046833,0.229984,capex,520.52,blended_prob,0.081254,0.074336,0.069232,0.06525,0.062013,42.294567,38.693353,36.036568,33.964142,32.278771,183.2674,183.2674,0.352085,2026.864892,520.52,15.6156,0.297316,0.251781,0.846847,1.18085,-0.0,3.353877,183.2674,64.525743,,0.352085,0.0,183.2674,0.0,64.525743,0.0,0,0,,0.352085,-0.0,183.2674,-0.0,64.525743,-0.0,0,0,,0.352085,-0.0,183.2674,-0.0,64.525743,-0.0,0,0,0.3765080633255087,0.0244228405259424,195.9799771221938,0.3999666655832515,0.0478814427836852,208.19064876939407,0.422349233435439,0.0702640106358727,219.84122298781477,0.4436240625283443,0.091538839728778,230.91519702725375,0.3520852227995663,0.352085,-0.0,183.2674,64.525743,0.352085,0.0,183.2674,64.525743,0.352085,-0.0,183.2674,64.525743,0.3765080633255087,0.024422840525942402,0.3999666655832515,0.047881442783685224,0.422349233435439,0.07026401063587273,0.4436240625283443,0.09153883972877802,0,0,0,0,0,0,0,0,0,0,0,0,0,0
7067,Panhandle Regional Expansion,Enbridge Gas,ON,Energy,Trans & Distr,2024,2024,1,358.0,No,0.8883184754073229,0.2990575093217873,0.593687992364555,0.1484219980911387,0.0594358352929791,0.3799871295359247,212.5403012665108,212.5403012665108,,,Enbridge Gas,Panhandle Regional Expansion,ON,Private,2024,2024,1,Approved,Approved,1,0,358.0,0.619,42.370631,-82.388726,Energy,Trans & Distr,0,EN-T&D,0,0,2,0.888318,0.586004,4.0,0.299058,0.593688,0.148422,0.059436,0.379987,capex,358.0,blended_prob,0.13261,0.124394,0.117664,0.111975,0.107046,47.474251,44.533085,42.123704,40.086894,38.322368,212.540301,212.540301,0.593688,2026.892962,358.0,10.74,0.471221,0.423096,0.897871,1.113746,0.0,1.875979,212.540301,126.182625,,0.593688,0.0,212.540301,0.0,126.182625,0.0,0,0,,0.593688,-0.0,212.540301,-0.0,126.182625,-0.0,0,0,,0.593688,-0.0,212.540301,-0.0,126.182625,-0.0,0,0,0.6185291979159622,0.0248412055514071,221.43345285391453,0.6434053384717839,0.0497173461072288,230.33911117289875,0.6684239945590222,0.0747360021944671,239.29579005213003,0.6936517628053167,0.0999637704407616,248.32733108430347,0.593687992364555,0.593688,-0.0,212.540301,126.182625,0.593688,0.0,212.540301,126.182625,0.593688,-0.0,212.540301,126.182625,0.6185291979159622,0.02484120555140712,0.6434053384717839,0.04971734610722889,0.6684239945590222,0.07473600219446719,0.6936517628053167,0.09996377044076166,0,0,0,0,0,0,0,0,0,0,0,0,0,0
7068,Parc Eolien de Grosse Ile + Battery,Alliance de lenergie de lEst / Valeco Energie Quebec,QC,Energy,"DER, Storage, EV",2023,2024,2,70.0,Yes,0.644784757371088,0.1346714656775905,0.3897281115243393,0.1299093705081131,0.0519240037963703,0.2546064684331517,27.280967806703742,27.280967806703742,1.95542157424418,1.95542157424418,Alliance de lenergie de lEst / Valeco Energie Quebec,Parc Eolien de Grosse Ile + Battery,QC,Private,2023,2024,2,In Review,In Review,1,0,70.0,0.275,,,Energy,"DER, Storage, EV",1,EN-DER,1,0,0,0.644785,0.238548,3.0,0.134671,0.389728,0.129909,0.051924,0.254606,capex,70.0,blended_prob,0.090262,0.082419,0.076614,0.07207,0.068363,6.318353,5.769345,5.362958,5.044898,4.785414,27.280968,27.280968,0.389728,2026.861063,70.0,2.1,0.329179,0.278828,0.847041,1.18058,1e-06,3.029241,27.280968,10.63216,,0.389728,0.0,27.280968,0.0,10.63216,0.0,0,0,,0.389728,-0.0,27.280968,-0.0,10.63216,-0.0,0,0,,0.389728,-0.0,27.280968,-0.0,10.63216,-0.0,0,0,0.4188265619426985,0.0290984504183592,29.31785933598889,0.4474293375998208,0.0577012260754815,31.32005363198745,0.4754412968662039,0.0857131853418646,33.28089078063427,0.5028414061895126,0.1131132946651732,35.198898433265875,0.3897281115243393,0.389728,-0.0,27.280968,10.63216,0.389728,0.0,27.280968,10.63216,0.389728,-0.0,27.280968,10.63216,0.4188265619426985,0.029098450418359234,0.4474293375998208,0.057701226075481504,0.4754412968662039,0.08571318534186462,0.5028414061895126,0.11311329466517328,0,0,0,0,0,0,0,0,0,0,0,0,1,0
7069,Pathways Alliance Carbon Capture Storage Hub (Phase 1),The Pathways Alliance,AB,Energy,CCUS,2023,2024,2,16500.0,Yes,0.8895183109494762,0.0604526275173827,0.4749854692334295,0.1583284897444765,0.063455572398838,0.3103735104995929,7837.260242351586,7837.260242351586,,,The Pathways Alliance,Pathways Alliance Carbon Capture Storage Hub (Phase 1),AB,Private,2023,2024,2,Announced & Planning,Announced & Planning,1,0,16500.0,0.989,58.152833,-112.285,Energy,CCUS,1,EN-CCU,1,1,4,0.889518,0.102838,3.0,0.060453,0.474985,0.158328,0.063456,0.310374,capex,16500.0,blended_prob,0.110895,0.100822,0.093316,0.087403,0.08255,1829.765346,1663.565718,1539.713027,1442.147824,1362.068328,7837.260242,7837.260242,0.474985,2026.852396,16500.0,495.0,0.4014,0.340179,0.84748,1.179969,-0.0,2.484222,7837.260242,3722.584734,,0.474985,0.0,7837.260242,0.0,3722.584734,0.0,0,0,,0.474985,-0.0,7837.260242,-0.0,3722.584734,-0.0,0,0,,0.474985,-0.0,7837.260242,-0.0,3722.584734,-0.0,0,0,0.4874326007018629,0.0124471314684334,8042.637911580739,0.4991481472271447,0.0241626779937151,8235.944429247887,0.5103213957955882,0.0353359265621587,8420.303030627205,0.5211413183017817,0.0461558490683521,8598.831751979398,0.4749854692334295,0.474985,-0.0,7837.260242,3722.584734,0.474985,0.0,7837.260242,3722.584734,0.474985,-0.0,7837.260242,3722.584734,0.4874326007018629,0.012447131468433403,0.4991481472271447,0.024162677993715187,0.5103213957955882,0.035335926562158726,0.5211413183017817,0.046155849068352184,0,0,0,0,0,0,0,0,0,0,1,0,1,0
7077,SAF Consortium,SAF + Consortium,QC,Energy,Other,2023,2024,2,200.0,Yes,0.7323981380485786,0.0356237919980049,0.3840109650232917,0.1280036550077639,0.0511507254675703,0.2508668692010031,76.80219300465833,76.80219300465833,,,SAF + Consortium,SAF Consortium,QC,Private,2023,2024,2,Announced & Planning,Announced & Planning,1,0,200.0,0.49,,,Energy,Other,1,EN-OTH,1,1,1,0.732398,0.059822,3.0,0.035624,0.384011,0.128004,0.051151,0.250867,capex,200.0,blended_prob,0.08889,0.08119,0.075493,0.071036,0.067402,17.778018,16.237975,15.098565,14.207237,13.480398,76.802193,76.802193,0.384011,2026.861645,200.0,6.0,0.324339,0.274719,0.847012,1.180621,0.0,3.074447,76.802193,29.492884,,0.384011,0.0,76.802193,0.0,29.492884,0.0,0,0,,0.384011,-0.0,76.802193,-0.0,29.492884,-0.0,0,0,,0.384011,-0.0,76.802193,-0.0,29.492884,-0.0,0,0,0.4038919101594809,0.0198809451361892,80.77838203189617,0.4223961135945808,0.0383851485712891,84.47922271891616,0.4395483539442322,0.0555373889209405,87.90967078884646,0.4554318064912008,0.0714208414679091,91.08636129824018,0.3840109650232917,0.384011,-0.0,76.802193,29.492884,0.384011,0.0,76.802193,29.492884,0.384011,-0.0,76.802193,29.492884,0.4038919101594809,0.01988094513618921,0.4223961135945808,0.03838514857128911,0.4395483539442322,0.05553738892094051,0.4554318064912008,0.07142084146790911,0,0,0,0,0,0,0,0,0,0,0,0,0,0
7078,Salt Flats Solar Project,Pace Canada LP,AB,Energy,Clean Electricity,2023,2024,2,28.0,Yes,0.9030536490100836,0.3771615332833037,0.6401075911466937,0.2133691970488979,0.0857893290128416,0.4183802862931528,17.92301255210742,17.92301255210742,,,Pace Canada LP,Salt Flats Solar Project,AB,Private,2023,2024,2,Announced & Planning,Announced & Planning,1,0,28.0,0.14,50.582845,-111.914,Energy,Clean Electricity,1,EN-CLEL,1,0,0,0.903054,0.780836,3.0,0.377162,0.640108,0.213369,0.085789,0.41838,capex,28.0,blended_prob,0.151772,0.136835,0.125592,0.116652,0.109256,4.249613,3.831392,3.516569,3.266268,3.059171,17.923013,17.923013,0.640108,2026.83563,28.0,0.84,0.541489,0.45936,0.848327,1.17879,1e-06,1.84155,17.923013,11.472656,,0.640108,0.0,17.923013,0.0,11.472656,0.0,0,0,,0.640108,-0.0,17.923013,-0.0,11.472656,-0.0,0,0,,0.640108,-0.0,17.923013,-0.0,11.472656,-0.0,0,0,0.666744112172674,0.0266365210259803,18.66883514083487,0.6934090547221287,0.0533014635754349,19.4154535322196,0.7201126754871106,0.0800050843404168,20.16315491363909,0.7468068598147681,0.1066992686680744,20.910592074813504,0.6401075911466937,0.640108,-0.0,17.923013,11.472656,0.640108,0.0,17.923013,11.472656,0.640108,-0.0,17.923013,11.472656,0.666744112172674,0.026636521025980353,0.6934090547221287,0.05330146357543497,0.7201126754871106,0.08000508434041687,0.7468068598147681,0.10669926866807444,0,0,0,0,0,0,0,0,0,0,0,0,0,0
7079,Skinners Pond Wind Energy Centre,Invenergy,PE,Energy,Trans & Distr,2023,2024,2,85.0,No,0.800159955670034,0.2762275414012831,0.5381937485356585,0.1793979161785528,0.0720048710001936,0.3517181975214726,45.746468625530966,45.746468625530966,,,Invenergy,Skinners Pond Wind Energy Centre,PE,Private,2023,2024,2,Announced & Planning,Announced & Planning,1,0,85.0,0.317,46.421913,-63.770142,Energy,Trans & Distr,0,EN-T&D,1,0,0,0.80016,0.533145,3.0,0.276228,0.538194,0.179398,0.072005,0.351718,capex,85.0,blended_prob,0.126399,0.11455,0.105683,0.098669,0.092892,10.743936,9.736786,8.983035,8.386886,7.895825,45.746469,45.746469,0.538194,2026.845975,85.0,2.55,0.454993,0.385745,0.847804,1.179517,-0.0,2.191622,45.746469,24.620463,,0.538194,0.0,45.746469,0.0,24.620463,0.0,0,0,,0.538194,-0.0,45.746469,-0.0,24.620463,-0.0,0,0,,0.538194,-0.0,45.746469,-0.0,24.620463,-0.0,0,0,0.5675933156974632,0.0293995671618046,48.24543183428436,0.5966104248012533,0.0584166762655947,50.71188610810652,0.6253256532922096,0.087131904756551,53.1526805298378,0.6538155823238837,0.1156218337882252,55.57432449753011,0.5381937485356585,0.538194,-0.0,45.746469,24.620463,0.538194,0.0,45.746469,24.620463,0.538194,-0.0,45.746469,24.620463,0.5675933156974632,0.029399567161804696,0.5966104248012533,0.05841667626559477,0.6253256532922096,0.08713190475655108,0.6538155823238837,0.11562183378822521,0,0,0,0,0,0,0,0,0,0,0,0,0,0
7081,Stettler Solar and Battery Storage Project,ABO Wind Canada Ltd.,AB,Energy,"DER, Storage, EV",2023,2024,2,160.0,Yes,0.9472896133383828,0.2906936449661117,0.6189916291522473,0.206330543050749,0.0829332685989484,0.4045682849309277,99.03866066435958,99.03866066435958,,,ABO Wind Canada Ltd.,Stettler Solar and Battery Storage Project,AB,Private,2023,2024,2,Announced & Planning,Announced & Planning,1,0,160.0,0.456,52.290433,-112.756,Energy,"DER, Storage, EV",1,EN-DER,1,0,1,0.94729,0.566442,3.0,0.290694,0.618992,0.206331,0.082933,0.404568,capex,160.0,blended_prob,0.146477,0.132203,0.12147,0.112945,0.105897,23.436284,21.152474,19.435193,18.071188,16.943521,99.038661,99.038661,0.618992,2026.837772,160.0,4.8,0.523559,0.444092,0.848219,1.178941,0.0,1.904615,99.038661,61.304102,,0.618992,0.0,99.038661,0.0,61.304102,0.0,0,0,,0.618992,-0.0,99.038661,-0.0,61.304102,-0.0,0,0,,0.618992,-0.0,99.038661,-0.0,61.304102,-0.0,0,0,0.6391526978142598,0.0201610686620125,102.26443165028158,0.6598932913121323,0.040901662159885,105.58292660994118,0.6812914373070278,0.0622998081547805,109.00662996912446,0.7033787246431477,0.0843870954909004,112.54059594290364,0.6189916291522473,0.618992,-0.0,99.038661,61.304102,0.618992,0.0,99.038661,61.304102,0.618992,-0.0,99.038661,61.304102,0.6391526978142598,0.020161068662012505,0.6598932913121323,0.040901662159885,0.6812914373070278,0.062299808154780534,0.7033787246431477,0.0843870954909004,0,0,0,0,0,0,0,0,0,0,0,0,0,0
7083,Sunrise Solar Project,Evolugen by Brookfield Renewable,AB,Energy,Clean Electricity,2023,2024,2,140.0,Yes,0.9652742729935754,0.2984446799875265,0.631859476490551,0.2106198254968503,0.0846737220722316,0.4129851747232232,88.46032670867712,88.46032670867712,,,Evolugen by Brookfield Renewable,Sunrise Solar Project,AB,Private,2023,2024,2,Announced & Planning,In Review,1,0,140.0,0.425,49.50343,-113.963,Energy,Clean Electricity,1,EN-CLEL,1,0,1,0.965274,0.584562,3.0,0.298445,0.631859,0.21062,0.084674,0.412985,capex,140.0,blended_prob,0.149701,0.135025,0.123982,0.115205,0.107946,20.958166,18.903501,17.357472,16.128756,15.112433,88.460327,88.460327,0.631859,2026.836467,140.0,4.2,0.534485,0.453395,0.848285,1.178849,0.0,1.865682,88.460327,55.894496,,0.631859,0.0,88.460327,0.0,55.894496,0.0,0,0,,0.631859,-0.0,88.460327,-0.0,55.894496,-0.0,0,0,,0.631859,-0.0,88.460327,-0.0,55.894496,-0.0,0,0,0.6509124882844584,0.0190530117939073,91.12774835982415,0.6707529032655143,0.0388934267749633,93.90540645717198,0.6914245326557746,0.0595650561652236,96.79943457180843,0.7129247152726956,0.0810652387821446,99.80946013817736,0.631859476490551,0.631859,-0.0,88.460327,55.894496,0.631859,0.0,88.460327,55.894496,0.631859,-0.0,88.460327,55.894496,0.6509124882844584,0.019053011793907393,0.6707529032655143,0.038893426774963324,0.6914245326557746,0.05956505616522367,0.7129247152726956,0.08106523878214467,0,0,0,0,0,0,0,0,0,0,0,0,0,0
7084,Tlaamin tiskwat mill site,Tla'amin Nation,BC,Energy,Other,2023,2024,2,800.0,Yes,0.1810392232658036,0.0180931833233903,0.099566203294597,0.0331887344315323,0.0126778666830043,0.0648108686499599,79.6529626356776,79.6529626356776,,,Tla'amin Nation,Tlaamin tiskwat mill site,BC,Private,2023,2024,2,Announced & Planning,Announced & Planning,1,0,800.0,0.776,,,Energy,Other,1,EN-OTH,1,0,3,0.181039,0.030112,3.0,0.018093,0.099566,0.033189,0.012678,0.064811,capex,800.0,blended_prob,0.022432,0.020786,0.019609,0.018719,0.01802,17.945535,16.629173,15.68701,14.975448,14.415796,79.652963,79.652963,0.099566,2026.89061,800.0,24.0,0.083947,0.070981,0.845544,1.18267,0.0,11.878228,79.652963,7.930743,,0.099566,0.0,79.652963,0.0,7.930743,0.0,0,0,,0.099566,-0.0,79.652963,-0.0,7.930743,-0.0,0,0,,0.099566,-0.0,79.652963,-0.0,7.930743,-0.0,0,0,0.115496338385065,0.015930135090468,92.397070708052,0.1332682191847736,0.0337020158901766,106.61457534781889,0.1528705023519106,0.0533042990573136,122.29640188152848,0.1742242783839118,0.0746580750893148,139.3794227071294,0.099566203294597,0.099566,-0.0,79.652963,7.930743,0.099566,0.0,79.652963,7.930743,0.099566,-0.0,79.652963,7.930743,0.115496338385065,0.015930135090467992,0.1332682191847736,0.0337020158901766,0.1528705023519106,0.0533042990573136,0.1742242783839118,0.0746580750893148,0,0,0,0,0,0,0,0,0,0,0,0,0,0
7086,WM Sainte-Sophie Landfill RNG Facility,Energir/WM Quebec,QC,Energy,Waste Biomass,2023,2024,2,200.0,Yes,0.8441583759392267,0.1097629570690159,0.4769606665041213,0.1589868888347071,0.0637227296676348,0.3116654917695267,95.39213330082428,95.39213330082428,,,Energir/WM Quebec,WM Sainte-Sophie Landfill RNG Facility,QC,Private,2023,2024,2,Announced & Planning,Announced & Planning,1,0,200.0,0.49,,,Energy,Waste Biomass,1,EN-BIO,1,0,1,0.844158,0.191747,3.0,0.109763,0.476961,0.158987,0.063723,0.311665,capex,200.0,blended_prob,0.111377,0.10125,0.093703,0.087756,0.082875,22.275337,20.250014,18.740521,17.551253,16.575008,95.392133,95.392133,0.476961,2026.852195,200.0,6.0,0.403074,0.341602,0.84749,1.179955,0.0,2.473905,95.392133,45.498295,,0.476961,0.0,95.392133,0.0,45.498295,0.0,0,0,,0.476961,-0.0,95.392133,-0.0,45.498295,-0.0,0,0,,0.476961,-0.0,95.392133,-0.0,45.498295,-0.0,0,0,0.4953522955330455,0.0183916290289242,99.07045910660914,0.5130428265700302,0.0360821600659089,102.60856531400609,0.530228028442145,0.0532673619380237,106.04560568842903,0.5471148444908336,0.0701541779867123,109.42296889816674,0.4769606665041213,0.476961,-0.0,95.392133,45.498295,0.476961,0.0,95.392133,45.498295,0.476961,-0.0,95.392133,45.498295,0.4953522955330455,0.018391629028924217,0.5130428265700302,0.03608216006590892,0.530228028442145,0.05326736193802373,0.5471148444908336,0.07015417798671231,0,0,0,0,0,0,0,0,1,0,1,0,1,0
8004,Marguerite Lake Compressed Air Energy Storage,Federation Group,AB,Energy,"DER, Storage, EV",2024,2024,1,500.0,Yes,0.902817619686481,0.0820480365910923,0.4924328281387867,0.1231082070346966,0.0491643094329381,0.3151254206564472,246.21641406939327,246.21641406939327,,,Federation Group,Marguerite Lake Compressed Air Energy Storage,AB,Private,2024,2024,1,Announced & Planning,Announced & Planning,1,0,500.0,0.677,54.585707,-110.80399,Energy,"DER, Storage, EV",1,EN-DER,1,1,2,0.902818,0.141187,4.0,0.082048,0.492433,0.123108,0.049164,0.315125,capex,500.0,blended_prob,0.109192,0.102823,0.097635,0.093272,0.089511,54.595996,51.411263,48.817425,46.636242,44.755488,246.216414,246.216414,0.492433,2026.900673,500.0,15.0,0.390667,0.35061,0.897464,1.114251,0.0,2.262747,246.216414,121.245045,,0.492433,0.0,246.216414,0.0,121.245045,0.0,0,0,,0.492433,-0.0,246.216414,-0.0,121.245045,-0.0,0,0,,0.492433,-0.0,246.216414,-0.0,121.245045,-0.0,0,0,0.5052619741199492,0.0128291459811625,252.6309870599746,0.5176067250094003,0.0251738968706136,258.80336250470015,0.5296638067456247,0.037230978606838,264.83190337281235,0.5416259304097961,0.0491931022710094,270.81296520489803,0.4924328281387867,0.492433,-0.0,246.216414,121.245045,0.492433,0.0,246.216414,121.245045,0.492433,-0.0,246.216414,121.245045,0.5052619741199492,0.012829145981162526,0.5176067250094003,0.02517389687061361,0.5296638067456247,0.03723097860683805,0.5416259304097961,0.049193102271009426,0,0,0,0,0,0,1,0,1,0,1,0,1,0
8005,Red Willow Solar,MYTILINEOS Energy & Metals,AB,Energy,Clean Electricity,2024,2024,1,315.0,Yes,0.957358801472827,0.2599065429966407,0.6086326722347339,0.1521581680586834,0.0609518534331928,0.3895603447141175,191.71929175394115,191.71929175394115,,,MYTILINEOS Energy & Metals,Red Willow Solar,AB,Private,2024,2024,1,Announced & Planning,Announced & Planning,1,0,315.0,0.586,52.411522,-112.4617,Energy,Clean Electricity,1,EN-CLEL,1,0,2,0.957359,0.496369,4.0,0.259907,0.608633,0.152158,0.060952,0.38956,capex,315.0,blended_prob,0.136094,0.12759,0.120619,0.114721,0.109609,42.869644,40.190891,37.99483,36.137114,34.526813,191.719292,191.719292,0.608633,2026.891824,315.0,9.45,0.483117,0.433806,0.897931,1.113672,0.0,1.829793,191.719292,116.686625,,0.608633,0.0,191.719292,0.0,116.686625,0.0,0,0,,0.608633,-0.0,191.719292,-0.0,116.686625,-0.0,0,0,,0.608633,-0.0,191.719292,-0.0,116.686625,-0.0,0,0,0.6266844219689027,0.0180517497341687,197.40559292020436,0.6454211024638126,0.0367884302290786,203.3076472761009,0.6649366718617085,0.0563039996269745,209.45505163643813,0.6852863082100302,0.0766536359752962,215.8651870861595,0.6086326722347339,0.608633,-0.0,191.719292,116.686625,0.608633,0.0,191.719292,116.686625,0.608633,-0.0,191.719292,116.686625,0.6266844219689027,0.018051749734168787,0.6454211024638126,0.03678843022907863,0.6649366718617085,0.05630399962697452,0.6852863082100302,0.07665363597529629,0,0,0,0,0,0,0,0,0,0,0,0,0,0
8006,Sunnynook Solar Project,MYTILINEOS Energy & Metals,AB,Energy,Clean Electricity,2024,2024,1,385.0,Yes,0.957358801472827,0.2503248323161016,0.6038418168944644,0.1509604542236161,0.0604658595098649,0.3864914339406246,232.47909950436875,232.47909950436875,,,MYTILINEOS Energy & Metals,Sunnynook Solar Project,AB,Private,2024,2024,1,Announced & Planning,Announced & Planning,1,0,385.0,0.629,51.325481,-111.557846,Energy,Clean Electricity,1,EN-CLEL,1,0,2,0.957359,0.475155,4.0,0.250325,0.603842,0.15096,0.060466,0.386491,capex,385.0,blended_prob,0.134976,0.126565,0.119671,0.113841,0.108788,51.965873,48.727612,46.073494,43.828768,41.883352,232.4791,232.4791,0.603842,2026.892189,385.0,11.55,0.479303,0.430372,0.897912,1.113695,0.0,1.84435,232.4791,140.380602,,0.603842,0.0,232.4791,0.0,140.380602,0.0,0,0,,0.603842,-0.0,232.4791,-0.0,140.380602,-0.0,0,0,,0.603842,-0.0,232.4791,-0.0,140.380602,-0.0,0,0,0.6214644478769407,0.0176226309824762,239.26381243262213,0.6397631923297113,0.0359213754352469,246.30882904693885,0.6588402605444056,0.0549984436499412,253.65350030959613,0.6787613021693775,0.0749194852749131,261.3231013352103,0.6038418168944644,0.603842,-0.0,232.4791,140.380602,0.603842,0.0,232.4791,140.380602,0.603842,-0.0,232.4791,140.380602,0.6214644478769407,0.017622630982476295,0.6397631923297113,0.03592137543524698,0.6588402605444056,0.05499844364994122,0.6787613021693775,0.0749194852749131,0,0,0,0,0,0,0,0,0,0,0,0,0,0
8007,Dolcy Solar Project,MYTILINEOS Energy & Metals,AB,Energy,Clean Electricity,2024,2024,1,275.0,Yes,0.957358801472827,0.2651533560869002,0.6112560787798637,0.1528140196949659,0.0612179770267472,0.3912408380786171,168.09542166446246,168.09542166446246,,,MYTILINEOS Energy & Metals,Dolcy Solar Project,AB,Private,2024,2024,1,Announced & Planning,Announced & Planning,1,0,275.0,0.563,52.685568,-110.472889,Energy,Clean Electricity,1,EN-CLEL,1,0,2,0.957359,0.508103,4.0,0.265153,0.611256,0.152814,0.061218,0.391241,capex,275.0,blended_prob,0.136707,0.128151,0.121137,0.115203,0.110058,37.594294,35.241659,33.312704,31.680753,30.266011,168.095422,168.095422,0.611256,2026.891624,275.0,8.25,0.485205,0.435686,0.897941,1.113658,0.0,1.821918,168.095422,102.749348,,0.611256,0.0,168.095422,0.0,102.749348,0.0,0,0,,0.611256,-0.0,168.095422,-0.0,102.749348,-0.0,0,0,,0.611256,-0.0,168.095422,-0.0,102.749348,-0.0,0,0,0.6295390049490329,0.0182829261691692,173.123226360984,0.6485105091104999,0.0372544303306362,178.34039000538743,0.6682598271289074,0.0570037483490437,183.7714524604495,0.6888362039751449,0.0775801251952812,189.4299560931648,0.6112560787798637,0.611256,-0.0,168.095422,102.749348,0.611256,0.0,168.095422,102.749348,0.611256,-0.0,168.095422,102.749348,0.6295390049490329,0.018282926169169267,0.6485105091104999,0.037254430330636246,0.6682598271289074,0.05700374834904376,0.6888362039751449,0.07758012519528124,0,0,0,0,0,0,0,0,0,0,0,0,0,0
8011,Rainier Solar Farm,Solar Krafte and Kinbrook Solar,AB,Energy,Clean Electricity,2024,2024,1,700.0,Yes,0.9605093607296024,0.2265323727530089,0.5935208667413057,0.1483802166853264,0.0594188817363462,0.3798800727393219,415.464606718914,415.464606718914,,,Solar Krafte and Kinbrook Solar,Rainier Solar Farm,AB,Private,2024,2024,1,Announced & Planning,Announced & Planning,1,0,700.0,0.742,50.502131,-111.974802,Energy,Clean Electricity,1,EN-CLEL,1,0,3,0.960509,0.423628,4.0,0.226532,0.593521,0.14838,0.059419,0.37988,capex,700.0,blended_prob,0.132571,0.124358,0.117631,0.111944,0.107017,92.799501,87.050857,82.341654,78.360682,74.911914,415.464607,415.464607,0.593521,2026.892974,700.0,21.0,0.471088,0.422976,0.89787,1.113747,-0.0,1.876508,415.464607,246.586913,,0.593521,0.0,415.464607,0.0,246.586913,0.0,0,0,,0.593521,-0.0,415.464607,-0.0,246.586913,-0.0,0,0,,0.593521,-0.0,415.464607,-0.0,246.586913,-0.0,0,0,0.6097889125618163,0.0162680458205106,426.8522387932715,0.6267364057941698,0.0332155390528641,438.7154840559189,0.6444790922700344,0.0509582255287287,451.13536458902416,0.6631019961242235,0.0695811293829178,464.1713972869565,0.5935208667413057,0.593521,-0.0,415.464607,246.586913,0.593521,0.0,415.464607,246.586913,0.593521,-0.0,415.464607,246.586913,0.6097889125618163,0.016268045820510668,0.6267364057941698,0.03321553905286412,0.6444790922700344,0.05095822552872875,0.6631019961242235,0.06958112938291783,0,0,0,0,0,0,0,0,0,0,0,0,0,0
8013,Greenlight Electricity Centre,Kineticor Resource Corp.,AB,Energy,Clean Electricity,2024,2024,1,4500.0,Yes,0.9511192835966932,0.1891281425851588,0.570123713090926,0.1425309282727315,0.0570454277934403,0.3648923989719317,2565.556708909168,2565.556708909168,,,Kineticor Resource Corp.,Greenlight Electricity Centre,AB,Private,2024,2024,1,Announced & Planning,Announced & Planning,1,0,4500.0,0.942,53.828808,-113.17862,Energy,Clean Electricity,1,EN-CLEL,1,0,4,0.951119,0.345744,4.0,0.189128,0.570124,0.142531,0.057045,0.364892,capex,4500.0,blended_prob,0.12713,0.119361,0.113004,0.107637,0.102991,572.0858,537.124697,508.520185,484.365675,463.460351,2565.556709,2565.556709,0.570124,2026.894756,4500.0,135.0,0.452468,0.406215,0.897776,1.113863,0.0,1.953722,2565.556709,1462.684717,,0.570124,0.0,2565.556709,0.0,1462.684717,0.0,0,0,,0.570124,-0.0,2565.556709,-0.0,1462.684717,-0.0,0,0,,0.570124,-0.0,2565.556709,-0.0,1462.684717,-0.0,0,0,0.5852923626099152,0.0151686495189892,2633.815631744619,0.6009425484655285,0.0308188353746025,2704.241468094879,0.6172252821684259,0.0471015690774998,2777.513769757917,0.6342682630495223,0.0641445499585963,2854.207183722851,0.570123713090926,0.570124,-0.0,2565.556709,1462.684717,0.570124,0.0,2565.556709,1462.684717,0.570124,-0.0,2565.556709,1462.684717,0.5852923626099152,0.015168649518989219,0.6009425484655285,0.030818835374602505,0.6172252821684259,0.04710156907749985,0.6342682630495223,0.06414454995859631,0,0,0,0,0,0,0,0,0,0,0,0,0,0
8016,NEBC Connector Pipeline Project,NorthRiver Midstream,AB,Energy,Trans & Distr,2024,2024,1,450.0,No,0.892486338188338,0.2051214548455134,0.5488038965169257,0.1372009741292314,0.0548827030677868,0.3512354191372702,246.96175343261652,246.96175343261652,,,NorthRiver Midstream,NEBC Connector Pipeline Project,AB,Private,2024,2024,1,Announced & Planning,Announced & Planning,1,0,450.0,0.654,,,Energy,Trans & Distr,0,EN-T&D,1,0,2,0.892486,0.378596,4.0,0.205121,0.548804,0.137201,0.054883,0.351235,capex,450.0,blended_prob,0.122188,0.114814,0.108788,0.103705,0.099309,54.984666,51.666348,48.95455,46.66706,44.68913,246.961753,246.961753,0.548804,2026.896379,450.0,13.5,0.435504,0.390948,0.897691,1.11397,0.0,2.029814,246.961753,135.533573,,0.548804,0.0,246.961753,0.0,135.533573,0.0,0,0,,0.548804,-0.0,246.961753,-0.0,135.533573,-0.0,0,0,,0.548804,-0.0,246.961753,-0.0,135.533573,-0.0,0,0,0.5691246918923202,0.0203207953753944,256.10611135154403,0.5894161469303735,0.0406122504134477,265.237266118668,0.6098638293023878,0.061059932785462,274.43872318607447,0.6306326364745128,0.0818287399575871,283.7846864135307,0.5488038965169257,0.548804,-0.0,246.961753,135.533573,0.548804,0.0,246.961753,135.533573,0.548804,-0.0,246.961753,135.533573,0.5691246918923202,0.02032079537539444,0.5894161469303735,0.04061225041344774,0.6098638293023878,0.06105993278546207,0.6306326364745128,0.0818287399575871,0,0,0,0,0,0,0,0,0,0,0,0,0,0
8017,Heartland Waste to Power Project,Gibson Energy & Varme Energy JV,AB,Energy,Waste Biomass,2024,2024,1,300.0,Yes,0.902817619686481,0.0907628328941552,0.4967902262903181,0.1241975565725795,0.0496063325943064,0.3179166688119134,149.03706788709542,149.03706788709542,,,Gibson Energy & Varme Energy JV,Heartland Waste to Power Project,AB,Private,2024,2024,1,Announced & Planning,Announced & Planning,1,0,300.0,0.573,53.775933,-113.040261,Energy,Waste Biomass,1,EN-BIO,1,1,2,0.902818,0.156919,4.0,0.090763,0.49679,0.124198,0.049606,0.317917,capex,300.0,blended_prob,0.110193,0.103748,0.098497,0.094081,0.090272,33.057873,31.124357,29.54915,28.224204,27.081484,149.037068,149.037068,0.49679,2026.900341,300.0,9.0,0.394132,0.353726,0.897481,1.114229,0.0,2.242856,149.037068,74.040159,,0.49679,0.0,149.037068,0.0,74.040159,0.0,0,0,,0.49679,-0.0,149.037068,-0.0,74.040159,-0.0,0,0,,0.49679,-0.0,149.037068,-0.0,74.040159,-0.0,0,0,0.5101404959788582,0.0133502696885401,153.04214879365747,0.5230599514159369,0.0262697251256187,156.91798542478105,0.5357483845667173,0.0389581582763991,160.72451537001518,0.5484010049231636,0.0516107786328454,164.52030147694907,0.4967902262903181,0.49679,-0.0,149.037068,74.040159,0.49679,0.0,149.037068,74.040159,0.49679,-0.0,149.037068,74.040159,0.5101404959788582,0.01335026968854014,0.5230599514159369,0.02626972512561876,0.5357483845667173,0.038958158276399146,0.5484010049231636,0.051610778632845467,0,0,0,0,0,0,1,0,1,0,1,0,1,0
8021,Aira Solar Project,Horizon New Energy,AB,Energy,Clean Electricity,2024,2024,1,700.0,Yes,0.9605093607296024,0.2265323727530089,0.5935208667413057,0.1483802166853264,0.0594188817363462,0.3798800727393219,415.464606718914,415.464606718914,,,Horizon New Energy,Aira Solar Project,AB,Private,2024,2024,1,Announced & Planning,Announced & Planning,1,0,700.0,0.742,49.59354,-110.933991,Energy,Clean Electricity,1,EN-CLEL,1,0,3,0.960509,0.423628,4.0,0.226532,0.593521,0.14838,0.059419,0.37988,capex,700.0,blended_prob,0.132571,0.124358,0.117631,0.111944,0.107017,92.799501,87.050857,82.341654,78.360682,74.911914,415.464607,415.464607,0.593521,2026.892974,700.0,21.0,0.471088,0.422976,0.89787,1.113747,-0.0,1.876508,415.464607,246.586913,,0.593521,0.0,415.464607,0.0,246.586913,0.0,0,0,,0.593521,-0.0,415.464607,-0.0,246.586913,-0.0,0,0,,0.593521,-0.0,415.464607,-0.0,246.586913,-0.0,0,0,0.6097889125618163,0.0162680458205106,426.8522387932715,0.6267364057941698,0.0332155390528641,438.7154840559189,0.6444790922700344,0.0509582255287287,451.13536458902416,0.6631019961242235,0.0695811293829178,464.1713972869565,0.5935208667413057,0.593521,-0.0,415.464607,246.586913,0.593521,0.0,415.464607,246.586913,0.593521,-0.0,415.464607,246.586913,0.6097889125618163,0.016268045820510668,0.6267364057941698,0.03321553905286412,0.6444790922700344,0.05095822552872875,0.6631019961242235,0.06958112938291783,0,0,0,0,0,0,0,0,0,0,0,0,0,0
8022,Alderson Solar Power Project,hep Energy,AB,Energy,Clean Electricity,2024,2024,1,150.0,Yes,0.9652742729935754,0.2944243030907033,0.6298492880421394,0.1574623220105348,0.0631041092672005,0.4031512165321638,94.4773932063209,94.4773932063209,,,hep Energy,Alderson Solar Power Project,AB,Private,2024,2024,1,Announced & Planning,Announced & Planning,1,0,150.0,0.441,50.35223,-111.360655,Energy,Clean Electricity,1,EN-CLEL,1,0,1,0.965274,0.575138,4.0,0.294424,0.629849,0.157462,0.063104,0.403151,capex,150.0,blended_prob,0.141053,0.132133,0.124812,0.118614,0.113237,21.158009,19.819926,18.721834,17.792084,16.985539,94.477393,94.477393,0.629849,2026.890209,150.0,4.5,0.500008,0.449015,0.898016,1.113566,0.0,1.767988,94.477393,59.506519,,0.629849,0.0,94.477393,0.0,59.506519,0.0,0,0,,0.629849,-0.0,94.477393,-0.0,59.506519,-0.0,0,0,,0.629849,-0.0,94.477393,-0.0,59.506519,-0.0,0,0,0.6487388245942748,0.0188895365521354,97.31082368914122,0.6684170751489088,0.0385677871067694,100.26256127233631,0.6889321086010416,0.0590828205589022,103.33981629015624,0.7102863975989575,0.0804371095568181,106.54295963984364,0.6298492880421394,0.629849,-0.0,94.477393,59.506519,0.629849,0.0,94.477393,59.506519,0.629849,-0.0,94.477393,59.506519,0.6487388245942748,0.018889536552135433,0.6684170751489088,0.03856778710676945,0.6889321086010416,0.05908282055890224,0.7102863975989575,0.08043710955681815,0,0,0,0,0,0,0,0,0,0,0,0,0,0
8029,Nova Solar Project,Renewable Energy Systems Canada Inc.,AB,Energy,Clean Electricity,2024,2024,1,225.0,Yes,0.9652742729935754,0.2747187353972593,0.6199965041954174,0.1549991260488543,0.0621046232177844,0.3968397518043642,139.49921344396893,139.49921344396893,,,Renewable Energy Systems Canada Inc.,Nova Solar Project,AB,Private,2024,2024,1,Announced & Planning,Announced & Planning,1,0,225.0,0.522,50.840356,-113.525047,Energy,Clean Electricity,1,EN-CLEL,1,0,1,0.965274,0.529711,4.0,0.274719,0.619997,0.154999,0.062105,0.39684,capex,225.0,blended_prob,0.138749,0.130022,0.122865,0.116807,0.111554,31.21842,29.255055,27.644584,26.281568,25.099586,139.499213,139.499213,0.619997,2026.890959,225.0,6.75,0.492164,0.441951,0.897976,1.113615,0.0,1.796163,139.499213,86.489025,,0.619997,0.0,139.499213,0.0,86.489025,0.0,0,0,,0.619997,-0.0,139.499213,-0.0,86.489025,-0.0,0,0,,0.619997,-0.0,139.499213,-0.0,86.489025,-0.0,0,0,0.6380610708997331,0.0180645667043156,143.56374095243996,0.656913763250418,0.0369172590550005,147.80559673134405,0.6766224824742442,0.0566259782788267,152.24005855670495,0.6972139447397137,0.0772174405442962,156.8731375664356,0.6199965041954174,0.619997,-0.0,139.499213,86.489025,0.619997,0.0,139.499213,86.489025,0.619997,-0.0,139.499213,86.489025,0.6380610708997331,0.018064566704315665,0.656913763250418,0.03691725905500054,0.6766224824742442,0.05662597827882676,0.6972139447397137,0.07721744054429625,0,0,0,0,0,0,0,0,0,0,0,0,0,0
8032,Prominence Solar Project,PR Development GP Inc.,AB,Energy,Clean Electricity,2024,2024,1,120.0,Yes,0.9652742729935754,0.30790430432423,0.6365892886589026,0.1591473221647256,0.0637878283758616,0.4074687045456862,76.39071463906832,76.39071463906832,,,PR Development GP Inc.,Prominence Solar Project,AB,Private,2024,2024,1,Announced & Planning,Announced & Planning,1,0,120.0,0.388,49.857665,-112.71883,Energy,Clean Electricity,1,EN-CLEL,1,0,1,0.965274,0.606951,4.0,0.307904,0.636589,0.159147,0.063788,0.407469,capex,120.0,blended_prob,0.142632,0.133577,0.126144,0.119849,0.114387,17.115828,16.029272,15.137314,14.381888,13.726413,76.390715,76.390715,0.636589,2026.889696,120.0,3.6,0.505375,0.453848,0.898043,1.113532,-0.0,1.749216,76.390715,48.629511,,0.636589,0.0,76.390715,0.0,48.629511,0.0,0,0,,0.636589,-0.0,76.390715,-0.0,48.629511,-0.0,0,0,,0.636589,-0.0,76.390715,-0.0,48.629511,-0.0,0,0,0.6560203899535755,0.0194311012946728,78.72244679442906,0.6762339067308973,0.0396446180719947,81.14806880770769,0.6972633687363101,0.0606740800774074,83.67160424835723,0.7190938123321585,0.0825045236732558,86.29125747985903,0.6365892886589026,0.636589,-0.0,76.390715,48.629511,0.636589,0.0,76.390715,48.629511,0.636589,-0.0,76.390715,48.629511,0.6560203899535755,0.019431101294672848,0.6762339067308973,0.03964461807199471,0.6972633687363101,0.06067408007740749,0.7190938123321585,0.08250452367325589,0,0,0,0,0,0,0,0,0,0,0,0,0,0
8033,Yellowhead Mainline Natural Gas Pipeline,Canadian Utilities Limited,AB,Energy,NG Power Gen,2024,2024,1,2000.0,No,0.8779643138314182,0.1647987301568932,0.5213815219941558,0.1303453804985389,0.0521009226893922,0.3336692822722504,1042.7630439883117,1042.7630439883117,,,Canadian Utilities Limited,Yellowhead Mainline Natural Gas Pipeline,AB,Private,2024,2024,1,Announced & Planning,Announced & Planning,1,0,2000.0,0.893,,,Energy,NG Power Gen,0,EN-NGPG,1,0,4,0.877964,0.296989,4.0,0.164799,0.521382,0.130345,0.052101,0.333669,capex,2000.0,blended_prob,0.115853,0.108975,0.103363,0.098636,0.094554,231.706335,217.950126,206.726172,197.272201,189.108209,1042.763044,1042.763044,0.521382,2026.898468,2000.0,60.0,0.41369,0.37132,0.89758,1.114106,-0.0,2.136835,1042.763044,543.677383,,0.521382,0.0,1042.763044,0.0,543.677383,0.0,0,0,,0.521382,-0.0,1042.763044,-0.0,543.677383,-0.0,0,0,,0.521382,-0.0,1042.763044,-0.0,543.677383,-0.0,0,0,0.540629876445004,0.0192483544508482,1081.2597528900085,0.5596209616382862,0.0382394396441304,1119.2419232765726,0.5785582361899655,0.0571767141958097,1157.116472379931,0.5976366213595458,0.0762550993653899,1195.2732427190915,0.5213815219941558,0.521382,-0.0,1042.763044,543.677383,0.521382,0.0,1042.763044,543.677383,0.521382,-0.0,1042.763044,543.677383,0.540629876445004,0.01924835445084827,0.5596209616382862,0.03823943964413046,0.5785582361899655,0.05717671419580972,0.5976366213595458,0.07625509936538999,0,0,0,0,0,0,0,0,0,0,0,0,0,0
8035,Pouce Coupe Pipeline,Pouce Coupe Pipeline,AB,Energy,Trans & Distr,2024,2024,1,341.0,No,0.892486338188338,0.2155375307811199,0.554011934484729,0.1385029836211822,0.0554110168291184,0.3545715674224847,188.9180696592925,188.9180696592925,,,Pouce Coupe Pipeline,Pouce Coupe Pipeline,AB,Private,2024,2024,1,Announced & Planning,Announced & Planning,1,0,341.0,0.599,,,Energy,Trans & Distr,0,EN-T&D,1,0,2,0.892486,0.40035,4.0,0.215538,0.554012,0.138503,0.055411,0.354572,capex,341.0,blended_prob,0.123394,0.115924,0.109818,0.104666,0.10021,42.077365,39.530169,37.44794,35.691046,34.17155,188.91807,188.91807,0.554012,2026.895983,341.0,10.23,0.439648,0.394677,0.897711,1.113944,0.0,2.010685,188.91807,104.662865,,0.554012,0.0,188.91807,0.0,104.662865,0.0,0,0,,0.554012,-0.0,188.91807,-0.0,104.662865,-0.0,0,0,,0.554012,-0.0,188.91807,-0.0,104.662865,-0.0,0,0,0.5748435019351865,0.0208315674504575,196.02163415989853,0.5956695893611424,0.0416576548764134,203.12332997214952,0.6166695255997445,0.0626575911150155,210.2843082295128,0.6379996531159015,0.0839877186311724,217.55788171252232,0.554011934484729,0.554012,-0.0,188.91807,104.662865,0.554012,0.0,188.91807,104.662865,0.554012,-0.0,188.91807,104.662865,0.5748435019351865,0.020831567450457555,0.5956695893611424,0.041657654876413486,0.6166695255997445,0.06265759111501557,0.6379996531159015,0.08398771863117249,0,0,0,0,0,0,0,0,0,0,0,0,0,0
8038,Carseland Biomass Gasifier Project,Cielo,AB,Energy,Waste Biomass,2024,2024,1,100.0,Yes,0.9200116430299036,0.1133570543880465,0.5166843487089752,0.1291710871772438,0.0516244320606254,0.3306603820496352,51.66843487089753,51.66843487089753,,,Cielo,Carseland Biomass Gasifier Project,AB,Private,2024,2024,1,Announced & Planning,Announced & Planning,1,0,100.0,0.342,50.888447,-113.39972,Energy,Waste Biomass,1,EN-BIO,1,1,1,0.920012,0.198418,4.0,0.113357,0.516684,0.129171,0.051624,0.33066,capex,100.0,blended_prob,0.11477,0.107976,0.102434,0.097767,0.093737,11.477049,10.797596,10.243373,9.776672,9.373745,51.668435,51.668435,0.516684,2026.898825,100.0,3.0,0.409954,0.367959,0.897561,1.11413,-0.0,2.156307,51.668435,26.696272,,0.516684,0.0,51.668435,0.0,26.696272,0.0,0,0,,0.516684,-0.0,51.668435,-0.0,26.696272,-0.0,0,0,,0.516684,-0.0,51.668435,-0.0,26.696272,-0.0,0,0,0.5301076643790206,0.0134233156700454,53.01076643790206,0.5433789999733889,0.0266946512644137,54.337899997338894,0.5566941330602211,0.0400097843512459,55.66941330602212,0.5702393558500782,0.053555007141103,57.02393558500784,0.5166843487089752,0.516684,-0.0,51.668435,26.696272,0.516684,0.0,51.668435,26.696272,0.516684,-0.0,51.668435,26.696272,0.5301076643790206,0.0134233156700454,0.5433789999733889,0.026694651264413727,0.5566941330602211,0.040009784351245914,0.5702393558500782,0.05355500714110306,0,0,0,0,0,0,0,0,0,0,0,0,0,0
8042,Naphtha Recovery Unit Tailings Treatment Project,Canadian Natural Resources Ltd. (CNRL),AB,Energy,Other,2024,2024,1,350.0,Yes,0.951553812547738,0.3313661346660657,0.6414599736069018,0.1603649934017254,0.0642819203738553,0.4105887523136832,224.51099076241564,224.51099076241564,,,Canadian Natural Resources Ltd. (CNRL),Naphtha Recovery Unit Tailings Treatment Project,AB,Private,2024,2024,1,Announced & Planning,Announced & Planning,1,0,350.0,0.602,57.347385,-111.840992,Energy,Other,1,EN-OTH,0,0,2,0.951554,0.663827,4.0,0.331366,0.64146,0.160365,0.064282,0.410589,capex,350.0,blended_prob,0.143774,0.134621,0.127107,0.120741,0.115217,50.320738,47.117519,44.487392,42.259424,40.325918,224.510991,224.510991,0.64146,2026.889325,350.0,10.5,0.509253,0.457341,0.898063,1.113508,0.0,1.735896,224.510991,144.014814,,0.64146,0.0,224.510991,0.0,144.014814,0.0,0,0,,0.64146,-0.0,224.510991,-0.0,144.014814,-0.0,0,0,,0.64146,-0.0,224.510991,-0.0,144.014814,-0.0,0,0,0.6628796406325947,0.0214196670256929,232.0078742214082,0.6848957777313993,0.0434358041244975,239.7135222059898,0.7075354934008633,0.0660755197939615,247.6374226903022,0.7307712325628424,0.0893112589559406,255.76993139699488,0.6414599736069018,0.64146,-0.0,224.510991,144.014814,0.64146,0.0,224.510991,144.014814,0.64146,-0.0,224.510991,144.014814,0.6628796406325947,0.02141966702569298,0.6848957777313993,0.043435804124497546,0.7075354934008633,0.06607551979396153,0.7307712325628424,0.08931125895594061,0,0,0,0,0,0,0,0,0,0,0,0,0,0
8043,Pe-Na-Koyim Wind Project,EDF EN Canada,AB,Energy,Clean Electricity,2024,2024,1,425.0,Yes,0.957358801472827,0.245968406905962,0.6016636041893946,0.1504159010473486,0.0602448972675944,0.3850961214206745,255.70703178049263,255.70703178049263,,,EDF EN Canada,Pe-Na-Koyim Wind Project,AB,Private,2024,2024,1,Announced & Planning,Announced & Planning,1,0,425.0,0.649,49.447019,-113.121414,Energy,Clean Electricity,1,EN-CLEL,1,0,2,0.957359,0.465599,4.0,0.245968,0.601664,0.150416,0.060245,0.385096,capex,425.0,blended_prob,0.134468,0.126099,0.119241,0.113441,0.108414,57.149033,53.592224,50.677337,48.212303,46.076135,255.707032,255.707032,0.601664,2026.892354,425.0,12.75,0.477569,0.428811,0.897903,1.113706,0.0,1.851045,255.707032,153.849614,,0.601664,0.0,255.707032,0.0,153.849614,0.0,0,0,,0.601664,-0.0,255.707032,-0.0,153.849614,-0.0,0,0,,0.601664,-0.0,255.707032,-0.0,153.849614,-0.0,0,0,0.6190881857381572,0.0174245815487625,263.1124789387167,0.6371839481926477,0.0355203440032531,270.8031779818752,0.6560566900993646,0.05439308590997,278.8240932922299,0.6757766595695736,0.0741130553801789,287.2050803170687,0.6016636041893946,0.601664,-0.0,255.707032,153.849614,0.601664,0.0,255.707032,153.849614,0.601664,-0.0,255.707032,153.849614,0.6190881857381572,0.017424581548762585,0.6371839481926477,0.0355203440032531,0.6560566900993646,0.05439308590997005,0.6757766595695736,0.07411305538017898,0,0,0,0,0,0,0,0,0,0,0,0,0,0
8046,Hinton Pulp Mill Expansion,Mondi Group plc,AB,Forest,Pulp & Paper,2024,2024,1,584.0,No,0.8509645606236982,0.4293629865637134,0.6401637735937058,0.1600409433984264,0.064150431258637,0.4097584366596782,373.8556437787242,373.8556437787242,,,Mondi Group plc,Hinton Pulp Mill Expansion,AB,Private,2024,2024,1,Announced & Planning,Announced & Planning,1,0,584.0,0.709,53.414597,-117.568992,Forest,Pulp & Paper,0,FOR-P&P,0,0,3,0.850965,0.925195,4.0,0.429363,0.640164,0.160041,0.06415,0.409758,capex,584.0,blended_prob,0.14347,0.134344,0.126851,0.120504,0.114996,83.786273,78.45664,74.080798,70.374236,67.157697,373.855644,373.855644,0.640164,2026.889424,584.0,17.52,0.508221,0.456411,0.898057,1.113515,-0.0,1.739421,373.855644,239.32884,,0.640164,0.0,373.855644,0.0,239.32884,0.0,0,0,,0.640164,-0.0,373.855644,-0.0,239.32884,-0.0,0,0,,0.640164,-0.0,373.855644,-0.0,239.32884,-0.0,0,0,0.6718246266056922,0.0316608530119864,392.34558193772426,0.7029880060187157,0.0628242324250099,410.54499551493,0.7335896978039029,0.0934259242101971,428.4163835174793,0.7635176969843294,0.1233539233906235,445.89433503884834,0.6401637735937058,0.640164,-0.0,373.855644,239.32884,0.640164,0.0,373.855644,239.32884,0.640164,-0.0,373.855644,239.32884,0.6718246266056922,0.0316608530119864,0.7029880060187157,0.0628242324250099,0.7335896978039029,0.09342592421019713,0.7635176969843294,0.12335392339062357,0,0,0,0,0,0,0,0,0,0,0,0,0,0
8059,Bridge River 1 Replace Units 1-4 Generators / Governors Project,BC Hydro,BC,Energy,Clean Electricity,2024,2024,1,313.0,Yes,0.4066035333688894,0.0297132732985685,0.2181584033337289,0.0545396008334322,0.0213413646115608,0.1394315878448617,68.28358024345715,68.28358024345715,11.885679525043798,11.885679525043798,BC Hydro,Bridge River 1 Replace Units 1-4 Generators / Governors Project,BC,Public,2024,2024,1,Approved,Approved,1,0,313.0,0.584,,,Energy,Clean Electricity,1,EN-CLEL,0,0,2,0.406604,0.049745,4.0,0.029713,0.218158,0.05454,0.021341,0.139432,capex,313.0,blended_prob,0.047419,0.045122,0.043294,0.041794,0.040529,14.842269,14.123067,13.551172,13.081478,12.685594,68.28358,68.28358,0.218158,2026.921578,313.0,9.39,0.172851,0.154937,0.89636,1.115623,-0.0,5.113823,68.28358,14.896637,,0.218158,0.0,68.28358,0.0,14.896637,0.0,0,0,,0.218158,-0.0,68.28358,-0.0,14.896637,-0.0,0,0,,0.218158,-0.0,68.28358,-0.0,14.896637,-0.0,0,0,0.2430574434241493,0.0248990400904204,76.07697979175873,0.2686172053201425,0.0504588019864136,84.07718526520462,0.2944636686330468,0.0763052652993178,92.16712828214364,0.3202257121542835,0.1020673088205546,100.23064790429076,0.2181584033337289,0.218158,-0.0,68.28358,14.896637,0.218158,0.0,68.28358,14.896637,0.218158,-0.0,68.28358,14.896637,0.2430574434241493,0.024899040090420405,0.2686172053201425,0.05045880198641359,0.2944636686330468,0.07630526529931789,0.3202257121542835,0.10206730882055462,0,0,0,0,0,0,0,0,0,0,0,0,0,0
8065,H2 Gateway Project,HTEC,BC,Energy,Low Carbon Fuels,2024,2024,1,830.0,Yes,0.0701610397691308,0.005628763410059,0.0378949015895949,0.0094737253973987,0.0030550753744216,0.0239589711035255,31.452768319363766,31.452768319363766,,,HTEC,H2 Gateway Project,BC,Private,2024,2024,1,Announced & Planning,Announced & Planning,1,0,830.0,0.785,,,Energy,Low Carbon Fuels,1,EN-LCF,1,1,3,0.070161,0.009309,4.0,0.005629,0.037895,0.009474,0.003055,0.023959,capex,830.0,blended_prob,0.008129,0.007788,0.007524,0.007313,0.007141,6.746829,6.464078,6.245001,6.070027,5.926833,31.452768,31.452768,0.037895,2026.93533,830.0,24.9,0.029999,0.026868,0.895633,1.116529,1e-06,29.463836,31.452768,1.1919,,0.037895,0.0,31.452768,0.0,1.1919,0.0,0,0,,0.037895,-0.0,31.452768,-0.0,1.1919,-0.0,0,0,,0.037895,-0.0,31.452768,-0.0,1.1919,-0.0,0,0,0.0448995600190903,0.0070046584294954,37.266634815844974,0.0530737134800932,0.0151788118904983,44.05118218847738,0.0625603711545141,0.0246654695649192,51.92510805824672,0.0734999171281631,0.0356050155385682,61.00493121637541,0.0378949015895949,0.037895,-0.0,31.452768,1.1919,0.037895,0.0,31.452768,1.1919,0.037895,-0.0,31.452768,1.1919,0.0448995600190903,0.0070046584294953945,0.0530737134800932,0.0151788118904983,0.0625603711545141,0.024665469564919197,0.0734999171281631,0.0356050155385682,0,0,0,0,0,0,0,0,0,0,0,0,0,0
8066,Prince George Project,Hydra Energy,BC,Energy,Clean Electricity,2024,2024,1,62.0,Yes,0.1422690571306928,0.0303385954089119,0.0863038262698023,0.0215759565674505,0.0079657732683172,0.0549686050692083,5.350837228727743,5.350837228727743,,,Hydra Energy,Prince George Project,BC,Private,2024,2024,1,Announced & Planning,Announced & Planning,1,0,62.0,0.261,,,Energy,Clean Electricity,1,EN-CLEL,1,0,0,0.142269,0.050809,4.0,0.030339,0.086304,0.021576,0.007966,0.054969,capex,62.0,blended_prob,0.018579,0.017767,0.017134,0.016623,0.016201,1.151884,1.10158,1.062288,1.030625,1.00446,5.350837,5.350837,0.086304,2026.931636,62.0,1.86,0.068338,0.061219,0.895828,1.116286,3e-06,12.93437,5.350837,0.461798,,0.086304,0.0,5.350837,0.0,0.461798,0.0,0,0,,0.086304,-0.0,5.350837,-0.0,0.461798,-0.0,0,0,,0.086304,-0.0,5.350837,-0.0,0.461798,-0.0,0,0,0.1005128955892237,0.0142090693194214,6.231799526531872,0.116600982690821,0.0302971564210187,7.229260926830907,0.1346529147813571,0.0483490885115548,8.34848071644414,0.1547050543367857,0.0684012280669834,9.591713368880718,0.0863038262698023,0.086304,-0.0,5.350837,0.461798,0.086304,0.0,5.350837,0.461798,0.086304,-0.0,5.350837,0.461798,0.1005128955892237,0.014209069319421397,0.116600982690821,0.030297156421018698,0.1346529147813571,0.0483490885115548,0.1547050543367857,0.06840122806698339,0,0,0,0,0,0,0,0,0,0,0,0,0,0
8068,Teralta Hydrogen Project,Teralta Hydrogen Solutions,BC,Energy,Low Carbon Fuels,2024,2024,1,36.0,Yes,0.0280860547481822,0.0105190662968814,0.0193025605225318,0.0048256401306329,0.0011690312054226,0.0120491487956881,0.6948921788111447,0.6948921788111447,,,Teralta Hydrogen Solutions,Teralta Hydrogen Project,BC,Private,2024,2024,1,Announced & Planning,Announced & Planning,1,0,36.0,0.167,,,Energy,Low Carbon Fuels,1,EN-LCF,1,1,0,0.028086,0.01744,4.0,0.010519,0.019303,0.004826,0.001169,0.012049,capex,36.0,blended_prob,0.004135,0.003964,0.003833,0.003728,0.003643,0.148855,0.142718,0.137978,0.134207,0.131134,0.694892,0.694892,0.019303,2026.936749,36.0,1.08,0.015279,0.013684,0.895558,1.116623,3e-06,57.848427,0.694892,0.013413,,0.019303,0.0,0.694892,0.0,0.013413,0.0,0,0,,0.019303,-0.0,0.694892,-0.0,0.013413,-0.0,0,0,,0.019303,-0.0,0.694892,-0.0,0.013413,-0.0,0,0,0.0227972201826562,0.0034946596601244,0.8206999265756239,0.0269179341797895,0.0076153736572577,0.9690456304724256,0.0317687002382926,0.0124661397157608,1.1436732085785355,0.0374666748601434,0.0181641143376116,1.3488002949651656,0.0193025605225318,0.019303,-0.0,0.694892,0.013413,0.019303,0.0,0.694892,0.013413,0.019303,-0.0,0.694892,0.013413,0.0227972201826562,0.0034946596601244002,0.0269179341797895,0.007615373657257701,0.0317687002382926,0.012466139715760799,0.0374666748601434,0.0181641143376116,0,0,0,0,0,0,0,0,0,0,0,0,0,0
8069,Salish Elements Green Hydrogen Production Project,Salish Elements & Xaxli'p First Nation,BC,Energy,Low Carbon Fuels,2024,2024,1,90.0,Yes,0.0280860547481822,0.0089391708496516,0.0185126127989169,0.0046281531997292,0.0010888973324174,0.0115431266123171,1.666135151902521,1.666135151902521,,,Salish Elements & Xaxli'p First Nation,Salish Elements Green Hydrogen Production Project,BC,Private,2024,2024,1,Announced & Planning,Announced & Planning,1,0,90.0,0.328,,,Energy,Low Carbon Fuels,1,EN-LCF,1,1,0,0.028086,0.014809,4.0,0.008939,0.018513,0.004628,0.001089,0.011543,capex,90.0,blended_prob,0.003965,0.003802,0.003676,0.003576,0.003494,0.356887,0.342183,0.33083,0.321797,0.314438,1.666135,1.666135,0.018513,2026.936809,90.0,2.7,0.014654,0.013124,0.895554,1.116627,3e-06,60.317079,1.666135,0.030845,,0.018513,0.0,1.666135,0.0,0.030845,0.0,0,0,,0.018513,-0.0,1.666135,-0.0,0.030845,-0.0,0,0,,0.018513,-0.0,1.666135,-0.0,0.030845,-0.0,0,0,0.021903256636262,0.0033906438373451,1.971293097263586,0.0259064339316157,0.0073938211326988,2.33157905384542,0.0306244345334644,0.0121118217345475,2.7561991080117987,0.0361725054877042,0.0176598926887873,3.2555254938933857,0.0185126127989169,0.018513,-0.0,1.666135,0.030845,0.018513,0.0,1.666135,0.030845,0.018513,-0.0,1.666135,0.030845,0.021903256636262,0.0033906438373451017,0.0259064339316157,0.007393821132698802,0.0306244345334644,0.012111821734547501,0.0361725054877042,0.017659892688787298,0,0,0,0,0,0,0,0,0,0,0,0,0,0
8070,Tse'khene Energy Transition Hub,Mcleod Lake Indian Band,BC,Energy,Clean Electricity,2024,2024,1,5000.0,Yes,0.1814988861738683,0.0047815855257945,0.0931402358498314,0.0232850589624578,0.0086592722945449,0.0593478504277168,465.701179249157,465.701179249157,,,Mcleod Lake Indian Band,Tse'khene Energy Transition Hub,BC,Private,2024,2024,1,Announced & Planning,Announced & Planning,1,0,5000.0,0.946,,,Energy,Clean Electricity,1,EN-CLEL,1,1,4,0.181499,0.007905,4.0,0.004782,0.09314,0.023285,0.008659,0.059348,capex,5000.0,blended_prob,0.020061,0.019179,0.018491,0.017935,0.017475,100.302704,95.89739,92.452796,89.673765,87.374524,465.701179,465.701179,0.09314,2026.931115,5000.0,150.0,0.073753,0.066072,0.895856,1.116251,-0.0,11.98463,465.701179,43.375518,,0.09314,0.0,465.701179,0.0,43.375518,0.0,0,0,,0.09314,-0.0,465.701179,-0.0,43.375518,-0.0,0,0,,0.09314,-0.0,465.701179,-0.0,43.375518,-0.0,0,0,0.1082234887232706,0.0150832528734392,541.1174436163532,0.1250352807059435,0.031895044856112,625.1764035297175,0.1435490336124077,0.0504087977625763,717.7451680620386,0.1636688178360434,0.070528581986212,818.344089180217,0.0931402358498314,0.09314,-0.0,465.701179,43.375518,0.09314,0.0,465.701179,43.375518,0.09314,-0.0,465.701179,43.375518,0.1082234887232706,0.015083252873439201,0.1250352807059435,0.031895044856112095,0.1435490336124077,0.0504087977625763,0.1636688178360434,0.070528581986212,0,0,0,0,0,0,0,0,0,0,0,0,0,0
8071,BCH2 Ports Hydrogen Vehicle Demonstration & Commercialized Project,HTEC,BC,Energy,Low Carbon Fuels,2024,2024,1,22.0,Yes,0.0280860547481822,0.0111651283785925,0.0196255915633873,0.0049063978908468,0.0012018001186441,0.01225607498549,0.4317630143945206,0.4317630143945206,,,HTEC,BCH2 Ports Hydrogen Vehicle Demonstration & Commercialized Project,BC,Private,2024,2024,1,Approved,Approved,1,0,22.0,0.108,,,Energy,Low Carbon Fuels,1,EN-LCF,1,1,0,0.028086,0.018517,4.0,0.011165,0.019626,0.004906,0.001202,0.012256,capex,22.0,blended_prob,0.004204,0.004031,0.003897,0.00379,0.003703,0.092492,0.088677,0.085731,0.083387,0.081476,0.431763,0.431763,0.019626,2026.936724,22.0,0.66,0.015535,0.013913,0.895559,1.116621,3e-06,56.896177,0.431763,0.008474,,0.019626,0.0,0.431763,0.0,0.008474,0.0,0,0,,0.019626,-0.0,0.431763,-0.0,0.008474,-0.0,0,0,,0.019626,-0.0,0.431763,-0.0,0.008474,-0.0,0,0,0.0231627313845598,0.0035371398211725,0.5095800904603157,0.0273314319698996,0.0077058404065123,0.6012915033377922,0.0322363821633157,0.0126107905999284,0.7092004075929474,0.0379955098793773,0.01836991831599,0.8359012173463025,0.0196255915633873,0.019626,-0.0,0.431763,0.008474,0.019626,0.0,0.431763,0.008474,0.019626,-0.0,0.431763,0.008474,0.0231627313845598,0.0035371398211724997,0.0273314319698996,0.0077058404065123015,0.0322363821633157,0.012610790599928402,0.0379955098793773,0.018369918315989997,0,0,0,0,0,0,0,0,0,0,0,0,0,0
8075,Fording River Castle Expansion,Teck Resources Ltd.,BC,Mining,Other,2024,2024,1,2300.0,No,0.0596742279813714,0.0042890540871514,0.0319816410342614,0.0079954102585653,0.0024552224269132,0.0201710735913221,73.55777437880123,73.55777437880123,,,Teck Resources Ltd.,Fording River Castle Expansion,BC,Private,2024,2024,1,In Review,In Review,1,0,2300.0,0.905,50.2,-114.86,Mining,Other,0,MIN-OTH,0,0,4,0.059674,0.007089,4.0,0.004289,0.031982,0.007995,0.002455,0.020171,capex,2300.0,blended_prob,0.006857,0.006571,0.00635,0.006174,0.006029,15.771767,15.11419,14.605235,14.199213,13.86737,73.557774,73.557774,0.031982,2026.935781,2300.0,69.0,0.025317,0.022675,0.895609,1.116559,-0.0,34.912497,73.557774,2.352498,,0.031982,0.0,73.557774,0.0,2.352498,0.0,0,0,,0.031982,-0.0,73.557774,-0.0,2.352498,-0.0,0,0,,0.031982,-0.0,73.557774,-0.0,2.352498,-0.0,0,0,0.0379822658749616,0.0060006248407002,87.35921151241179,0.0450171397083453,0.0130354986740839,103.53942132919424,0.0532252544826545,0.0212436134483931,122.41808531010555,0.0627487394815273,0.0307670984472659,144.32210080751295,0.0319816410342614,0.031982,-0.0,73.557774,2.352498,0.031982,0.0,73.557774,2.352498,0.031982,-0.0,73.557774,2.352498,0.0379822658749616,0.0060006248407002,0.0450171397083453,0.0130354986740839,0.0532252544826545,0.021243613448393102,0.0627487394815273,0.030767098447265905,0,0,0,0,0,0,0,0,0,0,0,0,0,0
8076,Galore Creek,Galore Creek Mining Corporation (Newmont & Teck),BC,Mining,Other,2024,2024,1,5160.0,No,0.0357038724650082,0.0030102131940178,0.019357042829513,0.0048392607073782,0.0011745579993333,0.0120840488974411,99.88234100028708,99.88234100028708,,,Galore Creek Mining Corporation (Newmont & Teck),Galore Creek,BC,Private,2024,2024,1,Approved,Approved,1,0,5160.0,0.952,57.13,-131.47,Mining,Other,0,MIN-OTH,1,0,4,0.035704,0.004972,4.0,0.00301,0.019357,0.004839,0.001175,0.012084,capex,5160.0,blended_prob,0.004147,0.003976,0.003844,0.003738,0.003653,21.396199,20.513971,19.832706,19.290624,18.848841,99.882341,99.882341,0.019357,2026.936745,5160.0,154.8,0.015323,0.013722,0.895558,1.116622,0.0,57.685592,99.882341,1.933427,,0.019357,0.0,99.882341,0.0,1.933427,0.0,0,0,,0.019357,-0.0,99.882341,-0.0,1.933427,-0.0,0,0,,0.019357,-0.0,99.882341,-0.0,1.933427,-0.0,0,0,0.0230813153695548,0.0037242725400418,119.09958730690305,0.0274909741622493,0.0081339313327363,141.85342667720684,0.0326970765975645,0.0133400337680515,168.7169152434329,0.0388222177854909,0.0194651749559779,200.3226437731335,0.019357042829513,0.019357,-0.0,99.882341,1.933427,0.019357,0.0,99.882341,1.933427,0.019357,-0.0,99.882341,1.933427,0.0230813153695548,0.0037242725400418,0.0274909741622493,0.008133931332736297,0.0326970765975645,0.013340033768051502,0.0388222177854909,0.0194651749559779,0,0,0,0,0,0,0,0,0,0,0,0,0,0
8077,Michel Coal,North Coal,BC,Mining,Coal,2024,2024,1,350.0,No,0.0112642370624202,0.0042926147570141,0.0077784259097172,0.0019446064774293,0.0,0.0046670555458303,2.72244906840102,2.72244906840102,,,North Coal,Michel Coal,BC,Private,2024,2024,1,In Review,In Review,1,0,350.0,0.602,49.467,-114.67,Mining,Coal,0,MIN-COAL,1,0,2,0.011264,0.007095,4.0,0.004293,0.007778,0.001945,0.0,0.004667,capex,350.0,blended_prob,0.001665,0.001597,0.001545,0.001503,0.001469,0.582689,0.55891,0.540586,0.526042,0.514222,2.722449,2.722449,0.007778,2026.937629,350.0,10.5,0.006157,0.005514,0.895511,1.116681,3e-06,143.56128,2.722449,0.021176,,0.007778,0.0,2.722449,0.0,0.021176,0.0,0,0,,0.007778,-0.0,2.722449,-0.0,0.021176,-0.0,0,0,,0.007778,-0.0,2.722449,-0.0,0.021176,-0.0,0,0,0.0092092755179783,0.0014308496082611,3.223246431292431,0.0109071309110504,0.0031287050013332,3.817495818867672,0.0129211213472044,0.0051426954374872,4.522392471521561,0.0153087727463484,0.0075303468366311,5.35807046122194,0.0077784259097172,0.007778,-0.0,2.722449,0.021176,0.007778,0.0,2.722449,0.021176,0.007778,-0.0,2.722449,0.021176,0.0092092755179783,0.0014308496082611,0.0109071309110504,0.003128705001333199,0.0129211213472044,0.005142695437487199,0.0153087727463484,0.0075303468366311995,0,0,0,0,0,0,0,0,0,0,0,0,0,0
8078,Baptiste Nickel (Decar),FPX Nickel Corp.,BC,Mining,Critical Mineral,2024,2024,1,2871.0,Yes,0.0169720420396975,0.0038111149465437,0.0103915784931206,0.0025978946232801,0.0002650834112205,0.0063409804603605,29.834221853749245,29.834221853749245,,,FPX Nickel Corp.,Baptiste Nickel (Decar),BC,Private,2024,2024,1,Announced & Planning,Announced & Planning,1,0,2871.0,0.918,49.78,-114.73,Mining,Critical Mineral,1,MIN-CM,1,0,4,0.016972,0.006297,4.0,0.003811,0.010392,0.002598,0.000265,0.006341,capex,2871.0,blended_prob,0.002225,0.002134,0.002063,0.002008,0.001962,6.386688,6.125435,5.92403,5.764076,5.633992,29.834222,29.834222,0.010392,2026.937429,2871.0,86.13,0.008225,0.007366,0.895522,1.116668,1e-06,107.458903,29.834222,0.310025,,0.010392,0.0,29.834222,0.0,0.310025,0.0,0,0,,0.010392,-0.0,29.834222,-0.0,0.310025,-0.0,0,0,,0.010392,-0.0,29.834222,-0.0,0.310025,-0.0,0,0,0.0123591234056109,0.0019675449124903,35.48304329750897,0.0146979312579024,0.0043063527647818,42.19776064143793,0.0174751531776039,0.0070835746844833,50.171164772901065,0.0207685161298096,0.010376937636689,59.62640980868363,0.0103915784931206,0.010392,-0.0,29.834222,0.310025,0.010392,0.0,29.834222,0.310025,0.010392,-0.0,29.834222,0.310025,0.0123591234056109,0.0019675449124903002,0.0146979312579024,0.0043063527647818,0.0174751531776039,0.0070835746844833,0.0207685161298096,0.010376937636689001,0,0,0,0,0,0,0,0,0,0,0,0,0,0
8084,NS-NB Transmission Line,Two Utilities,Multi,Energy,Trans & Distr,2024,2024,1,1700.0,No,0.6550037527965183,0.1661789206064552,0.4105913367014868,0.1026478341753717,0.0408621452702471,0.2626996601289909,698.0052723925274,698.0052723925274,,,Two Utilities,NS-NB Transmission Line,Multi,Private,2024,2024,1,In Review,In Review,1,0,1700.0,0.884,,,Energy,Trans & Distr,0,EN-T&D,1,0,4,0.655004,0.299717,4.0,0.166179,0.410591,0.102648,0.040862,0.2627,capex,1700.0,blended_prob,0.090506,0.085493,0.081432,0.078037,0.075123,153.860944,145.337592,138.435238,132.662272,127.709227,698.005272,698.005272,0.410591,2026.906908,1700.0,51.0,0.325614,0.292119,0.897135,1.11466,-0.0,2.714767,698.005272,286.594918,,0.410591,0.0,698.005272,0.0,286.594918,0.0,0,0,,0.410591,-0.0,698.005272,-0.0,286.594918,-0.0,0,0,,0.410591,-0.0,698.005272,-0.0,286.594918,-0.0,0,0,0.4410869484331381,0.0304956117316513,749.8478123363348,0.4711703183136595,0.0605789816121727,800.9895411332211,0.5007593218148354,0.0901679851133486,851.2908470852201,0.5298393109334749,0.1192479742319881,900.7268285869072,0.4105913367014868,0.410591,-0.0,698.005272,286.594918,0.410591,0.0,698.005272,286.594918,0.410591,-0.0,698.005272,286.594918,0.4410869484331381,0.03049561173165133,0.4711703183136595,0.06057898161217273,0.5007593218148354,0.09016798511334861,0.5298393109334749,0.11924797423198813,0,0,0,0,0,0,0,0,0,0,1,0,1,0
8088,St. Georges Great Atlantic Salt Project,Atlas Salt,NL,Mining,Other,2024,2024,1,480.0,No,0.5729555818324273,0.0264469568513199,0.2997012693418736,0.0749253173354684,0.0296132356149695,0.191666055851112,143.8566092840993,143.8566092840993,,,Atlas Salt,St. Georges Great Atlantic Salt Project,NL,Private,2024,2024,1,Approved,Approved,1,0,480.0,0.67,48.402,-58.529,Mining,Other,0,MIN-OTH,1,0,2,0.572956,0.044203,4.0,0.026447,0.299701,0.074925,0.029613,0.191666,capex,480.0,blended_prob,0.065533,0.062164,0.059462,0.057223,0.05532,31.455624,29.838699,28.541748,27.467134,26.553404,143.856609,143.856609,0.299701,2026.91536,480.0,14.4,0.23755,0.213008,0.896688,1.115215,0.0,3.721087,143.856609,43.114008,,0.299701,0.0,143.856609,0.0,43.114008,0.0,0,0,,0.299701,-0.0,143.856609,-0.0,43.114008,-0.0,0,0,,0.299701,-0.0,143.856609,-0.0,43.114008,-0.0,0,0,0.3239991623640678,0.0242978930221942,155.51959793475254,0.3475457661907378,0.0478444968488642,166.82196777155414,0.3700798174106363,0.0703785480687627,177.63831235710543,0.391417069842577,0.0917158005007034,187.88019352443695,0.2997012693418736,0.299701,-0.0,143.856609,43.114008,0.299701,0.0,143.856609,43.114008,0.299701,-0.0,143.856609,43.114008,0.3239991623640678,0.024297893022194206,0.3475457661907378,0.047844496848864215,0.3700798174106363,0.0703785480687627,0.391417069842577,0.09171580050070344,0,0,0,0,0,0,0,0,0,0,0,0,0,0
8092,Mass Timber Manufacturing Plant start up,MTC,NS,Forest,Other,2024,2024,1,215.0,Yes,0.5105675614697495,0.4596927725263505,0.48513016699805,0.1212825417495125,0.0484235129182344,0.3104475053661238,104.30298590458077,104.30298590458077,,,MTC,Mass Timber Manufacturing Plant start up,NS,Private,2024,2024,1,In Review,In Review,1,0,215.0,0.514,,,Forest,Other,1,FOR-OTH,1,0,1,0.510568,1.015266,4.0,0.459693,0.48513,0.121283,0.048424,0.310448,capex,215.0,blended_prob,0.107516,0.101272,0.09619,0.091917,0.088235,23.11592,21.773553,20.680763,19.762227,18.970522,104.302986,104.302986,0.48513,2026.901229,215.0,6.45,0.384861,0.345387,0.897435,1.114287,0.0,2.296883,104.302986,50.600525,,0.48513,0.0,104.302986,0.0,50.600525,0.0,0,0,,0.48513,-0.0,104.302986,-0.0,50.600525,-0.0,0,0,,0.48513,-0.0,104.302986,-0.0,50.600525,-0.0,0,0,0.5297035717724619,0.0445734047744118,113.88626793107932,0.5745995375204458,0.0894693705223957,123.53890056689586,0.6192170040776761,0.1340868370796261,133.1316558767004,0.6629553911961507,0.1778252241981006,142.5354091071724,0.48513016699805,0.48513,-0.0,104.302986,50.600525,0.48513,0.0,104.302986,50.600525,0.48513,-0.0,104.302986,50.600525,0.5297035717724619,0.04457340477441185,0.5745995375204458,0.08946937052239579,0.6192170040776761,0.1340868370796261,0.6629553911961507,0.17782522419810065,0,0,0,0,0,0,1,0,1,0,1,0,1,0
8093,District Energy System,"Torchlight, Municipality of New Glasgow Pictou Landing First nation",NS,Forest,Other,2024,2024,1,200.0,Yes,0.5105675614697495,0.4678394168702836,0.4892034891700165,0.1223008722925041,0.0488367188455128,0.313056781040215,97.84069783400332,97.84069783400332,,,"Torchlight, Municipality of New Glasgow Pictou Landing First nation",District Energy System,NS,Public,2024,2024,1,In Review,In Review,1,0,200.0,0.49,45.5882,-62.645,Forest,Other,1,FOR-OTH,1,0,1,0.510568,1.040322,4.0,0.467839,0.489203,0.122301,0.048837,0.313057,capex,200.0,blended_prob,0.108451,0.102137,0.096996,0.092673,0.088947,21.690118,20.427384,19.39915,18.534665,17.789381,97.840698,97.840698,0.489203,2026.900919,200.0,6.0,0.388099,0.3483,0.897451,1.114267,0.0,2.277717,97.840698,47.864011,,0.489203,0.0,97.840698,0.0,47.864011,0.0,0,0,,0.489203,-0.0,97.840698,-0.0,47.864011,-0.0,0,0,,0.489203,-0.0,97.840698,-0.0,47.864011,-0.0,0,0,0.5339517138105958,0.0447482246405793,106.7903427621192,0.5789813245568758,0.0897778353868593,115.7962649113752,0.6236804129541585,0.134476923784142,124.73608259083174,0.6674379026575008,0.1782344134874843,133.4875805315002,0.4892034891700165,0.489203,-0.0,97.840698,47.864011,0.489203,0.0,97.840698,47.864011,0.489203,-0.0,97.840698,47.864011,0.5339517138105958,0.044748224640579315,0.5789813245568758,0.0897778353868593,0.6236804129541585,0.13447692378414206,0.6674379026575008,0.1782344134874843,0,0,0,0,0,0,1,0,1,0,1,0,1,0
8094,Liquid Biofuel manufacturing plant,Vyterra / Ledwidge Lumber,NS,Forest,Other,2024,2024,1,200.0,Yes,0.4003491420011276,0.1786481577405972,0.2894986498708625,0.0723746624677156,0.028578261541914,0.1851304945392831,57.89972997417248,57.89972997417248,,,Vyterra / Ledwidge Lumber,Liquid Biofuel manufacturing plant,NS,Private,2024,2024,1,In Review,In Review,1,0,200.0,0.49,,,Forest,Other,1,FOR-OTH,1,1,1,0.400349,0.324566,4.0,0.178648,0.289499,0.072375,0.028578,0.18513,capex,200.0,blended_prob,0.063255,0.060026,0.05744,0.055298,0.05348,12.65092,12.005279,11.487922,11.059687,10.695922,57.89973,57.89973,0.289499,2026.916138,200.0,6.0,0.229452,0.205738,0.896647,1.115266,-0.0,3.852404,57.89973,16.761894,,0.289499,0.0,57.89973,0.0,16.761894,0.0,0,0,,0.289499,-0.0,57.89973,-0.0,16.761894,-0.0,0,0,,0.289499,-0.0,57.89973,-0.0,16.761894,-0.0,0,0,0.3229871114827379,0.0334884616118754,64.59742229654756,0.3580238796661106,0.0685252297952481,71.6047759332221,0.3942690925864742,0.1047704427156117,78.85381851729481,0.431368760434502,0.1418701105636395,86.27375208690039,0.2894986498708625,0.289499,-0.0,57.89973,16.761894,0.289499,0.0,57.89973,16.761894,0.289499,-0.0,57.89973,16.761894,0.3229871114827379,0.03348846161187541,0.3580238796661106,0.06852522979524811,0.3942690925864742,0.1047704427156117,0.431368760434502,0.14187011056363952,0,0,0,0,0,0,0,0,0,0,0,0,0,0
8095,Little Narrows Gypsum,Canadian Gypsum Company Inc. (CGC),NS,Mining,Other,2024,2024,1,104.0,No,0.2763572686676289,0.0719615631842219,0.1741594159259254,0.0435398539814813,0.0168780195522689,0.1112468573764628,18.112579256296243,18.112579256296243,,,Canadian Gypsum Company Inc. (CGC),Little Narrows Gypsum,NS,Private,2024,2024,1,Announced & Planning,Announced & Planning,1,0,104.0,0.361,46.001301,-60.958168,Mining,Other,0,MIN-OTH,1,0,1,0.276357,0.123165,4.0,0.071962,0.174159,0.04354,0.016878,0.111247,capex,104.0,blended_prob,0.037734,0.035966,0.034567,0.033425,0.032468,3.924337,3.740433,3.594982,3.47619,3.376637,18.112579,18.112579,0.174159,2026.924934,104.0,3.12,0.137961,0.123638,0.896182,1.115844,-2e-06,6.407028,18.112579,3.154476,,0.174159,0.0,18.112579,0.0,3.154476,0.0,0,0,,0.174159,-0.0,18.112579,-0.0,3.154476,-0.0,0,0,,0.174159,-0.0,18.112579,-0.0,3.154476,-0.0,0,0,0.198260130285076,0.0241007143591506,20.61905354964791,0.2243122032968271,0.0501527873709017,23.328469142870023,0.2521269108062948,0.0779674948803693,26.22119872385466,0.2814498829718986,0.1072904670459732,29.270787829077456,0.1741594159259254,0.174159,-0.0,18.112579,3.154476,0.174159,0.0,18.112579,3.154476,0.174159,-0.0,18.112579,3.154476,0.198260130285076,0.024100714359150593,0.2243122032968271,0.0501527873709017,0.2521269108062948,0.07796749488036939,0.2814498829718986,0.1072904670459732,0,0,0,0,0,0,0,0,0,0,0,0,0,0
8106,NSP Battery Storage,Nova Scotia Power & WMA,NS,Energy,"DER, Storage, EV",2024,2024,1,354.0,Yes,0.6387902420444397,0.2531905154638819,0.4459903787541608,0.1114975946885402,0.0444530947160848,0.2853754651389304,157.88059407897293,157.88059407897293,,,Nova Scotia Power & WMA,NSP Battery Storage,NS,Private,2024,2024,1,Approved,Approved,1,0,354.0,0.616,,,Energy,"DER, Storage, EV",1,EN-DER,1,0,2,0.63879,0.481471,4.0,0.253191,0.44599,0.111498,0.044453,0.285375,capex,354.0,blended_prob,0.098562,0.092977,0.088442,0.08464,0.08137,34.890955,32.913768,31.308443,29.962457,28.804971,157.880594,157.880594,0.44599,2026.904211,354.0,10.62,0.353745,0.317408,0.897277,1.114483,0.0,2.498894,157.880594,70.413226,,0.44599,0.0,157.880594,0.0,70.413226,0.0,0,0,,0.44599,-0.0,157.880594,-0.0,70.413226,-0.0,0,0,,0.44599,-0.0,157.880594,-0.0,70.413226,-0.0,0,0,0.481249871431788,0.0352594926776271,170.36245448685295,0.51637505513044,0.0703846763762792,182.79676951617577,0.5512032316036594,0.1052128528494985,195.12594398769545,0.585622050472687,0.1396316717185262,207.3102058673312,0.4459903787541608,0.44599,-0.0,157.880594,70.413226,0.44599,0.0,157.880594,70.413226,0.44599,-0.0,157.880594,70.413226,0.481249871431788,0.03525949267762718,0.51637505513044,0.07038467637627921,0.5512032316036594,0.10521285284949855,0.585622050472687,0.1396316717185262,0,0,0,0,0,0,0,0,1,0,1,0,1,0
8107,Sir Adam Beck Complex Refurbishment,Ontario Power Generation,ON,Energy,Clean Electricity,2024,2024,1,1000.0,Yes,0.9588569080591604,0.3022681331458376,0.6305625206024991,0.1576406301506247,0.0631764610010007,0.4036080967618997,630.5625206024991,630.5625206024991,,,Ontario Power Generation,Sir Adam Beck Complex Refurbishment,ON,Public,2024,2024,1,Announced & Planning,Announced & Planning,1,0,1000.0,0.805,43.1491,-79.04442,Energy,Clean Electricity,1,EN-CLEL,0,0,3,0.958857,0.593575,4.0,0.302268,0.630563,0.157641,0.063176,0.403608,capex,1000.0,blended_prob,0.14122,0.132286,0.124953,0.118745,0.113359,141.220363,132.285662,124.95319,118.744638,113.358667,630.562521,630.562521,0.630563,2026.890155,1000.0,30.0,0.500576,0.449527,0.898019,1.113562,-0.0,1.765982,630.562521,397.609092,,0.630563,0.0,630.562521,0.0,397.609092,0.0,0,0,,0.630563,-0.0,630.562521,-0.0,397.609092,-0.0,0,0,,0.630563,-0.0,630.562521,-0.0,397.609092,-0.0,0,0,0.6502832092374035,0.0197206886349043,650.2832092374035,0.6707122332903771,0.040149712687878,670.7122332903772,0.691899429888849,0.0613369092863499,691.8994298888491,0.7138464979118893,0.0832839773093901,713.8464979118893,0.6305625206024991,0.630563,-0.0,630.562521,397.609092,0.630563,0.0,630.562521,397.609092,0.630563,-0.0,630.562521,397.609092,0.6502832092374035,0.019720688634904393,0.6707122332903771,0.040149712687878036,0.691899429888849,0.06133690928634994,0.7138464979118893,0.08328397730939019,0,0,0,0,0,0,0,0,0,0,0,0,0,0
8108,R.H. Saunders Refurbishment,Ontario Power Generation,ON,Energy,Clean Electricity,2024,2024,1,600.0,Yes,0.9588569080591604,0.3261694983104161,0.6425132031847882,0.160628300796197,0.0643887620833971,0.4112634267442318,385.50792191087294,385.50792191087294,,,Ontario Power Generation,R.H. Saunders Refurbishment,ON,Public,2024,2024,1,Announced & Planning,Announced & Planning,1,0,600.0,0.714,45.00962,-74.78765,Energy,Clean Electricity,1,EN-CLEL,0,0,3,0.958857,0.651059,4.0,0.326169,0.642513,0.160628,0.064389,0.411263,capex,600.0,blended_prob,0.144021,0.134847,0.127315,0.120934,0.115396,86.412302,80.908395,76.388982,72.560447,69.237796,385.507922,385.507922,0.642513,2026.889245,600.0,18.0,0.510092,0.458096,0.898067,1.113503,-0.0,1.733043,385.507922,247.69393,,0.642513,0.0,385.507922,0.0,247.69393,0.0,0,0,,0.642513,-0.0,385.507922,-0.0,247.69393,-0.0,0,0,,0.642513,-0.0,385.507922,-0.0,247.69393,-0.0,0,0,0.6631617111207108,0.0206485079359225,397.8970266724265,0.6844981102646162,0.0419849070798279,410.6988661587697,0.7065452444044669,0.0640320412196786,423.9271466426801,0.729272913771838,0.0867597105870497,437.5637482631028,0.6425132031847882,0.642513,-0.0,385.507922,247.69393,0.642513,0.0,385.507922,247.69393,0.642513,-0.0,385.507922,247.69393,0.6631617111207108,0.020648507935922544,0.6844981102646162,0.04198490707982794,0.7065452444044669,0.06403204121967865,0.729272913771838,0.08675971058704979,0,0,0,0,0,0,0,0,0,0,0,0,0,0
8115,Skyview 2 Battery Energy Storage System,Potentia Renewables Inc.,ON,Energy,"DER, Storage, EV",2024,2024,1,750.0,Yes,0.8978658540668323,0.2427169945586845,0.5702914243127584,0.1425728560781896,0.0570624407543618,0.3649998308893997,427.7185682345687,427.7185682345687,,,Potentia Renewables Inc.,Skyview 2 Battery Energy Storage System,ON,Private,2024,2024,1,Announced & Planning,Announced & Planning,1,0,750.0,0.757,44.14855,-76.84013,Energy,"DER, Storage, EV",1,EN-DER,1,0,3,0.897866,0.458503,4.0,0.242717,0.570291,0.142573,0.057062,0.365,capex,750.0,blended_prob,0.127169,0.119397,0.113038,0.107668,0.10302,95.376834,89.547628,84.778239,80.75079,77.265077,427.718568,427.718568,0.570291,2026.894743,750.0,22.5,0.452601,0.406335,0.897777,1.113863,-0.0,1.953146,427.718568,243.924231,,0.570291,0.0,427.718568,0.0,243.924231,0.0,0,0,,0.570291,-0.0,427.718568,-0.0,243.924231,-0.0,0,0,,0.570291,-0.0,427.718568,-0.0,243.924231,-0.0,0,0,0.5920301777587698,0.0217387534460113,444.0226333190773,0.6138518194624142,0.0435603951496558,460.38886459681055,0.6359151070226898,0.0656236827099314,476.9363302670173,0.6583483529673397,0.0880569286545813,493.7612647255047,0.5702914243127584,0.570291,-0.0,427.718568,243.924231,0.570291,0.0,427.718568,243.924231,0.570291,-0.0,427.718568,243.924231,0.5920301777587698,0.021738753446011394,0.6138518194624142,0.04356039514965582,0.6359151070226898,0.06562368270993146,0.6583483529673397,0.08805692865458137,0,0,0,0,0,0,0,0,0,0,0,0,0,0
8130,Longwood to Lakeshore Phase 1,Hydro One,ON,Energy,Trans & Distr,2024,2024,1,800.0,No,0.8340917671105148,0.1997851511176449,0.5169384591140799,0.1292346147785199,0.0516502095270617,0.3308231592792726,413.5507672912639,413.5507672912639,,,Hydro One,Longwood to Lakeshore Phase 1,ON,Public,2024,2024,1,Announced & Planning,Announced & Planning,1,0,800.0,0.776,42.95939,-81.62679,Energy,Trans & Distr,0,EN-T&D,1,0,3,0.834092,0.367562,4.0,0.199785,0.516938,0.129235,0.05165,0.330823,capex,800.0,blended_prob,0.114829,0.10803,0.102484,0.097814,0.093782,91.863236,86.424,81.987209,78.251007,75.025315,413.550767,413.550767,0.516938,2026.898806,800.0,24.0,0.410156,0.36814,0.897562,1.114129,-0.0,2.155244,413.550767,213.780296,,0.516938,0.0,413.550767,0.0,213.780296,0.0,0,0,,0.516938,-0.0,413.550767,-0.0,213.780296,-0.0,0,0,,0.516938,-0.0,413.550767,-0.0,213.780296,-0.0,0,0,0.540812445513233,0.0238739863991531,432.6499564105864,0.5643019815660983,0.0473635224520184,451.44158525287867,0.5875777578959487,0.0706392987818688,470.0622063167589,0.6108100557043373,0.0938715965902574,488.64804456346985,0.5169384591140799,0.516938,-0.0,413.550767,213.780296,0.516938,0.0,413.550767,213.780296,0.516938,-0.0,413.550767,213.780296,0.540812445513233,0.02387398639915317,0.5643019815660983,0.04736352245201847,0.5875777578959487,0.07063929878186881,0.6108100557043373,0.09387159659025746,0,0,0,0,0,0,0,0,0,0,0,0,0,0
8131,Longwood to Lakeshore Phase 2,Hydro One,ON,Energy,Trans & Distr,2024,2024,1,800.0,No,0.8340917671105148,0.1997851511176449,0.5169384591140799,0.1292346147785199,0.0516502095270617,0.3308231592792726,413.5507672912639,413.5507672912639,,,Hydro One,Longwood to Lakeshore Phase 2,ON,Public,2024,2024,1,Announced & Planning,Announced & Planning,1,0,800.0,0.776,42.95939,-81.62679,Energy,Trans & Distr,0,EN-T&D,1,0,3,0.834092,0.367562,4.0,0.199785,0.516938,0.129235,0.05165,0.330823,capex,800.0,blended_prob,0.114829,0.10803,0.102484,0.097814,0.093782,91.863236,86.424,81.987209,78.251007,75.025315,413.550767,413.550767,0.516938,2026.898806,800.0,24.0,0.410156,0.36814,0.897562,1.114129,-0.0,2.155244,413.550767,213.780296,,0.516938,0.0,413.550767,0.0,213.780296,0.0,0,0,,0.516938,-0.0,413.550767,-0.0,213.780296,-0.0,0,0,,0.516938,-0.0,413.550767,-0.0,213.780296,-0.0,0,0,0.540812445513233,0.0238739863991531,432.6499564105864,0.5643019815660983,0.0473635224520184,451.44158525287867,0.5875777578959487,0.0706392987818688,470.0622063167589,0.6108100557043373,0.0938715965902574,488.64804456346985,0.5169384591140799,0.516938,-0.0,413.550767,213.780296,0.516938,0.0,413.550767,213.780296,0.516938,-0.0,413.550767,213.780296,0.540812445513233,0.02387398639915317,0.5643019815660983,0.04736352245201847,0.5875777578959487,0.07063929878186881,0.6108100557043373,0.09387159659025746,0,0,0,0,0,0,0,0,0,0,0,0,0,0
8132,Mississagi to Third Line Transmission Line,Hydro One,ON,Energy,Trans & Distr,2024,2024,1,230.0,No,0.8227171382295513,0.2503781228825583,0.5365476305560548,0.1341369076390137,0.0536394029978375,0.3433843395327678,123.40595502789262,123.40595502789262,,,Hydro One,Mississagi to Third Line Transmission Line,ON,Public,2024,2024,1,Announced & Planning,Announced & Planning,1,0,230.0,0.523,46.42,-83.3883,Energy,Trans & Distr,0,EN-T&D,1,0,2,0.822717,0.475272,4.0,0.250378,0.536548,0.134137,0.053639,0.343384,capex,230.0,blended_prob,0.119354,0.112203,0.106363,0.101441,0.097187,27.451364,25.806707,24.4636,23.33137,22.352915,123.405955,123.405955,0.536548,2026.897313,230.0,6.9,0.425754,0.382174,0.897641,1.114031,0.0,2.076294,123.405955,66.213173,,0.536548,0.0,123.405955,0.0,66.213173,0.0,0,0,,0.536548,-0.0,123.405955,-0.0,66.213173,-0.0,0,0,,0.536548,-0.0,123.405955,-0.0,66.213173,-0.0,0,0,0.5635153733021855,0.0269677427461306,129.60853585950267,0.5901482117189062,0.0536005811628513,135.73408869534845,0.6165728455015853,0.0800252149455305,141.81175446536463,0.6429086154543625,0.1063609848983077,147.8689815545034,0.5365476305560548,0.536548,-0.0,123.405955,66.213173,0.536548,0.0,123.405955,66.213173,0.536548,-0.0,123.405955,66.213173,0.5635153733021855,0.026967742746130674,0.5901482117189062,0.05360058116285138,0.6165728455015853,0.0800252149455305,0.6429086154543625,0.1063609848983077,0,0,0,0,0,0,0,0,0,0,0,0,0,0
8133,Northeast Power Line (Mississagi to Hanmer Transmissio Line),Hydro One,ON,Energy,Trans & Distr,2024,2024,1,650.0,No,0.8340917671105148,0.2078958463842291,0.520993806747372,0.130248451686843,0.0520615920812783,0.3334209208809345,338.64597438579176,338.64597438579176,,,Hydro One,Northeast Power Line (Mississagi to Hanmer Transmissio Line),ON,Public,2024,2024,1,Announced & Planning,Announced & Planning,1,0,650.0,0.732,46.42,-83.3883,Energy,Trans & Distr,0,EN-T&D,1,0,3,0.834092,0.384363,4.0,0.207896,0.520994,0.130248,0.052062,0.333421,capex,650.0,blended_prob,0.115764,0.108893,0.103286,0.098564,0.094487,75.246453,70.780179,67.136145,64.066829,61.416368,338.645974,338.645974,0.520994,2026.898497,650.0,19.5,0.413381,0.371042,0.897579,1.114108,-0.0,2.138429,338.645974,176.432455,,0.520994,0.0,338.645974,0.0,176.432455,0.0,0,0,,0.520994,-0.0,338.645974,-0.0,176.432455,-0.0,0,0,,0.520994,-0.0,338.645974,-0.0,176.432455,-0.0,0,0,0.5452703729639701,0.0242765662165981,354.42574242658054,0.5691826896648042,0.0481888829174322,369.9687482821228,0.5928969287617449,0.0719031220143729,385.3830036951342,0.6165770769239185,0.0955832701765465,400.775100000547,0.520993806747372,0.520994,-0.0,338.645974,176.432455,0.520994,0.0,338.645974,176.432455,0.520994,-0.0,338.645974,176.432455,0.5452703729639701,0.024276566216598128,0.5691826896648042,0.048188882917432285,0.5928969287617449,0.07190312201437299,0.6165770769239185,0.09558327017654655,0,0,0,0,0,0,0,0,0,0,0,0,0,0
8134,Greater Toronto Area East Line,Hydro One,ON,Energy,Trans & Distr,2024,2024,1,298.0,No,0.8227171382295513,0.2400267057340736,0.5313719219818125,0.1328429804954531,0.0531143687946848,0.3400689007069614,158.34883275058013,158.34883275058013,,,Hydro One,Greater Toronto Area East Line,ON,Public,2024,2024,1,Announced & Planning,Announced & Planning,1,0,298.0,0.571,43.8524,-79.1139,Energy,Trans & Distr,0,EN-T&D,1,0,2,0.822717,0.452655,4.0,0.240027,0.531372,0.132843,0.053114,0.340069,capex,298.0,blended_prob,0.118158,0.111101,0.10534,0.100484,0.096289,35.211167,33.108125,31.391197,29.944237,28.694106,158.348833,158.348833,0.531372,2026.897707,298.0,8.94,0.421636,0.378469,0.89762,1.114057,0.0,2.096567,158.348833,84.142124,,0.531372,0.0,158.348833,0.0,84.142124,0.0,0,0,,0.531372,-0.0,158.348833,-0.0,84.142124,-0.0,0,0,,0.531372,-0.0,158.348833,-0.0,84.142124,-0.0,0,0,0.5578661394543393,0.0264942174725267,166.2441095573931,0.5840128029788134,0.0526408809970009,174.0358152876864,0.6099469691209354,0.0785750471391228,181.76419679803877,0.6357987345116045,0.104426812529792,189.46802288445812,0.5313719219818125,0.531372,-0.0,158.348833,84.142124,0.531372,0.0,158.348833,84.142124,0.531372,-0.0,158.348833,84.142124,0.5578661394543393,0.026494217472526782,0.5840128029788134,0.05264088099700093,0.6099469691209354,0.07857504713912289,0.6357987345116045,0.10442681252979202,0,0,0,0,0,0,0,0,0,0,0,0,0,0
8135,Wawa to Porcupine,TBD,ON,Energy,Trans & Distr,2024,2024,1,650.0,No,0.8340917671105148,0.2078958463842291,0.520993806747372,0.130248451686843,0.0520615920812783,0.3334209208809345,338.64597438579176,338.64597438579176,,,TBD,Wawa to Porcupine,ON,Private,2024,2024,1,Announced & Planning,Announced & Planning,1,0,650.0,0.732,47.885142,-84.546939,Energy,Trans & Distr,0,EN-T&D,1,0,3,0.834092,0.384363,4.0,0.207896,0.520994,0.130248,0.052062,0.333421,capex,650.0,blended_prob,0.115764,0.108893,0.103286,0.098564,0.094487,75.246453,70.780179,67.136145,64.066829,61.416368,338.645974,338.645974,0.520994,2026.898497,650.0,19.5,0.413381,0.371042,0.897579,1.114108,-0.0,2.138429,338.645974,176.432455,,0.520994,0.0,338.645974,0.0,176.432455,0.0,0,0,,0.520994,-0.0,338.645974,-0.0,176.432455,-0.0,0,0,,0.520994,-0.0,338.645974,-0.0,176.432455,-0.0,0,0,0.5452703729639701,0.0242765662165981,354.42574242658054,0.5691826896648042,0.0481888829174322,369.9687482821228,0.5928969287617449,0.0719031220143729,385.3830036951342,0.6165770769239185,0.0955832701765465,400.775100000547,0.520993806747372,0.520994,-0.0,338.645974,176.432455,0.520994,0.0,338.645974,176.432455,0.520994,-0.0,338.645974,176.432455,0.5452703729639701,0.024276566216598128,0.5691826896648042,0.048188882917432285,0.5928969287617449,0.07190312201437299,0.6165770769239185,0.09558327017654655,0,0,0,0,0,0,0,0,0,0,0,0,0,0
8136,St. Thomas Line (including Centennial Transformer Station & Line),Hydro One,ON,Energy,Trans & Distr,2024,2024,1,381.0,No,0.8227171382295513,0.2282011290210084,0.5254591336252799,0.1313647834063199,0.0525145637479649,0.3362813056743539,200.1999299112316,200.1999299112316,,,Hydro One,St. Thomas Line (including Centennial Transformer Station & Line),ON,Public,2024,2024,1,Announced & Planning,Announced & Planning,1,0,381.0,0.628,42.93962,-81.160509,Energy,Trans & Distr,0,EN-T&D,1,0,2,0.822717,0.42719,4.0,0.228201,0.525459,0.131365,0.052515,0.336281,capex,381.0,blended_prob,0.116794,0.109843,0.10417,0.099391,0.095263,44.498368,41.850045,39.688703,37.86779,36.295024,200.19993,200.19993,0.525459,2026.898157,381.0,11.43,0.416933,0.374238,0.897597,1.114086,0.0,2.120215,200.19993,105.196882,,0.525459,0.0,200.19993,0.0,105.196882,0.0,0,0,,0.525459,-0.0,200.19993,-0.0,105.196882,-0.0,0,0,,0.525459,-0.0,200.19993,-0.0,105.196882,-0.0,0,0,0.5513998478481474,0.0259407142228675,210.0833420301441,0.5769745518353809,0.051515418210101,219.8273042492801,0.6023271021334579,0.076867968508178,229.48662591284744,0.6275991200996149,0.102139986474335,239.11526475795327,0.5254591336252799,0.525459,-0.0,200.19993,105.196882,0.525459,0.0,200.19993,105.196882,0.525459,-0.0,200.19993,105.196882,0.5513998478481474,0.02594071422286759,0.5769745518353809,0.05151541821010108,0.6023271021334579,0.07686796850817801,0.6275991200996149,0.10213998647433509,0,0,0,0,0,0,0,0,0,0,0,0,0,0
8137,PUC Tx Project,PUC Transmisison,ON,Energy,Trans & Distr,2024,2024,1,188.0,No,0.8517559323083158,0.2599615012242614,0.5558587167662886,0.1389646791915721,0.0555983581080344,0.355754573302987,104.50143875206226,104.50143875206226,,,PUC Transmisison,PUC Tx Project,ON,Private,2024,2024,1,Announced & Planning,Announced & Planning,1,0,188.0,0.48,46.527383,-84.390652,Energy,Trans & Distr,0,EN-T&D,1,0,1,0.851756,0.496492,4.0,0.259962,0.555859,0.138965,0.055598,0.355755,capex,188.0,blended_prob,0.123822,0.116318,0.110183,0.105007,0.100529,23.278509,21.867784,20.714456,19.741237,18.899454,104.501439,104.501439,0.555859,2026.895842,188.0,5.64,0.441117,0.395999,0.897719,1.113934,0.0,2.003989,104.501439,58.088036,,0.555859,0.0,104.501439,0.0,58.088036,0.0,0,0,,0.555859,-0.0,104.501439,-0.0,58.088036,-0.0,0,0,,0.555859,-0.0,104.501439,-0.0,58.088036,-0.0,0,0,0.5814722571015869,0.0256135403352982,109.31678433509832,0.6068852663691894,0.0510265496029007,114.0944300774076,0.6322361896993467,0.076377472933058,118.86040366347716,0.6576427127840303,0.1017839960177416,123.63683000339768,0.5558587167662886,0.555859,-0.0,104.501439,58.088036,0.555859,0.0,104.501439,58.088036,0.555859,-0.0,104.501439,58.088036,0.5814722571015869,0.02561354033529828,0.6068852663691894,0.05102654960290076,0.6322361896993467,0.07637747293305808,0.6576427127840303,0.10178399601774168,0,0,0,0,0,0,0,0,0,0,0,0,0,0
8144,Centrale de cogeneration a la biomasse d'opitciwan,Onimiskiw Opitciwan,QC,Energy,Waste Biomass,2024,2024,1,60.2,Yes,0.644784757371088,0.1367199522953183,0.3907523548332031,0.0976880887083007,0.0388496393713618,0.2499912686484666,23.523291760958827,23.523291760958827,,,Onimiskiw Opitciwan,Centrale de cogeneration a la biomasse d'opitciwan,QC,Private,2024,2024,1,Announced & Planning,Announced & Planning,1,0,60.2,0.259,,,Energy,Waste Biomass,1,EN-BIO,1,0,0,0.644785,0.242457,4.0,0.13672,0.390752,0.097688,0.03885,0.249991,capex,60.2,blended_prob,0.086009,0.081306,0.077503,0.074327,0.071606,5.177767,4.89463,4.665695,4.474503,4.310696,23.523292,23.523292,0.390752,2026.90842,60.2,1.806,0.309852,0.277954,0.897055,1.114759,1e-06,2.852853,23.523292,9.191782,,0.390752,0.0,23.523292,0.0,9.191782,0.0,0,0,,0.390752,-0.0,23.523292,-0.0,9.191782,-0.0,0,0,,0.390752,-0.0,23.523292,-0.0,9.191782,-0.0,0,0,0.4199648631565453,0.0292125083233422,25.281884762024028,0.4486911316046606,0.0579387767714575,27.01120612260057,0.4768358896678186,0.0860835348346155,28.70552055800268,0.5043776660181237,0.1136253111849206,30.36353549429105,0.3907523548332031,0.390752,-0.0,23.523292,9.191782,0.390752,0.0,23.523292,9.191782,0.390752,-0.0,23.523292,9.191782,0.4199648631565453,0.029212508323342212,0.4486911316046606,0.057938776771457534,0.4768358896678186,0.0860835348346155,0.5043776660181237,0.11362531118492064,0,0,0,0,0,0,0,0,0,0,0,0,1,0
8169,Parc eolien zone Chamouchouane,Hydro-Quebec-MRC Domaine du Roy - Premiere Nation des Pekuakamiulnuatsh et Atikamekw de Wemotaci,QC,Energy,Clean Electricity,2024,2024,1,9000.0,Yes,0.8543287915638874,0.0687092516242653,0.4615190215940764,0.1153797553985191,0.0460283512249369,0.2953227534464206,4153.671194346687,4153.671194346687,,,Hydro-Quebec-MRC Domaine du Roy - Premiere Nation des Pekuakamiulnuatsh et Atikamekw de Wemotaci,Parc eolien zone Chamouchouane,QC,Public,2024,2024,1,Announced & Planning,Announced & Planning,1,0,9000.0,0.973,,,Energy,Clean Electricity,1,EN-CLEL,1,0,4,0.854329,0.117395,4.0,0.068709,0.461519,0.11538,0.046028,0.295323,capex,9000.0,blended_prob,0.102109,0.096265,0.091516,0.08753,0.084099,918.976883,866.388713,823.645076,787.770138,756.890384,4153.671194,4153.671194,0.461519,2026.903028,9000.0,270.0,0.366089,0.328506,0.89734,1.114405,0.0,2.414646,4153.671194,1916.998266,,0.461519,0.0,4153.671194,0.0,1916.998266,0.0,0,0,,0.461519,-0.0,4153.671194,-0.0,1916.998266,-0.0,0,0,,0.461519,-0.0,4153.671194,-0.0,1916.998266,-0.0,0,0,0.4768220517787758,0.0153030301846994,4291.398466008982,0.4912262048051851,0.0297071832111087,4421.0358432466655,0.504919119866598,0.0434000982725216,4544.272078799382,0.5180987752923072,0.0565797536982308,4662.888977630765,0.4615190215940764,0.461519,-0.0,4153.671194,1916.998266,0.461519,0.0,4153.671194,1916.998266,0.461519,-0.0,4153.671194,1916.998266,0.4768220517787758,0.015303030184699418,0.4912262048051851,0.029707183211108712,0.504919119866598,0.043400098272521614,0.5180987752923072,0.05657975369823082,0,0,0,0,0,0,0,0,0,0,1,0,1,0
8170,Saint-Damase 2 (Canton MacNider),Algonquin Power,QC,Energy,Clean Electricity,2024,2024,1,400.0,Yes,0.871250948703725,0.0955659493237179,0.4834084490137215,0.1208521122534303,0.048248858411129,0.3093446127726845,193.3633796054886,193.3633796054886,102.226049989339,102.226049989339,Algonquin Power,Saint-Damase 2 (Canton MacNider),QC,Private,2024,2024,1,Announced & Planning,Announced & Planning,1,0,400.0,0.634,,,Energy,Clean Electricity,1,EN-CLEL,1,0,2,0.871251,0.165654,4.0,0.095566,0.483408,0.120852,0.048249,0.309345,capex,400.0,blended_prob,0.107121,0.100907,0.095849,0.091598,0.087934,42.848399,40.362789,38.339536,36.639085,35.173571,193.36338,193.36338,0.483408,2026.90136,400.0,12.0,0.383492,0.344156,0.897428,1.114296,0.0,2.305082,193.36338,93.473491,,0.483408,0.0,193.36338,0.0,93.473491,0.0,0,0,,0.483408,-0.0,193.36338,-0.0,93.473491,-0.0,0,0,,0.483408,-0.0,193.36338,-0.0,93.473491,-0.0,0,0,0.4992211981663333,0.0158127491526118,199.6884792665333,0.5144021013254211,0.0309936523116995,205.7608405301684,0.5291547388439605,0.0457462898302389,211.6618955375842,0.5436858820129697,0.0602774329992482,217.4743528051879,0.4834084490137215,0.483408,-0.0,193.36338,93.473491,0.483408,0.0,193.36338,93.473491,0.483408,-0.0,193.36338,93.473491,0.4992211981663333,0.015812749152611827,0.5144021013254211,0.030993652311699593,0.5291547388439605,0.045746289830238984,0.5436858820129697,0.06027743299924826,0,0,0,0,0,0,0,0,1,0,1,0,1,0
8171,Foret Domaniale,EDF Renouvelables,QC,Energy,Clean Electricity,2024,2024,1,590.0,Yes,0.8799659316943939,0.0885333438276563,0.4842496377610251,0.1210624094402562,0.0483341902758015,0.3098834587669356,285.7072862790048,285.7072862790048,,,EDF Renouvelables,Foret Domaniale,QC,Private,2024,2024,1,Announced & Planning,Announced & Planning,1,0,590.0,0.713,,,Energy,Clean Electricity,1,EN-CLEL,1,0,3,0.879966,0.15288,4.0,0.088533,0.48425,0.121062,0.048334,0.309883,capex,590.0,blended_prob,0.107314,0.101085,0.096015,0.091754,0.088081,63.315218,59.640431,56.649042,54.134789,51.967807,285.707286,285.707286,0.48425,2026.901296,590.0,17.7,0.38416,0.344757,0.897431,1.114292,-0.0,2.301069,285.707286,138.35365,,0.48425,0.0,285.707286,0.0,138.35365,0.0,0,0,,0.48425,-0.0,285.707286,-0.0,138.35365,-0.0,0,0,,0.48425,-0.0,285.707286,-0.0,138.35365,-0.0,0,0,0.499058799223718,0.0148091614626929,294.4446915419936,0.5132514231818885,0.0290017854208634,302.8183396773142,0.5270300082293118,0.0427803704682867,310.947704855294,0.5405981863171847,0.0563485485561596,318.952929927139,0.4842496377610251,0.48425,-0.0,285.707286,138.35365,0.48425,0.0,285.707286,138.35365,0.48425,-0.0,285.707286,138.35365,0.499058799223718,0.014809161462692899,0.5132514231818885,0.029001785420863457,0.5270300082293118,0.0427803704682867,0.5405981863171847,0.05634854855615962,0,0,0,0,0,0,0,0,1,0,1,0,1,0
8172,Haute-Chaudiere,EDF Renouvelables,QC,Energy,Clean Electricity,2024,2024,1,370.0,Yes,0.871250948703725,0.0965861636982519,0.4839185562009884,0.1209796390502471,0.0483006047018537,0.3096713756013345,179.0498657943657,179.0498657943657,,,EDF Renouvelables,Haute-Chaudiere,QC,Private,2024,2024,1,Announced & Planning,Announced & Planning,1,0,370.0,0.623,,,Energy,Clean Electricity,1,EN-CLEL,1,0,2,0.871251,0.167515,4.0,0.096586,0.483919,0.12098,0.048301,0.309671,capex,370.0,blended_prob,0.107238,0.101015,0.09595,0.091692,0.088023,39.678056,37.375631,35.501425,33.926194,32.56856,179.049866,179.049866,0.483919,2026.901321,370.0,11.1,0.383897,0.344521,0.89743,1.114293,0.0,2.302646,179.049866,86.645553,,0.483919,0.0,179.049866,0.0,86.645553,0.0,0,0,,0.483919,-0.0,179.049866,-0.0,86.645553,-0.0,0,0,,0.483919,-0.0,179.049866,-0.0,86.645553,-0.0,0,0,0.4997915032978204,0.015872947096832,184.92285622019355,0.5150385676063716,0.0311200114053831,190.56427001435748,0.5298636017557861,0.0459450455547976,196.04953264964084,0.5444735632536649,0.0605550070526765,201.455218403856,0.4839185562009884,0.483919,-0.0,179.049866,86.645553,0.483919,0.0,179.049866,86.645553,0.483919,-0.0,179.049866,86.645553,0.4997915032978204,0.015872947096832013,0.5150385676063716,0.031120011405383174,0.5298636017557861,0.04594504555479767,0.5444735632536649,0.060555007052676524,0,0,0,0,0,0,0,0,1,0,1,0,1,0
8173,Madawaska,EDF Renouvelables,QC,Energy,Clean Electricity,2024,2024,1,800.0,Yes,0.8799659316943939,0.0832804981720113,0.4816232149332026,0.1204058037333006,0.0480677607045134,0.3082010332417269,385.2985719465621,385.2985719465621,,,EDF Renouvelables,Madawaska,QC,Private,2024,2024,1,Announced & Planning,Announced & Planning,1,0,800.0,0.776,,,Energy,Clean Electricity,1,EN-CLEL,1,0,3,0.879966,0.143403,4.0,0.08328,0.481623,0.120406,0.048068,0.308201,capex,800.0,blended_prob,0.106712,0.100528,0.095496,0.091266,0.087622,85.369293,80.422533,76.396406,73.013001,70.097339,385.298572,385.298572,0.481623,2026.901496,800.0,24.0,0.382072,0.342879,0.897421,1.114305,-0.0,2.313644,385.298572,185.568737,,0.481623,0.0,385.298572,0.0,185.568737,0.0,0,0,,0.481623,-0.0,385.298572,-0.0,185.568737,-0.0,0,0,,0.481623,-0.0,385.298572,-0.0,185.568737,-0.0,0,0,0.4961180545399347,0.014494839606732,396.8944436319478,0.5099639786684043,0.0283407637352016,407.97118293472346,0.5233616148300358,0.0417383998968332,418.6892918640288,0.5365130607958724,0.0548898458626697,429.210448636698,0.4816232149332026,0.481623,-0.0,385.298572,185.568737,0.481623,0.0,385.298572,185.568737,0.481623,-0.0,385.298572,185.568737,0.4961180545399347,0.01449483960673209,0.5099639786684043,0.02834076373520167,0.5233616148300358,0.041738399896833256,0.5365130607958724,0.05488984586266976,0,0,0,0,0,0,0,0,1,0,1,0,1,0
8174,Pohenegamook-Picard-St-Antonin,Invenergy,QC,Energy,Clean Electricity,2024,2024,1,950.0,Yes,0.8799659316943939,0.0812795231325531,0.4806227274134735,0.1201556818533683,0.0479662692545698,0.307560144149912,456.5915910427999,456.5915910427999,,,Invenergy,Pohenegamook-Picard-St-Antonin,QC,Private,2024,2024,1,Announced & Planning,Announced & Planning,1,0,950.0,0.801,,,Energy,Clean Electricity,1,EN-CLEL,1,0,3,0.879966,0.139807,4.0,0.08128,0.480623,0.120156,0.047966,0.30756,capex,950.0,blended_prob,0.106482,0.100316,0.095297,0.09108,0.087447,101.158124,95.3001,90.532615,86.526445,83.074307,456.591591,456.591591,0.480623,2026.901572,950.0,28.5,0.381277,0.342164,0.897416,1.11431,-0.0,2.318471,456.591591,219.448296,,0.480623,0.0,456.591591,0.0,219.448296,0.0,0,0,,0.480623,-0.0,456.591591,-0.0,219.448296,-0.0,0,0,,0.480623,-0.0,456.591591,-0.0,219.448296,-0.0,0,0,0.494997240931015,0.0143745135175415,470.2473788844644,0.5087102775159293,0.0280875501024558,483.27476364013296,0.521961687338717,0.0413389599252434,495.8636029717812,0.5349529041519869,0.0543301767385134,508.2052589443877,0.4806227274134735,0.480623,-0.0,456.591591,219.448296,0.480623,0.0,456.591591,219.448296,0.480623,-0.0,456.591591,219.448296,0.494997240931015,0.014374513517541487,0.5087102775159293,0.02808755010245584,0.521961687338717,0.041338959925243446,0.5349529041519869,0.054330176738513425,0,0,0,0,0,0,0,0,1,0,1,0,1,0
8175,Mesgi'g Ugju's'n (MU2),Innergex,QC,Energy,Clean Electricity,2024,2024,1,220.0,Yes,0.8933702905034552,0.106855757501442,0.5001130240024486,0.1250282560006121,0.0499434038231055,0.3200451759307114,110.0248652805387,110.0248652805387,,,Innergex,Mesgi'g Ugju's'n (MU2),QC,Private,2024,2024,1,Announced & Planning,Announced & Planning,1,0,220.0,0.518,,,Energy,Clean Electricity,1,EN-CLEL,1,0,1,0.89337,0.18637,4.0,0.106856,0.500113,0.125028,0.049943,0.320045,capex,220.0,blended_prob,0.110957,0.104454,0.099155,0.094697,0.090851,24.410449,22.979806,21.814038,20.833291,19.987282,110.024865,110.024865,0.500113,2026.900088,220.0,6.6,0.396775,0.356103,0.897495,1.114213,0.0,2.227921,110.024865,55.024868,,0.500113,0.0,110.024865,0.0,55.024868,0.0,0,0,,0.500113,-0.0,110.024865,-0.0,55.024868,-0.0,0,0,,0.500113,-0.0,110.024865,-0.0,55.024868,-0.0,0,0,0.5150767162190214,0.0149636922165727,113.31687756818472,0.5296271761512362,0.0295141521487876,116.517978753272,0.5439706466387567,0.0438576226363081,119.67354226052647,0.5583094065668789,0.0581963825644302,122.82806944471336,0.5001130240024486,0.500113,-0.0,110.024865,55.024868,0.500113,0.0,110.024865,55.024868,0.500113,-0.0,110.024865,55.024868,0.5150767162190214,0.014963692216572788,0.5296271761512362,0.02951415214878761,0.5439706466387567,0.0438576226363081,0.5583094065668789,0.05819638256443027,0,0,0,0,0,0,0,0,0,0,0,0,0,0
8176,Des Neiges (secteur Sud),Boralex-Energir-Hydro-Quebec,QC,Energy,Clean Electricity,2024,2024,1,1000.0,Yes,0.8799659316943939,0.0809636580858026,0.4804647948900982,0.1201161987225245,0.047950248264328,0.3074589762397902,480.4647948900981,480.4647948900981,,,Boralex-Energir-Hydro-Quebec,Des Neiges (secteur Sud),QC,Public,2024,2024,1,Announced & Planning,Announced & Planning,1,0,1000.0,0.805,,,Energy,Clean Electricity,1,EN-CLEL,1,0,3,0.879966,0.13924,4.0,0.080964,0.480465,0.120116,0.04795,0.307459,capex,1000.0,blended_prob,0.106446,0.100282,0.095266,0.091051,0.087419,106.446029,100.282388,95.266231,91.051141,87.419006,480.464795,480.464795,0.480465,2026.901584,1000.0,30.0,0.381151,0.342051,0.897416,1.114311,-0.0,2.319235,480.464795,230.846419,,0.480465,0.0,480.464795,0.0,230.846419,0.0,0,0,,0.480465,-0.0,480.464795,-0.0,230.846419,-0.0,0,0,,0.480465,-0.0,480.464795,-0.0,230.846419,-0.0,0,0,0.4948202845408884,0.0143554896507902,494.8202845408884,0.5085123028831979,0.0280475079930997,508.5123028831979,0.5217405741073331,0.0412757792172349,521.740574107333,0.5347064231058865,0.0542416282157882,534.7064231058864,0.4804647948900982,0.480465,-0.0,480.464795,230.846419,0.480465,0.0,480.464795,230.846419,0.480465,-0.0,480.464795,230.846419,0.4948202845408884,0.014355489650790199,0.5085123028831979,0.02804750799309974,0.5217405741073331,0.04127577921723491,0.5347064231058865,0.05424162821578826,0,0,0,0,0,0,0,0,1,0,1,0,1,0
8177,Des Neiges (secteur Ouest),Boralex-Energir-Hydro-Quebec,QC,Energy,Clean Electricity,2024,2024,1,1000.0,Yes,0.8799659316943939,0.0809636580858026,0.4804647948900982,0.1201161987225245,0.047950248264328,0.3074589762397902,480.4647948900981,480.4647948900981,,,Boralex-Energir-Hydro-Quebec,Des Neiges (secteur Ouest),QC,Public,2024,2024,1,Announced & Planning,Announced & Planning,1,0,1000.0,0.805,,,Energy,Clean Electricity,1,EN-CLEL,1,0,3,0.879966,0.13924,4.0,0.080964,0.480465,0.120116,0.04795,0.307459,capex,1000.0,blended_prob,0.106446,0.100282,0.095266,0.091051,0.087419,106.446029,100.282388,95.266231,91.051141,87.419006,480.464795,480.464795,0.480465,2026.901584,1000.0,30.0,0.381151,0.342051,0.897416,1.114311,-0.0,2.319235,480.464795,230.846419,,0.480465,0.0,480.464795,0.0,230.846419,0.0,0,0,,0.480465,-0.0,480.464795,-0.0,230.846419,-0.0,0,0,,0.480465,-0.0,480.464795,-0.0,230.846419,-0.0,0,0,0.4948202845408884,0.0143554896507902,494.8202845408884,0.5085123028831979,0.0280475079930997,508.5123028831979,0.5217405741073331,0.0412757792172349,521.740574107333,0.5347064231058865,0.0542416282157882,534.7064231058864,0.4804647948900982,0.480465,-0.0,480.464795,230.846419,0.480465,0.0,480.464795,230.846419,0.480465,-0.0,480.464795,230.846419,0.4948202845408884,0.014355489650790199,0.5085123028831979,0.02804750799309974,0.5217405741073331,0.04127577921723491,0.5347064231058865,0.05424162821578826,0,0,0,0,0,0,0,0,1,0,1,0,1,0
8178,Des Neiges (secteur Charlevoix),Boralex-Energir-Hydro-Quebec,QC,Energy,Clean Electricity,2024,2024,1,1000.0,Yes,0.8799659316943939,0.0809636580858026,0.4804647948900982,0.1201161987225245,0.047950248264328,0.3074589762397902,480.4647948900981,480.4647948900981,,,Boralex-Energir-Hydro-Quebec,Des Neiges (secteur Charlevoix),QC,Public,2024,2024,1,Announced & Planning,Announced & Planning,1,0,1000.0,0.805,,,Energy,Clean Electricity,1,EN-CLEL,1,0,3,0.879966,0.13924,4.0,0.080964,0.480465,0.120116,0.04795,0.307459,capex,1000.0,blended_prob,0.106446,0.100282,0.095266,0.091051,0.087419,106.446029,100.282388,95.266231,91.051141,87.419006,480.464795,480.464795,0.480465,2026.901584,1000.0,30.0,0.381151,0.342051,0.897416,1.114311,-0.0,2.319235,480.464795,230.846419,,0.480465,0.0,480.464795,0.0,230.846419,0.0,0,0,,0.480465,-0.0,480.464795,-0.0,230.846419,-0.0,0,0,,0.480465,-0.0,480.464795,-0.0,230.846419,-0.0,0,0,0.4948202845408884,0.0143554896507902,494.8202845408884,0.5085123028831979,0.0280475079930997,508.5123028831979,0.5217405741073331,0.0412757792172349,521.740574107333,0.5347064231058865,0.0542416282157882,534.7064231058864,0.4804647948900982,0.480465,-0.0,480.464795,230.846419,0.480465,0.0,480.464795,230.846419,0.480465,-0.0,480.464795,230.846419,0.4948202845408884,0.014355489650790199,0.5085123028831979,0.02804750799309974,0.5217405741073331,0.04127577921723491,0.5347064231058865,0.05424162821578826,0,0,0,0,0,0,0,0,1,0,1,0,1,0
8186,Saint-Paul-de-Montminy,Kruger,QC,Energy,Clean Electricity,2024,2024,1,550.0,Yes,0.8799659316943939,0.0894822494744176,0.4847240905844057,0.1211810226461014,0.0483823197167242,0.3101873822373331,266.5982498214231,266.5982498214231,,,Kruger,Saint-Paul-de-Montminy,QC,Private,2024,2024,1,Announced & Planning,Announced & Planning,1,0,550.0,0.702,,,Energy,Clean Electricity,1,EN-CLEL,1,0,3,0.879966,0.154598,4.0,0.089482,0.484724,0.121181,0.048382,0.310187,capex,550.0,blended_prob,0.107423,0.101186,0.096109,0.091842,0.088164,59.082517,55.65239,52.860074,50.513075,48.490193,266.59825,266.59825,0.484724,2026.90126,550.0,16.5,0.384538,0.345097,0.897433,1.114289,-0.0,2.298812,266.59825,129.226594,,0.484724,0.0,266.59825,0.0,129.226594,0.0,0,0,,0.484724,-0.0,266.59825,-0.0,129.226594,-0.0,0,0,,0.484724,-0.0,266.59825,-0.0,129.226594,-0.0,0,0,0.4995897928192722,0.0148657022348664,274.7743860505997,0.5138447142174529,0.0291206236330472,282.6145928195991,0.527691665332436,0.0429675747480303,290.23041593283983,0.5413345232272503,0.0566104326428446,297.73398777498767,0.4847240905844057,0.484724,-0.0,266.59825,129.226594,0.484724,0.0,266.59825,129.226594,0.484724,-0.0,266.59825,129.226594,0.4995897928192722,0.014865702234866496,0.5138447142174529,0.029120623633047238,0.527691665332436,0.04296757474803037,0.5413345232272503,0.0566104326428446,0,0,0,0,0,0,0,0,1,0,1,0,1,0
8187,minicentrale hydroelectrique barrage Matawin,Energie Matawak,QC,Energy,Clean Electricity,2024,2024,1,110.0,Yes,0.8933702905034552,0.1229634528159676,0.5081668716597114,0.1270417179149278,0.0507604021966399,0.3252042838744828,55.898355882568254,55.898355882568254,,,Energie Matawak,minicentrale hydroelectrique barrage Matawin,QC,Private,2024,2024,1,Announced & Planning,Announced & Planning,1,0,110.0,0.371,,,Energy,Clean Electricity,1,EN-CLEL,1,0,1,0.89337,0.216384,4.0,0.122963,0.508167,0.127042,0.05076,0.325204,capex,110.0,blended_prob,0.112809,0.106165,0.100748,0.096189,0.092255,12.408998,11.678156,11.082326,10.580828,10.148047,55.898356,55.898356,0.508167,2026.899474,110.0,3.3,0.40318,0.361865,0.897527,1.114172,-0.0,2.192532,55.898356,28.405693,,0.508167,0.0,55.898356,0.0,28.405693,0.0,0,0,,0.508167,-0.0,55.898356,-0.0,28.405693,-0.0,0,0,,0.508167,-0.0,55.898356,-0.0,28.405693,-0.0,0,0,0.524055779112308,0.0158889074525966,57.64613570235389,0.5396161057210654,0.031449234061354,59.3577716293172,0.5550558121194549,0.0468889404597434,61.05613933314004,0.5705769903323994,0.0624101186726879,62.76346893656393,0.5081668716597114,0.508167,-0.0,55.898356,28.405693,0.508167,0.0,55.898356,28.405693,0.508167,-0.0,55.898356,28.405693,0.524055779112308,0.015888907452596635,0.5396161057210654,0.031449234061354026,0.5550558121194549,0.046888940459743456,0.5705769903323994,0.062410118672687975,0,0,0,0,0,0,0,0,0,0,0,0,0,0
8188,Amenagement hydroelectrique Onimiki,Energie Renouvelable Onimiki,QC,Energy,Clean Electricity,2024,2024,1,475.0,Yes,0.871250948703725,0.0924766730987307,0.4818638109012279,0.1204659527253069,0.0480921672394915,0.3083551534365333,228.8853101780832,228.8853101780832,,,Energie Renouvelable Onimiki,Amenagement hydroelectrique Onimiki,QC,Private,2024,2024,1,Announced & Planning,Announced & Planning,1,0,475.0,0.668,,,Energy,Clean Electricity,1,EN-CLEL,1,0,2,0.871251,0.16003,4.0,0.092477,0.481864,0.120466,0.048092,0.308355,capex,475.0,blended_prob,0.106767,0.100579,0.095543,0.091311,0.087664,50.714222,47.775127,45.382985,43.372689,41.640287,228.88531,228.88531,0.481864,2026.901478,475.0,14.25,0.382263,0.343051,0.897421,1.114304,0.0,2.312487,228.88531,110.291548,,0.481864,0.0,228.88531,0.0,110.291548,0.0,0,0,,0.481864,-0.0,228.88531,-0.0,110.291548,-0.0,0,0,,0.481864,-0.0,228.88531,-0.0,110.291548,-0.0,0,0,0.4974937546410912,0.0156299437398633,236.30953345451823,0.5124735964502204,0.0306097855489925,243.42495831385463,0.5270060369089847,0.0451422260077568,250.32786753176768,0.541297215824284,0.0594334049230561,257.11617751653483,0.4818638109012279,0.481864,-0.0,228.88531,110.291548,0.481864,0.0,228.88531,110.291548,0.481864,-0.0,228.88531,110.291548,0.4974937546410912,0.015629943739863317,0.5124735964502204,0.03060978554899252,0.5270060369089847,0.04514222600775686,0.541297215824284,0.059433404923056155,0,0,0,0,0,0,0,0,1,0,1,0,1,0
8189,Rehabilitation de levacuateur de crues du barrage Gouin,Hydro-Quebec,QC,Energy,Clean Electricity,2024,2024,1,200.0,Yes,0.9348961710734252,0.1461843462220602,0.5405402586477428,0.1351350646619357,0.0540444231566302,0.3459419244512977,108.10805172954856,108.10805172954856,,,Hydro-Quebec,Rehabilitation de levacuateur de crues du barrage Gouin,QC,Public,2024,2024,1,Announced & Planning,Announced & Planning,1,0,200.0,0.49,,,Energy,Clean Electricity,1,EN-CLEL,0,0,1,0.934896,0.260637,4.0,0.146184,0.54054,0.135135,0.054044,0.345942,capex,200.0,blended_prob,0.120277,0.113053,0.107153,0.102178,0.097879,24.055312,22.610683,21.430658,20.435695,19.575704,108.108052,108.108052,0.54054,2026.897009,200.0,6.0,0.42893,0.385032,0.897657,1.114011,0.0,2.060921,108.108052,58.436754,,0.54054,0.0,108.108052,0.0,58.436754,0.0,0,0,,0.54054,-0.0,108.108052,-0.0,58.436754,-0.0,0,0,,0.54054,-0.0,108.108052,-0.0,58.436754,-0.0,0,0,0.5546913931383541,0.0141511344906113,110.93827862767084,0.5689936991376575,0.0284534404899147,113.7987398275315,0.5836300787409218,0.0430898200931789,116.72601574818437,0.5987681084687441,0.0582278498210012,119.7536216937488,0.5405402586477428,0.54054,-0.0,108.108052,58.436754,0.54054,0.0,108.108052,58.436754,0.54054,-0.0,108.108052,58.436754,0.5546913931383541,0.014151134490611339,0.5689936991376575,0.028453440489914716,0.5836300787409218,0.043089820093178965,0.5987681084687441,0.058227849821001265,0,0,0,0,0,0,0,0,0,0,0,0,0,0
8190,Rehabilitation de lamenagement hydroelectrique de Carillon,Hydro-Quebec,QC,Energy,Clean Electricity,2024,2024,1,750.0,Yes,0.9262812487935188,0.1135208747889214,0.5199010617912201,0.129975265447805,0.0519507418529333,0.3327209338159053,389.9257963434151,389.9257963434151,,,Hydro-Quebec,Rehabilitation de lamenagement hydroelectrique de Carillon,QC,Public,2024,2024,1,Announced & Planning,Announced & Planning,1,0,750.0,0.757,,,Energy,Clean Electricity,1,EN-CLEL,0,0,3,0.926281,0.198723,4.0,0.113521,0.519901,0.129975,0.051951,0.332721,capex,750.0,blended_prob,0.115512,0.10866,0.10307,0.098362,0.094297,86.633889,81.495098,77.302632,73.771594,70.722584,389.925796,389.925796,0.519901,2026.89858,750.0,22.5,0.412512,0.37026,0.897574,1.114114,-0.0,2.142934,389.925796,202.722836,,0.519901,0.0,389.925796,0.0,202.722836,0.0,0,0,,0.519901,-0.0,389.925796,-0.0,202.722836,-0.0,0,0,,0.519901,-0.0,389.925796,-0.0,202.722836,-0.0,0,0,0.5328675145030602,0.0129664527118401,399.6506358772952,0.5457425727095233,0.0258415109183032,409.3069295321425,0.5587173601331377,0.0388162983419175,419.03802009985327,0.5719728498752742,0.0520717880840541,428.97963740645565,0.5199010617912201,0.519901,-0.0,389.925796,202.722836,0.519901,0.0,389.925796,202.722836,0.519901,-0.0,389.925796,202.722836,0.5328675145030602,0.01296645271184016,0.5457425727095233,0.025841510918303223,0.5587173601331377,0.03881629834191758,0.5719728498752742,0.052071788084054105,0,0,0,0,0,0,0,0,0,0,0,0,0,0
8194,Renforcement du reseau de Becancour a 230 kV,Hydro-Quebec,QC,Energy,Clean Electricity,2024,2024,1,119.6,Yes,0.9348961710734252,0.1607889371714791,0.5478425541224522,0.136960638530613,0.0547851825774425,0.3506196055044483,65.52196947304529,65.52196947304529,,,Hydro-Quebec,Renforcement du reseau de Becancour a 230 kV,QC,Public,2024,2024,1,In Review,In Review,1,0,119.6,0.388,,,Energy,Clean Electricity,1,EN-CLEL,0,0,1,0.934896,0.28909,4.0,0.160789,0.547843,0.136961,0.054785,0.35062,capex,119.6,blended_prob,0.121966,0.114609,0.108598,0.103527,0.099143,14.587092,13.707264,12.988289,12.381841,11.857484,65.521969,65.521969,0.547843,2026.896452,119.6,3.588,0.434739,0.39026,0.897687,1.113974,-0.0,2.033384,65.521969,35.895723,,0.547843,0.0,65.521969,0.0,35.895723,0.0,0,0,,0.547843,-0.0,65.521969,-0.0,35.895723,-0.0,0,0,,0.547843,-0.0,65.521969,-0.0,35.895723,-0.0,0,0,0.5627844044053518,0.0149418502828996,67.30901476688008,0.5779365933100741,0.0300940391876218,69.12121655988487,0.593479087064605,0.0456365329421527,70.98009881292676,0.6095739832969577,0.0617314291745054,72.90504840231614,0.5478425541224522,0.547843,-0.0,65.521969,35.895723,0.547843,0.0,65.521969,35.895723,0.547843,-0.0,65.521969,35.895723,0.5627844044053518,0.014941850282899627,0.5779365933100741,0.03009403918762188,0.593479087064605,0.04563653294215275,0.6095739832969577,0.06173142917450547,0,0,0,0,0,0,0,0,0,0,0,0,0,0
8195,Construction du nouveau poste de Coteau-du-Lac a 120-25 kV et de sa ligne dalimentation,Hydro-Quebec,QC,Energy,Trans & Distr,2024,2024,1,196.3,No,0.7559634286481791,0.090911603176064,0.4234375159121216,0.1058593789780304,0.0421652873171115,0.2709286244741176,83.12078437354947,83.12078437354947,101.68526194982198,101.68526194982198,Hydro-Quebec,Construction du nouveau poste de Coteau-du-Lac a 120-25 kV et de sa ligne dalimentation,QC,Public,2024,2024,1,In Review,In Review,1,0,196.3,0.487,,,Energy,Trans & Distr,0,EN-T&D,1,0,1,0.755963,0.157189,4.0,0.090912,0.423438,0.105859,0.042165,0.270929,capex,196.3,blended_prob,0.093425,0.088207,0.083976,0.080435,0.077394,18.339349,17.314951,16.484574,15.789423,15.192487,83.120784,83.120784,0.423438,2026.905929,196.3,5.889,0.335822,0.301295,0.897186,1.114595,0.0,2.632255,83.120784,35.196458,,0.423438,0.0,83.120784,0.0,35.196458,0.0,0,0,,0.423438,-0.0,83.120784,-0.0,35.196458,-0.0,0,0,,0.423438,-0.0,83.120784,-0.0,35.196458,-0.0,0,0,0.4456268176793526,0.022189301767231,87.47654431045693,0.4668055100729686,0.043367994160847,91.63392162732376,0.4870671327707646,0.0636296168586429,95.61127816290109,0.5065540226875945,0.0831165067754729,99.43655465357482,0.4234375159121216,0.423438,-0.0,83.120784,35.196458,0.423438,0.0,83.120784,35.196458,0.423438,-0.0,83.120784,35.196458,0.4456268176793526,0.022189301767230996,0.4668055100729686,0.04336799416084702,0.4870671327707646,0.06362961685864299,0.5065540226875945,0.08311650677547294,0,0,0,0,0,0,0,0,0,0,0,0,1,0
8196,Reconstruction de la ligne Cleveland-Waterloo en biterne,Hydro-Quebec,QC,Energy,Clean Electricity,2024,2024,1,72.8,Yes,0.8279467581684442,0.1768585400955656,0.5024026491320049,0.1256006622830012,0.0501756679639804,0.3215118566647951,36.57491285680996,36.57491285680996,,,Hydro-Quebec,Reconstruction de la ligne Cleveland-Waterloo en biterne,QC,Public,2024,2024,1,In Review,In Review,1,0,72.8,0.285,,,Energy,Clean Electricity,1,EN-CLEL,0,0,0,0.827947,0.320976,4.0,0.176859,0.502403,0.125601,0.050176,0.321512,capex,72.8,blended_prob,0.111483,0.10494,0.099608,0.095121,0.091251,8.115964,7.639639,7.251448,6.924824,6.643038,36.574913,36.574913,0.502403,2026.899913,72.8,2.184,0.398595,0.357741,0.897504,1.114201,1e-06,2.217745,36.574913,18.375333,,0.502403,0.0,36.574913,0.0,18.375333,0.0,0,0,,0.502403,-0.0,36.574913,-0.0,18.375333,-0.0,0,0,,0.502403,-0.0,36.574913,-0.0,18.375333,-0.0,0,0,0.5254777625185432,0.0230751133865382,38.25478111134994,0.5480759492969554,0.0456733001649504,39.89992910881835,0.570373529254195,0.0679708801221901,41.5231929297054,0.5925536174198064,0.0901509682878014,43.13790334816191,0.5024026491320049,0.502403,-0.0,36.574913,18.375333,0.502403,0.0,36.574913,18.375333,0.502403,-0.0,36.574913,18.375333,0.5254777625185432,0.023075113386538226,0.5480759492969554,0.045673300164950414,0.570373529254195,0.0679708801221901,0.5925536174198064,0.09015096828780145,0,0,0,0,0,0,0,0,0,0,0,0,0,0
8197,Renforcement de la ligne 7004 a 735 kV du poste aux Outardes au poste des Laurentides,Hydro-Quebec,QC,Energy,Trans & Distr,2024,2024,1,166.9,No,0.8415075511011776,0.1244377973400907,0.4829726742206341,0.1207431685551585,0.0482046525467607,0.3090654655510848,80.60813932742383,80.60813932742383,,,Hydro-Quebec,Renforcement de la ligne 7004 a 735 kV du poste aux Outardes au poste des Laurentides,QC,Public,2024,2024,1,In Review,In Review,1,0,166.9,0.462,,,Energy,Trans & Distr,0,EN-T&D,0,0,1,0.841508,0.219159,4.0,0.124438,0.482973,0.120743,0.048205,0.309065,capex,166.9,blended_prob,0.107021,0.100815,0.095763,0.091517,0.087858,17.861815,16.82594,15.982777,15.274155,14.663453,80.608139,80.608139,0.482973,2026.901393,166.9,5.007,0.383145,0.343844,0.897426,1.114298,0.0,2.307166,80.608139,38.931529,,0.482973,0.0,80.608139,0.0,38.931529,0.0,0,0,,0.482973,-0.0,80.608139,-0.0,38.931529,-0.0,0,0,,0.482973,-0.0,80.608139,-0.0,38.931529,-0.0,0,0,0.5023696060124615,0.0193969317918273,83.84548724347981,0.5211292493260836,0.0381565751054495,86.97647171252335,0.5394470388534358,0.0564743646328017,90.03371078463843,0.5575287940187119,0.0745561197980778,93.051555721723,0.4829726742206341,0.482973,-0.0,80.608139,38.931529,0.482973,0.0,80.608139,38.931529,0.482973,-0.0,80.608139,38.931529,0.5023696060124615,0.019396931791827388,0.5211292493260836,0.03815657510544951,0.5394470388534358,0.0564743646328017,0.5575287940187119,0.0745561197980778,0,0,0,0,0,0,1,0,1,0,1,0,1,0
8198,Ajout de transformateurs a 120-25 kV au poste de Sainte-Rosalie et au demantelement du reseau a 49 kV,Hydro-Quebec,QC,Energy,Trans & Distr,2024,2024,1,82.8,No,0.5093408298876948,0.107406839571526,0.3083738347296104,0.0770934586824026,0.0304929979494063,0.1972215000175287,25.53335351561174,25.53335351561174,,,Hydro-Quebec,Ajout de transformateurs a 120-25 kV au poste de Sainte-Rosalie et au demantelement du reseau a 49 kV,QC,Public,2024,2024,1,In Review,In Review,1,0,82.8,0.314,,,Energy,Trans & Distr,0,EN-T&D,1,0,0,0.509341,0.187388,4.0,0.107407,0.308374,0.077093,0.030493,0.197222,capex,82.8,blended_prob,0.067472,0.063982,0.061181,0.058858,0.056881,5.586641,5.29772,5.065781,4.873444,4.709768,25.533354,25.533354,0.308374,2026.914699,82.8,2.484,0.244434,0.21919,0.896723,1.115171,1e-06,3.616296,25.533354,7.873818,,0.308374,0.0,25.533354,0.0,7.873818,0.0,0,0,,0.308374,-0.0,25.533354,-0.0,7.873818,-0.0,0,0,,0.308374,-0.0,25.533354,-0.0,7.873818,-0.0,0,0,0.3383951940014731,0.0300213592718627,28.019122063321973,0.3687042032651094,0.060330368535499,30.52870803035105,0.3990028684093813,0.0906290336797709,33.03743750429677,0.4290499378304249,0.1206761031008145,35.52533485235918,0.3083738347296104,0.308374,-0.0,25.533354,7.873818,0.308374,0.0,25.533354,7.873818,0.308374,-0.0,25.533354,7.873818,0.3383951940014731,0.030021359271862724,0.3687042032651094,0.060330368535499,0.3990028684093813,0.09062903367977093,0.4290499378304249,0.1206761031008145,0,0,0,0,0,0,0,0,0,0,0,0,0,0
8199,Construction du poste de Bonsecours a 120-25 kV et de sa ligne dalimentation,Hydro-Quebec,QC,Energy,Trans & Distr,2024,2024,1,161.3,No,0.7559634286481791,0.0934983620773999,0.4247308953627895,0.1061827238406973,0.04229649030884,0.2717571333412097,68.50909342201795,68.50909342201795,,,Hydro-Quebec,Construction du poste de Bonsecours a 120-25 kV et de sa ligne dalimentation,QC,Public,2024,2024,1,In Review,In Review,1,0,161.3,0.458,,,Energy,Trans & Distr,0,EN-T&D,1,0,1,0.755963,0.161888,4.0,0.093498,0.424731,0.106183,0.042296,0.271757,capex,161.3,blended_prob,0.093719,0.08848,0.084233,0.080677,0.077623,15.116917,14.271815,13.58671,13.013121,12.52053,68.509093,68.509093,0.424731,2026.90583,161.3,4.839,0.336849,0.302218,0.897192,1.114589,-0.0,2.624224,68.509093,29.097929,,0.424731,0.0,68.509093,0.0,29.097929,0.0,0,0,,0.424731,-0.0,68.509093,-0.0,29.097929,-0.0,0,0,,0.424731,-0.0,68.509093,-0.0,29.097929,-0.0,0,0,0.4470736522914688,0.0223427569286792,72.11298011461392,0.4684212334665095,0.04369033810372,75.55634495814799,0.4888679563069181,0.0641370609441285,78.8544013523059,0.5085567367754065,0.0838258414126169,82.03020164187306,0.4247308953627895,0.424731,-0.0,68.509093,29.097929,0.424731,0.0,68.509093,29.097929,0.424731,-0.0,68.509093,29.097929,0.4470736522914688,0.022342756928679264,0.4684212334665095,0.04369033810371997,0.4888679563069181,0.06413706094412858,0.5085567367754065,0.08382584141261695,0,0,0,0,0,0,0,0,0,0,0,0,1,0
8200,Construction du nouveau poste de Bagotville a 161-25 kV et sa ligne dalimentation,Hydro-Quebec,QC,Energy,Trans & Distr,2024,2024,1,83.5,No,0.5093408298876948,0.1073038636369138,0.3083223467623043,0.077080586690576,0.0304877749072858,0.1971885180202969,25.74491595465241,25.74491595465241,,,Hydro-Quebec,Construction du nouveau poste de Bagotville a 161-25 kV et sa ligne dalimentation,QC,Public,2024,2024,1,In Review,In Review,1,0,83.5,0.315,,,Energy,Trans & Distr,0,EN-T&D,1,0,0,0.509341,0.187197,4.0,0.107304,0.308322,0.077081,0.030488,0.197189,capex,83.5,blended_prob,0.06746,0.063971,0.061171,0.058848,0.056872,5.632909,5.341606,5.107756,4.913834,4.748811,25.744916,25.744916,0.308322,2026.914703,83.5,2.505,0.244393,0.219153,0.896723,1.115171,1e-06,3.616901,25.744916,7.937733,,0.308322,0.0,25.744916,0.0,7.937733,0.0,0,0,,0.308322,-0.0,25.744916,-0.0,7.937733,-0.0,0,0,,0.308322,-0.0,25.744916,-0.0,7.937733,-0.0,0,0,0.3383377260800202,0.0300153793177159,28.251200127681688,0.3686401898735673,0.060317843111263,30.78145585444287,0.3989317265246939,0.0906093797623895,33.31079916481194,0.428971077761935,0.1206487309996307,35.81908499312157,0.3083223467623043,0.308322,-0.0,25.744916,7.937733,0.308322,0.0,25.744916,7.937733,0.308322,-0.0,25.744916,7.937733,0.3383377260800202,0.030015379317715918,0.3686401898735673,0.06031784311126298,0.3989317265246939,0.09060937976238959,0.428971077761935,0.1206487309996307,0,0,0,0,0,0,0,0,0,0,0,0,0,0
8201,"Remplacement des transformateurs au poste de Saraguay, a la reconstruction dune ligne souterraine SaraguayMont-Royal et a la construction du nouveau poste de Cote-Saint-Luc a 315-25 kV",Hydro-Quebec,QC,Energy,Trans & Distr,2024,2024,1,887.6,No,0.8228761711712604,0.090751662396656,0.4568139167839582,0.1142034791959895,0.0455510560064573,0.2923087724729578,405.4680325374413,405.4680325374413,,,Hydro-Quebec,"Remplacement des transformateurs au poste de Saraguay, a la reconstruction dune ligne souterraine SaraguayMont-Royal et a la construction du nouveau poste de Cote-Saint-Luc a 315-25 kV",QC,Public,2024,2024,1,In Review,In Review,1,0,887.6,0.791,,,Energy,Trans & Distr,0,EN-T&D,0,0,3,0.822876,0.156898,4.0,0.090752,0.456814,0.114203,0.045551,0.292309,capex,887.6,blended_prob,0.101033,0.095269,0.090585,0.086655,0.083273,89.677016,84.56041,80.402978,76.914687,73.912941,405.468033,405.468033,0.456814,2026.903386,887.6,26.628,0.362349,0.325143,0.897321,1.114429,-0.0,2.439568,405.468033,185.22344,,0.456814,0.0,405.468033,0.0,185.22344,0.0,0,0,,0.456814,-0.0,405.468033,-0.0,185.22344,-0.0,0,0,,0.456814,-0.0,405.468033,-0.0,185.22344,-0.0,0,0,0.475385161286281,0.0185712445023227,421.95186915770296,0.493059186342639,0.0362452695586808,437.6393337977264,0.510011634080128,0.0531977172961697,452.6863264095216,0.5264393965567407,0.0696254797727824,467.2676083837629,0.4568139167839582,0.456814,-0.0,405.468033,185.22344,0.456814,0.0,405.468033,185.22344,0.456814,-0.0,405.468033,185.22344,0.475385161286281,0.01857124450232278,0.493059186342639,0.03624526955868079,0.510011634080128,0.05319771729616973,0.5264393965567407,0.06962547977278244,0,0,0,0,0,0,0,0,0,0,1,0,1,0
8202,Construction d'une nouvelle centrale thermique et d'un systeme de stockage d'energie a Kangiqsujuaq,Hydro-Quebec,QC,Energy,Clean Electricity,2024,2024,1,110.0,Yes,0.8933702905034552,0.1229634528159676,0.5081668716597114,0.1270417179149278,0.0507604021966399,0.3252042838744828,55.898355882568254,55.898355882568254,,,Hydro-Quebec,Construction d'une nouvelle centrale thermique et d'un systeme de stockage d'energie a Kangiqsujuaq,QC,Public,2024,2024,1,In Review,In Review,1,0,110.0,0.371,,,Energy,Clean Electricity,1,EN-CLEL,1,0,1,0.89337,0.216384,4.0,0.122963,0.508167,0.127042,0.05076,0.325204,capex,110.0,blended_prob,0.112809,0.106165,0.100748,0.096189,0.092255,12.408998,11.678156,11.082326,10.580828,10.148047,55.898356,55.898356,0.508167,2026.899474,110.0,3.3,0.40318,0.361865,0.897527,1.114172,-0.0,2.192532,55.898356,28.405693,,0.508167,0.0,55.898356,0.0,28.405693,0.0,0,0,,0.508167,-0.0,55.898356,-0.0,28.405693,-0.0,0,0,,0.508167,-0.0,55.898356,-0.0,28.405693,-0.0,0,0,0.524055779112308,0.0158889074525966,57.64613570235389,0.5396161057210654,0.031449234061354,59.3577716293172,0.5550558121194549,0.0468889404597434,61.05613933314004,0.5705769903323994,0.0624101186726879,62.76346893656393,0.5081668716597114,0.508167,-0.0,55.898356,28.405693,0.508167,0.0,55.898356,28.405693,0.508167,-0.0,55.898356,28.405693,0.524055779112308,0.015888907452596635,0.5396161057210654,0.031449234061354026,0.5550558121194549,0.046888940459743456,0.5705769903323994,0.062410118672687975,0,0,0,0,0,0,0,0,0,0,0,0,0,0
8211,Usine de production d'hydrogene vert pour usage energetique,TES Canada,QC,Energy,Clean Electricity,2024,2024,1,4000.0,Yes,0.7896267337703796,0.0227950608591159,0.4062108973147478,0.1015527243286869,0.0404177847600127,0.2598936522928537,1624.843589258991,1624.843589258991,,,TES Canada,Usine de production d'hydrogene vert pour usage energetique,QC,Private,2024,2024,1,In Review,In Review,1,0,4000.0,0.936,,,Energy,Clean Electricity,1,EN-CLEL,1,1,4,0.789627,0.038028,4.0,0.022795,0.406211,0.101553,0.040418,0.259894,capex,4000.0,blended_prob,0.089512,0.084568,0.080565,0.077218,0.074348,358.049636,338.271318,322.259876,308.872599,297.390161,1624.843589,1624.843589,0.406211,2026.907242,4000.0,120.0,0.322133,0.288991,0.897117,1.114682,-0.0,2.744096,1624.843589,660.029172,,0.406211,0.0,1624.843589,0.0,660.029172,0.0,0,0,,0.406211,-0.0,1624.843589,-0.0,660.029172,-0.0,0,0,,0.406211,-0.0,1624.843589,-0.0,660.029172,-0.0,0,0,0.4224390774835254,0.0162281801687775,1689.7563099341014,0.4372026258896689,0.0309917285749211,1748.8105035586757,0.4505992667108333,0.0443883693960854,1802.3970668433328,0.4627615471459023,0.0565506498311544,1851.046188583609,0.4062108973147478,0.406211,-0.0,1624.843589,660.029172,0.406211,0.0,1624.843589,660.029172,0.406211,-0.0,1624.843589,660.029172,0.4224390774835254,0.016228180168777584,0.4372026258896689,0.030991728574921107,0.4505992667108333,0.04438836939608548,0.4627615471459023,0.05655064983115449,0,0,0,0,0,0,0,0,0,0,0,0,0,0
8212,Usine de production d'hydrogene pour usage chimique,Hy2Gen,QC,Energy,Clean Electricity,2024,2024,1,1000.0,Yes,0.8243092600545805,0.0259969397416097,0.4251530998980951,0.1062882749745237,0.0423393195791867,0.2720275877705317,425.1530998980951,425.1530998980951,,,Hy2Gen,Usine de production d'hydrogene pour usage chimique,QC,Private,2024,2024,1,Announced & Planning,Announced & Planning,1,0,1000.0,0.805,,,Energy,Clean Electricity,1,EN-CLEL,1,1,3,0.824309,0.043441,4.0,0.025997,0.425153,0.106288,0.042339,0.272028,capex,1000.0,blended_prob,0.093815,0.088569,0.084316,0.080755,0.077697,93.815297,88.569186,84.31615,80.755289,77.697178,425.1531,425.1531,0.425153,2026.905798,1000.0,30.0,0.337185,0.30252,0.897193,1.114587,-0.0,2.621613,425.1531,180.755158,,0.425153,0.0,425.1531,0.0,180.755158,0.0,0,0,,0.425153,-0.0,425.1531,-0.0,180.755158,-0.0,0,0,,0.425153,-0.0,425.1531,-0.0,180.755158,-0.0,0,0,0.4396218370177065,0.0144687371196114,439.6218370177065,0.4527433102118111,0.027590210313716,452.7433102118111,0.4646549050373121,0.039501805139217,464.6549050373121,0.4755147362495756,0.0503616363514805,475.5147362495756,0.4251530998980951,0.425153,-0.0,425.1531,180.755158,0.425153,0.0,425.1531,180.755158,0.425153,-0.0,425.1531,180.755158,0.4396218370177065,0.014468737119611441,0.4527433102118111,0.027590210313716,0.4646549050373121,0.03950180513921703,0.4755147362495756,0.0503616363514805,0,0,0,0,0,0,0,0,0,0,0,0,0,0
8215,Conversion de l'usine pour production de biocharbon,Fortress Cellulose specialisee/Rio tinto,QC,Forest,Other,2024,2024,1,96.0,Yes,0.401073145287197,0.0773219250681414,0.2391975351776692,0.0597993837944173,0.0234756161182395,0.1529087675538973,22.96296337705624,22.96296337705624,,,Fortress Cellulose specialisee/Rio tinto,Conversion de l'usine pour production de biocharbon,QC,Private,2024,2024,1,Announced & Planning,Announced & Planning,1,0,96.0,0.338,45.598715,-75.256778,Forest,Other,1,FOR-OTH,1,1,1,0.401073,0.132718,4.0,0.077322,0.239198,0.059799,0.023476,0.152909,capex,96.0,blended_prob,0.052072,0.04951,0.047467,0.045785,0.044364,4.998959,4.752922,4.556811,4.395349,4.258923,22.962963,22.962963,0.239198,2026.919973,96.0,2.88,0.189539,0.169912,0.896445,1.115518,1e-06,4.663584,22.962963,5.492684,,0.239198,0.0,22.962963,0.0,5.492684,0.0,0,0,,0.239198,-0.0,22.962963,-0.0,5.492684,-0.0,0,0,,0.239198,-0.0,22.962963,-0.0,5.492684,-0.0,0,0,0.2669918192605363,0.027794284082867,25.63121464901148,0.2958368765951091,0.0566393414174399,28.40034015313047,0.3253918277044653,0.0861942925267961,31.237615459628667,0.3553157014075817,0.1161181662299125,34.11030733512784,0.2391975351776692,0.239198,-0.0,22.962963,5.492684,0.239198,0.0,22.962963,5.492684,0.239198,-0.0,22.962963,5.492684,0.2669918192605363,0.027794284082867077,0.2958368765951091,0.0566393414174399,0.3253918277044653,0.08619429252679608,0.3553157014075817,0.11611816622991247,0,0,0,0,0,0,0,0,0,0,0,0,0,0
8221,Arnaud,Mine Arnaud inc.,QC,Mining,Other,2024,2024,1,768.0,No,0.1450752778965086,0.017176039172513,0.0811256585345108,0.0202814146336277,0.0074404896029617,0.0516515909618912,62.30450575450431,62.30450575450431,,,Mine Arnaud inc.,Arnaud,QC,Private,2024,2024,1,Approved,Approved,1,0,768.0,0.767,,,Mining,Other,0,MIN-OTH,1,0,3,0.145075,0.028573,4.0,0.017176,0.081126,0.020281,0.00744,0.051652,capex,768.0,blended_prob,0.017457,0.016698,0.016106,0.015629,0.015235,13.407301,12.82431,12.369318,12.002994,11.700583,62.304506,62.304506,0.081126,2026.932031,768.0,23.04,0.064236,0.057543,0.895807,1.116312,-0.0,13.760279,62.304506,5.054494,,0.081126,0.0,62.304506,0.0,5.054494,0.0,0,0,,0.081126,-0.0,62.304506,-0.0,5.054494,-0.0,0,0,,0.081126,-0.0,62.304506,-0.0,5.054494,-0.0,0,0,0.0946756412202248,0.013549982685714,72.71089245713267,0.1100066517464253,0.0288809932119144,84.48510854125465,0.1271855498397116,0.0460598913052008,97.67850227689856,0.146227965577132,0.0651023070426212,112.30307756323742,0.0811256585345108,0.081126,-0.0,62.304506,5.054494,0.081126,0.0,62.304506,5.054494,0.081126,-0.0,62.304506,5.054494,0.0946756412202248,0.013549982685714002,0.1100066517464253,0.028880993211914494,0.1271855498397116,0.04605989130520079,0.146227965577132,0.0651023070426212,0,0,0,0,0,0,0,0,0,0,0,0,0,0
8244,Galaxy,Arcadium Lithium plc,QC,Mining,Critical Mineral,2024,2024,1,380.1,Yes,0.0680691674522472,0.0241421179207002,0.0461056426864737,0.0115264106716184,0.0038879893314682,0.0292185813444715,17.524754785128653,17.524754785128653,708.643817711929,708.643817711929,Arcadium Lithium plc,Galaxy,QC,Private,2024,2024,1,Approved,Approved,1,0,380.1,0.627,,,Mining,Critical Mineral,1,MIN-CM,1,0,2,0.068069,0.040303,4.0,0.024142,0.046106,0.011526,0.003888,0.029219,capex,380.1,blended_prob,0.009896,0.009478,0.009154,0.008895,0.008682,3.76145,3.602687,3.4795,3.380954,3.300165,17.524755,17.524755,0.046106,2026.934704,380.1,11.403,0.036501,0.032692,0.895666,1.116488,-2e-06,24.215861,17.524755,0.80799,,0.046106,0.0,17.524755,0.0,0.80799,0.0,0,0,,0.046106,-0.0,17.524755,-0.0,0.80799,-0.0,0,0,,0.046106,-0.0,17.524755,-0.0,0.80799,-0.0,0,0,0.054141378458611,0.0080357357721373,20.57913795211804,0.0634785175835072,0.0173728748970335,24.12818453349111,0.0742790152271881,0.0281733725407144,28.23345368785421,0.0867055465380551,0.0405999038515814,32.95677823911478,0.0461056426864737,0.046106,-0.0,17.524755,0.80799,0.046106,0.0,17.524755,0.80799,0.046106,-0.0,17.524755,0.80799,0.054141378458611,0.0080357357721373,0.0634785175835072,0.0173728748970335,0.0742790152271881,0.028173372540714406,0.0867055465380551,0.040599903851581395,0,0,0,0,0,0,0,0,0,0,0,0,0,0
8256,Lac Bloom - Phase III - Usine de traitement du minerai- 1e usine de flottation (Fe + 67%),Minerai de Fer Quebec inc.,QC,Mining,Other,2024,2024,1,470.7,No,0.2116529960794005,0.0257567397117268,0.1187048678955637,0.0296762169738909,0.0112525995699289,0.0757239605653098,55.87438131844184,55.87438131844184,,,Minerai de Fer Quebec inc.,Lac Bloom - Phase III - Usine de traitement du minerai- 1e usine de flottation (Fe + 67%),QC,Private,2024,2024,1,Announced & Planning,Announced & Planning,1,0,470.7,0.666,,,Mining,Other,0,MIN-OTH,0,0,2,0.211653,0.043034,4.0,0.025757,0.118705,0.029676,0.011253,0.075724,capex,470.7,blended_prob,0.025615,0.024466,0.023564,0.022834,0.022227,12.056833,11.516089,11.091644,10.747784,10.462031,55.874381,55.874381,0.118705,2026.929164,470.7,14.121,0.094008,0.084227,0.895959,1.116123,-0.0,9.402502,55.874381,6.632561,,0.118705,0.0,55.874381,0.0,6.632561,0.0,0,0,,0.118705,-0.0,55.874381,-0.0,6.632561,-0.0,0,0,,0.118705,-0.0,55.874381,-0.0,6.632561,-0.0,0,0,0.1368801767230449,0.0181753088274812,64.42949918353726,0.1569264505444336,0.0382215826488699,73.86528027126494,0.1787670700841709,0.0600622021886071,84.14565988861925,0.2022517157855041,0.0835468478899404,95.19988262023682,0.1187048678955637,0.118705,-0.0,55.874381,6.632561,0.118705,0.0,55.874381,6.632561,0.118705,-0.0,55.874381,6.632561,0.1368801767230449,0.018175308827481196,0.1569264505444336,0.038221582648869906,0.1787670700841709,0.060062202188607194,0.2022517157855041,0.0835468478899404,0,0,0,0,0,0,0,0,0,0,0,0,0,0
8259,Lac Knife,Focus Graphite inc.,QC,Mining,Critical Mineral,2024,2024,1,236.5,Yes,0.0680691674522472,0.0266351655696815,0.0473521665109644,0.0118380416277411,0.0040144391950018,0.0300170755845793,11.19878737984308,11.19878737984308,,,Focus Graphite inc.,Lac Knife,QC,Private,2024,2024,1,In Review,In Review,1,0,236.5,0.529,,,Mining,Critical Mineral,1,MIN-CM,1,0,2,0.068069,0.044522,4.0,0.026635,0.047352,0.011838,0.004014,0.030017,capex,236.5,blended_prob,0.010164,0.009735,0.009402,0.009135,0.008916,2.403888,2.302315,2.223487,2.160411,2.108687,11.198787,11.198787,0.047352,2026.934609,236.5,7.095,0.037488,0.033577,0.895671,1.116482,-2e-06,23.578257,11.198787,0.530287,,0.047352,0.0,11.198787,0.0,0.530287,0.0,0,0,,0.047352,-0.0,11.198787,-0.0,0.530287,-0.0,0,0,,0.047352,-0.0,11.198787,-0.0,0.530287,-0.0,0,0,0.0555490466831617,0.0081968801721973,13.137349540567756,0.0650674375887185,0.0177152710777541,15.388448989731929,0.0760715987446806,0.0287194322337162,17.990933103116973,0.088726715095379,0.0413745485844146,20.98386812005715,0.0473521665109644,0.047352,-0.0,11.198787,0.530287,0.047352,0.0,11.198787,0.530287,0.047352,-0.0,11.198787,0.530287,0.0555490466831617,0.008196880172197302,0.0650674375887185,0.0177152710777541,0.0760715987446806,0.028719432233716202,0.088726715095379,0.0413745485844146,0,0,0,0,0,0,0,0,0,0,0,0,0,0
8266,Lac Windfall,Groupe minier Windfall (Partenariat),QC,Mining,Other,2024,2024,1,788.6,No,0.1450752778965086,0.0170725695388918,0.0810739237177002,0.020268480929425,0.0074352415199351,0.0516184508385941,63.93489624377838,63.93489624377838,431.066200336677,431.066200336677,Groupe minier Windfall (Partenariat),Lac Windfall,QC,Private,2024,2024,1,In Review,In Review,1,0,788.6,0.773,,,Mining,Other,0,MIN-OTH,1,0,3,0.145075,0.028399,4.0,0.017073,0.081074,0.020268,0.007435,0.051618,capex,788.6,blended_prob,0.017446,0.016688,0.016096,0.015619,0.015225,13.758092,13.159873,12.693001,12.317116,12.006814,63.934896,63.934896,0.081074,2026.932035,788.6,23.658,0.064195,0.057506,0.895807,1.116312,-0.0,13.769063,63.934896,5.183453,,0.081074,0.0,63.934896,0.0,5.183453,0.0,0,0,,0.081074,-0.0,63.934896,-0.0,5.183453,-0.0,0,0,,0.081074,-0.0,63.934896,-0.0,5.183453,-0.0,0,0,0.0946171526607063,0.0135432289430061,74.61508658823307,0.109940548019349,0.0288666243016487,86.69911616805864,0.1271108653751237,0.0460369416574235,100.23962843482263,0.146143619704407,0.0650696959867068,115.24885849889544,0.0810739237177002,0.081074,-0.0,63.934896,5.183453,0.081074,0.0,63.934896,5.183453,0.081074,-0.0,63.934896,5.183453,0.0946171526607063,0.013543228943006108,0.109940548019349,0.028866624301648797,0.1271108653751237,0.0460369416574235,0.146143619704407,0.06506969598670681,0,0,0,0,0,0,0,0,0,0,0,0,0,0
8268,Lamaque - Lower Triangle,Eldorado Gold Quebec,QC,Mining,Precious Metal,2024,2024,1,85.5,No,0.0788780910424759,0.0268862207347709,0.0528821558886234,0.0132205389721558,0.0045754123496324,0.033559458473027,4.521424328477301,4.521424328477301,,,Eldorado Gold Quebec,Lamaque - Lower Triangle,QC,Private,2024,2024,1,Announced & Planning,Announced & Planning,1,0,85.5,0.321,,,Mining,Precious Metal,0,MIN-PM,1,0,0,0.078878,0.044947,4.0,0.026886,0.052882,0.013221,0.004575,0.033559,capex,85.5,blended_prob,0.011356,0.010874,0.010499,0.010199,0.009953,0.970946,0.929725,0.897703,0.872054,0.850996,4.521424,4.521424,0.052882,2026.934187,85.5,2.565,0.041867,0.0375,0.895693,1.116454,3e-06,21.112107,4.521424,0.239103,,0.052882,0.0,4.521424,0.0,0.239103,0.0,0,0,,0.052882,-0.0,4.521424,-0.0,0.239103,-0.0,0,0,,0.052882,-0.0,4.521424,-0.0,0.239103,-0.0,0,0,0.0620166505549769,0.0091344946663535,5.3024236224505295,0.0725903560876301,0.0197082001990067,6.20647544549238,0.0847663670162478,0.0318842111276244,7.24752437988919,0.0987018991197712,0.0458197432311478,8.439012374740445,0.0528821558886234,0.052882,-0.0,4.521424,0.239103,0.052882,0.0,4.521424,0.239103,0.052882,-0.0,4.521424,0.239103,0.0620166505549769,0.0091344946663535,0.0725903560876301,0.01970820019900671,0.0847663670162478,0.03188421112762441,0.0987018991197712,0.045819743231147805,0,0,0,0,0,0,0,0,0,0,0,0,0,0
8271,Matawinie - Usine de fabrication de produit chimique,Nouveau Monde Graphite inc.,QC,Mining,Critical Mineral,2024,2024,1,923.4,Yes,0.0733256633352582,0.0203116098657797,0.046818636600519,0.0117046591501297,0.0039603168565102,0.0296753087029155,43.23232903691924,43.23232903691924,,,Nouveau Monde Graphite inc.,Matawinie - Usine de fabrication de produit chimique,QC,Private,2024,2024,1,Announced & Planning,Announced & Planning,1,0,923.4,0.799,,,Mining,Critical Mineral,1,MIN-CM,1,0,3,0.073326,0.033842,4.0,0.020312,0.046819,0.011705,0.00396,0.029675,capex,923.4,blended_prob,0.01005,0.009625,0.009296,0.009032,0.008816,9.279717,8.887798,8.583664,8.340332,8.140818,43.232329,43.232329,0.046819,2026.934649,923.4,27.702,0.037065,0.033198,0.895669,1.116484,1e-06,23.847005,43.232329,2.024079,,0.046819,0.0,43.232329,0.0,2.024079,0.0,0,0,,0.046819,-0.0,43.232329,-0.0,2.024079,-0.0,0,0,,0.046819,-0.0,43.232329,-0.0,2.024079,-0.0,0,0,0.0550574084898824,0.0082387718893634,50.84001099955744,0.0646243811382172,0.0178057445376982,59.6741535430298,0.0756777686960218,0.0288591320955028,69.88085161390657,0.0883729277083518,0.0415542911078328,81.60356144589205,0.046818636600519,0.046819,-0.0,43.232329,2.024079,0.046819,0.0,43.232329,2.024079,0.046819,-0.0,43.232329,2.024079,0.0550574084898824,0.008238771889363401,0.0646243811382172,0.017805744537698197,0.0756777686960218,0.028859132095502803,0.0883729277083518,0.0415542911078328,0,0,0,0,0,0,0,0,0,0,0,0,0,0
8295,Iyuhana Solar Energy Facility,"Iyuhana Solar LP a partnership between Greenwood Sustainable Infrastructure (GSI), Saturn Power and Ocean Man First Nation.",SK,Energy,Clean Electricity,2024,2024,1,200.0,Yes,0.9464218417640192,0.2644211345567373,0.6054214881603782,0.1513553720400945,0.0606261045144754,0.3875033347020171,121.08429763207565,121.08429763207565,,,"Iyuhana Solar LP a partnership between Greenwood Sustainable Infrastructure (GSI), Saturn Power and Ocean Man First Nation.",Iyuhana Solar Energy Facility,SK,Private,2024,2024,1,Announced & Planning,Announced & Planning,1,0,200.0,0.49,,,Energy,Clean Electricity,1,EN-CLEL,1,0,1,0.946422,0.50646,4.0,0.264421,0.605421,0.151355,0.060626,0.387503,capex,200.0,blended_prob,0.135345,0.126903,0.119984,0.114131,0.109059,27.068957,25.380626,23.99674,22.826234,21.811741,121.084298,121.084298,0.605421,2026.892068,200.0,6.0,0.480561,0.431504,0.897918,1.113688,0.0,1.839524,121.084298,73.307036,,0.605421,0.0,121.084298,0.0,73.307036,0.0,0,0,,0.605421,-0.0,121.084298,-0.0,73.307036,-0.0,0,0,,0.605421,-0.0,121.084298,-0.0,73.307036,-0.0,0,0,0.6245317514675227,0.0191102633071444,124.90635029350454,0.6442056104520304,0.0387841222916521,128.8411220904061,0.6645477451478414,0.0591262569874632,132.9095490295683,0.6856223201972715,0.0802008320368933,137.1244640394543,0.6054214881603782,0.605421,-0.0,121.084298,73.307036,0.605421,0.0,121.084298,73.307036,0.605421,-0.0,121.084298,73.307036,0.6245317514675227,0.019110263307144493,0.6442056104520304,0.03878412229165218,0.6645477451478414,0.05912625698746321,0.6856223201972715,0.08020083203689332,0,0,0,0,0,0,0,0,0,0,0,0,0,0
8306,Wheeler River - Gryphon,Denison Mines Corp.,SK,Mining,Other,2024,2024,1,737.4,No,0.2983340738645373,0.0453558749598564,0.1718449744121969,0.0429612436030492,0.0166432379878757,0.1097642798424684,126.718484131554,126.718484131554,,,Denison Mines Corp.,Wheeler River - Gryphon,SK,Private,2024,2024,1,In Review,In Review,1,0,737.4,0.753,57.53,-105.41,Mining,Other,0,MIN-OTH,1,0,3,0.298334,0.07655,4.0,0.045356,0.171845,0.042961,0.016643,0.109764,capex,737.4,blended_prob,0.037226,0.035485,0.034108,0.032984,0.032042,27.450632,26.166535,25.151229,24.32228,23.627808,126.718484,126.718484,0.171845,2026.92511,737.4,22.122,0.136126,0.121993,0.896173,1.115856,0.0,6.493386,126.718484,21.775935,,0.171845,0.0,126.718484,0.0,21.775935,0.0,0,0,,0.171845,-0.0,126.718484,-0.0,21.775935,-0.0,0,0,,0.171845,-0.0,126.718484,-0.0,21.775935,-0.0,0,0,0.1951199839482899,0.023275009536093,143.88147616346905,0.2200267334686985,0.0481817590565016,162.24771325981834,0.246319059183769,0.0744740847715721,181.6356742421113,0.2736932607535364,0.1018482863413395,201.82141047965777,0.1718449744121969,0.171845,-0.0,126.718484,21.775935,0.171845,0.0,126.718484,21.775935,0.171845,-0.0,126.718484,21.775935,0.1951199839482899,0.02327500953609299,0.2200267334686985,0.0481817590565016,0.246319059183769,0.07447408477157211,0.2736932607535364,0.1018482863413395,0,0,0,0,0,0,0,0,0,0,0,0,0,0
8307,Carbonity biochar plant,"Groupe Remabec, Airex Energie and SUEZ",QC,Forest,Waste Biomass,2024,2024,1,80.0,Yes,0.2213331740252227,0.0799274960024287,0.1506303350138257,0.0376575837534564,0.0144911826447433,0.0961746740661927,12.050426801106056,12.050426801106056,,,"Groupe Remabec, Airex Energie and SUEZ",Carbonity biochar plant,QC,Private,2024,2024,1,Announced & Planning,Announced & Planning,1,0,80.0,0.304,,,Forest,Waste Biomass,1,FOR-OTH,1,1,0,0.221333,0.137382,4.0,0.079927,0.15063,0.037658,0.014491,0.096175,capex,80.0,blended_prob,0.03258,0.031081,0.029899,0.028937,0.028133,2.606392,2.486475,2.391925,2.314958,2.250675,12.050427,12.050427,0.15063,2026.926729,80.0,2.4,0.119309,0.106912,0.896088,1.115962,-2e-06,7.408616,12.050427,1.81516,,0.15063,0.0,12.050427,0.0,1.81516,0.0,0,0,,0.15063,-0.0,12.050427,-0.0,1.81516,-0.0,0,0,,0.15063,-0.0,12.050427,-0.0,1.81516,-0.0,0,0,0.1727002797971975,0.0220699447833718,13.816022383775802,0.1970076361131187,0.046377301099293,15.7606108890495,0.2234886488762981,0.0728583138624724,17.879091910103853,0.2520057653829177,0.101375430369092,20.160461230633416,0.1506303350138257,0.15063,-0.0,12.050427,1.81516,0.15063,0.0,12.050427,1.81516,0.15063,-0.0,12.050427,1.81516,0.1727002797971975,0.022069944783371792,0.1970076361131187,0.046377301099293,0.2234886488762981,0.0728583138624724,0.2520057653829177,0.101375430369092,0,0,0,0,0,0,0,0,0,0,0,0,0,0
8308,Carbonity biochar plant,"Groupe Remabec, Airex Energie and SUEZ",QC,Forest,Waste Biomass,2024,2024,1,80.0,Yes,0.2213331740252227,0.0799274960024287,0.1506303350138257,0.0376575837534564,0.0144911826447433,0.0961746740661927,12.050426801106056,12.050426801106056,,,"Groupe Remabec, Airex Energie and SUEZ",Carbonity biochar plant,QC,Private,2024,2024,1,Announced & Planning,Announced & Planning,1,0,80.0,0.304,,,Forest,Waste Biomass,1,FOR-OTH,1,1,0,0.221333,0.137382,4.0,0.079927,0.15063,0.037658,0.014491,0.096175,capex,80.0,blended_prob,0.03258,0.031081,0.029899,0.028937,0.028133,2.606392,2.486475,2.391925,2.314958,2.250675,12.050427,12.050427,0.15063,2026.926729,80.0,2.4,0.119309,0.106912,0.896088,1.115962,-2e-06,7.408616,12.050427,1.81516,,0.15063,0.0,12.050427,0.0,1.81516,0.0,0,0,,0.15063,-0.0,12.050427,-0.0,1.81516,-0.0,0,0,,0.15063,-0.0,12.050427,-0.0,1.81516,-0.0,0,0,0.1727002797971975,0.0220699447833718,13.816022383775802,0.1970076361131187,0.046377301099293,15.7606108890495,0.2234886488762981,0.0728583138624724,17.879091910103853,0.2520057653829177,0.101375430369092,20.160461230633416,0.1506303350138257,0.15063,-0.0,12.050427,1.81516,0.15063,0.0,12.050427,1.81516,0.15063,-0.0,12.050427,1.81516,0.1727002797971975,0.022069944783371792,0.1970076361131187,0.046377301099293,0.2234886488762981,0.0728583138624724,0.2520057653829177,0.101375430369092,0,0,0,0,0,0,0,0,0,0,0,0,0,0
8309,Structural Truss Fort Macleod plant,Structural Truss,AB,Forest,Other,2024,2024,1,28.5,Yes,0.5823477704898306,0.5927376000016882,0.5875426852457594,0.1468856713114398,0.0588124430791473,0.3760505883791146,16.74496652950414,16.74496652950414,,,Structural Truss,Structural Truss Fort Macleod plant,AB,Private,2024,2024,1,Announced & Planning,Announced & Planning,1,0,28.5,0.142,,,Forest,Other,1,FOR-OTH,1,0,0,0.582348,1.481458,4.0,0.592738,0.587543,0.146886,0.058812,0.376051,capex,28.5,blended_prob,0.131179,0.123081,0.116449,0.110844,0.10599,3.738599,3.507802,3.318795,3.159059,3.020711,16.744967,16.744967,0.587543,2026.89343,28.5,0.855,0.46633,0.418693,0.897846,1.113777,-2e-06,1.895652,16.744967,9.838383,,0.587543,0.0,16.744967,0.0,9.838383,0.0,0,0,,0.587543,-0.0,16.744967,-0.0,9.838383,-0.0,0,0,,0.587543,-0.0,16.744967,-0.0,9.838383,-0.0,0,0,0.6328887029255679,0.0453460176798085,18.03732803337868,0.6771400800317438,0.0895973947859843,19.298492280904693,0.7196387898216452,0.1320961045758858,20.509705509916884,0.7597754459842891,0.1722327607385297,21.65360021055224,0.5875426852457594,0.587543,-0.0,16.744967,9.838383,0.587543,0.0,16.744967,9.838383,0.587543,-0.0,16.744967,9.838383,0.6328887029255679,0.045346017679808504,0.6771400800317438,0.08959739478598439,0.7196387898216452,0.13209610457588583,0.7597754459842891,0.17223276073852978,0,0,0,0,0,0,0,0,0,0,0,0,0,0
8310,Kalesnikoff West Kootenays,Kalesnikoff,BC,Forest,Other,2024,2024,1,34.0,Yes,0.0932373746556017,0.063085294460126,0.0781613345578638,0.0195403336394659,0.0071397826650343,0.049752713800732,2.657485374967369,2.657485374967369,,,Kalesnikoff,Kalesnikoff West Kootenays,BC,Private,2024,2024,1,Announced & Planning,Announced & Planning,1,0,34.0,0.156,,,Forest,Other,1,FOR-OTH,1,0,0,0.093237,0.107466,4.0,0.063085,0.078161,0.01954,0.00714,0.049753,capex,34.0,blended_prob,0.016816,0.016086,0.015517,0.01506,0.014682,0.571739,0.54694,0.527595,0.512028,0.499183,2.657485,2.657485,0.078161,2026.932258,34.0,1.02,0.061888,0.055439,0.895795,1.116327,3e-06,14.282338,2.657485,0.207713,,0.078161,0.0,2.657485,0.0,0.207713,0.0,0,0,,0.078161,-0.0,2.657485,-0.0,0.207713,-0.0,0,0,,0.078161,-0.0,2.657485,-0.0,0.207713,-0.0,0,0,0.0907615719655321,0.0126002374076683,3.0858934468280936,0.1052024969481514,0.0270411623902876,3.5768848962371504,0.1216651009509825,0.0435037663931187,4.136613432333405,0.1403157321747121,0.0621543976168483,4.770734893940213,0.0781613345578638,0.078161,-0.0,2.657485,0.207713,0.078161,0.0,2.657485,0.207713,0.078161,-0.0,2.657485,0.207713,0.0907615719655321,0.012600237407668302,0.1052024969481514,0.0270411623902876,0.1216651009509825,0.043503766393118704,0.1403157321747121,0.06215439761684831,0,0,0,0,0,0,0,0,0,0,0,0,0,0
8319,Covenant Energy Renewable Diesel Facility,Covenant Energy Ltd.,SK,Energy,Low Carbon Fuels,2024,2024,1,920.0,Yes,0.7292048086895159,0.0676719572538332,0.3984383829716745,0.0996095957429186,0.0396293253991212,0.2549147599426532,366.5633123339406,366.5633123339406,,,Covenant Energy Ltd.,Covenant Energy Renewable Diesel Facility,SK,Private,2024,2024,1,Announced & Planning,Announced & Planning,1,0,920.0,0.798,53.29464,-109.983713,Energy,Low Carbon Fuels,1,EN-LCF,1,1,3,0.729205,0.115559,4.0,0.067672,0.398438,0.09961,0.039629,0.254915,capex,920.0,blended_prob,0.08775,0.082927,0.079026,0.075765,0.07297,80.730144,76.293243,72.703538,69.703903,67.132485,366.563312,366.563312,0.398438,2026.907834,920.0,27.6,0.315958,0.283441,0.897086,1.11472,-0.0,2.797724,366.563312,146.052893,,0.398438,0.0,366.563312,0.0,146.052893,0.0,0,0,,0.398438,-0.0,366.563312,-0.0,146.052893,-0.0,0,0,,0.398438,-0.0,366.563312,-0.0,146.052893,-0.0,0,0,0.4204672334437724,0.0220288504720979,386.82985476827065,0.4413552881287885,0.0429169051571139,406.04686507848544,0.4611434938020499,0.0627051108303754,424.252014297886,0.4799327672661218,0.0814943842944473,441.53814588483215,0.3984383829716745,0.398438,-0.0,366.563312,146.052893,0.398438,0.0,366.563312,146.052893,0.398438,-0.0,366.563312,146.052893,0.4204672334437724,0.022028850472097905,0.4413552881287885,0.042916905157113994,0.4611434938020499,0.06270511083037539,0.4799327672661218,0.08149438429444728,0,0,0,0,0,0,0,0,0,0,0,0,0,0
8322,Voisey's Bay Wind Energy Project,Envest,NL,Energy,Clean Electricity,2024,2024,1,77.6,Yes,0.7650794951627578,0.179377359296654,0.4722284272297058,0.1180571068074264,0.0471147346975544,0.3021829502168452,36.64492595302517,36.64492595302517,,,Envest,Voisey's Bay Wind Energy Project,NL,Private,2024,2024,1,Announced & Planning,Announced & Planning,1,0,77.6,0.3,,,Energy,Clean Electricity,1,EN-CLEL,1,0,0,0.765079,0.32603,4.0,0.179377,0.472228,0.118057,0.047115,0.302183,capex,77.6,blended_prob,0.104559,0.098535,0.093636,0.089521,0.085977,8.113775,7.646351,7.266154,6.946837,6.671809,36.644926,36.644926,0.472228,2026.902212,77.6,2.328,0.374603,0.336162,0.897383,1.114352,1e-06,2.359773,36.644926,17.304776,,0.472228,0.0,36.644926,0.0,17.304776,0.0,0,0,,0.472228,-0.0,36.644926,-0.0,17.304776,-0.0,0,0,,0.472228,-0.0,36.644926,-0.0,17.304776,-0.0,0,0,0.4988953640029882,0.0266669367732823,38.71428024663189,0.5249626709195363,0.0527342436898304,40.73710326335602,0.5505328317769949,0.078304404547289,42.7213477458948,0.575740579060501,0.1035121518307952,44.677468935094886,0.4722284272297058,0.472228,-0.0,36.644926,17.304776,0.472228,0.0,36.644926,17.304776,0.472228,-0.0,36.644926,17.304776,0.4988953640029882,0.026666936773282357,0.5249626709195363,0.052734243689830484,0.5505328317769949,0.07830440454728904,0.575740579060501,0.10351215183079521,0,0,0,0,0,0,0,0,1,0,1,0,1,0
8323,The Seven Stars Energy Project (the Project),Enbridge and Six Nations Energy Development LP,SK,Energy,Clean Electricity,2024,2024,1,100.0,Yes,0.9464218417640192,0.300169359873512,0.6232956008187656,0.1558239002046914,0.0624392901608544,0.3989530765556011,62.32956008187656,62.32956008187656,,,Enbridge and Six Nations Energy Development LP,The Seven Stars Energy Project (the Project),SK,Private,2024,2024,1,Announced & Planning,Announced & Planning,1,0,100.0,0.342,,,Energy,Clean Electricity,1,EN-CLEL,1,0,1,0.946422,0.588622,4.0,0.300169,0.623296,0.155824,0.062439,0.398953,capex,100.0,blended_prob,0.13952,0.130729,0.123517,0.117412,0.112118,13.951994,13.072895,12.351691,11.741217,11.211763,62.32956,62.32956,0.623296,2026.890708,100.0,3.0,0.49479,0.444316,0.89799,1.113599,-0.0,1.78663,62.32956,38.849741,,0.623296,0.0,62.32956,0.0,38.849741,0.0,0,0,,0.623296,-0.0,62.32956,-0.0,38.849741,-0.0,0,0,,0.623296,-0.0,62.32956,-0.0,38.849741,-0.0,0,0,0.6439104910976652,0.0206148902788996,64.39104910976651,0.6650925078148708,0.0417969069961052,66.50925078148708,0.68691076108973,0.0636151602709644,68.69107610897301,0.7093858248452636,0.086090224026498,70.93858248452636,0.6232956008187656,0.623296,-0.0,62.32956,38.849741,0.623296,0.0,62.32956,38.849741,0.623296,-0.0,62.32956,38.849741,0.6439104910976652,0.020614890278899622,0.6650925078148708,0.041796906996105276,0.68691076108973,0.06361516027096448,0.7093858248452636,0.08609022402649802,0,0,0,0,0,0,0,0,0,0,0,0,0,0
8324,Hydroelectric refurbishment in Eastern Ontario,Ontario Power Generation,ON,Energy,Clean Electricity,2024,2024,1,1000.0,Yes,0.9588569080591604,0.3022681331458376,0.6305625206024991,0.1576406301506247,0.0631764610010007,0.4036080967618997,630.5625206024991,630.5625206024991,,,Ontario Power Generation,Hydroelectric refurbishment in Eastern Ontario,ON,Public,2024,2024,1,Announced & Planning,Announced & Planning,1,0,1000.0,0.805,,,Energy,Clean Electricity,1,EN-CLEL,0,0,3,0.958857,0.593575,4.0,0.302268,0.630563,0.157641,0.063176,0.403608,capex,1000.0,blended_prob,0.14122,0.132286,0.124953,0.118745,0.113359,141.220363,132.285662,124.95319,118.744638,113.358667,630.562521,630.562521,0.630563,2026.890155,1000.0,30.0,0.500576,0.449527,0.898019,1.113562,-0.0,1.765982,630.562521,397.609092,,0.630563,0.0,630.562521,0.0,397.609092,0.0,0,0,,0.630563,-0.0,630.562521,-0.0,397.609092,-0.0,0,0,,0.630563,-0.0,630.562521,-0.0,397.609092,-0.0,0,0,0.6502832092374035,0.0197206886349043,650.2832092374035,0.6707122332903771,0.040149712687878,670.7122332903772,0.691899429888849,0.0613369092863499,691.8994298888491,0.7138464979118893,0.0832839773093901,713.8464979118893,0.6305625206024991,0.630563,-0.0,630.562521,397.609092,0.630563,0.0,630.562521,397.609092,0.630563,-0.0,630.562521,397.609092,0.6502832092374035,0.019720688634904393,0.6707122332903771,0.040149712687878036,0.691899429888849,0.06133690928634994,0.7138464979118893,0.08328397730939019,0,0,0,0,0,0,0,0,0,0,0,0,0,0
8325,Porcupine TS upgrade,Hydro One,ON,Energy,Trans & Distr,2024,2024,1,80.0,No,0.7674460416048275,0.3869581207016954,0.5772020811532614,0.1443005202883153,0.0577634715708131,0.3694266373202821,46.176166492260926,46.176166492260926,,,Hydro One,Porcupine TS upgrade,ON,Public,2024,2024,1,Announced & Planning,Announced & Planning,1,0,80.0,0.304,,,Energy,Trans & Distr,0,EN-T&D,0,0,0,0.767446,0.806982,4.0,0.386958,0.577202,0.144301,0.057763,0.369427,capex,80.0,blended_prob,0.128774,0.120872,0.114404,0.108941,0.104211,10.301939,9.669766,9.152339,8.71526,8.336862,46.176166,46.176166,0.577202,2026.894217,80.0,2.4,0.458101,0.411285,0.897805,1.113828,1e-06,1.929702,46.176166,26.652979,,0.577202,0.0,46.176166,0.0,26.652979,0.0,0,0,,0.577202,-0.0,46.176166,-0.0,26.652979,-0.0,0,0,,0.577202,-0.0,46.176166,-0.0,26.652979,-0.0,0,0,0.6124245501376174,0.0352224689843559,48.9939640110094,0.6470681661482314,0.0698660849949699,51.76545329185852,0.6810410681025092,0.1038389869492477,54.483285448200746,0.7142406544907889,0.1370385733375274,57.13925235926312,0.5772020811532614,0.577202,-0.0,46.176166,26.652979,0.577202,0.0,46.176166,26.652979,0.577202,-0.0,46.176166,26.652979,0.6124245501376174,0.03522246898435599,0.6470681661482314,0.06986608499496993,0.6810410681025092,0.10383898694924776,0.7142406544907889,0.13703857333752745,0,0,0,0,0,0,0,0,0,0,0,0,0,0
8326,R44H Radisson to Henday 230 kV T-Line,Manitoba Hydro,MB,Energy,Trans & Distr,2024,2024,1,106.82105934,No,0.9585036935431476,0.2645472559381454,0.6115254747406464,0.1528813686851616,0.0612453050904458,0.3914134068805661,65.32379902519227,65.32379902519227,,,Manitoba Hydro,R44H Radisson to Henday 230 kV T-Line,MB,Public,2024,2024,1,In Review,In Review,1,0,106.821059,0.367,,,Energy,Trans & Distr,0,EN-T&D,1,0,1,0.958504,0.506743,4.0,0.264547,0.611525,0.152881,0.061245,0.391413,capex,106.821059,blended_prob,0.136769,0.128209,0.12119,0.115252,0.110104,14.609855,13.695436,12.945682,12.311362,11.761463,65.323799,65.323799,0.611525,2026.891604,106.821059,3.204632,0.48542,0.435879,0.897942,1.113657,-0.0,1.821113,65.323799,39.947167,,0.611525,0.0,65.323799,0.0,39.947167,0.0,0,0,,0.611525,-0.0,65.323799,-0.0,39.947167,-0.0,0,0,,0.611525,-0.0,65.323799,-0.0,39.947167,-0.0,0,0,0.6296908637290739,0.0181653889884274,67.26424512025926,0.6485579424033712,0.0370324676627247,69.27964645089882,0.6682147983541793,0.0566893236135328,71.37941262685793,0.6887097857215532,0.0771843109809067,73.56870888860072,0.6115254747406464,0.611525,-0.0,65.323799,39.947167,0.611525,0.0,65.323799,39.947167,0.611525,-0.0,65.323799,39.947167,0.6296908637290739,0.018165388988427456,0.6485579424033712,0.03703246766272472,0.6682147983541793,0.05668932361353285,0.6887097857215532,0.07718431098090672,0,0,0,0,0,0,0,0,0,0,0,0,0,0
8330,Adaptive Phased Management Deep Geological Repository,Nuclear Waste Management Organization,ON,Energy,Nuclear,2024,2024,1,26000.0,Yes,0.9191656937685146,0.065778044637333,0.4924718692029238,0.1231179673007309,0.0491682698363699,0.3151504294563023,12804.268599276018,12804.268599276018,,,Nuclear Waste Management Organization,Adaptive Phased Management Deep Geological Repository,ON,Private,2024,2024,1,Announced & Planning,Announced & Planning,1,0,26000.0,0.996,,,Energy,Nuclear,1,EN-NUC,1,1,4,0.919166,0.112213,4.0,0.065778,0.492472,0.123118,0.049168,0.31515,capex,26000.0,blended_prob,0.109201,0.102831,0.097643,0.09328,0.089518,2839.224888,2673.60118,2538.706973,2425.272907,2327.462651,12804.268599,12804.268599,0.492472,2026.90067,26000.0,780.0,0.390698,0.350638,0.897464,1.114251,-0.0,2.262567,12804.268599,6305.742091,,0.492472,0.0,12804.268599,0.0,6305.742091,0.0,0,0,,0.492472,-0.0,12804.268599,-0.0,6305.742091,-0.0,0,0,,0.492472,-0.0,12804.268599,-0.0,6305.742091,-0.0,0,0,0.503125178568626,0.0106533093657022,13081.254642784275,0.5133308213403075,0.0208589521373837,13346.601354847997,0.5232696586024379,0.0307977893995141,13605.011123663386,0.5331165182807311,0.0406446490778073,13861.02947529901,0.4924718692029238,0.492472,-0.0,12804.268599,6305.742091,0.492472,0.0,12804.268599,6305.742091,0.492472,-0.0,12804.268599,6305.742091,0.503125178568626,0.010653309365702246,0.5133308213403075,0.0208589521373837,0.5232696586024379,0.03079778939951411,0.5331165182807311,0.04064464907780735,0,0,0,0,0,0,1,0,1,0,1,0,1,0
8331,Lynn Lake (MacLellan 2),Alamos Gold Inc.,MB,Mining,Precious Metal,2024,2024,1,260.598,No,0.6465132259962451,0.0595404572536096,0.3530268416249273,0.0882567104062318,0.0350226880502606,0.2258251801950606,91.9980888737728,91.9980888737728,,,Alamos Gold Inc.,Lynn Lake (MacLellan 2),MB,Private,2024,2024,1,In Review,In Review,1,0,260.598,0.554,56.8931,-100.9514,Mining,Precious Metal,0,MIN-PM,1,0,2,0.646513,0.101238,4.0,0.05954,0.353027,0.088257,0.035023,0.225825,capex,260.598,blended_prob,0.077493,0.073361,0.07003,0.067256,0.064887,20.194491,19.117605,18.249594,17.526895,16.909504,91.998089,91.998089,0.353027,2026.911295,260.598,7.81794,0.279887,0.251032,0.896903,1.114948,0.0,3.158252,91.998089,32.477795,,0.353027,0.0,91.998089,0.0,32.477795,0.0,0,0,,0.353027,-0.0,91.998089,-0.0,32.477795,-0.0,0,0,,0.353027,-0.0,91.998089,-0.0,32.477795,-0.0,0,0,0.3776475789226577,0.0246207372977304,98.41420377208676,0.4013276180181304,0.0483007763932031,104.58517460028874,0.4239552539416225,0.0709284123166952,110.48189126667891,0.4454989666761249,0.0924721250511975,116.09613971786476,0.3530268416249273,0.353027,-0.0,91.998089,32.477795,0.353027,0.0,91.998089,32.477795,0.353027,-0.0,91.998089,32.477795,0.3776475789226577,0.0246207372977304,0.4013276180181304,0.04830077639320307,0.4239552539416225,0.07092841231669517,0.4454989666761249,0.09247212505119756,0,0,0,0,0,0,0,0,0,0,0,0,0,0
9997,Project Radius,Radius RNG LP,ON,Energy,Low Carbon Fuels,2024,2024,1,165.0,Yes,0.8088055449200657,0.3133431344799662,0.561074339700016,0.140268584925004,0.0561274413034412,0.359095580341386,92.57726605050264,92.57726605050264,,,Radius RNG LP,Project Radius,ON,Private,2024,2024,1,In Review,In Review,1,0,165.0,0.46,42.829077,-80.047302,Energy,Low Carbon Fuels,1,EN-LCF,1,0,1,0.808806,0.619962,4.0,0.313343,0.561074,0.140269,0.056127,0.359096,capex,165.0,blended_prob,0.125031,0.11743,0.111215,0.105969,0.10143,20.630064,19.375996,18.350445,17.484825,16.735936,92.577266,92.577266,0.561074,2026.895445,165.0,4.95,0.445267,0.399734,0.89774,1.113908,0.0,1.985314,92.577266,51.942728,,0.561074,0.0,92.577266,0.0,51.942728,0.0,0,0,,0.561074,-0.0,92.577266,-0.0,51.942728,-0.0,0,0,,0.561074,-0.0,92.577266,-0.0,51.942728,-0.0,0,0,0.5915021752458391,0.0304278355458231,97.59785891556348,0.621558900707601,0.060484561007585,102.55721861675418,0.6512955132140814,0.0902211735140654,107.46375968032343,0.6807473116512948,0.1196729719512788,112.32330642246366,0.561074339700016,0.561074,-0.0,92.577266,51.942728,0.561074,0.0,92.577266,51.942728,0.561074,-0.0,92.577266,51.942728,0.5915021752458391,0.03042783554582318,0.621558900707601,0.060484561007585036,0.6512955132140814,0.09022117351406544,0.6807473116512948,0.1196729719512788,0,0,0,0,0,0,0,0,0,0,0,0,0,0
9998,Project Perimeter,Northeast Renewables LP,AB,Energy,Low Carbon Fuels,2024,2024,1,135.0,Yes,0.8832728405293713,0.2999632496957569,0.5916180451125641,0.147904511278141,0.0592258557142552,0.3786611693532405,79.86843609019617,79.86843609019617,,,Northeast Renewables LP,Project Perimeter,AB,Private,2024,2024,1,Announced & Planning,Announced & Planning,1,0,135.0,0.419,50.081321,-110.727736,Energy,Low Carbon Fuels,1,EN-LCF,1,0,1,0.883273,0.588136,4.0,0.299963,0.591618,0.147905,0.059226,0.378661,capex,135.0,blended_prob,0.132128,0.123952,0.117255,0.111594,0.10669,17.837224,16.733474,15.829387,15.065174,14.403176,79.868436,79.868436,0.591618,2026.893119,135.0,4.05,0.469574,0.421613,0.897862,1.113756,0.0,1.88256,79.868436,47.251608,,0.591618,0.0,79.868436,0.0,47.251608,0.0,0,0,,0.591618,-0.0,79.868436,-0.0,47.251608,-0.0,0,0,,0.591618,-0.0,79.868436,-0.0,47.251608,-0.0,0,0,0.6168429907526548,0.0252249456400907,83.27380375160841,0.6420661996030408,0.0504481544904766,86.67893694641053,0.6673945392272238,0.0757764941146597,90.09826279567524,0.6928950312657451,0.101276986153181,93.5408292208756,0.5916180451125641,0.591618,-0.0,79.868436,47.251608,0.591618,0.0,79.868436,47.251608,0.591618,-0.0,79.868436,47.251608,0.6168429907526548,0.0252249456400907,0.6420661996030408,0.05044815449047668,0.6673945392272238,0.0757764941146597,0.6928950312657451,0.10127698615318104,0,0,0,0,0,0,0,0,0,0,0,0,0,0
9999,Project Boundary,Northeast Renewables LP,SK,Energy,Low Carbon Fuels,2024,2024,1,100.0,Yes,0.8278420988886191,0.300169359873512,0.5640057293810656,0.1410014323452664,0.0564248073207203,0.3609733605569275,56.40057293810656,56.40057293810656,,,Northeast Renewables LP,Project Boundary,SK,Private,2024,2024,1,Announced & Planning,Announced & Planning,1,0,100.0,0.342,51.852112,-104.861877,Energy,Low Carbon Fuels,1,EN-LCF,1,0,1,0.827842,0.588622,4.0,0.300169,0.564006,0.141001,0.056425,0.360973,capex,100.0,blended_prob,0.12571,0.118056,0.111795,0.106509,0.101936,12.571049,11.805559,11.179457,10.650916,10.193592,56.400573,56.400573,0.564006,2026.895222,100.0,3.0,0.447599,0.401833,0.897752,1.113894,-0.0,1.974969,56.400573,31.810246,,0.564006,0.0,56.400573,0.0,31.810246,0.0,0,0,,0.564006,-0.0,56.400573,-0.0,31.810246,-0.0,0,0,,0.564006,-0.0,56.400573,-0.0,31.810246,-0.0,0,0,0.5927986155600276,0.0287928861789619,59.27986155600276,0.6212907538736079,0.0572850244925422,62.12907538736079,0.6495653480337007,0.085559618652635,64.95653480337008,0.6776849120812092,0.1136791827001435,67.76849120812092,0.5640057293810656,0.564006,-0.0,56.400573,31.810246,0.564006,0.0,56.400573,31.810246,0.564006,-0.0,56.400573,31.810246,0.5927986155600276,0.02879288617896192,0.6212907538736079,0.05728502449254225,0.6495653480337007,0.08555961865263506,0.6776849120812092,0.11367918270014354,0,0,0,0,0,0,0,0,0,0,0,0,0,0
