Unique ID,company,project,province,group,sector,reporting_years,_cost_quintile_bayes,cost_percentile,cleantech,greenfield_flag,FOAK_flag,indigenous_flag_overlay,mpo_flag,overlay_mode,p_bayes,risk_score,risk_score_adj,p_cox_engine,blended_engine,t0_orig,t0_adj,delta_t,knot_before,knot_after,knot_changed,p_cox_cond_status,p_cox_cond_overlay,delta_p_cox_cond,blended_status,blended_overlay,delta_blended,years_remaining_status,years_remaining_overlay,priority_index_status,priority_index_overlay,delta_priority_index,EV_status,EV_overlay,delta_EV
0,"Bighorn Mining, LTD",Vista Coal Project (Expansion Projects),AB,Coal,Mining,7,3,0.789,No,0,0,1,0,indigenous_only,0.11003506116006967,0.10838778468360935,0.11922656315197029,0.06360889015471727,0.08682197565739347,7.0,6.0,-1.0,4,4,0,0.0,0.0,0.0,0.055017530580034835,0.055017530580034835,0.0,0.25,0.25,0.22007012232013934,0.22007012232013934,0.0,47.86525160463031,47.86525160463031,0.0
10,Aeolis Wind Power Corporation,Hackney Hills Wind Park,BC,Clean Electricity,Energy,8,3,0.786,Yes,1,0,1,0,indigenous_only,0.08838234053081312,0.02980789939802619,0.03278868933782881,0.017911962526406477,0.0531471515286098,8.0,7.0,-1.0,4,4,0,0.0,0.0,0.0,0.04419117026540656,0.04419117026540656,0.0,0.25,0.25,0.17676468106162624,0.17676468106162624,0.0,37.56249472559558,37.56249472559558,0.0
21,Champion Iron Limited,Kamistiatusset (Kami),NL,Base Metal,Mining,8,4,0.935,No,1,0,1,0,indigenous_only,0.5399585826883788,0.03377117165455998,0.03714828882001598,0.02026925391162393,0.2801139183000014,8.0,7.0,-1.0,4,4,0,0.0,0.0,0.0,0.2699792913441894,0.2699792913441894,0.0,0.25,0.25,1.0799171653767576,1.0799171653767576,0.0,1043.199981753948,1043.199981753948,0.0
22,Kinross Gold Corp. (formerly Rockcliff Metals Corp.),Snow Lake,MB,Critical Mineral,Mining,4,1,0.339,Yes,1,0,1,0,indigenous_only,0.45145670696158474,0.1541065638377653,0.16951722022154184,0.0892110571025716,0.2703338820320782,4.0,3.0,-1.0,4,3,1,0.04206080186356109,0.0689282581331282,0.026867456269567103,0.24675875441257292,0.2601924825473565,0.013433728134783579,1.0,2.0,0.24675875441257292,0.13009624127367825,-0.11666251313889467,23.713516299048255,25.004497572800958,1.2909812737527027
76,Blue Fuel Energy Corp.,Clean Methanol Plant,BC,Low Carbon Fuels,Energy,8,4,0.912,Yes,1,1,1,0,indigenous_only,0.020677221811845503,0.008182399040993448,0.009000638945092794,0.004949193195443069,0.012813207503644286,8.0,7.0,-1.0,4,4,0,0.0,0.0,0.0,0.010338610905922752,0.010338610905922752,0.0,0.25,0.25,0.041354443623691006,0.041354443623691006,0.0,25.84652726480688,25.84652726480688,0.0
88,"Canadian Kailuan Dehua Mines Co., Ltd.",Gething Coal Project,BC,Coal,Mining,6,4,0.853,No,1,0,1,0,indigenous_only,0.002064828467243427,0.005497878083998032,0.006047665892397836,0.003328143793318361,0.0026964861302808943,6.0,5.0,-1.0,4,4,0,0.0,0.0,0.0,0.0010324142336217135,0.0010324142336217135,0.0,0.25,0.25,0.004129656934486854,0.004129656934486854,0.0,1.4040833577255303,1.4040833577255303,0.0
89,Canadian Natural Resources Limited,Grouse,AB,Oil & Gas - Upstream,Energy,8,4,0.868,No,1,0,1,0,indigenous_only,0.8121271970440334,0.30462782353914203,0.3350906058930563,0.16865813931701368,0.4903926681805235,8.0,7.0,-1.0,4,4,0,0.0,0.0,0.0,0.4060635985220167,0.4060635985220167,0.0,0.25,0.25,1.6242543940880667,1.6242543940880667,0.0,621.2773057386855,621.2773057386855,0.0
92,NorZinc,Prairie Creek,NT,Critical Mineral,Mining,8,2,0.667,Yes,1,0,1,0,indigenous_only,0.11626655535801105,0.11043902161393059,0.12148292377532366,0.06477283856015248,0.09051969695908177,8.0,7.0,-1.0,4,4,0,0.0,0.0,0.0,0.05813327767900552,0.05813327767900552,0.0,0.25,0.25,0.2325331107160221,0.2325331107160221,0.0,27.555173619848617,27.555173619848617,0.0
94,Canagold Resources Ltd.,New Polaris Gold Mine,BC,Other,Mining,5,1,0.433,No,1,0,1,0,indigenous_only,0.012423810264122146,0.008423253679931263,0.00926557904792439,0.005094504444851156,0.008759157354486652,5.0,4.0,-1.0,4,4,0,0.0,0.002580273182337778,0.002580273182337778,0.006211905132061073,0.007502041723229962,0.001290136591168889,0.25,1.0,0.024847620528244293,0.007502041723229962,-0.01734557880501433,0.8926507674771762,1.0780433956281454,0.18539262815096924
98,Kutcho Copper Corp.,Kutcho Creek,BC,Critical Mineral,Mining,7,2,0.674,Yes,1,0,1,0,indigenous_only,0.00519383456342403,0.0080684789467381,0.00887532684141191,0.004880456085245677,0.005037145324334854,7.0,6.0,-1.0,4,4,0,0.0,0.0,0.0,0.002596917281712015,0.002596917281712015,0.0,0.25,0.25,0.01038766912684806,0.01038766912684806,0.0,1.2543110470669032,1.2543110470669032,0.0
100,Alamos Gold Inc.,Lynn Lake (Gordon site),MB,Precious Metal,Mining,7,2,0.651,No,1,0,1,0,indigenous_only,0.4589644562185186,0.09173837853190975,0.10091221638510073,0.054107639617806846,0.25653604791816276,7.0,6.0,-1.0,4,4,0,0.0,0.0,0.0,0.2294822281092593,0.2294822281092593,0.0,0.25,0.25,0.9179289124370372,0.9179289124370372,0.0,99.6710161346946,99.6710161346946,0.0
114,NWP Coal Canada Ltd.,Crown Mountain Coal Project,BC,Coal,Mining,8,2,0.665,No,1,0,1,0,indigenous_only,0.002610153277558395,0.006654755437089577,0.007320230980798536,0.0040270483565761905,0.003318600817067293,8.0,7.0,-1.0,4,4,0,0.0,0.0,0.0,0.0013050766387791976,0.0013050766387791976,0.0,0.25,0.25,0.00522030655511679,0.00522030655511679,0.0,0.6107758669486645,0.6107758669486645,0.0
126,Connacher Oil & Gas Ltd.,Great Divide,AB,Oil & Gas - Upstream,Energy,8,3,0.714,No,1,0,1,0,indigenous_only,0.8438338844647565,0.3562109933940591,0.39183209273346503,0.19425838479597346,0.519046134630365,8.0,7.0,-1.0,4,4,0,0.0,0.0,0.0,0.42191694223237824,0.42191694223237824,0.0,0.25,0.25,1.687667768929513,1.687667768929513,0.0,253.15016533942693,253.15016533942693,0.0
130,Corporation Lithium Elements Critiques,Rose Lithium-Tantalum Mine,QC,Critical Mineral,Mining,8,3,0.728,Yes,1,0,1,0,indigenous_only,0.01814049977337084,0.03637339144519333,0.04001073058971267,0.0218139349066806,0.01997721734002572,8.0,7.0,-1.0,4,4,0,0.0,0.0,0.0,0.00907024988668542,0.00907024988668542,0.0,0.25,0.25,0.03628099954674168,0.03628099954674168,0.0,5.533759455866775,5.533759455866775,0.0
140,Canadian Natural Resources Limited,Pike (Formely Kirby),AB,Oil & Gas - Upstream,Energy,8,4,0.967,No,1,0,1,0,indigenous_only,0.8121271970440334,0.27548331421694894,0.3030316456386439,0.1538360246823235,0.4829816108631784,8.0,7.0,-1.0,4,4,0,0.0,0.0,0.0,0.4060635985220167,0.4060635985220167,0.0,0.25,0.25,1.6242543940880667,1.6242543940880667,0.0,3126.6897086195286,3126.6897086195286,0.0
165,WindRiver Power Corp.,Kinskuch Hydroelectric Project,BC,Clean Electricity,Energy,8,2,0.573,Yes,1,0,1,0,indigenous_only,0.08214215401522039,0.037008136913726716,0.04070895060509939,0.022190351001816433,0.05216625250851841,8.0,7.0,-1.0,4,4,0,0.0,0.0,0.0,0.041071077007610195,0.041071077007610195,0.0,0.25,0.25,0.16428430803044078,0.16428430803044078,0.0,12.321323102283058,12.321323102283058,0.0
186,Fortune Minerals Limited,NICO Cobalt-Gold-Bismuth Mine,NT,Precious Metal,Mining,8,3,0.712,No,1,0,1,0,indigenous_only,0.2871126354914788,0.08622647891386837,0.09484912680525522,0.05094099266743224,0.16902681407945552,8.0,7.0,-1.0,4,4,0,0.0,0.0,0.0,0.1435563177457394,0.1435563177457394,0.0,0.25,0.25,0.5742252709829576,0.5742252709829576,0.0,84.5546711522405,84.5546711522405,0.0
188,Fosthall Creek Power LP,Fosthall Creek Hydropower Project,BC,Clean Electricity,Energy,7,0,0.214,Yes,1,0,1,0,indigenous_only,0.040640835064079305,0.05329317438419926,0.058622491822619194,0.03179831310868775,0.03621957408638353,7.0,6.0,-1.0,4,4,0,0.0,0.0,0.0,0.020320417532039652,0.020320417532039652,0.0,0.25,0.25,0.08128167012815861,0.08128167012815861,0.0,1.0160208766019827,1.0160208766019827,0.0
205,Giga Metals Corp. & Mitsubishi Corporation,Turnagain Project,BC,Critical Mineral,Mining,5,4,0.912,Yes,1,0,1,0,indigenous_only,0.004089459372311329,0.006335734417601101,0.006969307859361212,0.003834367074731837,0.003961913223521582,5.0,4.0,-1.0,4,4,0,0.0,0.0019414300939821771,0.0019414300939821771,0.0020447296861556643,0.003015444733146753,0.0009707150469910886,0.25,1.0,0.008178918744622657,0.003015444733146753,-0.005163474011475905,5.033204358956476,7.42266798287739,2.389463623920914
207,Harvest Operations Corp.,BlackGold Oil Sands Project,AB,Oil & Gas - Upstream,Energy,8,2,0.701,No,1,0,1,0,indigenous_only,0.8329934386661862,0.3609460749355137,0.39704068242906515,0.19656848393828896,0.5147809613022376,8.0,7.0,-1.0,4,4,0,0.0,0.0,0.0,0.4164967193330931,0.4164967193330931,0.0,0.25,0.25,1.6659868773323725,1.6659868773323725,0.0,224.9082284398703,224.9082284398703,0.0
209,HD Mining International Ltd.,Murray River Coal Project,BC,Coal,Mining,8,3,0.737,No,1,0,1,0,indigenous_only,0.002827051130956987,0.006185417167790704,0.006803958884569776,0.00374356602974546,0.0032853085803512235,8.0,7.0,-1.0,4,4,0,0.0,0.0,0.0,0.0014135255654784936,0.0014135255654784936,0.0,0.25,0.25,0.005654102261913974,0.005654102261913974,0.0,0.9442350777396337,0.9442350777396337,0.0
238,Karnalyte Resources Inc,Wynyard Potash Project,SK,Precious Metal,Mining,8,3,0.774,No,1,0,1,0,indigenous_only,0.14719826135825156,0.07493395805988781,0.0824273538658766,0.04442016799862469,0.09580921467843813,8.0,7.0,-1.0,4,4,0,0.0,0.0,0.0,0.07359913067912578,0.07359913067912578,0.0,0.25,0.25,0.29439652271650313,0.29439652271650313,0.0,58.06971410583024,58.06971410583024,0.0
256,NorthWest Copper,Lorraine-Jayjay Copper Mine,BC,Base Metal,Mining,5,1,0.342,No,1,0,1,0,indigenous_only,0.019731015784738647,0.00923899889175768,0.010162898780933448,0.005586498252827754,0.0126587570187832,5.0,4.0,-1.0,4,4,0,0.0,0.002829804388932322,0.002829804388932322,0.009865507892369323,0.011280410086835484,0.001414902194466161,0.25,1.0,0.03946203156947729,0.011280410086835484,-0.02818162148264181,0.9865507892369323,1.1280410086835484,0.1414902194466161
283,Mount Hays Wind Farm Limited Partnership,Mount Hays Wind Farm,BC,Clean Electricity,Energy,8,1,0.402,Yes,1,0,1,0,indigenous_only,0.0997489540319515,0.04402857148447161,0.04843142863291878,0.026343953615757254,0.06304645382385438,8.0,7.0,-1.0,4,4,0,0.0,0.0,0.0,0.04987447701597575,0.04987447701597575,0.0,0.25,0.25,0.199497908063903,0.199497908063903,0.0,6.234309626996969,6.234309626996969,0.0
314,Ring of Fire Metals Pty Ltd.,Eagle's Nest (McFaulds Lake),ON,Critical Mineral,Mining,8,3,0.726,Yes,1,0,1,0,indigenous_only,0.3691284748828937,0.11430604618559848,0.12573665080415833,0.06696319932620609,0.2180458371045499,8.0,7.0,-1.0,4,4,0,0.0,0.0,0.0,0.18456423744144684,0.18456423744144684,0.0,0.25,0.25,0.7382569497657874,0.7382569497657874,0.0,112.4734462968177,112.4734462968177,0.0
329,Northcliff Resources (HDI Mining),Sisson Project,NB,Other,Mining,8,3,0.707,No,1,0,1,0,indigenous_only,0.37938738510148756,0.02527259356747949,0.02779985292422744,0.015207475044725527,0.19729743007310654,8.0,7.0,-1.0,4,4,0,0.0,0.0,0.0,0.18969369255074378,0.18969369255074378,0.0,0.25,0.25,0.7587747702029751,0.7587747702029751,0.0,109.83264798688064,109.83264798688064,0.0
341,Osum Oil Sands Corp.,Taiga,AB,Oil & Gas - Upstream,Energy,8,4,0.871,No,1,0,1,0,indigenous_only,0.8121271970440334,0.3037009181815048,0.3340710099996553,0.16819076184995996,0.49015897944699666,8.0,7.0,-1.0,4,4,0,0.0,0.0,0.0,0.4060635985220167,0.4060635985220167,0.0,0.25,0.25,1.6242543940880667,1.6242543940880667,0.0,637.5198496795662,637.5198496795662,0.0
344,Agnico Eagle Mines Limited,Hammond Reef,ON,Other,Mining,4,4,0.842,No,1,0,1,0,indigenous_only,0.7171953489084919,0.0830357961674907,0.09133937578423977,0.049103068025697194,0.38314920846709455,4.0,3.0,-1.0,4,3,1,0.022887656682916813,0.037750976378588375,0.014863319695671562,0.37004150279570436,0.37747316264354014,0.007431659847835781,1.0,2.0,0.37004150279570436,0.18873658132177007,-0.1813049214739343,481.0539536344157,490.7151114366022,9.661157802186494
371,Metaux Torngat ltee,Strange Lake / B-Zone,QC,Other,Mining,8,4,0.881,No,1,0,1,0,indigenous_only,0.030723743664143086,0.025448210080337975,0.027993031088371773,0.015312336926695203,0.023018040295419144,8.0,7.0,-1.0,4,4,0,0.0,0.0,0.0,0.015361871832071543,0.015361871832071543,0.0,0.25,0.25,0.06144748732828617,0.06144748732828617,0.0,25.055212958108687,25.055212958108687,0.0
376,Magneto Investments Limited Partnership,Dumont,QC,Critical Mineral,Mining,8,4,0.854,Yes,1,0,1,0,indigenous_only,0.014565243979719299,0.0320035653768635,0.03520392191454986,0.019218609605202053,0.016891926792460675,8.0,7.0,-1.0,4,4,0,0.0,0.0,0.0,0.0072826219898596495,0.0072826219898596495,0.0,0.25,0.25,0.029130487959438598,0.029130487959438598,0.0,10.057300967996175,10.057300967996175,0.0
390,Seabridge Gold Inc.,Kerr-Sulphurets-Mitchell (KSM),BC,Precious Metal,Mining,8,4,0.971,No,1,0,1,0,indigenous_only,0.011082647599209206,0.004876844479222313,0.005364528927144545,0.002952756344520302,0.007017701971864754,8.0,7.0,-1.0,4,4,0,0.0,0.0,0.0,0.005541323799604603,0.005541323799604603,0.0,0.25,0.25,0.02216529519841841,0.02216529519841841,0.0,46.33433308277385,46.33433308277385,0.0
399,Canadian Natural Resources Limited,AOSP Jackpine,AB,Other,Energy,8,4,0.98,Yes,1,0,1,0,indigenous_only,0.8599744071107621,0.3326520871140996,0.3659172958255096,0.18266561323055197,0.521320010170657,8.0,7.0,-1.0,4,4,0,0.0,0.0,0.0,0.42998720355538106,0.42998720355538106,0.0,0.25,0.25,1.7199488142215242,1.7199488142215242,0.0,5159.846442664572,5159.846442664572,0.0
404,Skygold Ventures Inc.,Spanish Mountain Copper-Gold Mines,BC,Precious Metal,Mining,4,3,0.762,No,1,0,1,0,indigenous_only,0.034180403778301845,0.006030316960071795,0.006633348656078975,0.0036498671024598472,0.018915135440380846,4.0,3.0,-1.0,4,3,1,0.0016800766103844955,0.0027907807686762265,0.001110704158291731,0.01793024019434317,0.018485592273489036,0.0005553520791458655,1.0,2.0,0.01793024019434317,0.009242796136744518,-0.008687444057598652,13.555261586923436,13.97510775875771,0.41984617183427453
413,Spanish Mountain Gold Ltd.,Spanish Mountain Copper-Gold Mines,BC,Precious Metal,Mining,5,3,0.762,No,1,0,1,0,indigenous_only,0.014296756980405315,0.006030316960071795,0.006633348656078975,0.0036498671024598472,0.00897331204143258,5.0,4.0,-1.0,4,4,0,0.0,0.0018479289469548466,0.0018479289469548466,0.0071483784902026575,0.00807234296368008,0.0009239644734774224,0.25,1.0,0.02859351396081063,0.00807234296368008,-0.02052117099713055,5.404174138593209,6.102691280542141,0.6985171419489316
417,Generation Mining Ltd.,Marathon PGM Copper Mine,ON,Other,Mining,5,3,0.793,No,1,0,1,0,indigenous_only,0.5650633322389391,0.08727340315571529,0.09600074347128683,0.051543276643795655,0.3083033044413674,5.0,4.0,-1.0,4,4,0,0.0,0.02641367448394827,0.02641367448394827,0.28253166611946956,0.2957385033614437,0.013206837241974134,0.25,1.0,1.1301266644778782,0.2957385033614437,-0.8343881611164345,253.68518300867171,265.5436021682403,11.85841915956857
422,Suncor Energy Inc.,Lewis,AB,Clean Electricity,Energy,5,4,0.96,Yes,1,0,1,0,indigenous_only,0.9256951885113697,0.33947933061420993,0.37342726367563095,0.18604219454238569,0.5558686915268777,5.0,4.0,-1.0,4,4,0,0.0,0.09888843619075183,0.09888843619075183,0.46284759425568484,0.5122918123510607,0.04944421809537586,0.25,1.0,1.8513903770227393,0.5122918123510607,-1.3390985646716786,2869.655084385246,3176.209236576576,306.5541521913301
427,Sunshine Oilsands Ltd.,Thickwood (Sunshine),AB,Waste Biomass,Energy,8,4,0.888,Yes,1,0,1,0,indigenous_only,0.8860956857971499,0.36523840832410037,0.40176224915651043,0.19865685632372299,0.5423762710604365,8.0,7.0,-1.0,4,4,0,0.0,0.0,0.0,0.44304784289857496,0.44304784289857496,0.0,0.25,0.25,1.7721913715942998,1.7721913715942998,0.0,776.6628686012019,776.6628686012019,0.0
429,Sunshine Oilsands Ltd.,West Ells,AB,Oil & Gas - Upstream,Energy,8,4,0.92,No,1,0,1,0,indigenous_only,0.8121271970440334,0.2889545568998216,0.3178500125898038,0.16071969918294338,0.48642344811348837,8.0,7.0,-1.0,4,4,0,0.0,0.0,0.0,0.4060635985220167,0.4060635985220167,0.0,0.25,0.25,1.6242543940880667,1.6242543940880667,0.0,1197.8876156399492,1197.8876156399492,0.0
439,Osisko Metals Inc/Appian,Pine Point,NT,Other,Mining,4,3,0.734,No,1,0,1,0,indigenous_only,0.4357240142829189,0.08432090496582736,0.09275299546241011,0.04984375519695383,0.24278388473993637,4.0,3.0,-1.0,4,3,1,0.02323773129167528,0.038323891591331205,0.015086160299655926,0.2294808727872971,0.23702395293712505,0.007543080149827963,1.0,2.0,0.2294808727872971,0.11851197646856253,-0.11096889631873456,149.91985419194117,154.84774845382378,4.927894261882614
441,Taseko Mines Ltd.,Harmony Gold Mine,BC,Precious Metal,Mining,5,0,0.214,No,1,0,1,0,indigenous_only,0.005524083908886221,0.010521863321959578,0.011574049654155536,0.006359729776061918,0.005941906842474069,5.0,4.0,-1.0,4,4,0,0.0,0.0032220980789624543,0.0032220980789624543,0.0027620419544431103,0.004373090993924337,0.0016110490394812271,0.25,1.0,0.011048167817772441,0.004373090993924337,-0.006675076823848104,0.1381020977221555,0.21865454969621687,0.08055245197406136
442,Teck Resources Ltd.,Highland Valley Copper 2040 (HVC 2040),BC,Base Metal,Mining,2,3,0.754,No,1,0,1,0,indigenous_only,0.04120298998056459,0.00607952114839494,0.0066874732632344345,0.003679593224373723,0.022441291602469157,2.0,1.0,-1.0,2,2,0,0.0032005706746928153,0.003520063799481443,0.0003194931247886279,0.022201780327628703,0.022361526890023017,0.00015974656239431395,3.0,4.0,0.007400593442542901,0.005590381722505754,-0.001810211720037147,16.45151922277287,16.569891425507056,0.1183722027341858
443,Teck Coal Ltd.,Line Creek Coal Mine,BC,Coal,Mining,8,1,0.425,No,1,0,1,0,indigenous_only,0.0032296112530729067,0.008491982962837152,0.009341181259120868,0.005135965969778611,0.004182788611425759,8.0,7.0,-1.0,4,4,0,0.0,0.0,0.0,0.0016148056265364533,0.0016148056265364533,0.0,0.25,0.25,0.006459222506145813,0.006459222506145813,0.0,0.22607278771510347,0.22607278771510347,0.0
444,Conuma Resources Ltd.,Quintette Mine,BC,Precious Metal,Mining,1,2,0.677,No,1,0,1,0,indigenous_only,0.031634316850987665,0.006574129413259301,0.0072315423545852315,0.003978355631444441,0.017806336241216053,1.0,0.0,-1.0,2,2,0,0.003460506709582978,0.00380589806478826,0.0003453913552052823,0.01754741178028532,0.017720107457887962,0.00017269567760264115,4.0,5.0,0.00438685294507133,0.0035440214915775925,-0.0008428314534937378,8.773705890142661,8.860053728943981,0.08634783880131991
460,GoldMining Inc,Yellowknife Gold,NT,Precious Metal,Mining,5,1,0.484,No,1,0,1,0,indigenous_only,0.3227519670990843,0.10869856622859184,0.11956842285145103,0.06378533227238548,0.1932686496857349,5.0,4.0,-1.0,4,4,0,0.0,0.032790713731885024,0.032790713731885024,0.16137598354954216,0.17777134041548467,0.016395356865942512,0.25,1.0,0.6455039341981686,0.17777134041548467,-0.46773259378268395,31.145564825061637,34.309868700188545,3.164303875126908
485,Conuma Coal Resources Ltd.,Wolverine Coal Mine (Hermann Deposit),BC,Coal,Mining,5,0,0.241,No,1,0,1,0,indigenous_only,0.0011229170637215213,0.010237207164090384,0.011260927880499422,0.006188208528573491,0.003655562796147506,5.0,4.0,-1.0,4,4,0,0.0,0.0031350649384929152,0.0031350649384929152,0.0005614585318607607,0.0021289910011072183,0.0015675324692464576,0.25,1.0,0.0022458341274430426,0.0021289910011072183,-0.00011684312633582434,0.030880219252341835,0.11709450506089701,0.08621428580855517
488,Western Copper and Gold Corporation,Casino Mine,YK,Precious Metal,Mining,8,4,0.932,No,1,0,1,0,indigenous_only,0.5918177600447975,0.06895832787096236,0.0758541606580586,0.040951454651233066,0.31638460734801527,8.0,7.0,-1.0,4,4,0,0.0,0.0,0.0,0.29590888002239873,0.29590888002239873,0.0,0.25,0.25,1.183635520089595,1.183635520089595,0.0,1070.3024190410163,1070.3024190410163,0.0
515,Athabasca Oil Corporation,Dover West Clastics,AB,Oil & Gas - Upstream,Energy,6,3,0.73,No,1,0,1,0,indigenous_only,0.831350350343411,0.3504683879178783,0.3855152267096662,0.1914478316705125,0.5113990910069617,6.0,5.0,-1.0,4,4,0,0.0,0.0,0.0,0.4156751751717055,0.4156751751717055,0.0,0.25,0.25,1.662700700686822,1.662700700686822,0.0,255.64023273059888,255.64023273059888,0.0
522,BURNCO Rock Products Ltd.,BURNCO Aggregate Project (McNab Creek),BC,Other,Mining,8,0,0.253,No,1,0,1,0,indigenous_only,0.004055126347325657,0.010113177766380705,0.011124495543018776,0.0061134646226505,0.005084295484988078,8.0,7.0,-1.0,4,4,0,0.0,0.0,0.0,0.0020275631736628285,0.0020275631736628285,0.0,0.25,0.25,0.008110252694651314,0.008110252694651314,0.0,0.1216537904197697,0.1216537904197697,0.0
530,Centermount Coal Limited,Bingay Main Metallurgical Coal,BC,Coal,Mining,6,2,0.67,No,1,0,1,0,indigenous_only,0.0023817377883598155,0.006621041783606765,0.007283145961967442,0.004006687854646085,0.00319421282150295,6.0,5.0,-1.0,4,4,0,0.0,0.0,0.0,0.0011908688941799077,0.0011908688941799077,0.0,0.25,0.25,0.004763475576719631,0.004763475576719631,0.0,0.5716170692063557,0.5716170692063557,0.0
533,Granite Creek Copper,Carmacks Copper Project,YK,Base Metal,Mining,8,2,0.588,No,1,0,1,0,indigenous_only,0.6701230987375606,0.09780110823644438,0.10758121906008883,0.057578543369193436,0.363850821053377,8.0,7.0,-1.0,4,4,0,0.0,0.0,0.0,0.3350615493687803,0.3350615493687803,0.0,0.25,0.25,1.3402461974751212,1.3402461974751212,0.0,107.55475734737847,107.55475734737847,0.0
536,ecoTECH Energy Group (Canada) Inc,Biomass Project - McBride,BC,Waste Biomass,Energy,8,1,0.425,Yes,1,0,1,0,indigenous_only,0.0668474078768165,0.04301184258510639,0.04731302684361703,0.025743505770888575,0.04629545682385254,8.0,7.0,-1.0,4,4,0,0.0,0.0,0.0,0.03342370393840825,0.03342370393840825,0.0,0.25,0.25,0.133694815753633,0.133694815753633,0.0,4.679318551377156,4.679318551377156,0.0
545,Holmes Hydro,Robson Valley Hydroelectric Project,BC,Clean Electricity,Energy,6,1,0.49,Yes,1,0,1,0,indigenous_only,0.09180230755160419,0.04026363894372481,0.044290002838097295,0.024118650053169044,0.05796047880238662,6.0,5.0,-1.0,4,4,0,0.0,0.0,0.0,0.045901153775802096,0.045901153775802096,0.0,0.25,0.25,0.18360461510320839,0.18360461510320839,0.0,9.18023075516042,9.18023075516042,0.0
566,MEG Energy Corp.,Surmont (MEG),AB,Clean Electricity,Energy,8,4,0.946,Yes,1,0,1,0,indigenous_only,0.923268325324542,0.3443416025636087,0.3787757628199696,0.18843844252652264,0.5558533839255323,8.0,7.0,-1.0,4,4,0,0.0,0.0,0.0,0.461634162662271,0.461634162662271,0.0,0.25,0.25,1.846536650649084,1.846536650649084,0.0,2308.170813311355,2308.170813311355,0.0
584,Quicksilver Resources/ Kohlberg Kravis Roberts & Co. L.P. (KKR),Fortune Creek Gas Plant,BC,Oil & Gas - Downstream,Energy,8,3,0.764,No,1,0,1,0,indigenous_only,0.008974654914903249,0.024911897387969638,0.027403087126766604,0.01499206574075651,0.01198336032782988,8.0,7.0,-1.0,4,4,0,0.0,0.0,0.0,0.0044873274574516245,0.0044873274574516245,0.0,0.25,0.25,0.017949309829806498,0.017949309829806498,0.0,3.4103688676632347,3.4103688676632347,0.0
593,Enbridge,Westcoast Connector Gas Transmission Project,BC,Trans & Distr,Energy,8,4,0.965,No,1,0,1,0,indigenous_only,0.02787765713321269,0.02031116371651182,0.022342280088163004,0.012240350956273294,0.020059004044742992,8.0,7.0,-1.0,4,4,0,0.0,0.0,0.0,0.013938828566606346,0.013938828566606346,0.0,0.25,0.25,0.05575531426642538,0.05575531426642538,0.0,103.98366110688333,103.98366110688333,0.0
606,Treasury Metals Inc.,Goliath Complex,ON,Precious Metal,Mining,7,2,0.598,No,1,0,1,0,indigenous_only,0.6352045899213992,0.10639151310638358,0.11703066441702194,0.06247474025730926,0.3488396650893542,7.0,6.0,-1.0,4,4,0,0.0,0.0,0.0,0.3176022949606996,0.3176022949606996,0.0,0.25,0.25,1.2704091798427983,1.2704091798427983,0.0,106.39676881183436,106.39676881183436,0.0
607,Value Creation Inc.,TriStar Advanced (In Situ + Upgrader),AB,Oil & Gas - Downstream,Energy,8,4,0.928,No,0,0,1,0,indigenous_only,0.5291713768222306,0.3895909657818172,0.42855006235999893,0.21040288991100964,0.3697871333666201,8.0,7.0,-1.0,4,4,0,0.0,0.0,0.0,0.2645856884111153,0.2645856884111153,0.0,0.25,0.25,1.0583427536444612,1.0583427536444612,0.0,896.9454837136808,896.9454837136808,0.0
629,Sunshine Oilsands Ltd.,West Ells,AB,Oil & Gas - Upstream,Energy,5,4,0.9,No,1,0,1,0,indigenous_only,0.8173739099008351,0.29488496646837753,0.3243734631152153,0.16373230129317184,0.4905531055970035,5.0,4.0,-1.0,4,4,0,0.0,0.0864782355479311,0.0864782355479311,0.40868695495041757,0.4519260727243831,0.04323911777396555,0.25,1.0,1.6347478198016703,0.4519260727243831,-1.1828217470772873,858.2426053958769,949.0447527212045,90.80214732532761
636,Arianne Phosphate inc.,Lac a Paul Phosphate/Apatite mine,QC,Precious Metal,Mining,8,4,0.84,No,1,0,1,0,indigenous_only,0.040091782469389034,0.026530446836547157,0.029183491520201874,0.015958301893426396,0.028025042181407715,8.0,7.0,-1.0,4,4,0,0.0,0.0,0.0,0.020045891234694517,0.020045891234694517,0.0,0.25,0.25,0.08018356493877807,0.08018356493877807,0.0,25.55851132423551,25.55851132423551,0.0
643,Search Minerals Inc.,Deep Fox + Foxtrot,NL,Critical Mineral,Mining,8,2,0.647,Yes,1,0,1,0,indigenous_only,0.28299415491678204,0.05536413309797813,0.060900546407775945,0.03301336632864815,0.1580037606227151,8.0,7.0,-1.0,4,4,0,0.0,0.0,0.0,0.14149707745839102,0.14149707745839102,0.0,0.25,0.25,0.5659883098335641,0.5659883098335641,0.0,59.68346727194933,59.68346727194933,0.0
644,Ontario Power Generation,New Nuclear Power Plant Darlington Small Modular Reactor Project,ON,Nuclear,Energy,4,4,0.993,Yes,1,1,1,0,indigenous_only,0.9572359608171783,0.11255498012621357,0.12381047813883493,0.06597199642582496,0.5116039786215016,4.0,3.0,-1.0,4,3,1,0.03089736564396317,0.050825228779693865,0.019927863135730695,0.49406666323057075,0.504030594798436,0.009963931567865292,1.0,2.0,0.49406666323057075,0.252015297399218,-0.24205136583135273,10325.993261518928,10534.239431287313,208.2461697683848
648,Northern Graphite,Bissett Creek,ON,Critical Mineral,Mining,8,1,0.418,Yes,1,0,1,0,indigenous_only,0.4007295854765346,0.15629486322239516,0.1719243495446347,0.09041877934771114,0.24557418241212287,8.0,7.0,-1.0,4,4,0,0.0,0.0,0.0,0.2003647927382673,0.2003647927382673,0.0,0.25,0.25,0.8014591709530692,0.8014591709530692,0.0,26.868918706201644,26.868918706201644,0.0
649,Husky Oil Operations Ltd.,Saleski' Thermal Oil Sands Project Using CSS,AB,CCUS,Energy,8,2,0.573,Yes,1,1,1,0,indigenous_only,0.8997605671772962,0.1569187135999877,0.1726105849599865,0.09076278887169098,0.4952616780244936,8.0,7.0,-1.0,4,4,0,0.0,0.0,0.0,0.4498802835886481,0.4498802835886481,0.0,0.25,0.25,1.7995211343545925,1.7995211343545925,0.0,134.96408507659444,134.96408507659444,0.0
650,TransCanada,Prince Rupert Gas Transmission Project,BC,Trans & Distr,Energy,8,4,0.946,No,1,0,1,0,indigenous_only,0.02787765713321269,0.020706978715016963,0.02277767658651866,0.01247739120276492,0.020177524167988806,8.0,7.0,-1.0,4,4,0,0.0,0.0,0.0,0.013938828566606346,0.013938828566606346,0.0,0.25,0.25,0.05575531426642538,0.05575531426642538,0.0,69.69414283303173,69.69414283303173,0.0
684,Osum Oil Sands Corp.,Sepiko Kesik Project,AB,Oil & Gas - Upstream,Energy,8,4,0.921,No,1,0,1,0,indigenous_only,0.8121271970440334,0.2886611872903099,0.31752730601934087,0.1605703883015922,0.4863487926728128,8.0,7.0,-1.0,4,4,0,0.0,0.0,0.0,0.4060635985220167,0.4060635985220167,0.0,0.25,0.25,1.6242543940880667,1.6242543940880667,0.0,1299.4035152704535,1299.4035152704535,0.0
688,Graymont Western Canada Inc.,Giscome Quarry and Lime Plant Project,BC,Other,Mining,8,1,0.411,No,1,0,1,0,indigenous_only,0.012004425720937108,0.00861361137090627,0.009474972507996898,0.005209335107791979,0.008606880414364543,8.0,7.0,-1.0,4,4,0,0.0,0.0,0.0,0.006002212860468554,0.006002212860468554,0.0,0.25,0.25,0.024008851441874215,0.024008851441874215,0.0,0.780287671860912,0.780287671860912,0.0
692,EDF Renouvelables,Taylor Wind Project,BC,Clean Electricity,Energy,8,3,0.793,Yes,1,0,1,0,indigenous_only,0.08838234053081312,0.02959670012432543,0.032556370136757974,0.017786185498447793,0.053084263014630456,8.0,7.0,-1.0,4,4,0,0.0,0.0,0.0,0.04419117026540656,0.04419117026540656,0.0,0.25,0.25,0.17676468106162624,0.17676468106162624,0.0,39.7720532388659,39.7720532388659,0.0
693,Imperial Oil Limited,Aspen' oil sands project (SAGD),AB,Oil & Gas - Upstream,Energy,8,4,0.964,No,1,0,1,0,indigenous_only,0.8121271970440334,0.27632409850372786,0.30395650835410065,0.15426730446068304,0.4831972507523582,8.0,7.0,-1.0,4,4,0,0.0,0.0,0.0,0.4060635985220167,0.4060635985220167,0.0,0.25,0.25,1.6242543940880667,1.6242543940880667,0.0,2842.445189654117,2842.445189654117,0.0
707,Port Alberni Harbour Authority,Port Alberni LNG Export Facility,BC,Oil & Gas - Downstream,Energy,5,4,0.872,No,1,0,1,0,indigenous_only,0.0074451816113196324,0.02232349296873318,0.0245558422656065,0.013444876637995429,0.01044502912465753,5.0,4.0,-1.0,4,4,0,0.0,0.006823746313188939,0.006823746313188939,0.0037225908056598162,0.0071344639622542855,0.0034118731565944693,0.25,1.0,0.014890363222639265,0.0071344639622542855,-0.007755899260384979,5.956145289055706,11.415142339606858,5.458997050551152
718,Kitimat Clean Ltd.,Kitimat Clean Oil Refinery,BC,Oil & Gas - Downstream,Energy,8,4,0.994,No,1,0,1,0,indigenous_only,0.007192634213922414,0.019721563133035233,0.021693719446338758,0.0118871535559536,0.009539893884938007,8.0,7.0,-1.0,4,4,0,0.0,0.0,0.0,0.003596317106961207,0.003596317106961207,0.0,0.25,0.25,0.014385268427844829,0.014385268427844829,0.0,79.11897635314656,79.11897635314656,0.0
725,Greater Vancouver Regional District,Capilano (Cleveland) Dam Power Plant,BC,Clean Electricity,Energy,8,0,0.328,Yes,1,0,1,0,indigenous_only,0.03580091535374042,0.04746571286346942,0.052212284149816365,0.028371081518768104,0.03208599843625426,8.0,7.0,-1.0,4,4,0,0.0,0.0,0.0,0.01790045767687021,0.01790045767687021,0.0,0.25,0.25,0.07160183070748084,0.07160183070748084,0.0,1.6110411909183189,1.6110411909183189,0.0
753,Kruger Energy Inc.,Maselpanik Creek Hydro Project,BC,Clean Electricity,Energy,8,2,0.634,Yes,1,0,1,0,indigenous_only,0.08214215401522039,0.034784584034511165,0.03826304243796228,0.020871106582702414,0.0515066302989614,8.0,7.0,-1.0,4,4,0,0.0,0.0,0.0,0.041071077007610195,0.041071077007610195,0.0,0.25,0.25,0.16428430803044078,0.16428430803044078,0.0,16.428430803044076,16.428430803044076,0.0
754,Pacific Coastal Wave Energy Corp.,Wave Energy Project,BC,Clean Electricity,Energy,8,0,0.088,Yes,1,1,1,0,indigenous_only,0.03580091535374042,0.018896951062457416,0.020786646168703158,0.011392961804686408,0.023596938579213415,8.0,7.0,-1.0,4,4,0,0.0,0.0,0.0,0.01790045767687021,0.01790045767687021,0.0,0.25,0.25,0.07160183070748084,0.07160183070748084,0.0,0.3580091535374042,0.3580091535374042,0.0
757,Innergex Renewable Energy Inc.,Shovel Creek Hydroelectric Project,BC,Clean Electricity,Energy,5,0,0.177,Yes,1,0,1,0,indigenous_only,0.03702049900490782,0.05533428415455929,0.06086771257001523,0.03299586447523273,0.035008181740070275,5.0,4.0,-1.0,4,4,0,0.0,0.016829093705909126,0.016829093705909126,0.01851024950245391,0.026924796355408474,0.008414546852954563,0.25,1.0,0.07404099800981565,0.026924796355408474,-0.04711620165440717,0.7404099800981565,1.076991854216339,0.3365818741181825
758,Pristine Power Inc./Cheslatta Forest Products,Cheslatta Green Energy Project,BC,Clean Electricity,Energy,8,0,0.203,Yes,1,0,1,0,indigenous_only,0.03580091535374042,0.053891998132912323,0.05928119794620356,0.03214980611189755,0.03397536073281898,8.0,7.0,-1.0,4,4,0,0.0,0.0,0.0,0.01790045767687021,0.01790045767687021,0.0,0.25,0.25,0.07160183070748084,0.07160183070748084,0.0,0.8234210531360296,0.8234210531360296,0.0
759,KMC Power,Tamihi Creek Hydro Project,BC,Clean Electricity,Energy,8,0,0.214,Yes,1,0,1,0,indigenous_only,0.03580091535374042,0.05329317438419926,0.058622491822619194,0.03179831310868775,0.03379961423121408,8.0,7.0,-1.0,4,4,0,0.0,0.0,0.0,0.01790045767687021,0.01790045767687021,0.0,0.25,0.25,0.07160183070748084,0.07160183070748084,0.0,0.8950228838435106,0.8950228838435106,0.0
764,Highwater Power Corporation Altagas Ltd.,Log Creek Water Power Project,BC,Clean Electricity,Energy,8,0,0.088,Yes,1,0,1,0,indigenous_only,0.03580091535374042,0.06056992308222027,0.0666269153904423,0.036060928187000574,0.035930921770370494,8.0,7.0,-1.0,4,4,0,0.0,0.0,0.0,0.01790045767687021,0.01790045767687021,0.0,0.25,0.25,0.07160183070748084,0.07160183070748084,0.0,0.3580091535374042,0.3580091535374042,0.0
782,J.D. Irving,Saint John Pulp Mill Upgrades,NB,Pulp & Paper,Forest,1,3,0.821,No,0,0,1,0,indigenous_only,0.8744299393629313,0.24078399037458922,0.26486238941204815,0.13584387425898414,0.5051369068109577,1.0,0.0,-1.0,2,2,0,0.11923487351016704,0.13034675529499185,0.011111881784824806,0.4968324064365492,0.5023883473289616,0.005555940892412459,4.0,5.0,0.1242081016091373,0.10047766946579233,-0.02373043214334497,546.5156470802041,552.6271820618579,6.11153498165379
783,First Mining Gold Corp.,Springpole Lake Gold Project,ON,Precious Metal,Mining,7,3,0.818,No,1,0,1,0,indigenous_only,0.653543803759616,0.08508501026472741,0.09359351129120015,0.05028388250061977,0.35191384313011786,7.0,6.0,-1.0,4,4,0,0.0,0.0,0.0,0.326771901879808,0.326771901879808,0.0,0.25,0.25,1.307087607519232,1.307087607519232,0.0,348.68088935672995,348.68088935672995,0.0
795,Nouveau Monde Graphite inc.,Uatnan,QC,Critical Mineral,Mining,8,4,0.869,Yes,1,0,1,0,indigenous_only,0.014565243979719299,0.031519625621324085,0.034671588183456496,0.018930765117241233,0.016748004548480265,8.0,7.0,-1.0,4,4,0,0.0,0.0,0.0,0.0072826219898596495,0.0072826219898596495,0.0,0.25,0.25,0.029130487959438598,0.029130487959438598,0.0,11.390020792140492,11.390020792140492,0.0
800,Joyce Direct Iron Inc.,Joyce Lake DSO (the Attikamagen Project),NL,Other,Mining,8,2,0.559,No,1,0,1,0,indigenous_only,0.4584145698319536,0.04947890929845625,0.054426800228301875,0.029556446829258953,0.24398550833060628,8.0,7.0,-1.0,4,4,0,0.0,0.0,0.0,0.2292072849159768,0.2292072849159768,0.0,0.25,0.25,0.9168291396639072,0.9168291396639072,0.0,61.977649841280126,61.977649841280126,0.0
802,Vulcan Materials Company,Black Point Aggregate Project,NS,Other,Mining,8,0,0.335,No,1,0,1,0,indigenous_only,0.049453581644609355,0.12646076231139072,0.1391068385425298,0.07381452875849481,0.06163405520155209,8.0,7.0,-1.0,4,4,0,0.0,0.0,0.0,0.024726790822304678,0.024726790822304678,0.0,0.25,0.25,0.09890716328921871,0.09890716328921871,0.0,2.349045128118944,2.349045128118944,0.0
808,Spartan Delta Inception Exploration Ltd.,Greenview Sour Gas plant,AB,Oil & Gas - Downstream,Energy,8,0,0.214,No,1,0,1,0,indigenous_only,0.3498237281579508,0.5919491918349991,0.651144111018499,0.30157984958265727,0.32570178887030404,8.0,7.0,-1.0,4,4,0,0.0,0.0,0.0,0.1749118640789754,0.1749118640789754,0.0,0.25,0.25,0.6996474563159016,0.6996474563159016,0.0,8.74559320394877,8.74559320394877,0.0
817,Focus Graphite inc.,Lac Knife,QC,Critical Mineral,Mining,8,2,0.53,Yes,1,0,1,0,indigenous_only,0.01676847583172887,0.044476677118304685,0.04892434483013516,0.026608473087655793,0.021688474459692332,8.0,7.0,-1.0,4,4,0,0.0,0.0,0.0,0.008384237915864436,0.008384237915864436,0.0,0.25,0.25,0.03353695166345774,0.03353695166345774,0.0,1.9853875384766984,1.9853875384766984,0.0
818,Athabasca Oil Corporation,Hangingstone Oil Sands,AB,Oil & Gas - Upstream,Energy,5,3,0.731,No,1,0,1,0,indigenous_only,0.8483604606868275,0.3501125645828433,0.38512382104112763,0.1912733619754231,0.5198169113311253,5.0,4.0,-1.0,4,4,0,0.0,0.1018225882649133,0.1018225882649133,0.42418023034341373,0.4750915244758704,0.05091129413245665,0.25,1.0,1.696720921373655,0.4750915244758704,-1.2216293968977845,271.4753474197848,304.05857566455705,32.58322824477227
841,Canadian Natural Resources Limited,Jackfish,AB,Oil & Gas - Upstream,Energy,8,4,0.842,No,1,0,1,0,indigenous_only,0.8121271970440334,0.31278043370237374,0.34405847707261117,0.1727576686278547,0.492442432835944,8.0,7.0,-1.0,4,4,0,0.0,0.0,0.0,0.4060635985220167,0.4060635985220167,0.0,0.25,0.25,1.6242543940880667,1.6242543940880667,0.0,527.8826780786217,527.8826780786217,0.0
857,Bear Head Energy,Bear Head Energy,NS,Oil & Gas - Downstream,Energy,8,4,0.968,No,1,0,1,0,indigenous_only,0.0780325563395633,0.27520362168264206,0.3027239838509063,0.15369250782643218,0.11586253208299774,8.0,7.0,-1.0,4,4,0,0.0,0.0,0.0,0.03901627816978165,0.03901627816978165,0.0,0.25,0.25,0.1560651126791266,0.1560651126791266,0.0,312.1302253582532,312.1302253582532,0.0
858,ConocoPhillips Canada,Surmont (ConocoPhillips),AB,Oil & Gas - Upstream,Energy,5,4,0.957,No,1,0,1,0,indigenous_only,0.8173739099008351,0.2782959213307612,0.3061255134638373,0.15527788768735928,0.4863258987940972,5.0,4.0,-1.0,4,4,0,0.0,0.08181816635156669,0.08181816635156669,0.40868695495041757,0.4495960381262009,0.040909083175783345,0.25,1.0,1.6347478198016703,0.4495960381262009,-1.1851517816754693,2452.1217297025055,2697.5762287572056,245.45449905470014
862,Taseko Mines Ltd.,Aley Niobium Project,BC,Critical Mineral,Mining,8,3,0.789,Yes,1,0,1,0,indigenous_only,0.004932988473516115,0.00717891703020325,0.007896808733223576,0.004343548859017554,0.004638268666266834,8.0,7.0,-1.0,4,4,0,0.0,0.0,0.0,0.0024664942367580577,0.0024664942367580577,0.0,0.25,0.25,0.00986597694703223,0.00986597694703223,0.0,2.14584998597951,2.14584998597951,0.0
865,Imperial Metals Corporation,Ruddock Creek Zinc-Lead Mine Development Project,BC,Base Metal,Mining,8,1,0.436,No,1,0,1,0,indigenous_only,0.019069728470136455,0.008397623851132442,0.009237386236245686,0.005079042590148131,0.012074385530142293,8.0,7.0,-1.0,4,4,0,0.0,0.0,0.0,0.009534864235068228,0.009534864235068228,0.0,0.25,0.25,0.03813945694027291,0.03813945694027291,0.0,1.3796948548143724,1.3796948548143724,0.0
885,Pacific Northern Gas Ltd.,Pacific Northern Gas Pipeline Looping Project,BC,Trans & Distr,Energy,8,4,0.842,No,0,0,1,0,indigenous_only,0.02787765713321269,0.03128277997837793,0.03441105797621573,0.01878985994970772,0.023333758541460206,8.0,7.0,-1.0,4,4,0,0.0,0.0,0.0,0.013938828566606346,0.013938828566606346,0.0,0.25,0.25,0.05575531426642538,0.05575531426642538,0.0,18.12047713658825,18.12047713658825,0.0
891,Arctic Canadian Diamond Corp,Ekati (Misery Deep),NT,Other,Mining,7,1,0.408,No,1,0,1,0,indigenous_only,0.2849715661200471,0.11742255794820998,0.129164813743031,0.06872472078156511,0.1768481434508061,7.0,6.0,-1.0,4,4,0,0.0,0.0,0.0,0.14248578306002355,0.14248578306002355,0.0,0.25,0.25,0.5699431322400942,0.5699431322400942,0.0,18.055940915149243,18.055940915149243,0.0
893,PRISM Diversifed Ltd.,Clear Hills Project,AB,Other,Mining,8,2,0.573,No,1,0,1,0,indigenous_only,0.2727921794813521,0.09930270742991348,0.10923297817290484,0.05843623697063882,0.16561420822599546,8.0,7.0,-1.0,4,4,0,0.0,0.0,0.0,0.13639608974067605,0.13639608974067605,0.0,0.25,0.25,0.5455843589627042,0.5455843589627042,0.0,40.91882692220281,40.91882692220281,0.0
894,Newmont Goldcorp Corp.,Coffee Gold Mine,YK,Precious Metal,Mining,8,2,0.587,No,1,0,1,0,indigenous_only,0.6258808884434649,0.09790050460213688,0.10769055506235058,0.057635341397704765,0.34175811492058483,8.0,7.0,-1.0,4,4,0,0.0,0.0,0.0,0.31294044422173245,0.31294044422173245,0.0,0.25,0.25,1.2517617768869298,1.2517617768869298,0.0,99.20212081828919,99.20212081828919,0.0
896,Uranium Energy Corp,Roughrider Project,SK,Critical Mineral,Mining,1,3,0.732,Yes,1,0,1,0,indigenous_only,0.1336849002273314,0.09568351231825457,0.10525186355008004,0.05636767262257114,0.09502628642495127,1.0,0.0,-1.0,2,2,0,0.049201836133034194,0.05398686202861658,0.004785025895582384,0.0914433681801828,0.09383588112797399,0.002392512947791192,4.0,5.0,0.0228608420450457,0.018767176225594796,-0.004093665819450903,59.43818931711882,60.99332273318309,1.5551334160642725
938,Cedar LNG (partnership between Pembina Pipeline Corporation and Haisla Nation),Cedar LNG,BC,Oil & Gas - Downstream,Energy,8,4,0.945,No,1,0,1,0,indigenous_only,0.007192634213922414,0.020728023450254204,0.022800825795279627,0.012489992591839916,0.009841313402881165,8.0,7.0,-1.0,4,4,0,0.0,0.0,0.0,0.003596317106961207,0.003596317106961207,0.0,0.25,0.25,0.014385268427844829,0.014385268427844829,0.0,16.543058692021553,16.543058692021553,0.0
942,Watson Island LNG Corporation,Watson Island LNG,BC,Oil & Gas - Downstream,Energy,8,2,0.557,No,1,0,1,0,indigenous_only,0.00829001992668605,0.03074154789980461,0.03381570268978507,0.018467792005885553,0.013378905966285801,8.0,7.0,-1.0,4,4,0,0.0,0.0,0.0,0.004145009963343025,0.004145009963343025,0.0,0.25,0.25,0.0165800398533721,0.0165800398533721,0.0,1.1191526901026168,1.1191526901026168,0.0
943,"Tilbury Jetty Marine Partnership (Fortis, Seaspan, Shell)",Tilbury Marine Jetty,BC,Oil & Gas - Downstream,Energy,8,3,0.821,No,1,0,1,0,indigenous_only,0.008974654914903249,0.023510453987235908,0.0258614993859595,0.014154670457907859,0.011564662686405554,8.0,7.0,-1.0,4,4,0,0.0,0.0,0.0,0.0044873274574516245,0.0044873274574516245,0.0,0.25,0.25,0.017949309829806498,0.017949309829806498,0.0,4.936060203196787,4.936060203196787,0.0
956,Altalink,Chapel Rock to Pincher Creek Area Transmission Development,AB,Trans & Distr,Energy,8,2,0.677,No,1,0,1,0,indigenous_only,0.8369547282129735,0.36985374872487736,0.4068391235973651,0.200896327017955,0.5189255276154643,8.0,7.0,-1.0,4,4,0,0.0,0.0,0.0,0.4184773641064867,0.4184773641064867,0.0,0.25,0.25,1.673909456425947,1.673909456425947,0.0,209.23868205324337,209.23868205324337,0.0
957,Atrum Coal,Groundhog Project Anthracite Coal Mine,BC,Coal,Mining,8,3,0.714,No,1,0,1,0,indigenous_only,0.002827051130956987,0.006331630210784133,0.006964793231862547,0.0038318879863461497,0.0033294695586515684,8.0,7.0,-1.0,4,4,0,0.0,0.0,0.0,0.0014135255654784936,0.0014135255654784936,0.0,0.25,0.25,0.005654102261913974,0.005654102261913974,0.0,0.8481153392870961,0.8481153392870961,0.0
974,Enbridge/ Borealis Inc./ Kitselas First Nation,Lakelse Geothermal Power Plant,BC,Clean Electricity,Energy,8,1,0.388,Yes,1,0,1,0,indigenous_only,0.0997489540319515,0.044659180976111996,0.0491250990737232,0.02671618562557254,0.06323256982876202,8.0,7.0,-1.0,4,4,0,0.0,0.0,0.0,0.04987447701597575,0.04987447701597575,0.0,0.25,0.25,0.199497908063903,0.199497908063903,0.0,5.984937241917089,5.984937241917089,0.0
983,Red Willow Wind LP,Red Willow Wind Farm,BC,Clean Electricity,Energy,8,2,0.67,Yes,1,0,1,0,indigenous_only,0.08214215401522039,0.033535536775354126,0.036889090452889545,0.020129260364429524,0.05113570718982496,8.0,7.0,-1.0,4,4,0,0.0,0.0,0.0,0.041071077007610195,0.041071077007610195,0.0,0.25,0.25,0.16428430803044078,0.16428430803044078,0.0,19.714116963652895,19.714116963652895,0.0
1023,Nukik Corp.,Kivalliq Hydro Fibre Link,Multi,Clean Electricity,Energy,8,4,0.872,Yes,1,0,1,0,indigenous_only,0.6909831549642882,0.37122302821011693,0.40834533103112863,0.20155952871183103,0.4462713418380596,8.0,7.0,-1.0,4,4,0,0.0,0.0,0.0,0.3454915774821441,0.3454915774821441,0.0,0.25,0.25,1.3819663099285764,1.3819663099285764,0.0,552.7865239714306,552.7865239714306,0.0
1034,Fission Uranium Corp.,Patterson Lake South,SK,Critical Mineral,Mining,5,3,0.827,Yes,1,0,1,0,indigenous_only,0.059481767459283845,0.08688152940031017,0.0955696823403412,0.051317880762764445,0.05539982411102415,5.0,4.0,-1.0,4,4,0,0.0,0.026296645494282234,0.026296645494282234,0.029740883729641922,0.04288920647678304,0.01314832274714112,0.25,1.0,0.11896353491856769,0.04288920647678304,-0.07607432844178465,35.00502014978854,50.48059602317364,15.475575873385097
1037,"Western LNG, Nisga'a Nation, Rockies LNG Partners",Ksi Lisims LNG,BC,Oil & Gas - Downstream,Energy,4,4,0.975,No,1,0,1,0,indigenous_only,0.017973547621828234,0.020105888255464117,0.02211647708101053,0.012117396004439174,0.015045471813133704,4.0,3.0,-1.0,4,3,1,0.0055906263051462846,0.009274570118363745,0.0036839438132174607,0.01178208696348726,0.01362405887009599,0.0018419719066087303,1.0,2.0,0.01178208696348726,0.006812029435047995,-0.0049700575284392645,117.8208696348726,136.2405887009599,18.41971906608731
1041,"Energie hydroelectrique Pessamit, Societe en commandite",Centrale hydroelectrique des chutes du six milles,QC,Clean Electricity,Energy,8,0,0.229,Yes,1,0,1,0,indigenous_only,0.6391518221600977,0.24995897248766083,0.2749548697364269,0.14063812354895155,0.3898949728545246,8.0,7.0,-1.0,4,4,0,0.0,0.0,0.0,0.31957591108004885,0.31957591108004885,0.0,0.25,0.25,1.2783036443201954,1.2783036443201954,0.0,16.298371465082493,16.298371465082493,0.0
1042,BMC Minerals Ltd.,Kudz Ze Kayah,YK,Other,Mining,7,2,0.676,No,1,0,1,0,indigenous_only,0.5915967985879628,0.08943802575373529,0.09838182832910883,0.05278734831887333,0.32219207345341805,7.0,6.0,-1.0,4,4,0,0.0,0.0,0.0,0.2957983992939814,0.2957983992939814,0.0,0.25,0.25,1.1831935971759255,1.1831935971759255,0.0,146.71600604981478,146.71600604981478,0.0
1045,Northern Energy Solutions (NES),NES Wood Pellet Plant,NB,Other,Forest,8,0,0.275,Yes,1,0,1,0,indigenous_only,0.5356871583013585,0.3774150464997628,0.41515655114973915,0.20455172725027193,0.3701194427758152,8.0,7.0,-1.0,4,4,0,0.0,0.0,0.0,0.26784357915067925,0.26784357915067925,0.0,0.25,0.25,1.071374316602717,1.071374316602717,0.0,18.749050540547547,18.749050540547547,0.0
1049,"Energie hydroelectrique Pessamit, Societe en commandite",Centrale hydroelectrique de la chute du quatre milles,QC,Clean Electricity,Energy,8,0,0.108,Yes,1,0,1,0,indigenous_only,0.6391518221600977,0.28264961105899633,0.310914572164896,0.15750493218441253,0.3983283771722551,8.0,7.0,-1.0,4,4,0,0.0,0.0,0.0,0.31957591108004885,0.31957591108004885,0.0,0.25,0.25,1.2783036443201954,1.2783036443201954,0.0,7.0306700437610745,7.0306700437610745,0.0
1050,"Manouane Sipi, Societe en commandite",Centrale hydroelectrique Manouane Sipi (Dam B),QC,Clean Electricity,Energy,8,1,0.342,Yes,1,0,1,0,indigenous_only,0.8409069748166482,0.2228529067409284,0.24513819741502124,0.1263969041290416,0.4836519394728449,8.0,7.0,-1.0,4,4,0,0.0,0.0,0.0,0.4204534874083241,0.4204534874083241,0.0,0.25,0.25,1.6818139496332964,1.6818139496332964,0.0,42.04534874083241,42.04534874083241,0.0
1051,Fluorspar Holdings PTE Ltd.,St. Lawrence Fluorspar Mine,NL,Precious Metal,Mining,8,2,0.534,No,1,0,1,0,indigenous_only,0.5272531486704733,0.05075151058305017,0.05582666164135519,0.03030500535788394,0.27877907701417864,8.0,7.0,-1.0,4,4,0,0.0,0.0,0.0,0.2636265743352367,0.2636265743352367,0.0,0.25,0.25,1.0545062973409467,1.0545062973409467,0.0,65.90664358380917,65.90664358380917,0.0
1057,Pacific Future Energy,Pacific Future Energy Oil Refinery,BC,Oil & Gas - Downstream,Energy,8,4,0.982,No,1,0,1,0,indigenous_only,0.007192634213922414,0.019963431085303927,0.02195977419383432,0.012032058667414192,0.009612346440668303,8.0,7.0,-1.0,4,4,0,0.0,0.0,0.0,0.003596317106961207,0.003596317106961207,0.0,0.25,0.25,0.014385268427844829,0.014385268427844829,0.0,45.74515360054656,45.74515360054656,0.0
1067,Sayona Quebec inc.,Authier,QC,Other,Mining,8,1,0.519,No,1,0,1,0,indigenous_only,0.04332064562948212,0.03675827067484845,0.0404340977423333,0.022042192875689093,0.03268141925258561,8.0,7.0,-1.0,4,4,0,0.0,0.0,0.0,0.02166032281474106,0.02166032281474106,0.0,0.25,0.25,0.08664129125896423,0.08664129125896423,0.0,4.830251987687256,4.830251987687256,0.0
1077,Cenovus Energy Inc.,Christina Lake,AB,Other,Energy,8,3,0.793,Yes,1,0,1,0,indigenous_only,0.8847519915459945,0.40224077526257257,0.44246485278882985,0.21643620051803503,0.5505940960320148,8.0,7.0,-1.0,4,4,0,0.0,0.0,0.0,0.44237599577299724,0.44237599577299724,0.0,0.25,0.25,1.769503983091989,1.769503983091989,0.0,398.1383961956975,398.1383961956975,0.0
1079,Japan Canada Oil Sands Limited (JACOS),Hangingstone,AB,Oil & Gas - Upstream,Energy,8,3,0.828,No,1,0,1,0,indigenous_only,0.8438338844647565,0.31726030446905706,0.3489863349159628,0.1750017530208725,0.5094178187428144,8.0,7.0,-1.0,4,4,0,0.0,0.0,0.0,0.42191694223237824,0.42191694223237824,0.0,0.25,0.25,1.687667768929513,1.687667768929513,0.0,506.30033067885387,506.30033067885387,0.0
1082,Cenovus Energy Inc.,Narrows Lake,AB,Clean Electricity,Energy,8,4,0.872,Yes,1,0,1,0,indigenous_only,0.923268325324542,0.37122302821011693,0.40834533103112863,0.20155952871183103,0.5624139270181865,8.0,7.0,-1.0,4,4,0,0.0,0.0,0.0,0.461634162662271,0.461634162662271,0.0,0.25,0.25,1.846536650649084,1.846536650649084,0.0,738.6146602596335,738.6146602596335,0.0
1083,Value Creation Inc.,Heartland Upgrader,AB,Oil & Gas - Downstream,Energy,8,4,0.893,No,0,0,1,0,indigenous_only,0.5291713768222306,0.4036911935106207,0.44406031286168285,0.21712502303433812,0.37314819992828435,8.0,7.0,-1.0,4,4,0,0.0,0.0,0.0,0.2645856884111153,0.2645856884111153,0.0,0.25,0.25,1.0583427536444612,1.0583427536444612,0.0,529.1713768222306,529.1713768222306,0.0
1090,Value Creation Inc.,Heartland Upgrader,AB,Oil & Gas - Downstream,Energy,8,4,0.893,No,0,0,1,0,indigenous_only,0.5291713768222306,0.4036911935106207,0.44406031286168285,0.21712502303433812,0.37314819992828435,8.0,7.0,-1.0,4,4,0,0.0,0.0,0.0,0.2645856884111153,0.2645856884111153,0.0,0.25,0.25,1.0583427536444612,1.0583427536444612,0.0,529.1713768222306,529.1713768222306,0.0
2025,Synex Energy Resources Ltd.,Victoria Lake Hydro Project,ON,Other,Energy,8,0,0.083,Yes,1,0,1,0,indigenous_only,0.5699892387271212,0.9092437947610311,1.0001681742371342,0.42381658338797557,0.49690291105754836,8.0,7.0,-1.0,4,4,0,0.0,0.0,0.0,0.2849946193635606,0.2849946193635606,0.0,0.25,0.25,1.1399784774542423,1.1399784774542423,0.0,5.1299031485440905,5.1299031485440905,0.0
2059,Aeolis / Boralex,Hackney Hills Wind Park (Aeolis / Boralex),BC,Other,Energy,8,4,0.952,Yes,1,0,1,0,indigenous_only,0.03808081118992981,0.025182553782450465,0.027700809160695516,0.015153707311624354,0.02661725925077708,8.0,7.0,-1.0,4,4,0,0.0,0.0,0.0,0.019040405594964904,0.019040405594964904,0.0,0.25,0.25,0.07616162237985961,0.07616162237985961,0.0,99.0101090938175,99.0101090938175,0.0
2075,FireFly Metals Ltd. (previously owned by Rambler Mining and Metals),Green Bay Copper-Gold Project (formerly Ming Mine),NL,Other,Mining,8,0,0.269,No,1,0,1,0,indigenous_only,0.25990545583940583,0.06642856079639231,0.07307141687603155,0.03947919320128579,0.1496923245203458,8.0,7.0,-1.0,4,4,0,0.0,0.0,0.0,0.12995272791970292,0.12995272791970292,0.0,0.25,0.25,0.5198109116788117,0.5198109116788117,0.0,8.608068697401121,8.608068697401121,0.0
2083,Ressources Falco ltee,Horne 5,QC,Other,Mining,8,3,0.819,No,1,0,1,0,indigenous_only,0.03811194417930214,0.027102465694212544,0.0298127122636338,0.016299557040967305,0.02720575061013472,8.0,7.0,-1.0,4,4,0,0.0,0.0,0.0,0.01905597208965107,0.01905597208965107,0.0,0.25,0.25,0.07622388835860427,0.07622388835860427,0.0,20.580449856823154,20.580449856823154,0.0
2092,Miniere Osisko Inc.,Lac Windfall,QC,Other,Mining,8,3,0.773,No,1,0,1,0,indigenous_only,0.03811194417930214,0.028398924806114268,0.031238817286725697,0.017072560926063796,0.027592252552682967,8.0,7.0,-1.0,4,4,0,0.0,0.0,0.0,0.01905597208965107,0.01905597208965107,0.0,0.25,0.25,0.07622388835860427,0.07622388835860427,0.0,15.027539589898833,15.027539589898833,0.0
2114,Chantiers Chibougamau inc.,Centrale de cogeneration Assinica,QC,Other,Energy,8,2,0.6,Yes,1,0,1,0,indigenous_only,0.6854408239761484,0.17147488195977412,0.18862237015575153,0.09875265967138447,0.3920967418237664,8.0,7.0,-1.0,4,4,0,0.0,0.0,0.0,0.3427204119880742,0.3427204119880742,0.0,0.25,0.25,1.3708816479522967,1.3708816479522967,0.0,117.21038089992138,117.21038089992138,0.0
2115,Cogeneration Val-d'Or,Cogeneration Val-d'Or,QC,Other,Energy,8,0,0.284,Yes,1,0,1,0,indigenous_only,0.47481054714783644,0.23637701730629615,0.2600147190369258,0.1335315769145221,0.3041710620311793,8.0,7.0,-1.0,4,4,0,0.0,0.0,0.0,0.23740527357391822,0.23740527357391822,0.0,0.25,0.25,0.9496210942956729,0.9496210942956729,0.0,17.09317969732211,17.09317969732211,0.0
2121,Ainsworth Energy Co. Ltd.,Anahim Lake Bioenergy Project,BC,Waste Biomass,Energy,7,0,0.072,Yes,1,0,1,0,indigenous_only,0.026658387346090325,0.06156239254301885,0.06771863179732074,0.03664084639257725,0.03164961686933379,7.0,6.0,-1.0,4,4,0,0.0,0.0,0.0,0.013329193673045163,0.013329193673045163,0.0,0.25,0.25,0.05331677469218065,0.05331677469218065,0.0,0.19993790509567744,0.19993790509567744,0.0
2122,Yun Ka Whu'ten Holdings,Biomass Project - Anahim Lake,BC,Waste Biomass,Energy,7,0,0.072,Yes,1,0,1,0,indigenous_only,0.026658387346090325,0.06156239254301885,0.06771863179732074,0.03664084639257725,0.03164961686933379,7.0,6.0,-1.0,4,4,0,0.0,0.0,0.0,0.013329193673045163,0.013329193673045163,0.0,0.25,0.25,0.05331677469218065,0.05331677469218065,0.0,0.19993790509567744,0.19993790509567744,0.0
2123,Ainsworth Energy Co. Ltd.,Tumbler Ridge Bioenergy Project,BC,Waste Biomass,Energy,7,0,0.072,Yes,1,1,1,0,indigenous_only,0.026658387346090325,0.0192065873617513,0.02112724609792643,0.011578556464270418,0.019118471905180373,7.0,6.0,-1.0,4,4,0,0.0,0.0,0.0,0.013329193673045163,0.013329193673045163,0.0,0.25,0.25,0.05331677469218065,0.05331677469218065,0.0,0.19993790509567744,0.19993790509567744,0.0
2124,Nations Energy Corp.,Biomass Project - Kamloops,BC,Waste Biomass,Energy,7,0,0.072,Yes,1,1,1,0,indigenous_only,0.026658387346090325,0.0192065873617513,0.02112724609792643,0.011578556464270418,0.019118471905180373,7.0,6.0,-1.0,4,4,0,0.0,0.0,0.0,0.013329193673045163,0.013329193673045163,0.0,0.25,0.25,0.05331677469218065,0.05331677469218065,0.0,0.19993790509567744,0.19993790509567744,0.0
3101,Frontier Lithium Inc.,Pakeagama Lake,ON,Critical Mineral,Mining,7,3,0.788,Yes,1,0,1,0,indigenous_only,0.40032159077305635,0.10732913785792887,0.11806205164372177,0.06300760780092018,0.23166459928698827,7.0,6.0,-1.0,4,4,0,0.0,0.0,0.0,0.20016079538652817,0.20016079538652817,0.0,0.25,0.25,0.8006431815461127,0.8006431815461127,0.0,174.00301683021354,174.00301683021354,0.0
3104,Gensource Potash Corp,Vanguard,SK,Other,Mining,7,2,0.615,No,1,0,1,0,indigenous_only,0.12123306518228573,0.08806882355882606,0.09687570591470868,0.052000617705950325,0.08661684144411802,7.0,6.0,-1.0,4,4,0,0.0,0.0,0.0,0.060616532591142865,0.060616532591142865,0.0,0.25,0.25,0.24246613036457146,0.24246613036457146,0.0,21.434005924228117,21.434005924228117,0.0
3105,Ram River Coal,Aries,AB,Coal,Mining,7,3,0.816,No,1,0,1,0,indigenous_only,0.11003506116006967,0.07758193589571487,0.08534012948528637,0.045953242950085293,0.07799415205507748,7.0,6.0,-1.0,4,4,0,0.0,0.0,0.0,0.055017530580034835,0.055017530580034835,0.0,0.25,0.25,0.22007012232013934,0.22007012232013934,0.0,56.55802143627581,56.55802143627581,0.0
3600,Fibre Pontiac,Fibre Pontiac (The Biomass Conversion Centre),QC,Waste Biomass,Energy,7,1,0.388,Yes,1,0,1,0,indigenous_only,0.7958710036051362,0.21267929335483782,0.23394722269032162,0.12099109988474732,0.45843105174494175,7.0,6.0,-1.0,4,4,0,0.0,0.0,0.0,0.3979355018025681,0.3979355018025681,0.0,0.25,0.25,1.5917420072102724,1.5917420072102724,0.0,47.75226021630817,47.75226021630817,0.0
3603,Maritime Resources Corp.,Hammerdown (Green Bay),NL,Precious Metal,Mining,7,0,0.292,No,1,0,1,0,indigenous_only,0.34552232090718055,0.06489456059543752,0.07138401665498129,0.038585342740692585,0.19205383182393657,7.0,6.0,-1.0,4,4,0,0.0,0.0,0.0,0.17276116045359027,0.17276116045359027,0.0,0.25,0.25,0.6910446418143611,0.6910446418143611,0.0,12.95708703401927,12.95708703401927,0.0
3604,AuMEGA (previously Matador Mining Limited),Cape Ray,NL,Other,Mining,7,1,0.439,No,1,0,1,0,indigenous_only,0.5445513794759527,0.055893154984285674,0.06148247048271425,0.03332350443780141,0.28893744195687704,7.0,6.0,-1.0,4,4,0,0.0,0.0,0.0,0.27227568973797633,0.27227568973797633,0.0,0.25,0.25,1.0891027589519053,1.0891027589519053,0.0,39.58888528790176,39.58888528790176,0.0
3610,Telkwa Mining Ltd.,Tenas Project,BC,Coal,Mining,7,1,0.38,No,1,0,1,0,indigenous_only,0.003683041586219259,0.008889166776186362,0.009778083453804999,0.005375536643435264,0.004529289114827261,7.0,6.0,-1.0,4,4,0,0.0,0.0,0.0,0.0018415207931096295,0.0018415207931096295,0.0,0.25,0.25,0.007366083172438518,0.007366083172438518,0.0,0.2117748912076074,0.2117748912076074,0.0
3615,NB Power,Advanced Meter Infrastructure,NB,Waste Biomass,Energy,7,1,0.369,Yes,1,0,1,0,indigenous_only,0.8826185808633302,0.1804425165246536,0.19848676817711897,0.10363999736731844,0.49312928911532433,7.0,6.0,-1.0,4,4,0,0.0,0.0,0.0,0.4413092904316651,0.4413092904316651,0.0,0.25,0.25,1.7652371617266605,1.7652371617266605,0.0,48.36749823131049,48.36749823131049,0.0
3617,St Barbara Ltd.,Beaver Dam Gold Project,NS,Other,Mining,7,2,0.585,No,1,0,1,0,indigenous_only,0.12516119079660326,0.09809960048911857,0.10790956053803044,0.057749100391566666,0.09145514559408496,7.0,6.0,-1.0,4,4,0,0.0,0.0,0.0,0.06258059539830163,0.06258059539830163,0.0,0.25,0.25,0.2503223815932065,0.2503223815932065,0.0,19.68159725276586,19.68159725276586,0.0
3622,CVW Cleantech,Titanium and Zircon Extraction Facility,AB,Critical Mineral,Mining,7,3,0.726,Yes,1,0,1,0,indigenous_only,0.17776583838487175,0.10401463541636581,0.11441609895800241,0.061122563427141396,0.11944420090600658,7.0,6.0,-1.0,4,4,0,0.0,0.0,0.0,0.08888291919243588,0.08888291919243588,0.0,0.25,0.25,0.3555316767697435,0.3555316767697435,0.0,54.21858070738588,54.21858070738588,0.0
4000,Hydro One,Northwest Bulk Transmission Line Waasigan Transmission Line,ON,Trans & Distr,Energy,6,3,0.828,No,1,0,1,0,indigenous_only,0.6957920572873624,0.34865065738423123,0.38351572312265436,0.19055615462185493,0.44317410595460865,6.0,5.0,-1.0,4,4,0,0.0,0.0,0.0,0.3478960286436812,0.3478960286436812,0.0,0.25,0.25,1.3915841145747248,1.3915841145747248,0.0,417.47523437241745,417.47523437241745,0.0
4006,Mines Agnico Eagle ltee,Wasamac,QC,Precious Metal,Mining,6,2,0.698,No,1,0,1,0,indigenous_only,0.04211301387349655,0.03064703503526813,0.033711738538794944,0.01841153992352662,0.030262276898511586,6.0,5.0,-1.0,4,4,0,0.0,0.0,0.0,0.021056506936748275,0.021056506936748275,0.0,0.25,0.25,0.0842260277469931,0.0842260277469931,0.0,11.22311819728683,11.22311819728683,0.0
4007,NexGen Energy Ltd.,Rook I,SK,Other,Mining,6,4,0.842,No,1,0,1,0,indigenous_only,0.0872610739605394,0.0699326821983235,0.07692595041815586,0.041517902459915934,0.06438948821022766,6.0,5.0,-1.0,4,4,0,0.0,0.0,0.0,0.0436305369802697,0.0436305369802697,0.0,0.25,0.25,0.1745221479210788,0.1745221479210788,0.0,56.71969807435062,56.71969807435062,0.0
4008,Denison Mines Corp.,Wheeler River - Phoenix,SK,Other,Mining,6,3,0.8,No,1,0,1,0,indigenous_only,0.10674761457797434,0.07298080727990158,0.08027888800789175,0.04328779209198286,0.07501770333497859,6.0,5.0,-1.0,4,4,0,0.0,0.0,0.0,0.05337380728898717,0.05337380728898717,0.0,0.25,0.25,0.21349522915594868,0.21349522915594868,0.0,50.47342122709632,50.47342122709632,0.0
4013,Rio Tinto,Vaudreuil alumina refinery,QC,Critical Mineral,Mining,6,2,0.534,Yes,1,0,1,0,indigenous_only,0.015320091511775037,0.04429632699299954,0.0487259596922995,0.026502019957766243,0.020911055734770638,6.0,5.0,-1.0,4,4,0,0.0,0.0,0.0,0.007660045755887518,0.007660045755887518,0.0,0.25,0.25,0.030640183023550073,0.030640183023550073,0.0,1.9150114389718795,1.9150114389718795,0.0
4014,Alcoa/Rio Tinto,The Elysis joint venture,QC,Critical Mineral,Mining,6,3,0.736,Yes,1,0,1,0,indigenous_only,0.016575604156710975,0.03607900589098019,0.039686906480078214,0.021639309509473126,0.01910745683309205,6.0,5.0,-1.0,4,4,0,0.0,0.0,0.0,0.008287802078355487,0.008287802078355487,0.0,0.25,0.25,0.03315120831342195,0.03315120831342195,0.0,5.503100580028043,5.503100580028043,0.0
4015,Signal Gold Inc. (formerly Anaconda Mining),Goldboro Gold,NS,Precious Metal,Mining,6,2,0.559,No,1,0,1,0,indigenous_only,0.13099049386673337,0.10072499363497411,0.11079749299847154,0.05924790820288062,0.09511920103480699,6.0,5.0,-1.0,4,4,0,0.0,0.0,0.0,0.06549524693336668,0.06549524693336668,0.0,0.25,0.25,0.26198098773346673,0.26198098773346673,0.0,17.749211918942372,17.749211918942372,0.0
4016,Allkem Limited,James Bay Lithium,QC,Critical Mineral,Mining,6,2,0.69,Yes,1,0,1,0,indigenous_only,0.015320091511775037,0.037804861998076235,0.04158534819788386,0.022662619075612622,0.018991355293693828,6.0,5.0,-1.0,4,4,0,0.0,0.0,0.0,0.007660045755887518,0.007660045755887518,0.0,0.25,0.25,0.030640183023550073,0.030640183023550073,0.0,3.8966652760199803,3.8966652760199803,0.0
4021,Tolko,Mill upgrade,BC,Pulp & Paper,Forest,6,0,0.157,No,0,0,1,0,indigenous_only,0.03371705586513938,0.11926357493443858,0.13118993242788246,0.06976374139880248,0.05174039863197093,6.0,5.0,-1.0,4,4,0,0.0,0.0,0.0,0.01685852793256969,0.01685852793256969,0.0,0.25,0.25,0.06743411173027876,0.06743411173027876,0.0,0.5900484776399392,0.5900484776399392,0.0
4057,EDF Renewables Canada,Vulcan Solar Project,AB,Clean Electricity,Energy,6,1,0.451,Yes,1,0,1,0,indigenous_only,0.940052847129318,0.5693257653363145,0.626258341869946,0.29193294370601497,0.6159928954176666,6.0,5.0,-1.0,4,4,0,0.0,0.0,0.0,0.470026423564659,0.470026423564659,0.0,0.25,0.25,1.880105694258636,1.880105694258636,0.0,72.85409565252215,72.85409565252215,0.0
4072,PEI Energy Corporation,Borden Battery Park,PE,"DER, Storage, EV",Energy,5,0,0.157,Yes,1,0,1,0,indigenous_only,0.8205732748839641,0.7674678320315592,0.8442146152347152,0.37209219969537255,0.5963327372896683,5.0,4.0,-1.0,4,4,0,0.0,0.20974550120761615,0.20974550120761615,0.41028663744198207,0.5151593880457901,0.10487275060380802,0.25,1.0,1.6411465497679283,0.5151593880457901,-1.1259871617221382,14.360032310469373,18.030578581602654,3.670546271133281
4073,PEI Energy Corporation,Western PEI Transmission Upgrade,PE,Trans & Distr,Energy,6,0,0.192,No,0,0,1,0,indigenous_only,0.6973773066252726,0.8228077780312955,0.905088555834425,0.3928126449262781,0.5450949757757754,6.0,5.0,-1.0,4,4,0,0.0,0.0,0.0,0.3486886533126363,0.3486886533126363,0.0,0.25,0.25,1.3947546132505453,1.3947546132505453,0.0,15.342300745755999,15.342300745755999,0.0
4077,Synex Energy Resources Ltd.,Victoria Lake Hydro Project,BC,Clean Electricity,Energy,6,0,0.083,Yes,1,0,1,0,indigenous_only,0.03276337530745488,0.060878338806665704,0.06696617268733228,0.03624117855756981,0.034502276932512344,6.0,5.0,-1.0,4,4,0,0.0,0.0,0.0,0.01638168765372744,0.01638168765372744,0.0,0.25,0.25,0.06552675061490976,0.06552675061490976,0.0,0.2948703777670939,0.2948703777670939,0.0
4080,Pacific Greengen Power Inc.,Fries Creek Hydroelectric Project,BC,Clean Electricity,Energy,6,0,0.088,Yes,1,0,1,0,indigenous_only,0.03276337530745488,0.06056992308222027,0.0666269153904423,0.036060928187000574,0.034412151747227726,6.0,5.0,-1.0,4,4,0,0.0,0.0,0.0,0.01638168765372744,0.01638168765372744,0.0,0.25,0.25,0.06552675061490976,0.06552675061490976,0.0,0.3276337530745488,0.3276337530745488,0.0
4096,Boralex,Babcock Ridge Wind Farm,BC,Clean Electricity,Energy,6,0,0.214,Yes,1,0,1,0,indigenous_only,0.03276337530745488,0.05329317438419926,0.058622491822619194,0.03179831310868775,0.03228084420807131,6.0,5.0,-1.0,4,4,0,0.0,0.0,0.0,0.01638168765372744,0.01638168765372744,0.0,0.25,0.25,0.06552675061490976,0.06552675061490976,0.0,0.819084382686372,0.819084382686372,0.0
4104,Canfor Corporation/Licella,Biofuel Facility,BC,Low Carbon Fuels,Energy,6,0,0.275,Yes,1,1,1,0,indigenous_only,0.009136780396162636,0.01562772995083863,0.017190502945922493,0.009431277132902371,0.009284028764532503,6.0,5.0,-1.0,4,4,0,0.0,0.0,0.0,0.004568390198081318,0.004568390198081318,0.0,0.25,0.25,0.018273560792325273,0.018273560792325273,0.0,0.31978731386569226,0.31978731386569226,0.0
4111,Borealis Geopower,Canoe Reach Geothermal Energy Project,BC,Clean Electricity,Energy,6,1,0.388,Yes,1,0,1,0,indigenous_only,0.09180230755160419,0.044659180976111996,0.0491250990737232,0.02671618562557254,0.05925924658858837,6.0,5.0,-1.0,4,4,0,0.0,0.0,0.0,0.045901153775802096,0.045901153775802096,0.0,0.25,0.25,0.18360461510320839,0.18360461510320839,0.0,5.508138453096252,5.508138453096252,0.0
4116,Alcan Aluminum Ltd. and the Province of BC,Kenney Dam Cold Water Release Facility,BC,Clean Electricity,Energy,5,2,0.563,Yes,1,0,1,0,indigenous_only,0.08480154252134366,0.03738597957707769,0.04112457753478546,0.022414350085206425,0.05360794630327504,5.0,4.0,-1.0,4,4,0,0.0,0.011401652352146852,0.011401652352146852,0.04240077126067183,0.048101597436745254,0.005700826176073426,0.25,1.0,0.1696030850426873,0.048101597436745254,-0.12150148760594207,11.660212096684752,13.227939295104944,1.567727198420192
4119,AltaGas / Vopak Development Canada Inc.,Ridley Island Energy Export Facility (REEF),BC,"DER, Storage, EV",Energy,6,3,0.757,Yes,1,0,1,0,indigenous_only,0.054090150908135286,0.0306990435106269,0.033768947861689595,0.018442494680363852,0.03626632279424957,6.0,5.0,-1.0,4,4,0,0.0,0.0,0.0,0.027045075454067643,0.027045075454067643,0.0,0.25,0.25,0.10818030181627057,0.10818030181627057,0.0,20.283806590550732,20.283806590550732,0.0
4125,Nisgaa Nation,Nisgaa LNG,BC,Oil & Gas - Downstream,Energy,6,4,0.975,No,1,0,1,0,indigenous_only,0.006565843994644939,0.020105888255464117,0.02211647708101053,0.012117396004439174,0.009341619999542056,6.0,5.0,-1.0,4,4,0,0.0,0.0,0.0,0.0032829219973224697,0.0032829219973224697,0.0,0.25,0.25,0.013131687989289879,0.013131687989289879,0.0,32.829219973224696,32.829219973224696,0.0
4126,Devon Energy Corporation/ BP JV,Pike,AB,Clean Electricity,Energy,6,4,0.89,Yes,1,0,1,0,indigenous_only,0.9165063000119912,0.36449714674400724,0.400946861418408,0.19829659445303216,0.5574014472325117,6.0,5.0,-1.0,4,4,0,0.0,0.0,0.0,0.4582531500059956,0.4582531500059956,0.0,0.25,0.25,1.8330126000239824,1.8330126000239824,0.0,870.6809850113916,870.6809850113916,0.0
4153,DP Energy Limited (Haligonia Tidal Energy Ltd. / Rio Fundo Operations Canada Ltd.),Uisce Tapa In-Stream Tidal Energy Project,NS,Clean Electricity,Energy,6,1,0.384,Yes,1,0,1,0,indigenous_only,0.5414721863505582,0.6094220613614697,0.6703642674976167,0.3089404469379894,0.4252063166442738,6.0,5.0,-1.0,4,4,0,0.0,0.0,0.0,0.2707360931752791,0.2707360931752791,0.0,0.25,0.25,1.0829443727011163,1.0829443727011163,0.0,31.676122901507654,31.676122901507654,0.0
4162,Waroona Energy Inc.,Superior Lake (formerly Pick Lake/Winston Lake Zinc Project),ON,Other,Mining,5,1,0.438,No,1,0,1,0,indigenous_only,0.5975504049843339,0.1251675241348929,0.1376842765483822,0.07308795877866614,0.3353191818815,5.0,4.0,-1.0,4,4,0,0.0,0.0376641674871,0.0376641674871,0.29877520249216694,0.31760728623571693,0.01883208374355,0.25,1.0,1.1951008099686677,0.31760728623571693,-0.8774935237329509,43.34768074349504,46.0799260805945,2.7322453370994566
4163,Canadian Premium Sand,Wanipigow,MB,Other,Mining,5,1,0.4,No,1,0,1,0,indigenous_only,0.41973681446408473,0.11838066374810816,0.13021873012291899,0.0692655947437879,0.24450120460393632,5.0,4.0,-1.0,4,4,0,0.0,0.03565879803794547,0.03565879803794547,0.20986840723204236,0.2276978062510151,0.017829399018972736,0.25,1.0,0.8394736289281695,0.2276978062510151,-0.6117758226771544,26.023682496773255,28.23452797512587,2.210845478352617
4164,Copper Mountain Mining Corp.,New Ingerbelle,BC,Critical Mineral,Mining,5,1,0.478,Yes,1,0,1,0,indigenous_only,0.005831863744795095,0.009845956180014102,0.010830551798015514,0.005952409624013555,0.005892136684404325,5.0,4.0,-1.0,4,4,0,0.0,0.0030154282088586948,0.0030154282088586948,0.0029159318723975475,0.004423645976826895,0.0015077141044293474,0.25,1.0,0.01166372748959019,0.004423645976826895,-0.007240081512763295,0.5336155326487512,0.8095272137593218,0.27591168111057063
4166,Foran Mining Corp.,McIlvenna Bay,SK,Critical Mineral,Mining,5,2,0.622,Yes,1,0,1,0,indigenous_only,0.0551586263150192,0.10699514554052086,0.11769466009457295,0.06281782921890866,0.05898822776696393,5.0,4.0,-1.0,4,4,0,0.0,0.03228523539771844,0.03228523539771844,0.0275793131575096,0.043721930856368815,0.016142617698859215,0.25,1.0,0.1103172526300384,0.043721930856368815,-0.06659532177366959,10.149187241963533,16.089670555143723,5.94048331318019
4169,Allegiance Coal,Telkwa (Delete same project as Tenas Project (ID3610),BC,Coal,Mining,5,0,0.288,No,1,0,1,0,indigenous_only,0.0011229170637215213,0.009759942145044094,0.010735936359548504,0.005900563236484246,0.003511740150102884,5.0,4.0,-1.0,4,4,0,0.0,0.0029891249112651286,0.0029891249112651286,0.0005614585318607607,0.002056020987493325,0.0014945624556325643,0.25,1.0,0.0022458341274430426,0.002056020987493325,-0.00018981313994971766,0.041107747868717445,0.15053363262031128,0.10942588475159383
4188,Alpin Sun,Airport City Solar,AB,Clean Electricity,Energy,5,1,0.464,Yes,1,0,1,0,indigenous_only,0.946800743745767,0.5618570487891124,0.6180427536680236,0.28871902551924145,0.6177598846325042,5.0,4.0,-1.0,4,4,0,0.0,0.15830252731293815,0.15830252731293815,0.4734003718728835,0.5525516355293525,0.07915126365646902,0.25,1.0,1.893601487491534,0.5525516355293525,-1.3410498519621814,80.0046628465173,93.38122640446058,13.376563557943271
4198,Climate Transition Development Corporation,Greenview Geothermal Power Plant (Alberta No. 1),AB,Clean Electricity,Energy,5,1,0.365,Yes,1,0,1,0,indigenous_only,0.946800743745767,0.6212982096547701,0.6834280306202472,0.31389904581302475,0.6303498947793958,5.0,4.0,-1.0,4,4,0,0.0,0.17350929831117645,0.17350929831117645,0.4734003718728835,0.5601550210284717,0.08675464915558823,0.25,1.0,1.893601487491534,0.5601550210284717,-1.3334464664630623,50.18043941852565,59.376432229018,9.19599281049235
4204,Jupiter Hydro,In-Stream Tidal Demonstration Project,NS,Clean Electricity,Energy,5,0,0.118,Yes,1,1,1,0,indigenous_only,0.30992607123656657,0.24911501940851083,0.27402652134936195,0.140198241548822,0.22506215639269428,5.0,4.0,-1.0,4,4,0,0.0,0.07356312723916258,0.07356312723916258,0.15496303561828328,0.19174459923786458,0.03678156361958129,0.25,1.0,0.6198521424731331,0.19174459923786458,-0.42810754323526856,3.6106387299060008,4.467649162242245,0.8570104323362444
4216,NRStor and Six Nations of the Grand River Development Corporation Oneida Energy Storage LP,Oneida Energy Storage,ON,"DER, Storage, EV",Energy,5,3,0.776,Yes,1,0,1,0,indigenous_only,0.8194663074255881,0.44973891377138586,0.4947128051485245,0.2386817218464169,0.5290740146360025,5.0,4.0,-1.0,4,4,0,0.0,0.12885373239864772,0.12885373239864772,0.40973315371279406,0.4741600199121179,0.06442686619932386,0.25,1.0,1.6389326148511763,0.4741600199121179,-1.1647725949390584,327.78652297023524,379.32801592969435,51.541492959459106
4220,Port Hawkesbury Paper,Goose Harbour Lake Wind Farm (formerly Pirate Harbour),NS,Clean Electricity,Energy,5,1,0.451,Yes,1,0,1,0,indigenous_only,0.572691829900011,0.5693257653363145,0.626258341869946,0.29193294370601497,0.432312386803013,5.0,4.0,-1.0,4,4,0,0.0,0.16022850547755074,0.16022850547755074,0.2863459149500055,0.36646016768878087,0.08011425273877537,0.25,1.0,1.145383659800022,0.36646016768878087,-0.7789234921112411,44.383616817250854,56.80132599176103,12.417709174510179
4224,WindRiver Power Corp. & TC Energy,Canyon Creek Hydro Power Project (storage),AB,Clean Electricity,Energy,5,1,0.49,Yes,1,0,1,0,indigenous_only,0.946800743745767,0.5472122660831705,0.6019334926914877,0.2823747139966286,0.6145877288711978,5.0,4.0,-1.0,4,4,0,0.0,0.15451320598793383,0.15451320598793383,0.4734003718728835,0.5506569748668504,0.07725660299396692,0.25,1.0,1.893601487491534,0.5506569748668504,-1.3429445126246835,94.68007437457669,110.13139497337008,15.451320598793387
4231,Enbridge Frontier Inc.,Frontier NGL Plant and Pipeline Project,BC,Trans & Distr,Energy,5,4,0.912,No,1,0,1,0,indigenous_only,0.028835401345248656,0.02143462948583214,0.023578092434415353,0.012913008296659534,0.020874204820954097,5.0,4.0,-1.0,4,4,0,0.0,0.006552934686520739,0.006552934686520739,0.014417700672624328,0.0176941680158847,0.0032764673432603714,0.25,1.0,0.05767080269049731,0.0176941680158847,-0.03997663467461261,36.04425168156082,44.23542003971175,8.191168358150925
5002,Inuvialuit Petroleum Corporation,Inuvialuit Energy Security Project,NT,Clean Electricity,Energy,4,1,0.456,Yes,1,0,1,0,indigenous_only,0.8956614154770388,0.5664415043363671,0.6230856547700039,0.29069352099760337,0.5931774682373211,4.0,3.0,-1.0,4,3,1,0.14610425215637957,0.2308820305146181,0.08477777835823852,0.5208828338167092,0.5632717229958284,0.042388889179119205,1.0,2.0,0.5208828338167092,0.2816358614979142,-0.239246972318795,83.34125341067347,90.12347567933254,6.782222268659069
5010,Deh Tai GP Ltd,Clarke Lake Geothermal Development,BC,Clean Electricity,Energy,4,1,0.342,Yes,1,0,1,0,indigenous_only,0.21870054823598933,0.04679547376805944,0.051475021144865386,0.027976125151001896,0.12333833669349561,4.0,3.0,-1.0,4,3,1,0.012963656862298945,0.021453364971832478,0.008489708109533534,0.11583210254914414,0.1200769566039109,0.004244854054766767,1.0,2.0,0.11583210254914414,0.06003847830195545,-0.055793624247188686,11.583210254914414,12.007695660391091,0.4244854054766769
5014,"Nisga'a Nation, Western LNG, Rockies LNG Partners",Ksi Lisims LNG,BC,Oil & Gas - Downstream,Energy,4,4,0.975,No,1,0,1,0,indigenous_only,0.017973547621828234,0.020105888255464117,0.02211647708101053,0.012117396004439174,0.015045471813133704,4.0,3.0,-1.0,4,3,1,0.0055906263051462846,0.009274570118363745,0.0036839438132174607,0.01178208696348726,0.01362405887009599,0.0018419719066087303,1.0,2.0,0.01178208696348726,0.006812029435047995,-0.0049700575284392645,117.8208696348726,136.2405887009599,18.41971906608731
5016,Pace Canada LP,Caroline Solar Project,AB,Clean Electricity,Energy,4,0,0.081,Yes,1,0,1,0,indigenous_only,0.9356999860980314,0.8290637043969434,0.9119700748366378,0.39511155281803123,0.6654057694580313,4.0,3.0,-1.0,4,3,1,0.20639987480132638,0.3190185456060509,0.11261867080472454,0.5710499304496789,0.6273592658520412,0.05630933540236227,1.0,2.0,0.5710499304496789,0.3136796329260206,-0.2573702975236583,9.70784881764454,10.6651075194847,0.9572587018401588
5017,Pace Canada LP,Hannah Sheerness Solar Project,AB,Clean Electricity,Energy,4,0,0.082,Yes,1,0,1,0,indigenous_only,0.9356999860980314,0.8282219730955624,0.9110441704051188,0.39480274358220757,0.6652513648401195,4.0,3.0,-1.0,4,3,1,0.20621358880968887,0.31875284914480984,0.11253926033512096,0.5709567874538601,0.6272264176214206,0.05626963016756048,1.0,2.0,0.5709567874538601,0.3136132088107103,-0.25734357864314983,9.820456744206394,10.788294383088434,0.96783763888204
5018,Tlingit Homeland Energy Limited Partnership (THELP),Atlin Hydro Expansion project,BC,Clean Electricity,Energy,4,2,0.594,Yes,0,0,1,0,indigenous_only,0.1843981297422051,0.04924266477841462,0.05416693125625609,0.029417421539998823,0.10690777564110196,4.0,3.0,-1.0,4,3,1,0.013636954159554904,0.0225625281566888,0.008925573997133895,0.09901754195088,0.10348032894944695,0.004462786998566948,1.0,2.0,0.09901754195088,0.051740164474723474,-0.047277377476156526,32.6757888437904,34.14850855331749,1.472719709527091
5019,AWP Industrial Park,"pellet mill, sawmill, biomass power plant and logistics",NT,Lumber,Forest,4,0,0.088,No,1,0,1,0,indigenous_only,0.4130685040725458,1.2790328600307923,1.4069361460338716,0.5395516563663545,0.47631008021945015,4.0,3.0,-1.0,4,3,1,0.2999788021202908,0.4471968603609945,0.14721805824070366,0.3565236530964183,0.43013268221677015,0.07360902912035183,1.0,2.0,0.3565236530964183,0.21506634110838507,-0.14145731198803324,7.130473061928367,8.602653644335403,1.4721805824070362
5025,Interfor Corporation,Mill improvement,BC,Pulp & Paper,Forest,4,0,0.157,No,1,0,1,0,indigenous_only,0.0881140206129473,0.0877403292397769,0.0965143621637546,0.051811770810680224,0.06996289571181377,4.0,3.0,-1.0,4,3,1,0.024168600927013784,0.03984664664230342,0.015678045715289635,0.056141310769980544,0.06398033362762537,0.007839022857644824,1.0,2.0,0.056141310769980544,0.031990166813812684,-0.02415114395616786,1.964945876949319,2.2393116769668877,0.2743658000175686
5027,Osisko Development Corp.,Cariboo Gold Project,BC,Precious Metal,Mining,4,3,0.711,No,1,0,1,0,indigenous_only,0.034180403778301845,0.006350954557908582,0.006986050013699441,0.003843560532490131,0.019011982155395988,4.0,3.0,-1.0,4,3,1,0.0017693287828584037,0.0029389509329568186,0.001169622150098415,0.017974866280580124,0.01855967735562933,0.0005848110750492075,1.0,2.0,0.017974866280580124,0.009279838677814666,-0.008695027602765458,10.569221372981113,10.913090285110046,0.3438689121289329
5028,St Barbara Ltd.,Moose River Consolidated (15 Mile Stream Mine),NS,Precious Metal,Mining,4,1,0.477,No,1,0,1,0,indigenous_only,0.34072037657611465,0.10947422899313512,0.12042165189244865,0.06422555953658615,0.2024729680563504,4.0,3.0,-1.0,4,3,1,0.030064515304693562,0.049469086775324134,0.01940457147063057,0.1853924459404041,0.1950947316757194,0.009702285735315286,1.0,2.0,0.1853924459404041,0.0975473658378597,-0.08784508010254441,33.74142516115355,35.50724116498093,1.765816003827382
5034,Greengate Power Corporation,Lathom Solar Project,AB,Clean Electricity,Energy,4,1,0.464,Yes,1,0,1,0,indigenous_only,0.9774903053972903,0.5618570487891124,0.6180427536680236,0.28871902551924145,0.6331046654582659,4.0,3.0,-1.0,4,3,1,0.1450119966138559,0.22924621449080396,0.08423421787694807,0.5612511510055731,0.6033682599440471,0.04211710893847398,1.0,2.0,0.5612511510055731,0.30168412997202354,-0.25956702103354956,95.41269567094743,102.57260419048801,7.159908519540579
5038,TransAlta Renewables,Tempest Wind Power Project,AB,Clean Electricity,Energy,4,1,0.362,Yes,1,0,1,0,indigenous_only,0.9774903053972903,0.6231944325660069,0.6855138758226077,0.31468746727966346,0.6460888863384768,4.0,3.0,-1.0,4,3,1,0.15951074987653568,0.2508472803749485,0.09133653049841284,0.5685005276369131,0.6141687928861195,0.04566826524920642,1.0,2.0,0.5685005276369131,0.30708439644305974,-0.2614161311938533,59.69255540187587,64.48772325304255,4.795167851166674
5040,Prairie Sunlight,Vauxhall Solar Farm,AB,Clean Electricity,Energy,4,1,0.518,Yes,1,0,1,0,indigenous_only,0.9774903053972903,0.5318675637564854,0.585054320132134,0.2756664696391783,0.6265783875182342,4.0,3.0,-1.0,4,3,1,0.13783239809351044,0.21845927002066967,0.08062687192715923,0.5576613517454003,0.59797478770898,0.040313435963579725,1.0,2.0,0.5576613517454003,0.29898739385449,-0.2586739578909103,122.68549738398806,131.5544532959756,8.868955911987541
5041,AltaLink,Provost to Edgerton and Nilrem to Vermilion (PENV) Transmission Development,AB,Trans & Distr,Energy,4,2,0.532,No,1,0,1,0,indigenous_only,0.9284090736861459,0.42854594279676683,0.4714005370764435,0.2288352139592894,0.5786221438227177,4.0,3.0,-1.0,4,3,1,0.11263196550419252,0.18012613603858796,0.06749417053439544,0.5205205195951692,0.5542676048623669,0.03374708526719772,1.0,2.0,0.5205205195951692,0.27713380243118346,-0.24338671716398574,125.44544522243578,133.57849277183044,8.13304754939466
5048,Ascent Energy Partners,Dunmore Solar Project,AB,Clean Electricity,Energy,4,1,0.49,Yes,1,0,1,0,indigenous_only,0.9774903053972903,0.5472122660831705,0.6019334926914877,0.2823747139966286,0.6299325096969595,4.0,3.0,-1.0,4,3,1,0.14151347943868997,0.22399734832231588,0.08248386888362591,0.5595018924179902,0.6007438268598031,0.0412419344418129,1.0,2.0,0.5595018924179902,0.30037191342990155,-0.25912997898808865,111.90037848359805,120.14876537196062,8.248386888362575
5052,Fortis,Tilbury LNG Phase 2,BC,Oil & Gas - Downstream,Energy,3,4,0.93,No,0,0,1,0,indigenous_only,0.017973547621828234,0.028607754368084014,0.03146852980489242,0.01719701714949462,0.017585282385661427,3.0,2.0,-1.0,3,2,1,0.011980330665622319,0.016456301577562504,0.004475970911940186,0.014976939143725276,0.01721492459969537,0.002237985455970093,2.0,3.0,0.007488469571862638,0.005738308199898456,-0.0017501613719641818,52.41928700303847,60.25223609893379,7.832949095895323
5053,Alberta BioBoard,MDF and Fuel Pellet Plant,AB,Waste Biomass,Energy,4,3,0.775,Yes,1,1,1,0,indigenous_only,0.9608858670334481,0.12780904369957607,0.1405899480695337,0.07457141683969015,0.5177286419365692,4.0,3.0,-1.0,4,3,1,0.035010624656719336,0.05751159033355191,0.022500965676832574,0.49794824584508374,0.5091987286835,0.011250482838416287,1.0,2.0,0.49794824584508374,0.25459936434175,-0.24334888150333372,393.3791142176162,402.266995659965,8.887881442348828
5060,Fortis,Tilbury LNG Phase 1B,BC,Oil & Gas - Downstream,Energy,4,0,0.253,No,0,0,1,0,indigenous_only,0.00868573621449878,0.05690431237871938,0.06259474361659133,0.03391601687046897,0.021300876542483874,4.0,3.0,-1.0,4,3,1,0.015741939944082683,0.026026965073046027,0.010285025128963343,0.012213838079290731,0.017356350643772403,0.005142512564481672,1.0,2.0,0.012213838079290731,0.008678175321886201,-0.00353566275740453,0.7328302847574439,1.0413810386263442,0.3085507538689003
5067,Ontario Power Generation,Redevelopment of Coniston station,ON,Clean Electricity,Energy,4,0,0.317,Yes,1,0,1,0,indigenous_only,0.8677370990414979,0.7168862601277534,0.7885748861405287,0.3525354828633742,0.610136290952436,4.0,3.0,-1.0,4,3,1,0.18118416180506602,0.2826797153415904,0.1014955535365244,0.524460630423282,0.5752084071915442,0.050747776768262254,1.0,2.0,0.524460630423282,0.2876042035957721,-0.23685642682750985,44.579153585978965,48.89271461128126,4.313561025302292
5069,Canada Nickel Company Inc.,Crawford,ON,Critical Mineral,Mining,1,4,0.916,Yes,1,0,1,0,indigenous_only,0.5418173374368263,0.09424317303696315,0.10366749034065947,0.05554317775524631,0.2986802575960363,1.0,0.0,-1.0,2,2,0,0.048479445607146565,0.053196201507466734,0.004716755900320169,0.2951483915219864,0.2975067694721465,0.0023583779501600843,4.0,5.0,0.0737870978804966,0.0595013538944293,-0.0142857439860673,783.6512982397455,789.9130499398061,6.261751700060586
5074,New Age Metals Inc.,River Valley Palladium,ON,Precious Metal,Mining,1,3,0.724,No,1,0,1,0,indigenous_only,0.8068363406137582,0.09360985077165596,0.10297083584882157,0.05518041646775618,0.4310083785407572,1.0,0.0,-1.0,2,2,0,0.048161634244476614,0.05284833615498241,0.004686701910505797,0.4274989874291174,0.4298423383843703,0.0023433509552528986,4.0,5.0,0.10687474685727935,0.08596846767687406,-0.020906279180405288,259.2131560296705,260.6340421946862,1.4208861650157019
5076,Resolve Energie,Usine de production d'ethanol cellulosique,QC,Oil & Gas - Upstream,Energy,4,2,0.573,No,1,0,1,0,indigenous_only,0.7948588686769089,0.1440395375176887,0.1584434912694576,0.08363437580273703,0.43924662223982297,4.0,3.0,-1.0,4,3,1,0.03936800949890695,0.06457424102192888,0.025206231523021927,0.41711343908790793,0.4297165548494189,0.012603115761510963,1.0,2.0,0.41711343908790793,0.21485827742470945,-0.20225516166319848,125.13403172637238,128.91496645482567,3.780934728453289
5077,Greenfield Global,Agrandissement usine d'ethanol a Varennes,QC,Low Carbon Fuels,Energy,4,1,0.388,Yes,0,0,1,0,indigenous_only,0.7842516764382732,0.2890904679729539,0.3179995147702493,0.16078886231534206,0.47252026937680763,4.0,3.0,-1.0,4,3,1,0.07744639051100843,0.12538869214329895,0.04794230163229052,0.4308490334746408,0.4548201842907861,0.02397115081614526,1.0,2.0,0.4308490334746408,0.22741009214539304,-0.20343894132924778,51.701884016956896,54.57842211489433,2.876538097937434
5086,DEEP,DEEP Geothermal,SK,Clean Electricity,Energy,4,2,0.551,Yes,1,1,1,0,indigenous_only,0.9639549092104166,0.148514793341683,0.1633662726758513,0.08611767022150674,0.5250362897159617,4.0,3.0,-1.0,4,3,1,0.04056601273811611,0.06651230987696877,0.02594629713885266,0.5022604609742664,0.5152336095436927,0.01297314856942633,1.0,2.0,0.5022604609742664,0.25761680477184634,-0.24464365620242,128.5786780094122,131.89980404318533,3.3211260337731403
6002,Highwood Organics Processing,Aldersyde Bioenergy Facility,AB,Waste Biomass,Energy,3,0,0.124,Yes,1,0,1,0,indigenous_only,0.9039231483518286,0.793630355608729,0.872993391169602,0.38197467956164644,0.6429489139567375,3.0,2.0,-1.0,3,2,1,0.2842059165570874,0.3689217331480156,0.0847158165909282,0.594064532454458,0.6364224407499222,0.04235790829546415,2.0,3.0,0.297032266227229,0.21214081358330739,-0.08489145264392162,14.85161331136145,15.910561018748053,1.0589477073866025
6016,Voltarix Group,Creekside Solar Project,AB,Clean Electricity,Energy,3,0,0.188,Yes,1,0,1,0,indigenous_only,0.9356999860980314,0.7436770859673238,0.8180447945640563,0.36296850177091367,0.6493342439344725,3.0,2.0,-1.0,3,2,1,0.2689818852185838,0.35036930975351266,0.08138742453492886,0.6023409356583076,0.643034647925772,0.04069371226746443,2.0,3.0,0.3011704678291538,0.214344882641924,-0.0868255851872298,25.900660233307228,27.650489860808197,1.7498296275009686
6018,FortisBC,Eagle Mountain - Woodfibre Gas Pipeline,BC,Trans & Distr,Energy,3,2,0.602,No,1,0,1,0,indigenous_only,0.07714443884922288,0.029367960753727922,0.032304756829100716,0.01764994451926205,0.047397191684242466,3.0,2.0,-1.0,3,2,1,0.01229672388712233,0.01688988841072947,0.0045931645236071406,0.044720581368172606,0.047017163629976176,0.0022965822618035703,2.0,3.0,0.022360290684086303,0.015672387876658724,-0.006687902807427579,15.652203478860413,16.45600727049166,0.8038037916312479
6019,Skeena Resources Ltd.,Eskay Creek Mine,BC,Precious Metal,Mining,3,3,0.75,No,1,0,1,0,indigenous_only,0.034180403778301845,0.0061042735934697095,0.006714700952816681,0.0036945467827412815,0.018937475280521563,3.0,2.0,-1.0,3,2,1,0.0025684745592062797,0.003534370194214431,0.0009658956350081516,0.018374439168754062,0.018857386986258138,0.0004829478175040758,2.0,3.0,0.009187219584377031,0.006285795662086046,-0.002901423922290985,13.100975127321647,13.445316921202052,0.344341793880405
6022,NTPC,Fort Providence and Kakisa Transmission Line,NT,Trans & Distr,Energy,3,0,0.253,No,1,0,1,0,indigenous_only,0.5154075984069448,0.5689569634685034,0.6258526598153539,0.29177458325146366,0.40359109082920425,3.0,2.0,-1.0,3,2,1,0.21314089070831688,0.281082895280764,0.06794200457244715,0.36427424455763086,0.39824524684385443,0.03397100228622357,2.0,3.0,0.18213712227881543,0.13274841561461814,-0.049388706664197285,21.85645467345785,23.894714810631264,2.0382601371734133
6023,STLLR Gold Inc.,Tower Gold (formerly Garrison/Golden Highway),ON,Precious Metal,Mining,1,2,0.694,No,1,0,1,0,indigenous_only,0.7940544683751466,0.09650641430588672,0.1061570557364754,0.056838404114608165,0.4254464362448774,1.0,0.0,-1.0,2,2,0,0.04961430977187664,0.05443828982301857,0.0048239800511419295,0.4218343890735116,0.4242463790990826,0.0024119900255709648,4.0,5.0,0.1054585972683779,0.08484927581981652,-0.020609321448561382,218.0883791510055,219.3353779942257,1.246998843220183
6025,Rock Tech Lithium Inc.,Georgia Lake,ON,Critical Mineral,Mining,2,2,0.55,Yes,1,0,1,0,indigenous_only,0.5770712070550996,0.1366823215904523,0.15035055374949755,0.07953722404703767,0.32830421555106865,2.0,1.0,-1.0,2,2,0,0.06953606058609196,0.07621798844399741,0.006681927857905445,0.3233036338205958,0.3266445977495485,0.0033409639289527227,3.0,4.0,0.1077678779401986,0.08166114943738713,-0.02610672850281147,82.72693382201405,83.58181967215447,0.8548858501404197
6026,TransAlta Corporation,Ghost River WaterCharger Battery Energy Storage,AB,"DER, Storage, EV",Energy,3,1,0.388,Yes,1,0,1,0,indigenous_only,0.9656069769948992,0.6069508932740268,0.6676459826014296,0.3079041747131399,0.6367555758540195,3.0,2.0,-1.0,3,2,1,0.22563598493332016,0.2967526829392,0.07111669800587983,0.5956214809641096,0.6311798299670496,0.03555834900293997,2.0,3.0,0.2978107404820548,0.2103932766556832,-0.08741746382637161,71.47457771569316,75.74157959604595,4.267001880352794
6028,TransAlta Corporation,Glacier Gas Plant CSS (Phase 2),AB,CCUS,Energy,3,1,0.342,Yes,0,1,1,0,indigenous_only,0.9656069769948992,0.26970557832443026,0.2966761361568733,0.15086638424013832,0.5582366806175187,3.0,2.0,-1.0,3,2,1,0.10741103844874145,0.144813716197979,0.037402677749237556,0.5365090077218203,0.5552103465964391,0.018701338874618778,2.0,3.0,0.26825450386091015,0.18507011553214636,-0.08318438832876379,53.650900772182034,55.52103465964391,1.8701338874618756
6029,LNG Newfoundland and Labrador,Grassy Point LNG,NL,Oil & Gas - Downstream,Energy,3,4,0.975,No,1,0,1,0,indigenous_only,0.41915907359728727,0.134229797278865,0.1476527770067515,0.07816737348592728,0.24866322354160728,3.0,2.0,-1.0,3,2,1,0.05498272887774558,0.0749029501085714,0.01992022123082582,0.23707090123751642,0.24703101185292933,0.00996011061541291,2.0,3.0,0.11853545061875821,0.08234367061764311,-0.0361917800011151,2370.709012375164,2470.3101185292935,99.60110615412941
6031,Diageo Canada Inc.,Implantation de mesures de reduction des emissions de GES et de conversion energetique,QC,Waste Biomass,Energy,3,0,0.333,Yes,0,0,1,0,indigenous_only,0.7431312886189879,0.3057012782120922,0.33627140603330147,0.16919908381104254,0.45616518621501523,3.0,2.0,-1.0,3,2,1,0.12084526943977891,0.1624835394869174,0.04163827004713849,0.4319882790293834,0.45280741405295266,0.020819135023569246,2.0,3.0,0.2159941395146917,0.15093580468431755,-0.06505833483037415,40.60689822876204,42.56389692097755,1.9569986922155067
6040,FD Power,Kopahawakenum,SK,Other,Energy,3,0,0.145,Yes,1,0,1,0,indigenous_only,0.8499249836151005,0.7190243780928444,0.7909268159021289,0.35337435702781195,0.6016496703214562,3.0,2.0,-1.0,3,2,1,0.26134968583332474,0.3410133886907081,0.07966370285738333,0.5556373347242126,0.5954691861529042,0.03983185142869161,2.0,3.0,0.2778186673621063,0.19848972871763473,-0.07932893864447157,16.66912004172638,17.864075584587127,1.1949555428607468
6046,"LNG Canada (Shell Canada Limited, PETRONAS, Korea Gas Corporation (KOGAS), Mitsubishi Corporation, and PetroChina Company Limited)",LNG Canada Phase 2,BC,Oil & Gas - Downstream,Energy,3,4,0.995,No,0,0,1,0,indigenous_only,0.017973547621828234,0.026779887204045293,0.029457875924449824,0.016107127641549313,0.017040337631688773,3.0,2.0,-1.0,3,2,1,0.011219168716828487,0.015412987205252304,0.004193818488423817,0.01459635816932836,0.01669326741354027,0.0020969092442119086,2.0,3.0,0.00729817908466418,0.00556442247118009,-0.0017337566134840903,364.908954233209,417.33168533850676,52.42273110529777
6050,Miniere O3,Marban Block,QC,Other,Mining,2,2,0.652,No,1,0,1,0,indigenous_only,0.08458264175018242,0.032113050278033635,0.035324355305837,0.019283718857788568,0.05193318030398549,2.0,1.0,-1.0,2,2,0,0.016790504738581125,0.01845397082132405,0.001663466082742926,0.05068657324438177,0.05151830628575323,0.000831733041371463,3.0,4.0,0.016895524414793923,0.012879576571438308,-0.004015947843355615,22.05372801863051,22.415615064931234,0.3618870463007262
6051,Fox River Resources Corporation,Martison,ON,Other,Mining,1,4,0.907,No,1,0,1,0,indigenous_only,0.7171953489084919,0.07773029741000352,0.08550332715100388,0.04603906562781224,0.38161720726815207,1.0,0.0,-1.0,2,2,0,0.04015822637307409,0.044084261985348094,0.003926035612274004,0.378676787640783,0.38063980544692,0.001963017806137002,4.0,5.0,0.09466919691019575,0.076127961089384,-0.018541235820811755,881.1505906970908,885.7183760905472,4.567785393456347
6053,TC Energy Corporation,Meaford Pumped Storage Project,ON,Clean Electricity,Energy,3,4,0.941,Yes,1,0,1,0,indigenous_only,0.9319939381344403,0.38033826340067256,0.41837208974073986,0.2059604282433647,0.5689771831889026,3.0,2.0,-1.0,3,2,1,0.1480602910516179,0.1979671187638774,0.049906827712259516,0.5400271145930291,0.5649805284491589,0.024953413856129814,2.0,3.0,0.27001355729651455,0.18832684281638631,-0.08168671448012824,2322.116592750025,2429.4162723313834,107.2996795813583
6056,San Group,Mill and port upgrades,BC,Pulp & Paper,Forest,3,1,0.342,No,0,0,1,0,indigenous_only,0.22381413442074288,0.09883125067508719,0.10871437574259592,0.05816703120655631,0.1409905828136496,3.0,2.0,-1.0,3,2,1,0.04078341757558701,0.05571248554706232,0.014929067971475307,0.13229877599816495,0.1397633099839026,0.007464533985737654,2.0,3.0,0.06614938799908247,0.0465877699946342,-0.01956161800444827,13.229877599816495,13.97633099839026,0.7464533985737649
6060,Sayona Nord,Moblan,QC,Other,Mining,1,3,0.784,No,1,0,1,0,indigenous_only,0.09098984841673631,0.028083368671604717,0.03089170553876519,0.016884468930465246,0.05393715867360078,1.0,0.0,-1.0,2,2,0,0.014699128101863912,0.016157104599530125,0.0014579764976662135,0.05284448825930011,0.05357347650813322,0.0007289882488331068,4.0,5.0,0.013211122064825028,0.010714695301626644,-0.002496426763198384,43.469876042100275,44.06954177559039,0.599665733490113
6062,Voltarix Group,Moon Lake Solar Project,AB,Clean Electricity,Energy,3,0,0.188,Yes,1,0,1,0,indigenous_only,0.9356999860980314,0.7436770859673238,0.8180447945640563,0.36296850177091367,0.6493342439344725,3.0,2.0,-1.0,3,2,1,0.2689818852185838,0.35036930975351266,0.08138742453492886,0.6023409356583076,0.643034647925772,0.04069371226746443,2.0,3.0,0.3011704678291538,0.214344882641924,-0.0868255851872298,25.900660233307228,27.650489860808197,1.7498296275009686
6063,Northriver Midstream NEBC Connector GP Inc.,NEBC Connector Project,Multi,Clean Electricity,Energy,3,2,0.615,Yes,1,0,1,0,indigenous_only,0.8669876246172286,0.48196061005594376,0.5301566710615382,0.25341195528849225,0.5601997899528603,3.0,2.0,-1.0,3,2,1,0.18376568725763787,0.24387544944454953,0.060109762186911664,0.5253766559374332,0.5554315370308891,0.030054881093455887,2.0,3.0,0.2626883279687166,0.18514384567696304,-0.07754448229175356,183.9343672436954,194.45658111451428,10.522213870818888
6064,One Sky Forest Products,New OSB Mill,SK,EWP,Forest,3,2,0.634,No,1,0,1,0,indigenous_only,0.5642566993319771,0.6798311770257027,0.7478142947282731,0.3378231141600858,0.45103990674603145,3.0,2.0,-1.0,3,2,1,0.24905153564263416,0.3258610471591704,0.07680951151653626,0.4066541174873056,0.44505887324557375,0.03840475575826813,2.0,3.0,0.2033270587436528,0.14835295774852458,-0.05497410099512823,162.66164699492225,178.0235492982295,15.36190230330726
6067,Northern Petrochemical Corp.,Northern Petrochemical Ammonia and Methanol Production Facility,AB,Low Carbon Fuels,Energy,3,4,0.912,Yes,1,1,1,0,indigenous_only,0.8921825062133536,0.11120478026034505,0.12232525828637957,0.06520698763080457,0.4786947469220791,3.0,2.0,-1.0,3,2,1,0.04577086557764143,0.06246533365829132,0.016694468080649894,0.4689766858954975,0.47732391993582246,0.008347234040324947,2.0,3.0,0.23448834294774876,0.15910797331194082,-0.07538036963580794,1172.4417147387437,1193.3097998395563,20.86808510081255
6072,Peak Renewables,Pellet Plant,BC,Other,Forest,3,0,0.142,Yes,1,0,1,0,indigenous_only,0.09551676715147334,0.10900502819011447,0.11990553100912593,0.06395928944689988,0.07973802829918661,3.0,2.0,-1.0,3,2,1,0.04488610190645892,0.06126835938184849,0.016382257475389572,0.07020143452896613,0.07839256326666091,0.008191128737694786,2.0,3.0,0.035100717264483064,0.026130854422220306,-0.008969862842262758,2.035841601340018,2.2733843347331666,0.2375427333931488
6077,Hydro One,Power Downtown Toronto,ON,Trans & Distr,Energy,3,1,0.388,No,0,0,1,0,indigenous_only,0.8786214884665952,0.7409807263737518,0.815078799011127,0.36192612560699855,0.6202738070367968,3.0,2.0,-1.0,3,2,1,0.26815097851194225,0.3493525211865941,0.08120154267465185,0.5733862334892688,0.6139870048265946,0.04060077133732587,2.0,3.0,0.2866931167446344,0.2046623349421982,-0.08203078180243617,68.80634801871226,73.67844057919136,4.872092560479103
6081,Newcrest Mining Ltd./Imperial Metals,Red Chris Block Cave Expansion,BC,Critical Mineral,Mining,3,4,0.916,Yes,0,0,1,0,indigenous_only,0.009919864556798873,0.008577108634091456,0.009434819497500602,0.005187316360209304,0.007553590458504089,3.0,2.0,-1.0,3,2,1,0.0036070825029614895,0.004962582294873785,0.0013554997919122957,0.006763473529880181,0.007441223425836329,0.0006777498959561479,2.0,3.0,0.0033817367649400906,0.0024804078086121096,-0.0009013289563279811,17.801462330644636,19.58530005680122,1.7838377261565839
6083,Voltarix Group,Rocktree Solar Project,AB,Clean Electricity,Energy,3,0,0.177,Yes,1,0,1,0,indigenous_only,0.9356999860980314,0.752033343698201,0.8272366780680211,0.36618811432431897,0.6509440502111752,3.0,2.0,-1.0,3,2,1,0.27155095158350095,0.35351034612242993,0.08195939453892898,0.6036254688407662,0.6446051661102307,0.04097969726946449,2.0,3.0,0.3018127344203831,0.2148683887034102,-0.08694434571697288,24.145018753630648,25.784206644409227,1.6391878907785795
6084,DP Energy,Saamis Solar Farm,AB,Clean Electricity,Energy,3,3,0.714,Yes,1,0,1,0,indigenous_only,0.9743570938805424,0.43585022746017776,0.4794352502061956,0.2322431713978842,0.6033001326392133,3.0,2.0,-1.0,3,2,1,0.1677539497044932,0.2233799122388409,0.055625962534347706,0.5710555217925177,0.5988685030596916,0.02781298126717391,2.0,3.0,0.28552776089625886,0.19962283435323055,-0.08590492654302831,342.6333130755106,359.321101835815,16.687788760304386
6087,Magna Mining Inc.,Shakespeare,ON,Other,Mining,3,2,0.526,No,1,0,1,0,indigenous_only,0.7452985345099726,0.1144643087279072,0.12591073960069793,0.06705273307138926,0.40617563379068095,3.0,2.0,-1.0,3,2,1,0.047080375811870856,0.06423616946521338,0.01715579365334252,0.39618945516092174,0.404767351987593,0.00857789682667126,2.0,3.0,0.19809472758046087,0.134922450662531,-0.06317227691792987,92.27252410697868,94.27031627791041,1.9977921709317314
6088,Expander Energy,Slave Lake Bio-Mass/Gas to Liquids Plant (Phase 1),AB,Waste Biomass,Energy,3,0,0.157,Yes,1,1,1,0,indigenous_only,0.9039231483518286,0.23943900414441527,0.2633829045588568,0.13513882763922913,0.5195309879955289,3.0,2.0,-1.0,3,2,1,0.09595627046502386,0.1296680518870772,0.03371178142205333,0.49993970940842625,0.5167956001194529,0.016855890711026666,2.0,3.0,0.24996985470421312,0.17226520003981763,-0.0777046546643955,17.49788982929492,18.087846004180854,0.5899561748859341
6089,Hydro One,St.Clair Transmission Line,ON,Trans & Distr,Energy,3,2,0.534,No,1,0,1,0,indigenous_only,0.8539428429402403,0.4699913133230304,0.5169904446553335,0.247973728849749,0.5509582858949946,3.0,2.0,-1.0,3,2,1,0.17963921836276897,0.23860779782319008,0.05896857946042111,0.5167910306515047,0.5462753203817152,0.029484289730210556,2.0,3.0,0.25839551532575233,0.18209177346057173,-0.0763037418651806,129.19775766287617,136.5688300954288,7.371072432552637
6091,"ATCO, Suncor",Suncor and ATCO clean hydrogen project,AB,Low Carbon Fuels,Energy,3,4,0.931,Yes,1,1,1,0,indigenous_only,0.8921825062133536,0.10907909497625322,0.11998700447387856,0.06400132716793938,0.4780919166906465,3.0,2.0,-1.0,3,2,1,0.04491590569695636,0.0613086869733247,0.01639278127636834,0.468549205955155,0.47674559659333915,0.00819639063818417,2.0,3.0,0.2342746029775775,0.15891519886444638,-0.0753594041131311,1654.9157954336074,1683.865447167674,28.949651734066492
6092,Suncor Energy Inc.,Suncor PURE Demonstration Facility,AB,Clean Electricity,Energy,3,0,0.234,Yes,1,1,1,0,indigenous_only,0.9356999860980314,0.22142467814987946,0.24356714596486742,0.12564001784888823,0.5306700019734598,3.0,2.0,-1.0,3,2,1,0.08906885681359034,0.12052648807588484,0.031457631262294505,0.5123844214558109,0.5281132370869581,0.015728815631147253,2.0,3.0,0.25619221072790543,0.1760377456956527,-0.08015446503225274,26.90018212643007,27.7259449470653,0.8257628206352301
6096,Troilus Gold Corp.,Troilus,QC,Other,Mining,1,2,0.654,No,1,0,1,0,indigenous_only,0.08458264175018242,0.032047875943001534,0.03525266353730169,0.01924496104562079,0.0519138013979016,1.0,0.0,-1.0,2,2,0,0.016756715056375437,0.018416864991792625,0.0016601499354171878,0.05066967840327893,0.05149975337098752,0.0008300749677085939,4.0,5.0,0.012667419600819732,0.010299950674197504,-0.002367468926622228,22.77602044227388,23.14913914025889,0.3731186979850101
6097,Agnico Eagle Mines Limited,Upper Beaver,ON,Other,Mining,3,2,0.531,No,1,0,1,0,indigenous_only,0.7452985345099726,0.11388442114569874,0.12527286326026862,0.06672463178021892,0.4060115831450958,3.0,2.0,-1.0,3,2,1,0.046847538409705014,0.06392137306325374,0.017073834653548725,0.3960730364598388,0.4046099537866132,0.008536917326774363,2.0,3.0,0.1980365182299194,0.13486998459553773,-0.06316653363438168,95.0971360540073,97.14684990416582,2.0497138501585255
6100,Probe Gold inc.,Novador,QC,Precious Metal,Mining,2,3,0.723,No,1,0,1,0,indigenous_only,0.11652463452018441,0.02987855631006733,0.032866411941074064,0.017954037751613305,0.06723933613589886,2.0,1.0,-1.0,2,2,0,0.015631366857847384,0.017181001372312155,0.0015496345144647705,0.0660780006890159,0.06685281794624828,0.0007748172572323853,3.0,4.0,0.022026000229671966,0.01671320448656207,-0.005312795743109895,39.77895641478757,40.245396403641465,0.4664399888538924
6101,Ville de Quebec,Projet de valorisation de la vapeur de l'incinerateur pour le CHU de Quebec - Universite Laval,QC,Other,Energy,3,0,0.19,Yes,1,0,1,0,indigenous_only,0.695491300826955,0.2600601121989231,0.28606612341881543,0.14588556748081682,0.4206884341538859,3.0,2.0,-1.0,3,2,1,0.10377643472448628,0.14001587328562537,0.03623943856113909,0.39963386777572063,0.4177535870562902,0.018119719280569546,2.0,3.0,0.19981693388786032,0.13925119568543007,-0.06056573820243025,17.503963408576563,18.29760711306551,0.7936437044889466
6102,Galleon Gold Corp.,West Cache,ON,Precious Metal,Mining,3,1,0.44,No,1,0,1,0,indigenous_only,0.8267997999817953,0.12491349313869428,0.1374048424525637,0.07294517155082147,0.4498724857663084,3.0,2.0,-1.0,3,2,1,0.05126621631208972,0.06989048300333844,0.018624266691248725,0.4390330081469425,0.4483451414925669,0.009312133345624363,2.0,3.0,0.21951650407347126,0.1494483804975223,-0.07006812357594897,65.6793380187826,67.072433167288,1.3930951485053953
6103,"Enbridge Inc., BG Group",Westcoast Connector Gas Transmission Project,BC,Trans & Distr,Energy,3,4,0.963,No,1,0,1,0,indigenous_only,0.06755336250166906,0.02035246962368976,0.022387716586058738,0.012265090329072192,0.039909226415370626,3.0,2.0,-1.0,3,2,1,0.008537998921623324,0.011735534753050447,0.003197535831427123,0.03804568071164619,0.03964444862735975,0.0015987679157135615,2.0,3.0,0.019022840355823096,0.013214816209119918,-0.0058080241467031776,254.90606076802948,265.6178058033103,10.711745035280842
6104,NTPC,Whati Transmission Line,NT,Trans & Distr,Energy,3,0,0.186,No,1,0,1,0,indigenous_only,0.5154075984069448,0.6090272856316508,0.6699300141948159,0.3087750038684528,0.4120913011376988,3.0,2.0,-1.0,3,2,1,0.22631310276499073,0.29759913558273,0.07128603281773926,0.3708603505859678,0.4065033669948374,0.03564301640886963,2.0,3.0,0.1854301752929839,0.13550112233161246,-0.04992905296137143,15.390704549317663,16.869889730285752,1.4791851809680896
7003,Rio Tinto Group,Jonquiere Refinery,QC,Critical Mineral,Mining,2,4,0.862,Yes,0,0,1,0,indigenous_only,0.03599616917998505,0.043149691347336816,0.0474646604820705,0.025824936572132695,0.030910552876058872,2.0,1.0,-1.0,2,2,0,0.02249574402316712,0.024717295335626166,0.002221551312459047,0.029245956601576084,0.030356732257805608,0.0011107756562295235,3.0,4.0,0.009748652200525362,0.007589183064451402,-0.00215946913607396,43.430245553340484,45.07974740284133,1.6495018495008438
7009,Energir Developpement/Nature Energy,Biomethanization plants in Quebec- Farnham Project,QC,Waste Biomass,Energy,2,4,0.855,Yes,1,0,1,0,indigenous_only,0.8580198430898075,0.13234458752238631,0.14557904627462495,0.07711300921627096,0.4675664261530392,2.0,1.0,-1.0,2,2,0,0.06740540521051508,0.07389083222884008,0.006485427018324996,0.4627126241501613,0.4659553376593238,0.003242713509162498,3.0,4.0,0.1542375413833871,0.11648883441483095,-0.03774870696855616,643.2090751040178,647.7167168846726,4.507641780654808
7010,Enbridge Gas,Bobcaygeon Natural Gas Expansion,ON,NG Power Gen,Energy,2,1,0.4,No,0,0,1,0,indigenous_only,0.8786214884665952,0.7320033371567991,0.8052036708724791,0.35844327954318655,0.6185323840048909,2.0,1.0,-1.0,2,2,0,0.32021722667781105,0.3459556923559145,0.02573846567810345,0.5994193575722031,0.6122885904112548,0.012869232839051725,3.0,4.0,0.1998064525240677,0.1530721476028137,-0.046734304921253994,73.60270291629082,75.18291601659799,1.5802131003071622
7012,Cielo Waste Solutions Corp.,Cielo- Halifax,NS,Other,Energy,2,0,0.214,Yes,1,1,1,0,indigenous_only,0.3587037223624068,0.22596912639843136,0.2485660390382745,0.1280460636223809,0.24337489299239384,2.0,1.0,-1.0,2,2,0,0.11232756000590438,0.12284163379670565,0.01051407379080127,0.23551564118415558,0.2407726780795562,0.005257036895400635,3.0,4.0,0.07850521372805186,0.06019316951988905,-0.018312044208162806,11.77578205920778,12.03863390397781,0.2628518447700312
7014,Capital Power Corporation,East Windsor Expansion,ON,NG Power Gen,Energy,2,1,0.49,No,0,0,1,0,indigenous_only,0.8786214884665952,0.6680503264699384,0.7348553591169323,0.33307595881765717,0.6058487236421262,2.0,1.0,-1.0,2,2,0,0.2969026053719569,0.32123875514580713,0.024336149773850235,0.587762046919276,0.5999301218062012,0.012168074886925173,3.0,4.0,0.19592068230642534,0.1499825304515503,-0.04593815185487504,117.5524093838552,119.98602436124024,2.4336149773850337
7029,Federated Co-operatives Limited,FCL HDRD Plant,SK,Waste Biomass,Energy,2,4,0.893,Yes,1,0,1,0,indigenous_only,0.9374404236420055,0.33632585385143243,0.36995843923657573,0.18448430203649435,0.5609623628392499,2.0,1.0,-1.0,2,2,0,0.16250758430911838,0.17722900905814376,0.01472142474902538,0.549974003975562,0.5573347163500746,0.007360712374512635,3.0,4.0,0.18332466799185398,0.13933367908751865,-0.04399098890433534,1099.9480079511238,1114.6694327001492,14.721424749025346
7031,Fort Nelson First Nation/Hydrogen Naturally,Fort Nelson First Nation Hydrogen,BC,Low Carbon Fuels,Energy,2,4,0.828,Yes,1,1,1,0,indigenous_only,0.050639025803740655,0.008911229127784942,0.009802352040563437,0.00538884237358761,0.028013934088664132,2.0,1.0,-1.0,2,2,0,0.004687827685407209,0.005155400085286144,0.00046757239987893495,0.02766342674457393,0.0278972129445134,0.00023378619993946748,3.0,4.0,0.009221142248191311,0.00697430323612835,-0.0022468390120629613,33.196112093488715,33.47665553341608,0.28054343992736364
7035,Green Impact Partners (In partnership with Carbon Clean Energy and PCL Construction),Future Energy Park Renewable Natural Gas and Ethanol Project,AB,Low Carbon Fuels,Energy,2,4,0.828,Yes,1,1,1,0,indigenous_only,0.8921825062133536,0.12111011355473976,0.13322112491021373,0.07080471382740061,0.4814936100203771,2.0,1.0,-1.0,2,2,0,0.06186442500541878,0.067836345352837,0.005971920347418225,0.4770234656093862,0.4800094257830953,0.0029859601737091124,3.0,4.0,0.1590078218697954,0.12000235644577383,-0.03900546542402157,572.4281587312635,576.0113109397143,3.5831522084508833
7038,H2MB,H2MB,MB,Low Carbon Fuels,Energy,2,0,0.088,Yes,1,1,1,0,indigenous_only,0.9337546964914769,0.2568233692787401,0.28250570620661414,0.1442076090590425,0.5389811527752597,2.0,1.0,-1.0,2,2,0,0.12665252463207943,0.13839982983619148,0.011747305204112046,0.5302036105617782,0.5360772631638342,0.005873652602055968,3.0,4.0,0.17673453685392607,0.13401931579095855,-0.04271522106296752,10.604072211235565,10.721545263276685,0.11747305204112024
7039,FortisBC/Suncor/Hazer,Hazer Pyrolysis Hydrogen Production Demo Plant,BC,Low Carbon Fuels,Energy,2,0,0.068,Yes,1,1,1,0,indigenous_only,0.024899353536966172,0.019284785954558403,0.021213264550014245,0.011625422851716305,0.01826238819434124,2.0,1.0,-1.0,2,2,0,0.010117251444692554,0.011123329686610561,0.001006078241918007,0.017508302490829363,0.018011341611788367,0.0005030391209590035,3.0,4.0,0.005836100830276455,0.004502835402947092,-0.001333265427329363,0.19696840302183033,0.20262759313261913,0.005659190110788803
7040,Heidelberg Materials,Heidelberg Materials Carbon Capture Utilization and Storage Hub,AB,CCUS,Energy,2,4,0.853,Yes,1,1,1,0,indigenous_only,0.9515808025238639,0.1180732603790128,0.1298805864169141,0.06909209232020974,0.5103364474220369,2.0,1.0,-1.0,2,2,0,0.060360967558110046,0.06619293821739891,0.005831970659288865,0.505970885040987,0.5088868703706314,0.0029159853296444327,3.0,4.0,0.16865696168032898,0.12722171759265785,-0.04143524408767113,688.1204036557423,692.0861437040587,3.965740048316434
7042,Kiwetinohk Energy Corp,Homestead Solar Project,AB,Clean Electricity,Energy,2,2,0.677,Yes,1,0,1,0,indigenous_only,0.9722794213868338,0.45254313734896023,0.4977974510838563,0.2399751442915775,0.6061272828392057,2.0,1.0,-1.0,2,2,0,0.21228892202708527,0.23086309817727002,0.01857417615018475,0.5922841717069596,0.601571259782052,0.009287088075092376,3.0,4.0,0.19742805723565318,0.150392814945513,-0.047035242290140195,296.1420858534798,300.78562989102596,4.643544037546178
7044,Renewable Hydrogen Canada/ Fortis BC/ Green Investment Group,Hydrogen Electrolyzer Plant,BC,Low Carbon Fuels,Energy,2,1,0.49,Yes,1,1,1,0,indigenous_only,0.07080482793023447,0.012561680385216881,0.013817848423738571,0.007587967773774129,0.0391963978520043,2.0,1.0,-1.0,2,2,0,0.006601827664942217,0.007259608541796858,0.0006577808768546411,0.038703327797588345,0.039032218236015666,0.0003288904384273206,3.0,4.0,0.012901109265862782,0.009758054559003916,-0.003143054706858866,7.740665559517669,7.8064436472031336,0.06577808768546411
7048,Manitoba Hydro,Kettle Unit 10 Stator Overhaul,MB,Clean Electricity,Energy,2,0,0.115,Yes,0,0,1,0,indigenous_only,0.9810530905243,1.0886724238223637,1.1975396662046003,0.48321461898062634,0.7321338547524632,2.0,1.0,-1.0,2,2,0,0.4367614041234994,0.46818369550152095,0.03142229137802155,0.7089072473238998,0.7246183930129104,0.015711145689010664,3.0,4.0,0.23630241577463326,0.1811545982532276,-0.055147817521405657,16.233975963717302,16.593761199995647,0.3597852362783449
7055,Kiwetinohk Energy Corp,Phoenix Solar Project,AB,Clean Electricity,Energy,2,2,0.587,Yes,1,0,1,0,indigenous_only,0.9722794213868338,0.4958654664496344,0.5454520130945979,0.2596802392013168,0.6159798302940753,2.0,1.0,-1.0,2,2,0,0.2300791587256218,0.24994919163127682,0.019870032905655033,0.6011792900562278,0.6111143065090553,0.009935016452827461,3.0,4.0,0.20039309668540928,0.15277857662726382,-0.047614520058145454,192.37737281799292,195.5565780828977,3.179205264904766
7058,Greengate Power Corporation,Luna Solar Project (Phase Two),AB,Clean Electricity,Energy,2,3,0.742,Yes,0,0,1,0,indigenous_only,0.9743570938805424,0.5758289854041931,0.6334118839446125,0.2947195622551475,0.6345383280678449,2.0,1.0,-1.0,2,2,0,0.26186752688175674,0.28394275520196277,0.02207522832020603,0.6181123103811496,0.6291499245412526,0.01103761416010307,3.0,4.0,0.20603743679371653,0.15728748113531316,-0.04874995565840337,432.6786172668047,440.40494717887685,7.726329912072174
7059,McLeod Lake Indian Band/Mitsubishi,McLeod Lake Indian Band Hydrogen Project,BC,Low Carbon Fuels,Energy,2,4,0.946,Yes,1,1,1,0,indigenous_only,0.050639025803740655,0.007904627551020576,0.008695090306122633,0.004781583098501407,0.02771030445112103,2.0,1.0,-1.0,2,2,0,0.004159399279482834,0.004574386484607507,0.0004149872051246728,0.027399212541611744,0.02760670614417408,0.0002074936025623364,3.0,4.0,0.009133070847203915,0.00690167653604352,-0.0022313943111603946,136.99606270805873,138.0335307208704,1.0374680128116722
7061,Huron Clean Energy and Upper Nicola Band,Merritt Electro Fuels Project,BC,Clean Electricity,Energy,2,0,0.292,Yes,1,0,1,0,indigenous_only,0.08575828470140565,0.04923359625693347,0.054156955882626825,0.02941208449517918,0.05758518459829241,2.0,1.0,-1.0,2,2,0,0.02562656778213479,0.02815282378855677,0.0025262560064219786,0.05569242624177022,0.05695555424498121,0.0012631280032109893,3.0,4.0,0.01856414208059007,0.014238888561245302,-0.00432525351934477,4.176931968132767,4.271666568373591,0.09473460024082403
7066,Newmont Corp.,Pamour,ON,Other,Mining,2,2,0.695,No,1,0,1,0,indigenous_only,0.7452985345099726,0.09640843333135546,0.10604927666449102,0.056782367557716484,0.40104045103384456,2.0,1.0,-1.0,2,2,0,0.0495652069067104,0.054384550693171274,0.004819343786460872,0.3974318707083415,0.39984154260157195,0.002409671893230436,3.0,4.0,0.13247729023611385,0.09996038565039299,-0.03251690458572086,206.8712373411059,208.1255197549702,1.2542824138643027
7067,Enbridge Gas,Panhandle Regional Expansion,ON,Trans & Distr,Energy,1,2,0.619,No,0,0,1,0,indigenous_only,0.8539428429402403,0.5860036017156379,0.6446039618872018,0.2990573825842887,0.5765001127622644,1.0,0.0,-1.0,2,2,0,0.26581702439165744,0.2881561443268251,0.022339119935167684,0.5598799336659488,0.5710494936335326,0.011169559967583842,4.0,5.0,0.1399699834164872,0.11420989872670653,-0.025760084689780666,200.43701625240968,204.4357187208047,3.9987024683950096
7068,Alliance de lenergie de lEst / Valeco Energie Quebec,Parc Eolien de Grosse Ile + Battery,QC,"DER, Storage, EV",Energy,2,0,0.275,Yes,1,0,1,0,indigenous_only,0.7431312886189879,0.23854792119978063,0.26240271331975873,0.13467140198643968,0.4389013453027138,2.0,1.0,-1.0,2,2,0,0.1181957782258587,0.12921810427463098,0.01102232604877229,0.4306635334224233,0.43617469644680945,0.005511163024386145,3.0,4.0,0.14355451114080778,0.10904367411170236,-0.034510837029105415,30.146447339569633,30.532228751276662,0.38578141170702906
7069,The Pathways Alliance,Pathways Alliance Carbon Capture Storage Hub (Phase 1),AB,CCUS,Energy,2,4,0.989,Yes,1,1,1,0,indigenous_only,0.9515808025238639,0.102838227071073,0.11312204977818031,0.0604525977050685,0.5060167001144662,2.0,1.0,-1.0,2,2,0,0.05278210520956628,0.05790459938873316,0.005122494179166881,0.5021814538667151,0.5047427009562986,0.002561247089583496,3.0,4.0,0.1673938179555717,0.12618567523907465,-0.04120814271649706,8285.9939888008,8328.254565778927,42.260576978127574
7077,SAF + Consortium,SAF Consortium,QC,Other,Energy,2,1,0.49,Yes,1,1,1,0,indigenous_only,0.8720521071912672,0.0598221742827368,0.06580439171101048,0.03562377419754992,0.4538379406944086,2.0,1.0,-1.0,2,2,0,0.03105163609099426,0.03410326704210309,0.00305163095110883,0.45155187164113075,0.45307768711668517,0.001525815475554415,3.0,4.0,0.15051729054704358,0.11326942177917129,-0.03724786876787228,90.31037432822615,90.61553742333703,0.3051630951108848
7078,Pace Canada LP,Salt Flats Solar Project,AB,Clean Electricity,Energy,2,0,0.14,Yes,1,0,1,0,indigenous_only,0.9356999860980314,0.7808359553496101,0.8589195508845713,0.3771613832258054,0.6564306846619183,2.0,1.0,-1.0,2,2,0,0.3374976653613819,0.3642210359560156,0.0267233705946337,0.6365988257297066,0.6499605110270235,0.01336168529731685,3.0,4.0,0.21219960857656886,0.16249012775675586,-0.049709480819812996,17.824767120431787,18.198894308756657,0.37412718832487
7079,Invenergy,Skinners Pond Wind Energy Centre,PE,Trans & Distr,Energy,2,0,0.317,No,1,0,1,0,indigenous_only,0.8645269067110454,0.5331452528785051,0.5864597781663556,0.2762274223401381,0.5703771645255917,2.0,1.0,-1.0,2,2,0,0.24506606159723987,0.26599360333431676,0.020927541737076893,0.5547964841541426,0.5652602550226811,0.010463770868538447,3.0,4.0,0.18493216138471422,0.14131506375567027,-0.04361709762904395,47.157701153102124,48.047121676927894,0.8894205238257697
7081,ABO Wind Canada Ltd.,Stettler Solar and Battery Storage Project,AB,"DER, Storage, EV",Energy,2,1,0.456,Yes,1,0,1,0,indigenous_only,0.9656069769948992,0.5664415043363671,0.6230856547700039,0.29069352099760337,0.6281502489962513,2.0,1.0,-1.0,2,2,0,0.25820473135758926,0.280033208804101,0.02182847744651173,0.6119058541762442,0.6228200928995,0.010914238723255809,3.0,4.0,0.20396861805874808,0.155705023224875,-0.048263594833873075,97.90493666819907,99.65121486392,1.746278195720933
7083,Evolugen by Brookfield Renewable,Sunrise Solar Project,AB,Clean Electricity,Energy,2,1,0.425,Yes,1,0,1,0,indigenous_only,0.9774903053972903,0.5845623611493497,0.6430185972642847,0.298444553451198,0.6379674294242441,2.0,1.0,-1.0,2,2,0,0.2652588630000108,0.28756082577937503,0.02230196277936425,0.6213745841986505,0.6325255655883326,0.011150981389682069,3.0,4.0,0.2071248613995502,0.15813139139708315,-0.04899347000246704,86.99244178781107,88.55357918236656,1.5611373945554874
7084,Tla'amin Nation,Tlaamin tiskwat mill site,BC,Other,Energy,2,3,0.776,Yes,1,0,1,0,indigenous_only,0.11112367399097582,0.030112229662575953,0.03312345262883355,0.01809317420043366,0.06460842409570475,2.0,1.0,-1.0,2,2,0,0.015752648249661938,0.017314200063824003,0.0015615518141620655,0.06343816112031889,0.06421893702739992,0.0007807759070810327,3.0,4.0,0.02114605370677296,0.01605473425684998,-0.005091319449922981,50.75052889625511,51.37514962191994,0.6246207256648262
7086,Energir/WM Quebec,WM Sainte-Sophie Landfill RNG Facility,QC,Waste Biomass,Energy,2,1,0.49,Yes,1,0,1,0,indigenous_only,0.8961923001070804,0.19174651418319028,0.2109211656015093,0.10976290439995551,0.502977602253518,2.0,1.0,-1.0,2,2,0,0.09616373011181856,0.10525610957857734,0.009092379466758782,0.4961780151094495,0.5007242048428289,0.004546189733379391,3.0,4.0,0.16539267170314984,0.12518105121070722,-0.04021162049244262,99.2356030218899,100.14484096856577,0.9092379466758729
8004,Federation Group,Marguerite Lake Compressed Air Energy Storage,AB,"DER, Storage, EV",Energy,1,2,0.677,Yes,1,1,1,0,indigenous_only,0.9577640245827723,0.1411869965316913,0.15530569618486045,0.08204799660241091,0.5199060105925917,1.0,0.0,-1.0,2,2,0,0.07174356351994515,0.07862851750603495,0.006884953986089792,0.5147537940513587,0.5181962710444037,0.003442476993045007,4.0,5.0,0.12868844851283967,0.10363925420888073,-0.025049194303958938,257.37689702567934,259.09813552220186,1.721238496522517
8005,MYTILINEOS Energy & Metals,Red Willow Solar,AB,Clean Electricity,Energy,1,2,0.586,Yes,1,0,1,0,indigenous_only,0.9722794213868338,0.49636942009725926,0.5460063621069853,0.25990642964859534,0.6160929255177146,1.0,0.0,-1.0,2,2,0,0.230283724483356,0.2501684037005284,0.019884679217172407,0.6012815729350949,0.6112239125436811,0.00994233960858626,4.0,5.0,0.15032039323377372,0.12224478250873623,-0.02807561072503749,189.4036954745549,192.53553245125957,3.131836976704676
8006,MYTILINEOS Energy & Metals,Sunnynook Solar Project,AB,Clean Electricity,Energy,1,2,0.629,Yes,1,0,1,0,indigenous_only,0.9722794213868338,0.47515509036984305,0.5226705994068274,0.250324722407682,0.6113020718972579,1.0,0.0,-1.0,2,2,0,0.2216251723340953,0.24088484665791188,0.01925967432381659,0.5969522968604646,0.6065821340223728,0.009629837161908239,4.0,5.0,0.14923807421511615,0.12131642680447456,-0.027921647410641584,229.82663429127885,233.53412159861352,3.7074873073346737
8007,MYTILINEOS Energy & Metals,Dolcy Solar Project,AB,Clean Electricity,Energy,1,2,0.563,Yes,1,0,1,0,indigenous_only,0.9722794213868338,0.5081027731424227,0.5589130504566651,0.26515324088205794,0.6187163311344459,1.0,0.0,-1.0,2,2,0,0.23503121378811176,0.2552541599900222,0.020222946201910452,0.6036553175874728,0.613766790688428,0.01011147310095517,4.0,5.0,0.1509138293968682,0.12275335813768559,-0.028160471259182612,166.00521233655502,168.78586743931768,2.7806551027626654
8011,Solar Krafte and Kinbrook Solar,Rainier Solar Farm,AB,Clean Electricity,Energy,1,3,0.742,Yes,1,0,1,0,indigenous_only,0.9743570938805424,0.423628293826881,0.46599112320956915,0.2265322716533832,0.6004446827669627,1.0,0.0,-1.0,2,2,0,0.20018693316563108,0.21785487169112405,0.017667938525492977,0.5872720135230867,0.5961059827858333,0.0088339692627466,4.0,5.0,0.14681800338077167,0.11922119655716665,-0.02759680682360502,411.0904094661607,417.2741879500833,6.183778483922595
8013,Kineticor Resource Corp.,Greenlight Electricity Centre,AB,Clean Electricity,Energy,1,4,0.942,Yes,1,0,1,0,indigenous_only,0.9681505454936437,0.34574357097466757,0.3803179280721344,0.18912805608263406,0.5786393007881389,1.0,0.0,-1.0,2,2,0,0.16665619428021716,0.1817111513574241,0.015054957077206943,0.5674033698869304,0.5749308484255339,0.0075274785386034715,4.0,5.0,0.1418508424717326,0.11498616968510678,-0.026864672786625826,2553.315164491187,2587.1888179149023,33.873653423715496
8016,NorthRiver Midstream,NEBC Connector Pipeline Project,AB,Trans & Distr,Energy,1,2,0.654,No,1,0,1,0,indigenous_only,0.9284090736861459,0.3785964803138133,0.4164561283451947,0.20512136199168995,0.566765217838918,1.0,0.0,-1.0,2,2,0,0.18096804397803323,0.19715643346563427,0.01618838948760104,0.5546885588320896,0.56278275357589,0.008094194743800465,4.0,5.0,0.1386721397080224,0.112556550715178,-0.026115588992844385,249.6098514744403,253.2522391091505,3.642387634710218
8017,Gibson Energy & Varme Energy JV,Heartland Waste to Power Project,AB,Waste Biomass,Energy,1,2,0.573,Yes,1,1,1,0,indigenous_only,0.9577640245827723,0.1569187135999877,0.1726105849599865,0.09076278887169098,0.5242634067272316,1.0,0.0,-1.0,2,2,0,0.07941184454131234,0.08699759587090639,0.007585751329594048,0.5185879345620423,0.5223808102268394,0.003792875664797024,4.0,5.0,0.12964698364051058,0.10447616204536787,-0.02517082159514271,155.5763803686127,156.71424306805181,1.1378626994391254
8021,Horizon New Energy,Aira Solar Project,AB,Clean Electricity,Energy,1,3,0.742,Yes,1,0,1,0,indigenous_only,0.9743570938805424,0.423628293826881,0.46599112320956915,0.2265322716533832,0.6004446827669627,1.0,0.0,-1.0,2,2,0,0.20018693316563108,0.21785487169112405,0.017667938525492977,0.5872720135230867,0.5961059827858333,0.0088339692627466,4.0,5.0,0.14681800338077167,0.11922119655716665,-0.02759680682360502,411.0904094661607,417.2741879500833,6.183778483922595
8022,hep Energy,Alderson Solar Power Project,AB,Clean Electricity,Energy,1,1,0.441,Yes,1,0,1,0,indigenous_only,0.9774903053972903,0.5751384211852291,0.632652263303752,0.2944241778808657,0.635957241639078,1.0,0.0,-1.0,2,2,0,0.2615987007837973,0.2836558849914407,0.022057184207643354,0.6195445030905438,0.6305730951943656,0.011028592103821788,4.0,5.0,0.15488612577263594,0.1261146190388731,-0.02877150673376283,92.93167546358157,94.58596427915484,1.654288815573267
8029,Renewable Energy Systems Canada Inc.,Nova Solar Project,AB,Clean Electricity,Energy,1,1,0.522,Yes,1,0,1,0,indigenous_only,0.9774903053972903,0.529710874273724,0.5826819617010964,0.27471861685647336,0.6261044611268818,1.0,0.0,-1.0,2,2,0,0.2436976889331106,0.2645299868027132,0.020832297869602612,0.6105939971652005,0.6210101461000017,0.01041614893480125,4.0,5.0,0.15264849929130012,0.12420202922000034,-0.028446470071299773,137.3836493621701,139.72728287250038,2.343633510330278
8032,PR Development GP Inc.,Prominence Solar Project,AB,Clean Electricity,Energy,1,1,0.388,Yes,1,0,1,0,indigenous_only,0.9774903053972903,0.6069508932740268,0.6676459826014296,0.3079041747131399,0.6426972400552151,1.0,0.0,-1.0,2,2,0,0.27388175540028525,0.2967526829392,0.02287092753891473,0.6256860303987878,0.6371214941682452,0.011435463769457366,4.0,5.0,0.15642150759969695,0.12742429883364903,-0.028997208766047916,75.08232364785454,76.45457930018942,1.3722556523348857
8033,Canadian Utilities Limited,Yellowhead Mainline Natural Gas Pipeline,AB,NG Power Gen,Energy,1,4,0.893,No,1,0,1,0,indigenous_only,0.918294983151807,0.29698923790680753,0.3266881616974883,0.16479865362291346,0.5415468183873602,1.0,0.0,-1.0,2,2,0,0.144954893326252,0.15824068990880324,0.013285796582551246,0.5316249382390295,0.5382678365303051,0.006642898291275623,4.0,5.0,0.13290623455975736,0.10765356730606102,-0.025252667253696348,1063.249876478059,1076.5356730606102,13.285796582551257
8035,Pouce Coupe Pipeline,Pouce Coupe Pipeline,AB,Trans & Distr,Energy,1,2,0.599,No,1,0,1,0,indigenous_only,0.9284090736861459,0.40035020445350644,0.4403852248988571,0.21553743387868918,0.5719732537824176,1.0,0.0,-1.0,2,2,0,0.19030918651591233,0.2072228335489158,0.016913647033003465,0.5593591301010291,0.5678159536175309,0.008456823516501788,4.0,5.0,0.13983978252525728,0.11356319072350618,-0.026276591801751098,190.74146336445094,193.62524018357803,2.8837768191270925
8038,Cielo,Carseland Biomass Gasifier Project,AB,Waste Biomass,Energy,1,1,0.342,Yes,1,1,1,0,indigenous_only,0.9656069769948992,0.1984181360738056,0.21825994968118617,0.11335700010645644,0.5394819885506779,1.0,0.0,-1.0,2,2,0,0.09933776342227085,0.10871181566856092,0.009374052246290066,0.532472370208585,0.53715939633173,0.004687026123145088,4.0,5.0,0.13311809255214624,0.10743187926634601,-0.02568621328580023,53.24723702085849,53.71593963317301,0.46870261231451593
8042,Canadian Natural Resources Ltd. (CNRL),Naphtha Recovery Unit Tailings Treatment Project,AB,Other,Energy,1,2,0.602,Yes,0,0,1,0,indigenous_only,0.9470969410837469,0.6638273076293791,0.7302100383923171,0.33136599771483255,0.6392314693992898,1.0,0.0,-1.0,2,2,0,0.2953352188498656,0.31957412132253904,0.024238902472673463,0.6212160799668063,0.633335531203143,0.012119451236336731,4.0,5.0,0.15530401999170157,0.1266671062406286,-0.028636913751072968,217.4256279883822,221.66743592110006,4.241807932717876
8043,EDF EN Canada,Pe-Na-Koyim Wind Project,AB,Clean Electricity,Energy,1,2,0.649,Yes,1,0,1,0,indigenous_only,0.9722794213868338,0.46559928178378684,0.5121592099621656,0.24596829858206015,0.609123859984447,1.0,0.0,-1.0,2,2,0,0.21769325115935168,0.236665687802174,0.018972436642822332,0.5949863362730927,0.6044725545945039,0.009486218321411166,4.0,5.0,0.14874658406827318,0.12089451091890077,-0.02785207314937241,252.8691929160644,256.90083570266415,4.031642786599747
8046,Mondi Group plc,Hinton Pulp Mill Expansion,AB,Pulp & Paper,Forest,1,3,0.709,No,0,0,1,0,indigenous_only,0.7856301617443878,0.9251954553743302,1.0177150009117633,0.42936282366565415,0.607496492705021,1.0,0.0,-1.0,2,2,0,0.38605583751999617,0.41528833003855514,0.029232492518558972,0.585842999632192,0.6004592458914715,0.014616246259279486,4.0,5.0,0.146460749908048,0.1200918491782943,-0.026368900729753703,342.1323117852001,350.66819960061935,8.535887815419244
8059,BC Hydro,Bridge River 1 Replace Units 1-4 Generators / Governors Project,BC,Clean Electricity,Energy,1,2,0.584,Yes,0,0,1,0,indigenous_only,0.1843981297422051,0.04974541852831967,0.05471996038115164,0.029713258405794418,0.10705569407399976,1.0,0.0,-1.0,2,2,0,0.025889497686036433,0.028441292922774863,0.00255179523673843,0.10514381371412077,0.10641971133248998,0.001275897618369215,4.0,5.0,0.02628595342853019,0.021283942266497997,-0.005002011162032194,32.9100136925198,33.30936964706937,0.39935595454956996
8065,HTEC,H2 Gateway Project,BC,Low Carbon Fuels,Energy,1,3,0.785,Yes,1,1,1,0,indigenous_only,0.06250745312178581,0.009309090282647531,0.010239999310912285,0.005628760553927359,0.034068106837856584,1.0,0.0,-1.0,2,2,0,0.004896612674652356,0.0053849532755508855,0.0004883406008985292,0.03370203289821908,0.03394620319866835,0.0002441703004492646,4.0,5.0,0.00842550822455477,0.006789240639733669,-0.0016362675848211015,27.972687305521838,28.175348654894727,0.20266134937288882
8066,Hydra Energy,Prince George Project,BC,Clean Electricity,Energy,1,0,0.261,Yes,1,0,1,0,indigenous_only,0.08575828470140565,0.050808613167470984,0.055889474484218084,0.030338580207641908,0.05804843245452378,1.0,0.0,-1.0,2,2,0,0.02643544815676302,0.029040248454223483,0.0026048002974604634,0.05609686642908433,0.057399266577814564,0.0013024001487302317,4.0,5.0,0.014024216607271083,0.011479853315562913,-0.0025443632917081706,3.4780057186032285,3.558754527824503,0.0807488092212747
8068,Teralta Hydrogen Solutions,Teralta Hydrogen Project,BC,Low Carbon Fuels,Energy,1,0,0.167,Yes,1,1,1,0,indigenous_only,0.024899353536966172,0.017439762025032453,0.0191837382275357,0.010519060972484784,0.017709207254725478,1.0,0.0,-1.0,2,2,0,0.009153753030192058,0.010064507106626652,0.0009107540764345945,0.017026553283579115,0.017481930321796412,0.00045537703821729725,4.0,5.0,0.004256638320894779,0.0034963860643592824,-0.0007602522565354963,0.6129559182088481,0.6293494915846708,0.0163935733758227
8069,Salish Elements & Xaxli'p First Nation,Salish Elements Green Hydrogen Production Project,BC,Low Carbon Fuels,Energy,1,0,0.328,Yes,1,1,1,0,indigenous_only,0.024899353536966172,0.014808624602479148,0.016289487062727065,0.008939166321328074,0.016919259929147123,1.0,0.0,-1.0,2,2,0,0.007778112147402427,0.008552588122378801,0.0007744759749763741,0.0163387328421843,0.016725970829672487,0.00038723798748818705,4.0,5.0,0.004084683210546075,0.003345194165934497,-0.0007394890446115777,1.470485955796587,1.5053373746705239,0.034851418873936835
8070,Mcleod Lake Indian Band,Tse'khene Energy Transition Hub,BC,Clean Electricity,Energy,1,4,0.946,Yes,1,1,1,0,indigenous_only,0.1638399498197536,0.007904627551020576,0.008695090306122633,0.004781583098501407,0.08431076645912751,1.0,0.0,-1.0,2,2,0,0.004159399279482834,0.004574386484607507,0.0004149872051246728,0.08399967454961822,0.08420716815218056,0.0002074936025623364,4.0,5.0,0.020999918637404556,0.016841433630436112,-0.004158485006968443,419.9983727480911,421.0358407609028,1.0374680128116438
8071,HTEC,BCH2 Ports Hydrogen Vehicle Demonstration & Commercialized Project,BC,Low Carbon Fuels,Energy,1,0,0.108,Yes,1,1,1,0,indigenous_only,0.024899353536966172,0.018516915888947303,0.020368607477842034,0.011165122729029586,0.01803223813299788,1.0,0.0,-1.0,2,2,0,0.009716372367914006,0.01068280196490845,0.0009664295969944448,0.01730786295244009,0.01779107775093731,0.0004832147984972224,4.0,5.0,0.004326965738110022,0.0035582155501874624,-0.0007687501879225598,0.38077298495368195,0.39140371052062084,0.010630725566938892
8075,Teck Resources Ltd.,Fording River Castle Expansion,BC,Other,Mining,1,4,0.905,No,0,0,1,0,indigenous_only,0.021034844228272405,0.007088651877947013,0.007797517065741715,0.004289051909344588,0.012661948068808496,1.0,0.0,-1.0,2,2,0,0.0037308365051436088,0.0041031537445339605,0.0003723172393903518,0.012382840366708007,0.012568998986403183,0.0001861586196951759,4.0,5.0,0.0030957100916770017,0.0025137997972806366,-0.0005819102943963651,28.480532843428417,28.90869766872732,0.42816482529890365
8076,Galore Creek Mining Corporation (Newmont & Teck),Galore Creek,BC,Other,Mining,1,4,0.952,No,1,0,1,0,indigenous_only,0.021034844228272405,0.004971882273077719,0.005469070500385491,0.003010211664572493,0.012022527946422449,1.0,0.0,-1.0,2,2,0,0.0026182170618294087,0.0028796614431687573,0.00026144438133934855,0.011826530645050907,0.011957252835720581,0.00013072219066967428,4.0,5.0,0.0029566326612627267,0.0023914505671441162,-0.0005651820941186105,61.02489812846268,61.6994246323182,0.6745265038555175
8077,North Coal,Michel Coal,BC,Coal,Mining,1,2,0.602,No,1,0,1,0,indigenous_only,0.00656790544028238,0.00709454938276982,0.007804004321046803,0.004292612577403321,0.00543025900884285,1.0,0.0,-1.0,2,2,0,0.0037339346255300665,0.00410656040284596,0.00037262577731589364,0.005150920032906223,0.0053372329215641695,0.00018631288865794682,4.0,5.0,0.0012877300082265557,0.001067446584312834,-0.00022028342391372177,1.802822011517178,1.8680315225474593,0.06520951103028128
8078,FPX Nickel Corp.,Baptiste Nickel (Decar),BC,Critical Mineral,Mining,1,4,0.918,Yes,1,0,1,0,indigenous_only,0.009919864556798873,0.006297237003604909,0.0069269607039654,0.0038111130109501623,0.006865488783874518,1.0,0.0,-1.0,2,2,0,0.0033149972452214405,0.0036458919613431284,0.00033089471612168797,0.006617430901010157,0.006782878259071001,0.00016544735806084399,4.0,5.0,0.0016543577252525392,0.0013565756518142001,-0.0002977820734383391,18.99864411680016,19.473643481792845,0.4749993649926836
8084,Two Utilities,NS-NB Transmission Line,Multi,Trans & Distr,Energy,1,4,0.884,No,1,0,1,0,indigenous_only,0.6762338846687918,0.29971680888744756,0.32968848977619236,0.16617884349721757,0.42120636408300466,1.0,0.0,-1.0,2,2,0,0.1461837657185111,0.15957135006251244,0.013387584344001335,0.41120882519365143,0.4179026173656521,0.006693792172000668,4.0,5.0,0.10280220629841286,0.08358052347313041,-0.019221682825282443,699.0550028292074,710.4344495216086,11.379446692401189
8088,Atlas Salt,St. Georges Great Atlantic Salt Project,NL,Other,Mining,1,2,0.67,No,1,0,1,0,indigenous_only,0.6813613675661941,0.044203025755248586,0.04862332833077345,0.026446943573277815,0.353904155569736,1.0,0.0,-1.0,2,2,0,0.023038517100679834,0.025312972277171997,0.0022744551764921628,0.352199942333437,0.35333716992168307,0.0011372275882460814,4.0,5.0,0.08804998558335925,0.07066743398433661,-0.017382551599022633,169.05597232004976,169.60184156240788,0.5458692423581226
8092,MTC,Mass Timber Manufacturing Plant start up,NS,Other,Forest,1,1,0.514,Yes,1,0,1,0,indigenous_only,0.5343674050009112,1.0152662748206358,1.1167929023026995,0.4596926032706814,0.4970300041357963,1.0,0.0,-1.0,2,2,0,0.41453286155129043,0.44505137964323727,0.030518518091946834,0.4744501332761008,0.4897093923220742,0.015259259045973417,4.0,5.0,0.1186125333190252,0.09794187846441485,-0.02067065485461035,102.00677865436167,105.28751934924595,3.2807406948842868
8093,"Torchlight, Municipality of New Glasgow Pictou Landing First nation",District Energy System,NS,Other,Forest,1,1,0.49,Yes,1,0,1,0,indigenous_only,0.5343674050009112,1.0403217094504775,1.1443538803955253,0.46783924605258986,0.5011033255267505,1.0,0.0,-1.0,2,2,0,0.4222169566134508,0.45305800381305494,0.03084104719960412,0.478292180807181,0.49371270440698306,0.01542052359980206,4.0,5.0,0.11957304520179525,0.09874254088139661,-0.020830504320398638,95.6584361614362,98.74254088139661,3.0841047199604077
8094,Vyterra / Ledwidge Lumber,Liquid Biofuel manufacturing plant,NS,Other,Forest,1,1,0.49,Yes,1,1,1,0,indigenous_only,0.5343674050009112,0.3245655175426233,0.3570220692968857,0.17864807548716022,0.3565077402440357,1.0,0.0,-1.0,2,2,0,0.15729801453586723,0.17159746565908818,0.014299451123220952,0.3458327097683892,0.3529824353299997,0.007149725561610476,4.0,5.0,0.0864581774420973,0.07059648706599994,-0.01586169037609736,69.16654195367784,70.59648706599994,1.4299451123221019
8095,Canadian Gypsum Company Inc. (CGC),Little Narrows Gypsum,NS,Other,Mining,1,1,0.361,No,1,0,1,0,indigenous_only,0.28172253996864594,0.12316456732928739,0.13548102406221615,0.07196152791676236,0.17684203394270415,1.0,0.0,-1.0,2,2,0,0.06288016074967928,0.06894648205800413,0.006066321308324851,0.1723013503591626,0.17533451101332503,0.0030331606541624256,4.0,5.0,0.04307533758979065,0.03506690220266501,-0.008008435387125645,17.91934043735291,18.234789145385804,0.3154487080328927
8106,Nova Scotia Power & WMA,NSP Battery Storage,NS,"DER, Storage, EV",Energy,1,2,0.616,Yes,1,0,1,0,indigenous_only,0.6306781340206024,0.4814712853763501,0.5296184139139851,0.25319040452017627,0.4419342692703893,1.0,0.0,-1.0,2,2,0,0.2242132379094537,0.24366081533100692,0.01944757742155323,0.427445685965028,0.43716947467580464,0.009723788710776615,4.0,5.0,0.106861421491257,0.08743389493516093,-0.019427526556096072,151.3157728316199,154.75799403523484,3.4422212036149347
8107,Ontario Power Generation,Sir Adam Beck Complex Refurbishment,ON,Clean Electricity,Energy,1,3,0.805,Yes,0,0,1,0,indigenous_only,0.944844975303207,0.5935749403438297,0.6529324343782128,0.3022680053588669,0.6235564903310369,1.0,0.0,-1.0,2,2,0,0.2687422833405806,0.2912753987595563,0.022533115418975735,0.6067936293218938,0.6180601870313817,0.011266557709487812,4.0,5.0,0.15169840733047346,0.12361203740627633,-0.028086369924197135,606.7936293218938,618.0601870313817,11.26655770948787
8108,Ontario Power Generation,R.H. Saunders Refurbishment,ON,Clean Electricity,Energy,1,3,0.714,Yes,0,0,1,0,indigenous_only,0.944844975303207,0.6510593678399729,0.7161653046239702,0.32616936294936394,0.6355071691262855,1.0,0.0,-1.0,2,2,0,0.2905750745002216,0.3145163704856755,0.023941295985453914,0.6177100249017142,0.6296806728944413,0.011970647992727068,4.0,5.0,0.15442750622542856,0.12593613457888825,-0.02849137164654031,370.62601494102853,377.8084037366648,7.182388795636257
8115,Potentia Renewables Inc.,Skyview 2 Battery Energy Storage System,ON,"DER, Storage, EV",Energy,1,3,0.757,Yes,1,0,1,0,indigenous_only,0.9171875754971158,0.458503227326567,0.5043535500592238,0.24271688742573594,0.5799522314614258,1.0,0.0,-1.0,2,2,0,0.2147605977122179,0.2335174143902281,0.018756816678010213,0.5659740866046669,0.5753524949436719,0.009378408339005051,4.0,5.0,0.14149352165116671,0.11507049898873438,-0.026423022662432336,424.48056495350016,431.5143712077539,7.033806254253761
8130,Hydro One,Longwood to Lakeshore Phase 1,ON,Trans & Distr,Energy,1,3,0.776,No,1,0,1,0,indigenous_only,0.8636460496103932,0.3675619172577065,0.40431810898347714,0.19978506036494414,0.5317155549876686,1.0,0.0,-1.0,2,2,0,0.17618863673157403,0.19200149740623274,0.015812860674658702,0.5199173431709836,0.5278237735083129,0.007906430337329295,4.0,5.0,0.1299793357927459,0.10556475470166257,-0.024414581091083326,415.9338745367869,422.2590188066503,6.325144269863415
8131,Hydro One,Longwood to Lakeshore Phase 2,ON,Trans & Distr,Energy,1,3,0.776,No,1,0,1,0,indigenous_only,0.8636460496103932,0.3675619172577065,0.40431810898347714,0.19978506036494414,0.5317155549876686,1.0,0.0,-1.0,2,2,0,0.17618863673157403,0.19200149740623274,0.015812860674658702,0.5199173431709836,0.5278237735083129,0.007906430337329295,4.0,5.0,0.1299793357927459,0.10556475470166257,-0.024414581091083326,415.9338745367869,422.2590188066503,6.325144269863415
8132,Hydro One,Mississagi to Third Line Transmission Line,ON,Trans & Distr,Energy,1,2,0.523,No,1,0,1,0,indigenous_only,0.8539428429402403,0.4752723265739527,0.522799559231348,0.25037801295483564,0.552160427947538,1.0,0.0,-1.0,2,2,0,0.22167328850726042,0.240936464673004,0.01926317616574358,0.5378080657237503,0.5474396538066222,0.0096315880828719,4.0,5.0,0.13445201643093757,0.10948793076132443,-0.02496408566961314,123.69585511646257,125.9111203755231,2.21526525906053
8133,Hydro One,Northeast Power Line (Mississagi to Hanmer Transmissio Line),ON,Trans & Distr,Energy,1,3,0.732,No,1,0,1,0,indigenous_only,0.8636460496103932,0.3843627519624989,0.42279902715874884,0.20789575244520808,0.5357709010278007,1.0,0.0,-1.0,2,2,0,0.18345455186875081,0.1998371236399844,0.01638257177123359,0.523550300739572,0.5317415866251888,0.008191285885616795,4.0,5.0,0.130887575184893,0.10634831732503776,-0.024539257859855237,340.3076954807218,345.6320313063727,5.3243358256509055
8134,Hydro One,Greater Toronto Area East Line,ON,Trans & Distr,Energy,1,2,0.571,No,1,0,1,0,indigenous_only,0.8539428429402403,0.4526547944493344,0.49792027389426785,0.2400265995919173,0.5469847212660788,1.0,0.0,-1.0,2,2,0,0.2123352981550547,0.23091290887070437,0.018577610715649673,0.5331390705476475,0.5424278759054724,0.009288805357824836,4.0,5.0,0.13328476763691188,0.10848557518109447,-0.02479919245581741,158.87544302319895,161.64350701983076,2.7680639966318097
8135,TBD,Wawa to Porcupine,ON,Trans & Distr,Energy,1,3,0.732,No,1,0,1,0,indigenous_only,0.8636460496103932,0.3843627519624989,0.42279902715874884,0.20789575244520808,0.5357709010278007,1.0,0.0,-1.0,2,2,0,0.18345455186875081,0.1998371236399844,0.01638257177123359,0.523550300739572,0.5317415866251888,0.008191285885616795,4.0,5.0,0.130887575184893,0.10634831732503776,-0.024539257859855237,340.3076954807218,345.6320313063727,5.3243358256509055
8136,Hydro One,St. Thomas Line (including Centennial Transformer Station & Line),ON,Trans & Distr,Energy,1,2,0.628,No,1,0,1,0,indigenous_only,0.8539428429402403,0.427190251760673,0.46990927693674034,0.22820102729127167,0.541071935115756,1.0,0.0,-1.0,2,2,0,0.2016877354087675,0.2194691344717341,0.017781399062966607,0.5278152891745038,0.5367059887059872,0.00889069953148336,4.0,5.0,0.13195382229362596,0.10734119774119744,-0.02461262455242852,201.09762517548594,204.48498169698112,3.387356521495178
8137,PUC Transmisison,PUC Tx Project,ON,Trans & Distr,Energy,1,1,0.48,No,1,0,1,0,indigenous_only,0.8786214884665952,0.49649189056601306,0.5461410796226144,0.25996138785666856,0.5692914381616319,1.0,0.0,-1.0,2,2,0,0.23033342970317594,0.25022166678938673,0.01988823708621079,0.5544774590848855,0.564421577627991,0.009944118543105396,4.0,5.0,0.1386193647712214,0.11288431552559819,-0.0257350492456232,104.24176230795848,106.1112565940623,1.8694942861038157
8144,Onimiskiw Opitciwan,Centrale de cogeneration a la biomasse d'opitciwan,QC,Waste Biomass,Energy,1,0,0.259,Yes,1,0,1,0,indigenous_only,0.7431312886189879,0.2424566520463824,0.26670231725102067,0.13671988771380128,0.4399255881663946,1.0,0.0,-1.0,2,2,0,0.12001135423772036,0.13119007107716296,0.011178716839442604,0.43157132142835414,0.43716067984807544,0.005589358419721302,4.0,5.0,0.10789283035708853,0.08743213596961509,-0.020460694387473444,25.98059354998692,26.31707292685414,0.33647937686722074
8169,Hydro-Quebec-MRC Domaine du Roy - Premiere Nation des Pekuakamiulnuatsh et Atikamekw de Wemotaci,Parc eolien zone Chamouchouane,QC,Clean Electricity,Energy,1,4,0.973,Yes,1,0,1,0,indigenous_only,0.9033556892679763,0.11739510428433404,0.12913461471276746,0.06870921789105289,0.4860324535795146,1.0,0.0,-1.0,2,2,0,0.06002490328772181,0.06582555535194423,0.005800652064222422,0.48169029627784904,0.48459062230996025,0.002900326032111211,4.0,5.0,0.12042257406946226,0.09691812446199205,-0.02350444960747021,4335.212666500642,4361.315600789642,26.102934289000586
8170,Algonquin Power,Saint-Damase 2 (Canton MacNider),QC,Clean Electricity,Energy,1,2,0.634,Yes,1,0,1,0,indigenous_only,0.915148204932422,0.16565374891355364,0.182219123804909,0.09556590309619706,0.5053570540143095,1.0,0.0,-1.0,2,2,0,0.08364227183699235,0.09161165890132072,0.00796938706432837,0.4993952383847072,0.5033799319168714,0.003984693532164185,4.0,5.0,0.1248488095961768,0.10067598638337427,-0.02417282321280252,199.75809535388288,201.35197276674853,1.5938774128656519
8171,EDF Renouvelables,Foret Domaniale,QC,Clean Electricity,Energy,1,3,0.713,Yes,1,0,1,0,indigenous_only,0.9211606770085636,0.15287979262148577,0.16816777188363435,0.08853330083311706,0.5048469889208403,1.0,0.0,-1.0,2,2,0,0.07744917468471679,0.0848562208166781,0.0074070461319613035,0.4993049258466402,0.5030084489126209,0.0037035230659806517,4.0,5.0,0.12482623146166005,0.10060168978252418,-0.024224541679135875,294.58990624951775,296.7749848584463,2.1850786089285634
8172,EDF Renouvelables,Haute-Chaudiere,QC,Clean Electricity,Energy,1,2,0.623,Yes,1,0,1,0,indigenous_only,0.915148204932422,0.16751510170514483,0.18426661187565932,0.09658611700403097,0.5058671609682265,1.0,0.0,-1.0,2,2,0,0.08454121990796493,0.09259185390776503,0.008050633999800105,0.49984471242019346,0.5038700294200935,0.004025316999900053,4.0,5.0,0.12496117810504836,0.1007740058840187,-0.02418717222102966,184.9425435954716,186.4319108854346,1.4893672899630133
8173,EDF Renouvelables,Madawaska,QC,Clean Electricity,Energy,1,3,0.776,Yes,1,0,1,0,indigenous_only,0.9211606770085636,0.14340271330548682,0.1577429846360355,0.08328045761030012,0.5022205673094319,1.0,0.0,-1.0,2,2,0,0.07282744678294528,0.07981187680332458,0.006984430020379295,0.49699406189575446,0.5004862769059442,0.003492215010189703,4.0,5.0,0.12424851547393861,0.10009725538118883,-0.024151260092749788,397.5952495166036,400.3890215247553,2.793772008151734
8174,Invenergy,Pohenegamook-Picard-St-Antonin,QC,Clean Electricity,Energy,1,3,0.801,Yes,1,0,1,0,indigenous_only,0.9211606770085636,0.1398068700474191,0.15378755705216102,0.0812794835016164,0.50122008025509,1.0,0.0,-1.0,2,2,0,0.07106779358486548,0.07789065719123,0.0068228636063645265,0.49611423529671456,0.4995256670998968,0.0034114318031822632,4.0,5.0,0.12402855882417864,0.09990513341997936,-0.024123425404199275,471.30852353187885,474.549383744902,3.2408602130231543
8175,Innergex,Mesgi'g Ugju's'n (MU2),QC,Clean Electricity,Energy,1,1,0.518,Yes,1,0,1,0,indigenous_only,0.9303289904796539,0.18636963693703337,0.20500660063073672,0.10685570614213047,0.5185923483108922,1.0,0.0,-1.0,2,2,0,0.09359753507638946,0.10246129552569605,0.00886376044930659,0.5119632627780217,0.516395143002675,0.00443188022465324,4.0,5.0,0.12799081569450543,0.10327902860053499,-0.02471178709397044,112.63191781116478,113.6069314605885,0.9750136494237154
8176,Boralex-Energir-Hydro-Quebec,Des Neiges (secteur Sud),QC,Clean Electricity,Energy,1,3,0.805,Yes,1,0,1,0,indigenous_only,0.9211606770085636,0.13923996199211397,0.1531639581913254,0.08096361860199652,0.5010621478052801,1.0,0.0,-1.0,2,2,0,0.07079006822822453,0.07758739860094022,0.006797330372715682,0.4959753726183941,0.4993740378047519,0.003398665186357841,4.0,5.0,0.12399384315459852,0.09987480756095038,-0.02411903559364814,495.9753726183941,499.37403780475194,3.398665186357846
8177,Boralex-Energir-Hydro-Quebec,Des Neiges (secteur Ouest),QC,Clean Electricity,Energy,1,3,0.805,Yes,1,0,1,0,indigenous_only,0.9211606770085636,0.13923996199211397,0.1531639581913254,0.08096361860199652,0.5010621478052801,1.0,0.0,-1.0,2,2,0,0.07079006822822453,0.07758739860094022,0.006797330372715682,0.4959753726183941,0.4993740378047519,0.003398665186357841,4.0,5.0,0.12399384315459852,0.09987480756095038,-0.02411903559364814,495.9753726183941,499.37403780475194,3.398665186357846
8178,Boralex-Energir-Hydro-Quebec,Des Neiges (secteur Charlevoix),QC,Clean Electricity,Energy,1,3,0.805,Yes,1,0,1,0,indigenous_only,0.9211606770085636,0.13923996199211397,0.1531639581913254,0.08096361860199652,0.5010621478052801,1.0,0.0,-1.0,2,2,0,0.07079006822822453,0.07758739860094022,0.006797330372715682,0.4959753726183941,0.4993740378047519,0.003398665186357841,4.0,5.0,0.12399384315459852,0.09987480756095038,-0.02411903559364814,495.9753726183941,499.37403780475194,3.398665186357846
8186,Kruger,Saint-Paul-de-Montminy,QC,Clean Electricity,Energy,1,3,0.702,Yes,1,0,1,0,indigenous_only,0.9211606770085636,0.1545976120529215,0.17005737325821366,0.0894822060420376,0.5053214415253007,1.0,0.0,-1.0,2,2,0,0.07828444126994516,0.08576759591296312,0.007483154643017964,0.4997225591392544,0.5034641364607634,0.003741577321508982,4.0,5.0,0.1249306397848136,0.10069282729215268,-0.024237812492660923,274.8474075265899,276.90527505341987,2.057867526829966
8187,Energie Matawak,minicentrale hydroelectrique barrage Matawin,QC,Clean Electricity,Energy,1,1,0.371,Yes,1,0,1,0,indigenous_only,0.9303289904796539,0.216383843437722,0.2380222277814942,0.1229633942608368,0.5266461923702453,1.0,0.0,-1.0,2,2,0,0.10782966171870667,0.11795131199374631,0.01012165027503964,0.5190793260991803,0.5241401512367001,0.00506082513751982,4.0,5.0,0.12976983152479507,0.10482803024734003,-0.024941801277455045,57.09872587090983,57.65541663603701,0.5566907651271791
8188,Energie Renouvelable Onimiki,Amenagement hydroelectrique Onimiki,QC,Clean Electricity,Energy,1,2,0.668,Yes,1,0,1,0,indigenous_only,0.915148204932422,0.1600302284246624,0.17603325126712868,0.09247662828797676,0.5038124166101994,1.0,0.0,-1.0,2,2,0,0.08092100357304288,0.08864385658240892,0.0077228530093660375,0.49803460425273244,0.5018960307574154,0.0038614265046829632,4.0,5.0,0.12450865106318311,0.10037920615148307,-0.024129444911700035,236.5664370200479,238.4006146097723,1.8341775897243906
8189,Hydro-Quebec,Rehabilitation de levacuateur de crues du barrage Gouin,QC,Clean Electricity,Energy,1,1,0.49,Yes,0,0,1,0,indigenous_only,0.9303289904796539,0.2606369837091628,0.2867006820800791,0.14618427755908925,0.5382566340193715,1.0,0.0,-1.0,2,2,0,0.1284069755974342,0.1403035757142509,0.011896600116816702,0.529367983038544,0.5353162830969524,0.005948300058408407,4.0,5.0,0.132341995759636,0.10706325661939049,-0.025278739140245518,105.8735966077088,107.06325661939049,1.1896600116816813
8190,Hydro-Quebec,Rehabilitation de lamenagement hydroelectrique de Carillon,QC,Clean Electricity,Energy,1,3,0.757,Yes,0,0,1,0,indigenous_only,0.9211606770085636,0.1987228753603049,0.2185951628963354,0.11352082043400802,0.5173407487212858,1.0,0.0,-1.0,2,2,0,0.09948247706630109,0.10886934262095027,0.009386865554649182,0.5103215770374323,0.515015009814757,0.004693432777324702,4.0,5.0,0.12758039425935808,0.1030030019629514,-0.02457739229640668,382.74118277807423,386.26125736106775,3.520074582993516
8194,Hydro-Quebec,Renforcement du reseau de Becancour a 230 kV,QC,Clean Electricity,Energy,1,1,0.388,Yes,0,0,1,0,indigenous_only,0.9303289904796539,0.2890904679729539,0.3179995147702493,0.16078886231534206,0.545558926397498,1.0,0.0,-1.0,2,2,0,0.14138621674387075,0.1543753358000738,0.012989119056203036,0.5358576036117624,0.5423521631398638,0.006494559528101407,4.0,5.0,0.1339644009029406,0.10847043262797276,-0.025493968274967832,64.08856939196677,64.8653187115277,0.7767493195609347
8195,Hydro-Quebec,Construction du nouveau poste de Coteau-du-Lac a 120-25 kV et de sa ligne dalimentation,QC,Trans & Distr,Energy,1,1,0.487,No,1,0,1,0,indigenous_only,0.8315692512263704,0.15718857678323456,0.17290743446155804,0.09091155908510695,0.46124040515573866,1.0,0.0,-1.0,2,2,0,0.07954283271723506,0.08714049455448647,0.007597661837251413,0.4555560419718027,0.4593548728904284,0.0037988309186257063,4.0,5.0,0.11388901049295068,0.09187097457808568,-0.022018035914864995,89.42565103906487,90.1713615483911,0.74571050932623
8196,Hydro-Quebec,Reconstruction de la ligne Cleveland-Waterloo en biterne,QC,Clean Electricity,Energy,1,0,0.285,Yes,0,0,1,0,indigenous_only,0.8173426988994742,0.3209760716425035,0.3530736788067539,0.1768584585745513,0.49710057873701274,1.0,0.0,-1.0,2,2,0,0.1557015235892657,0.1698709613763626,0.014169437787096895,0.48652211124436995,0.4936068301379184,0.007084718893548447,4.0,5.0,0.12163052781109249,0.09872136602758368,-0.02290916178350881,35.41880969859013,35.93457723404046,0.5157675354503297
8197,Hydro-Quebec,Renforcement de la ligne 7004 a 735 kV du poste aux Outardes au poste des Laurentides,QC,Trans & Distr,Energy,1,1,0.462,No,0,0,1,0,indigenous_only,0.8315692512263704,0.21915854119085953,0.2410743953099455,0.12443773813380188,0.4780034946800861,1.0,0.0,-1.0,2,2,0,0.10913402861546107,0.11936973402836204,0.010235705412900975,0.4703516399209157,0.4754694926273662,0.0051178527064504875,4.0,5.0,0.11758790998022893,0.09509389852547324,-0.022494011454755686,78.50168870280083,79.35585831950742,0.8541696167065851
8198,Hydro-Quebec,Ajout de transformateurs a 120-25 kV au poste de Sainte-Rosalie et au demantelement du reseau a 49 kV,QC,Trans & Distr,Energy,1,0,0.314,No,1,0,1,0,indigenous_only,0.6232774205856285,0.1873875197849274,0.20612627176342016,0.10740678796357117,0.36534210427459984,1.0,0.0,-1.0,2,2,0,0.09408389334399514,0.10299104366755485,0.00890715032355971,0.35868065696481183,0.3631342321265917,0.004453575161779855,4.0,5.0,0.08967016424120296,0.07262684642531833,-0.017043317815884626,29.69875839668642,30.06751442008179,0.3687560233953704
8199,Hydro-Quebec,Construction du poste de Bonsecours a 120-25 kV et de sa ligne dalimentation,QC,Trans & Distr,Energy,1,1,0.458,No,1,0,1,0,indigenous_only,0.8315692512263704,0.16188792419104756,0.1780767166101523,0.09349831679749798,0.4625337840119342,1.0,0.0,-1.0,2,2,0,0.08182085065856026,0.08962532293770631,0.007804472279146046,0.4566950509424653,0.46059728708203834,0.003902236139573023,4.0,5.0,0.11417376273561633,0.09211945741640767,-0.022054305319208656,73.66491171701966,74.29434240633279,0.629430689313125
8200,Hydro-Quebec,Construction du nouveau poste de Bagotville a 161-25 kV et sa ligne dalimentation,QC,Trans & Distr,Energy,1,0,0.315,No,1,0,1,0,indigenous_only,0.6232774205856285,0.18719726909604234,0.20591699600564659,0.10730381207540762,0.36529061633051807,1.0,0.0,-1.0,2,2,0,0.09399300881201966,0.10289205314044947,0.008899044328429806,0.3586352146988241,0.363084736863039,0.004449522164214903,4.0,5.0,0.08965880367470602,0.07261694737260779,-0.01704185630209823,29.94604042735181,30.317575528063756,0.3715351007119452
8201,Hydro-Quebec,"Remplacement des transformateurs au poste de Saraguay, a la reconstruction dune ligne souterraine SaraguayMont-Royal et a la construction du nouveau poste de Cote-Saint-Luc a 315-25 kV",QC,Trans & Distr,Energy,1,3,0.791,No,0,0,1,0,indigenous_only,0.8120305493054311,0.15689845255837265,0.17258829781420992,0.0907516183793351,0.4513910838423831,1.0,0.0,-1.0,2,2,0,0.07940200933571007,0.08698686628654917,0.007584856950839103,0.44571627932057056,0.4495087077959901,0.0037924284754195514,4.0,5.0,0.11142906983014264,0.08990174155919803,-0.021527328270944612,395.61776952493847,398.98392903972086,3.366159514782396
8202,Hydro-Quebec,Construction d'une nouvelle centrale thermique et d'un systeme de stockage d'energie a Kangiqsujuaq,QC,Clean Electricity,Energy,1,1,0.371,Yes,1,0,1,0,indigenous_only,0.9303289904796539,0.216383843437722,0.2380222277814942,0.1229633942608368,0.5266461923702453,1.0,0.0,-1.0,2,2,0,0.10782966171870667,0.11795131199374631,0.01012165027503964,0.5190793260991803,0.5241401512367001,0.00506082513751982,4.0,5.0,0.12976983152479507,0.10482803024734003,-0.024941801277455045,57.09872587090983,57.65541663603701,0.5566907651271791
8211,TES Canada,Usine de production d'hydrogene vert pour usage energetique,QC,Clean Electricity,Energy,1,4,0.936,Yes,1,1,1,0,indigenous_only,0.9033556892679763,0.038028343539052496,0.04183117789295775,0.02279504939302246,0.46307536933049936,1.0,0.0,-1.0,2,2,0,0.019852462439627794,0.02181590173716108,0.001963439297533287,0.46160407585380203,0.4625857955025687,0.0009817196487666435,4.0,5.0,0.11540101896345051,0.09251715910051374,-0.02288385986293677,1846.4163034152082,1850.3431820102746,3.926878595066455
8212,Hy2Gen,Usine de production d'hydrogene pour usage chimique,QC,Clean Electricity,Energy,1,3,0.805,Yes,1,1,1,0,indigenous_only,0.9211606770085636,0.04344087979328761,0.04778496777261638,0.02599692668647513,0.4735788018475194,1.0,0.0,-1.0,2,2,0,0.022645820776737158,0.024882003316536894,0.002236182539799736,0.4719032488926504,0.47302134016255026,0.001118091269899868,4.0,5.0,0.1179758122231626,0.09460426803251006,-0.023371544190652543,471.90324889265037,473.02134016255025,1.1180912698998782
8215,Fortress Cellulose specialisee/Rio tinto,Conversion de l'usine pour production de biocharbon,QC,Other,Forest,1,1,0.338,Yes,1,1,1,0,indigenous_only,0.5099847827113632,0.13271789165020664,0.1459896808152273,0.07732188728464862,0.2936533349980059,1.0,0.0,-1.0,2,2,0,0.06758896050469276,0.07409133695569214,0.006502376450999381,0.28878687160802796,0.29203805983352765,0.0032511882254996904,4.0,5.0,0.07219671790200699,0.05840761196670553,-0.013789105935301457,27.723539674370684,28.035653744018653,0.3121140696479685
8221,Mine Arnaud inc.,Arnaud,QC,Other,Mining,1,3,0.767,No,1,0,1,0,indigenous_only,0.09098984841673631,0.028572538275748946,0.03142979210332384,0.017176030507943807,0.05408293946234006,1.0,0.0,-1.0,2,2,0,0.014953240756419683,0.01643621130093853,0.0014829705445188468,0.052971544586578,0.05371302985883742,0.0007414852722594234,4.0,5.0,0.0132428861466445,0.010742605971767485,-0.0025002801748770145,40.6821462424919,41.25160693158714,0.5694606890952372
8244,Arcadium Lithium plc,Galaxy,QC,Critical Mineral,Mining,1,2,0.627,Yes,1,0,1,0,indigenous_only,0.04130529790132344,0.04030327829319143,0.044333606122510576,0.02414210578543219,0.03272370184337781,1.0,0.0,-1.0,2,2,0,0.021027505859419482,0.023105782906295946,0.0020782770468764644,0.03116640188037146,0.03220554040380969,0.0010391385234382322,4.0,5.0,0.007791600470092865,0.006441108080761938,-0.0013504923893309269,11.846349354729192,12.241325907488065,0.3949765527588731
8256,Minerai de Fer Quebec inc.,Lac Bloom - Phase III - Usine de traitement du minerai- 1e usine de flottation (Fe + 67%),QC,Other,Mining,1,2,0.666,No,0,0,1,0,indigenous_only,0.08458264175018242,0.04303422275709284,0.04733764503280213,0.025756726775614025,0.05516968426289822,1.0,0.0,-1.0,2,2,0,0.022436225833416534,0.02465197392021501,0.0022157480867984747,0.053509433791799475,0.05461730783519871,0.0011078740433992373,4.0,5.0,0.013377358447949869,0.010923461567039742,-0.0024538968809101266,25.186890485800014,25.708366798028035,0.521476312228021
8259,Focus Graphite inc.,Lac Knife,QC,Critical Mineral,Mining,1,2,0.529,Yes,1,0,1,0,indigenous_only,0.04130529790132344,0.04452187926522668,0.048974067191749356,0.026635152198445367,0.0339702250498844,1.0,0.0,-1.0,2,2,0,0.02320275981259201,0.0254932171359189,0.002290457323326889,0.032254028856957724,0.03339925751862117,0.0011452286616634444,4.0,5.0,0.008063507214239431,0.006679851503724234,-0.0013836557105151972,7.628077824670502,7.898924403153907,0.2708465784834049
8266,Groupe minier Windfall (Partenariat),Lac Windfall,QC,Other,Mining,1,3,0.773,No,1,0,1,0,indigenous_only,0.09098984841673631,0.028398924806114268,0.031238817286725697,0.017072560926063796,0.05403120467140005,1.0,0.0,-1.0,2,2,0,0.01486305995014392,0.016337161302826253,0.0014741013526823332,0.052926454183440115,0.05366350485978128,0.0007370506763411666,4.0,5.0,0.013231613545860029,0.010732700971956256,-0.0024989125739037724,41.73780176906087,42.31903993242352,0.5812381633626487
8268,Eldorado Gold Quebec,Lamaque - Lower Triangle,QC,Precious Metal,Mining,1,0,0.321,No,1,0,1,0,indigenous_only,0.04808357741763153,0.044947299970526364,0.049442029967579,0.02688620723925006,0.037484892328440794,1.0,0.0,-1.0,2,2,0,0.023421852715133085,0.025733651514540656,0.0023117987994075717,0.03575271506638231,0.03690861446608609,0.0011558993997037859,4.0,5.0,0.008938178766595577,0.007381722893217218,-0.0015564558733783583,3.0568571381756873,3.155686536850361,0.09882939867467355
8271,Nouveau Monde Graphite inc.,Matawinie - Usine de fabrication de produit chimique,QC,Critical Mineral,Mining,1,3,0.799,Yes,1,0,1,0,indigenous_only,0.04459390900177516,0.03384245392679892,0.03722669931947881,0.020311599635859934,0.03245275431881754,1.0,0.0,-1.0,2,2,0,0.017686691251778353,0.01943806326433406,0.0017513720125557075,0.031140300126776755,0.032015986133054605,0.0008756860062778503,4.0,5.0,0.007785075031694189,0.006403197226610921,-0.0013818778050832675,28.754953137065655,29.563561595262623,0.8086084581969679
8295,"Iyuhana Solar LP a partnership between Greenwood Sustainable Infrastructure (GSI), Saturn Power and Ocean Man First Nation.",Iyuhana Solar Energy Facility,SK,Clean Electricity,Energy,1,1,0.49,Yes,1,0,1,0,indigenous_only,0.9706834424432651,0.5064602987823509,0.5571063286605861,0.26442101960987985,0.6175522310265724,1.0,0.0,-1.0,2,2,0,0.2343684109441767,0.2545443203812875,0.020175909437110784,0.6025259266937208,0.6126138814122764,0.010087954718555503,4.0,5.0,0.1506314816734302,0.12252277628245527,-0.028108705390974945,120.50518533874417,122.52277628245527,2.017590943711099
8306,Denison Mines Corp.,Wheeler River - Gryphon,SK,Other,Mining,1,3,0.753,No,1,0,1,0,indigenous_only,0.24864869651703175,0.07654959753078866,0.08420455728386753,0.045355852411917974,0.14700227446447486,1.0,0.0,-1.0,2,2,0,0.039560464328362355,0.04342939287406178,0.003868928545699424,0.14410458042269705,0.14603904469554677,0.001934464272849712,4.0,5.0,0.036026145105674263,0.029207808939109355,-0.006818336166564909,106.2627176036968,107.68919155849618,1.426473954799377
8307,"Groupe Remabec, Airex Energie and SUEZ",Carbonity biochar plant,QC,Waste Biomass,Forest,1,0,0.304,Yes,1,1,1,0,indigenous_only,0.3064063693100517,0.13738164668126776,0.15111981134939456,0.07992745700165726,0.1931669131558545,1.0,0.0,-1.0,2,2,0,0.06987910674268705,0.07659262244540543,0.006713515702718387,0.18814273802636938,0.19149949587772858,0.0033567578513591934,4.0,5.0,0.047035684506592346,0.038299899175545715,-0.00873578533104663,15.05141904210955,15.319959670218285,0.2685406281087346
8308,"Groupe Remabec, Airex Energie and SUEZ",Carbonity biochar plant,QC,Waste Biomass,Forest,1,0,0.304,Yes,1,1,1,0,indigenous_only,0.3064063693100517,0.13738164668126776,0.15111981134939456,0.07992745700165726,0.1931669131558545,1.0,0.0,-1.0,2,2,0,0.06987910674268705,0.07659262244540543,0.006713515702718387,0.18814273802636938,0.19149949587772858,0.0033567578513591934,4.0,5.0,0.047035684506592346,0.038299899175545715,-0.00873578533104663,15.05141904210955,15.319959670218285,0.2685406281087346
8309,Structural Truss,Structural Truss Fort Macleod plant,AB,Other,Forest,1,0,0.142,Yes,1,0,1,0,indigenous_only,0.605355110438138,1.4814579619527626,1.629603758148039,0.5927374138417751,0.5990462621399566,1.0,0.0,-1.0,2,2,0,0.5421281553302191,0.5765342086012366,0.034406053271017534,0.5737416328841786,0.5909446595196873,0.017203026635508767,4.0,5.0,0.14343540822104464,0.11818893190393746,-0.025246476317107178,16.351636537199088,16.84192279631109,0.4902862591120005
8310,Kalesnikoff,Kalesnikoff West Kootenays,BC,Other,Forest,1,0,0.156,Yes,1,0,1,0,indigenous_only,0.09551676715147334,0.1074658238448762,0.11821240622936383,0.06308526339358833,0.07930101527253083,1.0,0.0,-1.0,2,2,0,0.05509060383390296,0.06042990725154562,0.00533930341764266,0.07530368549268815,0.07797333720150948,0.00266965170882133,4.0,5.0,0.018825921373172037,0.015594667440301895,-0.003231253932870142,2.560325306751397,2.6510934648513222,0.09076815809992533
8319,Covenant Energy Ltd.,Covenant Energy Renewable Diesel Facility,SK,Low Carbon Fuels,Energy,1,3,0.798,Yes,1,1,1,0,indigenous_only,0.8874725098225287,0.11555922516894092,0.127115147685835,0.06767192401117106,0.47757221691684987,1.0,0.0,-1.0,2,2,0,0.05911451926449929,0.0648302645926423,0.005715745328143007,0.473293514543514,0.4761513872075855,0.0028578726640715035,4.0,5.0,0.1183233786358785,0.0952302774415171,-0.023093101194361393,435.43003338003285,438.05927623097864,2.6292428509457864
8322,Envest,Voisey's Bay Wind Energy Project,NL,Clean Electricity,Energy,1,0,0.3,Yes,1,0,1,0,indigenous_only,0.7871662986799569,0.3260303242100124,0.35863335663101364,0.1793772767453511,0.483271787712654,1.0,0.0,-1.0,2,2,0,0.15794865427688365,0.17230099773588847,0.014352343459004824,0.4725574764784203,0.4797336482079227,0.007176171729502412,4.0,5.0,0.11813936911960507,0.09594672964158454,-0.022192639478020526,36.67046017472541,37.2273311009348,0.5568709262093847
8323,Enbridge and Six Nations Energy Development LP,The Seven Stars Energy Project (the Project),SK,Clean Electricity,Energy,1,1,0.342,Yes,1,0,1,0,indigenous_only,0.9706834424432651,0.5886216508984158,0.6474838159882574,0.3001692327717287,0.6354263376074969,1.0,0.0,-1.0,2,2,0,0.2668298539062013,0.28923628294833104,0.02240642904212975,0.6187566481747332,0.6299598626957981,0.011203214521064875,4.0,5.0,0.1546891620436833,0.1259919725391596,-0.028697189504523685,61.87566481747332,62.99598626957981,1.120321452106488
8324,Ontario Power Generation,Hydroelectric refurbishment in Eastern Ontario,ON,Clean Electricity,Energy,1,3,0.805,Yes,0,0,1,0,indigenous_only,0.944844975303207,0.5935749403438297,0.6529324343782128,0.3022680053588669,0.6235564903310369,1.0,0.0,-1.0,2,2,0,0.2687422833405806,0.2912753987595563,0.022533115418975735,0.6067936293218938,0.6180601870313817,0.011266557709487812,4.0,5.0,0.15169840733047346,0.12361203740627633,-0.028086369924197135,606.7936293218938,618.0601870313817,11.26655770948787
8325,Hydro One,Porcupine TS upgrade,ON,Trans & Distr,Energy,1,0,0.304,No,0,0,1,0,indigenous_only,0.7080915349991368,0.8069820353307193,0.8876802388637913,0.3869579680588392,0.547524751528988,1.0,0.0,-1.0,2,2,0,0.3465687175225264,0.3737901215319239,0.027221404009397543,0.5273301262608316,0.5409408282655304,0.013610702004698716,4.0,5.0,0.1318325315652079,0.10818816565310607,-0.02364436591210184,42.18641010086653,43.27526626124243,1.0888561603758973
8326,Manitoba Hydro,R44H Radisson to Henday 230 kV T-Line,MB,Trans & Distr,Energy,1,1,0.367,No,1,0,1,0,indigenous_only,0.9827971708576222,0.5067430899307503,0.5574173989238255,0.26454714094682497,0.6236721559022236,1.0,0.0,-1.0,2,2,0,0.23448256917972443,0.2546665844035667,0.020184015223842278,0.6086398700186733,0.6187318776305945,0.010092007611921194,4.0,5.0,0.15215996750466831,0.12374637552611889,-0.028413591978549424,65.01555567195459,66.09359461592736,1.0780389439727713
8330,Nuclear Waste Management Organization,Adaptive Phased Management Deep Geological Repository,ON,Nuclear,Energy,1,4,0.996,Yes,1,1,1,0,indigenous_only,0.9572359608171783,0.11221250381234418,0.12343375419357862,0.06577801229184199,0.5115069865545101,1.0,0.0,-1.0,2,2,0,0.05745266264184079,0.06301316702929893,0.005560504387458143,0.5073443117295096,0.5101245639232386,0.002780252193729016,4.0,5.0,0.1268360779323774,0.10202491278464772,-0.024811165147729672,13190.952104967248,13263.238662004203,72.28655703695586
8331,Alamos Gold Inc.,Lynn Lake (MacLellan 2),MB,Precious Metal,Mining,1,2,0.554,No,1,0,1,0,indigenous_only,0.6525841610339853,0.10123787478622676,0.11136166226484943,0.05954042787673686,0.3560622944553611,1.0,0.0,-1.0,2,2,0,0.0519824501036934,0.05702969878538411,0.005047248681690708,0.35228330556883936,0.3548069299096847,0.002523624340845354,4.0,5.0,0.08807082639220984,0.07096138598193694,-0.017109440410272903,91.8043248646284,92.46197632060402,0.6576514559756248
9997,Radius RNG LP,Project Radius,ON,Low Carbon Fuels,Energy,1,1,0.46,Yes,1,0,1,0,indigenous_only,0.8420110249363864,0.6199621879826821,0.6819584067809503,0.3133430031307668,0.5776770140335765,1.0,0.0,-1.0,2,2,0,0.27884645394833096,0.30204002615214887,0.023193572203817903,0.5604287394423586,0.5720255255442677,0.011596786101909062,4.0,5.0,0.14010718486058965,0.11440510510885353,-0.02570207975173612,92.47074200798917,94.38421171480417,1.9134697068149933
9998,Northeast Renewables LP,Project Perimeter,AB,Low Carbon Fuels,Energy,1,1,0.419,Yes,1,0,1,0,indigenous_only,0.9220049862771106,0.5881360140404313,0.6469496154444744,0.2999631226614353,0.610984054469273,1.0,0.0,-1.0,2,2,0,0.2666420839988185,0.28903604577065334,0.022393961771834836,0.5943235351379645,0.6055205160238819,0.011196980885917363,4.0,5.0,0.14858088378449114,0.12110410320477638,-0.027476780579714755,80.23367724362521,81.74526966322405,1.5115924195988413
9999,Northeast Renewables LP,Project Boundary,SK,Low Carbon Fuels,Energy,1,1,0.342,Yes,1,0,1,0,indigenous_only,0.9001337335551585,0.5886216508984158,0.6474838159882574,0.3001692327717287,0.6001514831634436,1.0,0.0,-1.0,2,2,0,0.2668298539062013,0.28923628294833104,0.02240642904212975,0.5834817937306799,0.5946850082517448,0.011203214521064875,4.0,5.0,0.14587044843266997,0.11893700165034896,-0.026933446782321013,58.348179373067985,59.46850082517447,1.120321452106488
