unique_id,company,project,loation,province,status,sector,project_cost,latitude_1,longitude_1,company_type,group,entry_year,entry_status,last_year,last_status,reporting_years,active,graduate,dropout,success_flag,first_construction_year_success,years_to_construction_success,years_to_graduation,years_active,years_to_dropout,cleantech,cost_band
0.0,"Bighorn Mining, LTD",Vista Coal Project (Expansion Projects),,AB,Announced & Planning,Mining,870.0,53.33,-117.53,Private,Coal,2018,Announced & Planning,2024,In Review,7,1,0,0,0,,,,7.0,,No,$500M-$999M
22.0,Kinross Gold Corp. (formerly Rockcliff Metals Corp.),Snow Lake,,MB,Announced & Planning,Mining,96.1,54.91,-100.031,Private,Critical Mineral,2021,Announced & Planning,2024,Announced & Planning,4,1,0,0,0,,,,4.0,,Yes,<$100M
88.0,"Canadian Kailuan Dehua Mines Co., Ltd.",Gething Coal Project,,BC,In Review,Mining,1360.0,55.8753,-121.9153,Private,Coal,2019,In Review,2024,In Review,6,1,0,0,0,,,,6.0,,No,"$1,000M-$4,999M"
94.0,Canagold Resources Ltd.,New Polaris Gold Mine,,BC,In Review,Mining,50.0,58.701,-133.64,Private,Other,2020,In Review,2024,In Review,5,1,0,0,0,,,,5.0,,No,<$100M
98.0,Kutcho Copper Corp.,Kutcho Creek,,BC,Announced & Planning,Mining,220.7,58.205,-128.358,Private,Critical Mineral,2018,Announced & Planning,2024,In Review,7,1,0,0,0,,,,7.0,,Yes,$100M-$499M
100.0,Alamos Gold Inc.,Lynn Lake (Gordon site),,MB,Announced & Planning,Mining,434.33,56.79,-100.82,Private,Precious Metal,2018,Announced & Planning,2024,In Review,7,1,0,0,0,,,,7.0,,No,$100M-$499M
106.0,Cenovus Energy Inc./ConocoPhillips,Foster Creek,,AB,Approved,Energy,1140.0,55.0696,-110.5361,Private,Clean Electricity,2023,Approved,2023,Approved,1,0,0,1,0,,,,,1.0,Yes,"$1,000M-$4,999M"
128.0,Copper Fox Metals - Teck Resources Limited,Schaft Creek Porphyry Copper-Gold Mine,,BC,In Review,Mining,2900.0,57.364,-130.993,Private,Precious Metal,2020,In Review,2023,In Review,4,0,0,1,0,,,,,4.0,No,"$1,000M-$4,999M"
131.0,Covanta/Green Island Energy Ltd./Covanta Holding Corporation,Gold River Power Project,,BC,Announced & Planning,Energy,500.0,49.788357,-126.04969,Private,Other,2020,Announced & Planning,2023,Announced & Planning,4,0,0,1,0,,,,,4.0,Yes,$500M-$999M
138.0,Agnico Eagle Mines Limited,Detour Lake open pit expansion and underground development,,ON,Announced & Planning,Mining,88.051,50.014,-79.71,Private,Precious Metal,2021,Announced & Planning,2024,Under Construction,4,1,0,0,1,2023.0,3.0,,4.0,,No,<$100M
142.0,Dokie Wind Energy inc.,Wartenbe Wind Energy Project,,BC,Announced & Planning,Energy,140.0,55.698195,-121.629474,Private,Clean Electricity,2021,Announced & Planning,2023,Announced & Planning,3,0,0,1,0,,,,,3.0,Yes,$100M-$499M
177.0,Finavera Wind Energy Inc.,Bullmoose Wind Energy Project,,BC,Announced & Planning,Energy,132.0,55.2431,-121.4951,Private,Clean Electricity,2020,Announced & Planning,2020,Announced & Planning,1,0,0,1,0,,,,,1.0,Yes,$100M-$499M
188.0,Fosthall Creek Power LP,Fosthall Creek Hydropower Project,,BC,Announced & Planning,Energy,50.0,50.241332,-117.801075,Private,Clean Electricity,2018,Announced & Planning,2024,Announced & Planning,7,1,0,0,0,,,,7.0,,Yes,<$100M
205.0,Giga Metals Corp. & Mitsubishi Corporation,Turnagain Project,,BC,Announced & Planning,Mining,1300.0,58.476,-128.826,Private,Critical Mineral,2020,Announced & Planning,2024,Announced & Planning,5,1,0,0,0,,,,5.0,,Yes,"$1,000M-$4,999M"
211.0,HudBay Minerals,Lalor,,MB,Announced & Planning,Mining,117.0,54.862,-100.155,Private,Other,2021,Announced & Planning,2022,Announced & Planning,2,0,0,1,0,,,,,2.0,No,$100M-$499M
213.0,Hurley River Hydro LP,Hurley River Hydroelectric Project,,BC,In Review,Energy,138.0,50.323327,-122.804933,Public,Clean Electricity,2020,In Review,2023,In Review,4,0,0,1,0,,,,,4.0,Yes,$100M-$499M
214.0,Husky Energy,caribou lake,,AB,Approved,Energy,,54.9550374,-110.628581,Private,Clean Electricity,2020,Approved,2022,Approved,3,0,0,1,0,,,,,3.0,Yes,
245.0,Kitamaat Renewable Energy Corporation,Crab/Europa Hydroelectric Project,,BC,In Review,Energy,150.0,53.595765,-128.666588,Private,Clean Electricity,2018,In Review,2020,In Review,3,0,0,1,0,,,,,3.0,Yes,$100M-$499M
256.0,NorthWest Copper,Lorraine-Jayjay Copper Mine,,BC,In Review,Mining,100.0,55.91667,-125.58333,Private,Base Metal,2020,In Review,2024,In Review,5,1,0,0,0,,,,5.0,,No,$100M-$499M
269.0,Meadow Lake Tribal Council,Biomass Generator,,SK,Announced & Planning,Energy,70.0,55.168966,-108.154761,Private,Waste Biomass,2018,Announced & Planning,2022,Under Construction,5,0,1,0,1,2020.0,3.0,5.0,,,Yes,<$100M
294.0,NB Power,Mactaquac Dam upgrades,,NB,In Review,Energy,2900.0,45.9544,-66.8679,Public,Clean Electricity,2019,In Review,2023,In Review,5,0,0,1,0,,,,,5.0,Yes,"$1,000M-$4,999M"
308.0,Agnico-Eagle Mines Limited,Hope Bay Gold (Doris North and Hope Bay Belt),,NU,Announced & Planning,Mining,683.0,68.058,-106.595,Private,Precious Metal,2021,Announced & Planning,2022,Approved,2,0,0,1,0,,,,,2.0,No,$500M-$999M
309.0,Nomis Power Corp - Rupert Peace Power Corp,Nahwitti Wind Farm,,BC,Announced & Planning,Energy,400.0,51.013755,-127.642456,Private,Clean Electricity,2020,Announced & Planning,2023,Announced & Planning,4,0,0,1,0,,,,,4.0,Yes,$100M-$499M
315.0,North American Palladium,Lac des Iles palladium mine (expansion),,ON,Announced & Planning,Mining,69.16,49.172269,-89.654032,Private,Precious Metal,2018,Announced & Planning,2021,Under Construction,4,0,1,0,1,2021.0,4.0,4.0,,,No,<$100M
340.0,Oceanic Iron Ore Company,Hopes Advance Iron Mine (Ungava Bay),,QC,In Review,Mining,1566.22,59.310061,-69.888941,Private,Base Metal,2020,In Review,2022,Announced & Planning,3,0,0,1,0,,,,,3.0,No,"$1,000M-$4,999M"
344.0,Agnico Eagle Mines Limited,Hammond Reef,,ON,In Review,Mining,1281.377,48.88278,-91.349945,Private,Other,2021,In Review,2024,Approved,4,1,0,0,0,,,,4.0,,No,"$1,000M-$4,999M"
347.0,Pacific Booker Minerals Inc.,Morrison Copper Gold Project,,BC,In Review,Mining,517.0,55.194,-126.314,Private,Precious Metal,2020,In Review,2020,In Review,1,0,0,1,0,,,,,1.0,No,$500M-$999M
381.0,Ryan River Joint Venture Regional Power,Ryan River Hydro Project,,BC,In Review,Energy,140.0,50.3167,-122.8,Private,Clean Electricity,2018,In Review,2023,Announced & Planning,6,0,0,1,0,,,,,6.0,Yes,$100M-$499M
382.0,Evolution Mining,Bateman Gold,,ON,Announced & Planning,Mining,101.2,51.116,-93.75,Private,Precious Metal,2020,Announced & Planning,2024,Under Construction,5,1,0,0,1,2021.0,2.0,,5.0,,No,$100M-$499M
387.0,"Sea Breeze Pacific Juan de Fuca Cable, LP",Juan de Fuca Power Cable,,BC,In Review,Energy,480.0,48.433187,-123.410481,Private,Trans & Distr,2018,In Review,2023,Announced & Planning,6,0,0,1,0,,,,,6.0,No,$100M-$499M
404.0,Skygold Ventures Inc.,Spanish Mountain Copper-Gold Mines,,BC,In Review,Mining,,52.585112,-121.462784,Private,Precious Metal,2021,In Review,2024,In Review,4,1,0,0,0,,,,4.0,,No,
409.0,SCCC Petroleum Corporation,Red Earth Pilot,,AB,Approved,Energy,15.0,56.6682675,-115.3113151,Private,Other,2018,Approved,2018,Approved,1,0,0,1,0,,,,,1.0,Yes,<$100M
411.0,Callinex Mines Inc.,Nash Creek,,NB,Announced & Planning,Mining,168.0,47.87,-66.07,Private,Other,2020,Announced & Planning,2020,Announced & Planning,1,0,0,1,0,,,,,1.0,No,$100M-$499M
413.0,Spanish Mountain Gold Ltd.,Spanish Mountain Copper-Gold Mines,,BC,In Review,Mining,756.0,52.592,-121.465,Private,Precious Metal,2020,In Review,2024,In Review,5,1,0,0,0,,,,5.0,,No,$500M-$999M
417.0,Generation Mining Ltd.,Marathon PGM Copper Mine,,ON,In Review,Mining,431.0,48.782,-86.319,Private,Other,2020,In Review,2024,Approved,5,1,0,0,0,,,,5.0,,No,$100M-$499M
422.0,Suncor Energy Inc.,Lewis,,AB,In Review,Energy,,56.94062005,-111.0483456,Private,Clean Electricity,2020,In Review,2024,Announced & Planning,5,1,0,0,0,,,,5.0,,Yes,
425.0,"Suncor, ExxonMobil, Statoil, Husky Energy , Murphy Oil, Chevron, Mosbacher",Terra Nova (Asset Life Extension),,NL,In Review,Energy,338.0,46.7248,-48.47168,Private,Other,2018,In Review,2023,Under Construction,6,0,1,0,1,2023.0,6.0,6.0,,,Yes,$100M-$499M
439.0,Osisko Metals Inc/Appian,Pine Point,,NT,In Review,Mining,555.7,60.854,-114.424,Private,Other,2021,In Review,2024,In Review,4,1,0,0,0,,,,4.0,,No,$500M-$999M
440.0,Taseko Mines Ltd.,New Prosperity,,BC,In Review,Mining,1000.0,51.463,-123.624,Private,Other,2020,In Review,2020,In Review,1,0,0,1,0,,,,,1.0,No,"$1,000M-$4,999M"
441.0,Taseko Mines Ltd.,Harmony Gold Mine,,BC,In Review,Mining,50.0,53.514064,-132.397868,Private,Precious Metal,2020,In Review,2024,Announced & Planning,5,1,0,0,0,,,,5.0,,No,<$100M
442.0,Teck Resources Ltd.,Highland Valley Copper 2040 (HVC 2040),,BC,In Review,Mining,741.0,50.470726,-121.01857,Private,Base Metal,2023,In Review,2024,In Review,2,1,0,0,0,,,,2.0,,No,$500M-$999M
444.0,Conuma Resources Ltd.,Quintette Mine,,BC,In Review,Mining,500.0,54.986669,-121.09759,Private,Precious Metal,2024,In Review,2024,In Review,1,1,0,0,0,,,,1.0,,No,$500M-$999M
460.0,GoldMining Inc,Yellowknife Gold,,NT,In Review,Mining,193.0,63.182,-113.909,Private,Precious Metal,2020,In Review,2024,In Review,5,1,0,0,0,,,,5.0,,No,$100M-$499M
467.0,Vale,Copper Cliff Deep project,,ON,Announced & Planning,Mining,760.0,46.549417,-81.00769,Private,Base Metal,2018,Announced & Planning,2023,Under Construction,6,0,1,0,1,2020.0,3.0,6.0,,,No,$500M-$999M
473.0,Value Creation Inc.,Tristar' SAGD Pilot Project,,AB,In Review,Energy,,56.571589,-111.228436,Private,Oil & Gas - Upstream,2020,In Review,2022,In Review,3,0,0,1,0,,,,,3.0,No,
484.0,Conuma Coal Resources Ltd.,Belcourt/Saxon Coal Mines,,BC,In Review,Mining,100.0,54.711929,-120.959473,Private,Coal,2020,In Review,2021,In Review,2,0,0,1,0,,,,,2.0,No,$100M-$499M
485.0,Conuma Coal Resources Ltd.,Wolverine Coal Mine (Hermann Deposit),,BC,In Review,Mining,55.0,55.266598,-120.871582,Private,Coal,2020,In Review,2024,Approved,5,1,0,0,0,,,,5.0,,No,<$100M
499.0,Taseko Mines Ltd.,Yellowhead (formerly Harper Creek),,BC,In Review,Mining,839.0,51.519,-119.817,Private,Other,2020,In Review,2022,Announced & Planning,3,0,0,1,0,,,,,3.0,No,$500M-$999M
515.0,Athabasca Oil Corporation,Dover West Clastics,,AB,In Review,Energy,615.0,57.1005,-113.2251,Private,Oil & Gas - Upstream,2019,In Review,2024,In Review,6,1,0,0,0,,,,6.0,,No,$500M-$999M
528.0,Cardero Coal Ltd.,Carbon Creek Coal Mine,,BC,In Review,Mining,301.0,55.983773,-122.398885,Private,Coal,2020,In Review,2023,In Review,4,0,0,1,0,,,,,4.0,No,$100M-$499M
529.0,Cavalier Energy Inc.,Hoole (Paramount),,AB,Approved,Energy,452.0,56.0429,-113.6742,Private,Clean Electricity,2019,Approved,2023,Approved,5,0,0,1,0,,,,,5.0,Yes,$100M-$499M
530.0,Centermount Coal Limited,Bingay Main Metallurgical Coal,,BC,In Review,Mining,380.0,50.1826,-114.9877,Private,Coal,2019,In Review,2024,In Review,6,1,0,0,0,,,,6.0,,No,$100M-$499M
545.0,Holmes Hydro,Robson Valley Hydroelectric Project,,BC,In Review,Energy,200.0,53.3469,-119.8406,Public,Clean Electricity,2019,In Review,2024,In Review,6,1,0,0,0,,,,6.0,,Yes,$100M-$499M
564.0,Value Creation Inc.,Birchwood SAGD Oil Sands Project,,AB,Announced & Planning,Energy,510.0,56.833949,-112.192383,Private,Oil & Gas - Upstream,2023,Announced & Planning,2023,Announced & Planning,1,0,0,1,0,,,,,1.0,No,$500M-$999M
588.0,BridgePower,Rocky Creek Wind Energy Project,,BC,Announced & Planning,Energy,1500.0,55.2415,-121.8441,Private,Clean Electricity,2019,Announced & Planning,2019,Announced & Planning,1,0,0,1,0,,,,,1.0,Yes,"$1,000M-$4,999M"
606.0,Treasury Metals Inc.,Goliath Complex,,ON,In Review,Mining,133.2,49.764413,-92.544708,Private,Precious Metal,2018,In Review,2024,Approved,7,1,0,0,0,,,,7.0,,No,$100M-$499M
615.0,Labrador Iron Mines Holdings Ltd.,Direct Shipping Iron Ore (DSO) Houston Deposit,,NL,Approved,Mining,86.8,54.698043,-66.658859,Private,Base Metal,2021,Approved,2022,Approved,2,0,0,1,0,,,,,2.0,No,<$100M
620.0,KGHM International,Victoria Project,,ON,Announced & Planning,Mining,750.0,46.4235,-81.3864,Private,Other,2018,Announced & Planning,2024,Under Construction,7,1,0,0,1,2023.0,6.0,,7.0,,No,$500M-$999M
626.0,IAMGOLD Corp./Sumitomo Metal Mining,Cote Lake Project,,ON,Approved,Mining,1412.61,47.5474,-81.9363,Private,Precious Metal,2018,Approved,2024,Under Construction,7,1,0,0,1,2021.0,4.0,,7.0,,No,"$1,000M-$4,999M"
629.0,Sunshine Oilsands Ltd.,West Ells,,AB,Announced & Planning,Energy,2100.0,57.202491,-112.7292377,Private,Oil & Gas - Upstream,2020,Announced & Planning,2024,Announced & Planning,5,1,0,0,0,,,,5.0,,No,"$1,000M-$4,999M"
633.0,Glencore plc,Sukunka Coal Mine,,BC,In Review,Mining,433.7,55.1964,-121.569,Private,Coal,2018,In Review,2022,In Review,5,0,0,1,0,,,,,5.0,No,$100M-$499M
638.0,Moneta Porcupine,Golden Highway Gold Project,,ON,Announced & Planning,Mining,144.16,48.497498,-80.05188,Private,Precious Metal,2021,Announced & Planning,2023,Announced & Planning,3,0,0,1,0,,,,,3.0,No,$100M-$499M
640.0,"Braveheart Resources Inc. , Canada",Thierry Copper/Nickel Mine,,ON,Announced & Planning,Mining,407.0,51.458285,-90.196381,Private,Critical Mineral,2021,Announced & Planning,2023,Announced & Planning,3,0,0,1,0,,,,,3.0,Yes,$100M-$499M
644.0,Ontario Power Generation,New Nuclear Power Plant Darlington Small Modular Reactor Project,,ON,Announced & Planning,Energy,,43.872684,-78.706527,Public,Nuclear,2021,Announced & Planning,2022,Announced & Planning,2,0,0,1,0,,,,,2.0,Yes,
690.0,Innergex Renewable Energy Inc.,Statlu Creek Hydroelectric Project,,BC,Announced & Planning,Energy,25.0,49.2817,-121.9308,Private,Clean Electricity,2019,Announced & Planning,2019,Announced & Planning,1,0,0,1,0,,,,,1.0,Yes,<$100M
691.0,EDF Energies Nouvelles,Sundance Wind Project,,BC,In Review,Energy,600.0,55.334152,-121.100275,Private,Clean Electricity,2018,In Review,2018,In Review,1,0,0,1,0,,,,,1.0,Yes,$500M-$999M
707.0,Port Alberni Harbour Authority,Port Alberni LNG Export Facility,,BC,Announced & Planning,Energy,1600.0,49.230014,-124.81106,Public,Oil & Gas - Downstream,2020,Announced & Planning,2024,Announced & Planning,5,1,0,0,0,,,,5.0,,No,"$1,000M-$4,999M"
746.0,Innergex Renewable Energy Inc.,Tipella Creek Hydropower Project,,BC,In Review,Energy,44.0,51.841115,-118.61614,Private,Clean Electricity,2021,In Review,2023,In Review,3,0,0,1,0,,,,,3.0,Yes,<$100M
757.0,Innergex Renewable Energy Inc.,Shovel Creek Hydroelectric Project,,BC,In Review,Energy,40.0,49.7212,-121.8148,Private,Clean Electricity,2020,In Review,2024,In Review,5,1,0,0,0,,,,5.0,,Yes,<$100M
770.0,TransAlta,Sundance 7 Gas fired power plant,,AB,Approved,Energy,1600.0,53.3027,-114.3326,Private,NG Power Gen,2019,Approved,2020,Approved,2,0,0,1,0,,,,,2.0,Yes,"$1,000M-$4,999M"
782.0,J.D. Irving,Saint John Pulp Mill Upgrades,,NB,In Review,Forest,1100.0,45.2627,-66.0915,Private,Pulp & Paper,2024,In Review,2024,In Review,1,1,0,0,0,,,,1.0,,No,"$1,000M-$4,999M"
783.0,First Mining Gold Corp.,Springpole Lake Gold Project,,ON,In Review,Mining,723.183,51.3961,-92.293,Private,Precious Metal,2018,In Review,2024,Approved,7,1,0,0,0,,,,7.0,,No,$500M-$999M
794.0,Ascot Resources Ltd,Premier Gold Project,,BC,In Review,Mining,135.7,55.993725,-129.761651,Private,Precious Metal,2018,In Review,2024,Under Construction,7,1,0,0,1,2023.0,6.0,,7.0,,No,$100M-$499M
818.0,Athabasca Oil Corporation,Hangingstone Oil Sands,,AB,In Review,Energy,640.0,56.4761389,-111.4076389,Private,Oil & Gas - Upstream,2020,In Review,2024,In Review,5,1,0,0,0,,,,5.0,,No,$500M-$999M
858.0,ConocoPhillips Canada,Surmont (ConocoPhillips),,AB,In Review,Energy,6000.0,56.1936,-110.9506,Private,Oil & Gas - Upstream,2020,In Review,2024,In Review,5,1,0,0,0,,,,5.0,,No,"$5,000M+"
873.0,Orca LNG Ltd.,Orca LNG,,BC,Approved,Energy,,54.312194,-130.327083,Private,Oil & Gas - Downstream,2021,Approved,2021,Approved,1,0,0,1,0,,,,,1.0,No,
888.0,"Stolt-Nielsen Gas Ltd., Sun LNG Holding, LNGaz Inc",Stolt LNGaz,,QC,In Review,Energy,570.0,46.364,-72.393,Private,Oil & Gas - Downstream,2018,In Review,2018,In Review,1,0,0,1,0,,,,,1.0,No,$500M-$999M
891.0,Arctic Canadian Diamond Corp,Ekati (Misery Deep),,NT,Approved,Mining,94.0,64.445237,-110.695595,Private,Other,2018,Approved,2024,Approved,7,1,0,0,0,,,,7.0,,No,<$100M
896.0,Uranium Energy Corp,Roughrider Project,,SK,Announced & Planning,Mining,650.0,52.255289,-106.674981,Private,Critical Mineral,2024,Announced & Planning,2024,Announced & Planning,1,1,0,0,0,,,,1.0,,Yes,$500M-$999M
996.0,"AltaLink, ATCO",Central East Area Transmission Development,,AB,Announced & Planning,Energy,82.77,52.848469,-110.899511,Private,Trans & Distr,2019,Announced & Planning,2024,Under Construction,6,1,0,0,1,2024.0,6.0,,6.0,,No,<$100M
1034.0,Fission Uranium Corp.,Patterson Lake South,,SK,Announced & Planning,Mining,1177.0,57.635749,-109.316745,Private,Critical Mineral,2020,Announced & Planning,2024,In Review,5,1,0,0,0,,,,5.0,,Yes,"$1,000M-$4,999M"
1037.0,"Western LNG, Nisga'a Nation, Rockies LNG Partners",Ksi Lisims LNG,,BC,Announced & Planning,Energy,,54.901569,-130.072604,Private,Oil & Gas - Downstream,2021,Announced & Planning,2024,Announced & Planning,4,1,0,0,0,,,,4.0,,No,
1042.0,BMC Minerals Ltd.,Kudz Ze Kayah,,YK,Announced & Planning,Mining,400.88,61.45805,-130.61,Private,Other,2018,Announced & Planning,2024,In Review,7,1,0,0,0,,,,7.0,,No,$100M-$499M
2072.0,Baffinland Iron Mines Corporation,Mary River Iron Ore project,,NU,In Review,Mining,1000.0,71.9109,-79.6289,Private,Base Metal,2019,In Review,2022,In Review,4,0,0,1,0,,,,,4.0,No,"$1,000M-$4,999M"
2120.0,Wahpeestan Energy Limited Partnership,Wahpeestan Project,,ON,Announced & Planning,Energy,20.0,45.408804,-75.980109,Private,Clean Electricity,2018,Announced & Planning,2019,In Review,2,0,0,1,0,,,,,2.0,Yes,<$100M
2121.0,Ainsworth Energy Co. Ltd.,Anahim Lake Bioenergy Project,,BC,Announced & Planning,Energy,15.0,52.418398,-126.486276,Private,Waste Biomass,2018,Announced & Planning,2024,Announced & Planning,7,1,0,0,0,,,,7.0,,Yes,<$100M
2122.0,Yun Ka Whu'ten Holdings,Biomass Project - Anahim Lake,,BC,Announced & Planning,Energy,15.0,52.465348,-125.317541,Private,Waste Biomass,2018,Announced & Planning,2024,Announced & Planning,7,1,0,0,0,,,,7.0,,Yes,<$100M
2123.0,Ainsworth Energy Co. Ltd.,Tumbler Ridge Bioenergy Project,,BC,Announced & Planning,Energy,15.0,50.024653,-119.373429,Private,Waste Biomass,2018,Announced & Planning,2024,Announced & Planning,7,1,0,0,0,,,,7.0,,Yes,<$100M
2124.0,Nations Energy Corp.,Biomass Project - Kamloops,,BC,Announced & Planning,Energy,15.0,50.716188,-120.388986,Private,Waste Biomass,2018,Announced & Planning,2024,Announced & Planning,7,1,0,0,0,,,,7.0,,Yes,<$100M
2126.0,CNRL / NRC / Pond Biofuels,Algae Carbon Conversion Pilot Project,,AB,Announced & Planning,Energy,19.0,54.585082,-110.262585,Private,CCUS,2018,Announced & Planning,2023,Announced & Planning,6,0,0,1,0,,,,,6.0,Yes,<$100M
3002.0,La Granaduiere,Pellet Plant,,QC,Announced & Planning,Forest,43.0,46.6688,-73.9573,Private,Other,2018,Announced & Planning,2021,Under Construction,4,0,1,0,1,2021.0,4.0,4.0,,,Yes,<$100M
3004.0,FPInnovations and Resolute Forest Products,TMP-Bio,,ON,Announced & Planning,Forest,21.0,48.3809,-89.2477,Private,Other,2018,Announced & Planning,2019,Announced & Planning,2,0,0,1,0,,,,,2.0,Yes,<$100M
3005.0,Kruger,Operations diversification,,QC,Announced & Planning,Forest,22.3,46.32724,-72.557502,Private,Other,2018,Announced & Planning,2018,Announced & Planning,1,0,0,1,0,,,,,1.0,Yes,<$100M
3006.0,Kruger,Operations diversification,,QC,Announced & Planning,Forest,32.9,46.358881,-72.519968,Private,Other,2018,Announced & Planning,2018,Announced & Planning,1,0,0,1,0,,,,,1.0,Yes,<$100M
3007.0,Kruger,Operations diversification,,QC,Announced & Planning,Forest,47.5,45.479943,-71.962107,Private,Other,2018,Announced & Planning,2018,Announced & Planning,1,0,0,1,0,,,,,1.0,Yes,<$100M
3008.0,Fortress Global Enterprises,Bioproduct mill,,QC,Announced & Planning,Forest,150.0,45.598715,-75.256778,Private,Pulp & Paper,2018,Announced & Planning,2019,Announced & Planning,2,0,0,1,0,,,,,2.0,No,$100M-$499M
3101.0,Frontier Lithium Inc.,Pakeagama Lake,,ON,Announced & Planning,Mining,147.3,52.6,-93.37,Private,Critical Mineral,2018,Announced & Planning,2024,Announced & Planning,7,1,0,0,0,,,,7.0,,Yes,$100M-$499M
3102.0,Tacora Resources Inc,Scully,,NL,Approved,Mining,210.1,52.91,-66.91,Private,Other,2018,Approved,2019,Under Construction,2,0,1,0,1,2019.0,2.0,2.0,,,No,$100M-$499M
3103.0,Goldcorp Inc.,Porcupine (Century),,ON,Announced & Planning,Mining,1278.7,48.46,-81.24,Private,Precious Metal,2018,Announced & Planning,2020,In Review,3,0,0,1,0,,,,,3.0,No,"$1,000M-$4,999M"
3104.0,Gensource Potash Corp,Vanguard,,SK,Announced & Planning,Mining,279.86,50.84,-106.21,Private,Other,2018,Announced & Planning,2024,Approved,7,1,0,0,0,,,,7.0,,No,$100M-$499M
3105.0,Ram River Coal,Aries,,AB,Announced & Planning,Mining,1028.0,52.18,-115.58,Private,Coal,2018,Announced & Planning,2024,Announced & Planning,7,1,0,0,0,,,,7.0,,No,"$1,000M-$4,999M"
3106.0,Glencore plc,Onaping Depth,,ON,Announced & Planning,Mining,900.0,46.63706,-81.36921,Private,Other,2018,Announced & Planning,2024,Under Construction,7,1,0,0,1,2020.0,3.0,,7.0,,No,$500M-$999M
3200.0,Innergex Renewable Energy Inc.,Big Creek Hydroelectric,,BC,In Review,Energy,,51.801592,-122.75735,Private,Clean Electricity,2018,In Review,2020,In Review,3,0,0,1,0,,,,,3.0,Yes,
3201.0,Bridge Power Hydro Developments Ltd.,Bitter Creek,,BC,In Review,Energy,,,,Public,Clean Electricity,2018,In Review,2018,In Review,1,0,0,1,0,,,,,1.0,Yes,
3202.0,BC Hydro,BC Hydro Upgrade Alberni/Long Beach Transmission Line,,BC,In Review,Energy,,,,Public,Clean Electricity,2018,In Review,2022,In Review,5,0,0,1,0,,,,,5.0,Yes,
3205.0,NB Power,Fundy Isles Transmission Power Line Project,,NB,In Review,Energy,35.0,44.946988,-66.974109,Public,Trans & Distr,2018,In Review,2019,Under Construction,2,0,1,0,1,2019.0,2.0,2.0,,,No,<$100M
3206.0,Hydro-Quebec,New England Clean Energy Connect (NECEC) project,,QC,Announced & Planning,Energy,950.0,45.72302,-70.984282,Public,Clean Electricity,2018,Announced & Planning,2024,Under Construction,7,1,0,0,1,2023.0,6.0,,7.0,,Yes,$500M-$999M
3208.0,"Transmission Developers Inc. (TDI),",Transmission Line - Champlain Hudson Power Express,,QC,Announced & Planning,Energy,2200.0,45.096127,-73.343089,Private,Trans & Distr,2018,Announced & Planning,2024,Under Construction,7,1,0,0,1,2023.0,6.0,,7.0,,No,"$1,000M-$4,999M"
3211.0,Dahl Creek Hydro Power Limited Partnership,Dahl Creek Hydroelectric Project,,BC,In Review,Energy,,,,Private,Clean Electricity,2018,In Review,2022,In Review,5,0,0,1,0,,,,,5.0,Yes,
3215.0,Dokie Phase II Wind Power Project,0,,BC,In Review,Energy,283.8,55.79771,-122.2823,Private,Clean Electricity,2018,In Review,2020,In Review,3,0,0,1,0,,,,,3.0,Yes,$100M-$499M
3401.0,Dow Chemical,Expansion of Fort Saskatchewan Facility,,AB,Announced & Planning,Energy,250.0,53.733828,-113.171906,Private,Other,2018,Announced & Planning,2020,Announced & Planning,3,0,0,1,0,,,,,3.0,Yes,$100M-$499M
3402.0,Dow Chemical Canada,Dow Net-Zero Polyethylene and Ethylene Derivatives Facility,,AB,Announced & Planning,Energy,6000.0,53.733898,-113.172154,Private,Clean Electricity,2018,Announced & Planning,2024,Under Construction,7,1,0,0,1,2024.0,7.0,,7.0,,Yes,"$5,000M+"
3500.0,Cenovus Energy,Narrows Lake,,AB,Approved,Energy,1600.0,55.6389865,-110.8468385,Private,Clean Electricity,2018,Approved,2018,Approved,1,0,0,1,0,,,,,1.0,Yes,"$1,000M-$4,999M"
3501.0,Husky Energy Inc.,Husky Energy Exploration Drilling Project,,NL,In Review,Energy,265.0,46.9,-48.2,Private,Oil & Gas - Upstream,2018,In Review,2022,In Review,5,0,0,1,0,,,,,5.0,No,$100M-$499M
3502.0,BP Canada,Newfoundland Orphan Basin Exploration Drilling Project,,NL,In Review,Energy,426.0,50.2,-49.1,Private,Oil & Gas - Upstream,2018,In Review,2023,Under Construction,6,0,1,0,1,2023.0,6.0,6.0,,,No,$100M-$499M
3503.0,Nexen,Nexen Energy Flemish Pass Exploration Drilling Project,,NL,In Review,Energy,301.0,47.5,-46.5,Private,Oil & Gas - Upstream,2018,In Review,2021,Approved,4,0,0,1,0,,,,,4.0,No,$100M-$499M
3504.0,Statoil Canada,Flemish Pass Exploration Drilling Project,,NL,In Review,Energy,722.0,48.3,-46.1,Private,Oil & Gas - Upstream,2018,In Review,2023,Approved,6,0,0,1,0,,,,,6.0,No,$500M-$999M
3505.0,Irving and Irving Tissue,Modernization to improve energy use and decrease carbon emissions.,,NB,Announced & Planning,Forest,40.0,45.25901,-66.09439,Private,Other,2018,Announced & Planning,2018,Announced & Planning,1,0,0,1,0,,,,,1.0,Yes,<$100M
3506.0,Materiaux Blanchet,Modernization,,QC,Announced & Planning,Forest,25.0,48.562522,-78.171104,Private,Other,2018,Announced & Planning,2019,Announced & Planning,2,0,0,1,0,,,,,2.0,Yes,<$100M
3507.0,Resolute,Capacity increase,,QC,Announced & Planning,Forest,52.3,48.746003,-72.514341,Private,Pulp & Paper,2018,Announced & Planning,2022,Announced & Planning,5,0,0,1,0,,,,,5.0,No,<$100M
3508.0,Skeena Sawmills,Pellet Plant,,BC,Announced & Planning,Forest,20.0,54.517778,-128.634556,Private,Other,2018,Announced & Planning,2019,Announced & Planning,2,0,0,1,0,,,,,2.0,Yes,<$100M
3509.0,Wataynikaneyap Power,Wataynikaneyap Transmission Project,,ON,In Review,Energy,1600.0,49.681474,-92.497798,Private,Trans & Distr,2018,In Review,2024,Under Construction,7,1,0,0,1,2019.0,2.0,,7.0,,No,"$1,000M-$4,999M"
3600.0,Fibre Pontiac,Fibre Pontiac (The Biomass Conversion Centre),,QC,In Review,Energy,120.0,45.542307,-76.109056,Private,Waste Biomass,2018,In Review,2024,In Review,7,1,0,0,0,,,,7.0,,Yes,$100M-$499M
3601.0,PEI Energy Corporation,Slemon Park Micro-Grid Project,,PE,In Review,Energy,18.0,46.433992,-63.821938,Private,Trans & Distr,2018,In Review,2023,Under Construction,6,0,1,0,1,2023.0,6.0,6.0,,,No,<$100M
3602.0,Enbridge Pipelines Inc.,Line 21 (Norman Wells Pipeline) Segment Replacement Project,,NT,Approved,Energy,530.0,61.833863,-121.090706,Private,Trans & Distr,2018,Approved,2018,Approved,1,0,0,1,0,,,,,1.0,No,$500M-$999M
3603.0,Maritime Resources Corp.,Hammerdown (Green Bay),,NL,Announced & Planning,Mining,67.8,49.5544,-56.2372,Private,Precious Metal,2018,Announced & Planning,2024,Approved,7,1,0,0,0,,,,7.0,,No,<$100M
3604.0,AuMEGA (previously Matador Mining Limited),Cape Ray,,NL,In Review,Mining,58.2,47.4503,-58.5547,Private,Other,2018,In Review,2024,In Review,7,1,0,0,0,,,,7.0,,No,<$100M
3607.0,North Coal Ltd./CanAus Coal Ltd.,Michel Creek Coking Coal,,BC,In Review,Mining,,,,Private,Coal,2018,In Review,2018,In Review,1,0,0,1,0,,,,,1.0,No,
3608.0,Coeur Silvertip Holdings,Silvertip,,BC,In Review,Mining,75.0,59.968249,-128.767588,Private,Precious Metal,2018,In Review,2018,In Review,1,0,0,1,0,,,,,1.0,No,<$100M
3610.0,Telkwa Mining Ltd.,Tenas Project,,BC,In Review,Mining,51.0,54.62717,-127.161516,Private,Coal,2018,In Review,2024,In Review,7,1,0,0,0,,,,7.0,,No,<$100M
3611.0,Spanish Mountain Gold Ltd.,Spanish Mountain,,BC,In Review,Mining,507.0,52.57771,-121.477008,Private,Precious Metal,2018,In Review,2018,In Review,1,0,0,1,0,,,,,1.0,No,$500M-$999M
3615.0,NB Power,Advanced Meter Infrastructure,,NB,In Review,Energy,26.2,,,Public,Waste Biomass,2018,In Review,2024,Approved,7,1,0,0,0,,,,7.0,,Yes,<$100M
3616.0,NB Power,Point Lepreau Nuclear Generating Station Major Outage and Inspections,,NB,In Review,Energy,53.0,45.068668,-66.454523,Public,Nuclear,2018,In Review,2019,Under Construction,2,0,1,0,1,2019.0,2.0,2.0,,,Yes,<$100M
3617.0,St Barbara Ltd.,Beaver Dam Gold Project,,NS,Announced & Planning,Mining,259.8,44.98,-62.94,Private,Other,2018,Announced & Planning,2024,In Review,7,1,0,0,0,,,,7.0,,No,$100M-$499M
3621.0,Greengate Power Corporation,Travers Solar Project,,AB,Announced & Planning,Energy,500.0,50.303007,-112.655158,Private,Clean Electricity,2018,Announced & Planning,2022,Under Construction,5,0,1,0,1,2021.0,4.0,5.0,,,Yes,$500M-$999M
3622.0,CVW Cleantech,Titanium and Zircon Extraction Facility,,AB,Announced & Planning,Mining,400.0,57.336236,-111.754013,Private,Critical Mineral,2018,Announced & Planning,2024,Announced & Planning,7,1,0,0,0,,,,7.0,,Yes,$100M-$499M
3625.0,Pembina Pipelines Corp.,Peace Pipeline Expansion,,AB,Announced & Planning,Energy,280.0,55.413122,-119.16149,Private,Trans & Distr,2018,Announced & Planning,2019,Under Construction,2,0,1,0,1,2019.0,2.0,2.0,,,No,$100M-$499M
3627.0,Pembina Pipelines Corp.,Empress Extraction Plant Fractionation and Terminalling Facilities,,AB,Announced & Planning,Energy,120.0,50.680688,-110.031222,Private,Oil & Gas - Upstream,2018,Announced & Planning,2020,Under Construction,3,0,1,0,1,2019.0,2.0,3.0,,,No,$100M-$499M
3628.0,EPCOR,EL Smith Solar Farm,,AB,Announced & Planning,Energy,32.0,53.470023,-113.611959,Private,Clean Electricity,2018,Announced & Planning,2022,Under Construction,5,0,1,0,1,2022.0,5.0,5.0,,,Yes,<$100M
3629.0,NOVA Gas Transmission Ltd.,2019 NOVA NGTL Expansion (Montney and Duvernay Basins),,AB,In Review,Energy,2400.0,55.544058,-119.770258,Private,Other,2018,In Review,2020,Under Construction,3,0,1,0,1,2020.0,3.0,3.0,,,Yes,"$1,000M-$4,999M"
3630.0,Field Upgrading,CleanSEAS Demonstration Plant,,AB,Announced & Planning,Energy,100.0,53.764675,-113.128664,Private,Waste Biomass,2018,Announced & Planning,2022,Under Construction,5,0,1,0,1,2022.0,5.0,5.0,,,Yes,$100M-$499M
3631.0,Gen III Oil Corp.,Bowden Re-refinery,,AB,Announced & Planning,Energy,90.0,51.953346,-114.021738,Private,Oil & Gas - Downstream,2018,Announced & Planning,2021,Announced & Planning,4,0,0,1,0,,,,,4.0,No,<$100M
3632.0,Old Elm Wind Farm,Alberta Wind Energy Corp.,,AB,Announced & Planning,Energy,250.0,49.332147,-112.914147,Private,Clean Electricity,2018,Announced & Planning,2021,Announced & Planning,4,0,0,1,0,,,,,4.0,Yes,$100M-$499M
3633.0,Tidewater Midstream,Dimsdale Gas Project,,AB,Announced & Planning,Energy,200.0,55.191115,-118.922316,Private,Other,2018,Announced & Planning,2020,Announced & Planning,3,0,0,1,0,,,,,3.0,Yes,$100M-$499M
3634.0,Capital Power,Whitla Wind Facility,,AB,Announced & Planning,Energy,325.0,49.610821,-111.2035,Private,Clean Electricity,2018,Announced & Planning,2019,Under Construction,2,0,1,0,1,2019.0,2.0,2.0,,,Yes,$100M-$499M
3635.0,Tidewater Midstream/TransAlta,Tidewater/TransAlta Gas Pipeline,,AB,Announced & Planning,Energy,150.0,53.179714,-115.750652,Private,Trans & Distr,2018,Announced & Planning,2020,Announced & Planning,3,0,0,1,0,,,,,3.0,No,$100M-$499M
3636.0,Imperial Oil Ltd.,Kearl Debottlenecking Expansion,,AB,Announced & Planning,Energy,563.0,57.386039,-111.074988,Private,Other,2018,Announced & Planning,2020,Announced & Planning,3,0,0,1,0,,,,,3.0,Yes,$500M-$999M
3637.0,Keyera Corp.,North Wapiti Pipeline System,,AB,Approved,Energy,120.0,55.070186,-119.111522,Private,Trans & Distr,2018,Approved,2020,Approved,3,0,0,1,0,,,,,3.0,No,$100M-$499M
3638.0,Kirkland Lake Gold Ltd.,Macassa Expansion,,ON,Announced & Planning,Mining,320.0,48.13561,-80.07181,Private,Other,2018,Announced & Planning,2023,Under Construction,6,0,1,0,1,2020.0,3.0,6.0,,,No,$100M-$499M
3642.0,Manitoba Hydro,Reenders Station,,MB,Approved,Energy,46.8,49.8951,-97.1384,Public,Clean Electricity,2018,Approved,2022,Under Construction,5,0,1,0,1,2020.0,3.0,5.0,,,Yes,<$100M
3645.0,Equinor Canada,Bay du Nord offshore oil site,,NL,Announced & Planning,Energy,6800.0,47.9,-46.7,Private,Oil & Gas - Upstream,2018,Announced & Planning,2022,Approved,5,0,0,1,0,,,,,5.0,No,"$5,000M+"
3646.0,Chaudire Hydro North LP,Gatineau No. 1 Rehabilitation/Capacity Expansion,,ON,Announced & Planning,Energy,30.0,45.419797,-75.721209,Public,Other,2018,Announced & Planning,2018,Announced & Planning,1,0,0,1,0,,,,,1.0,Yes,<$100M
4000.0,Hydro One,Northwest Bulk Transmission Line Waasigan Transmission Line,,ON,Announced & Planning,Energy,,,,Public,Trans & Distr,2019,Announced & Planning,2024,In Review,6,1,0,0,0,,,,6.0,,No,
4001.0,Hydro One,Hawthorne to Merivale transmission upgrades (Planned),,ON,Announced & Planning,Energy,24.1,45.392172,-75.608256,Public,Trans & Distr,2020,Announced & Planning,2024,Under Construction,5,1,0,0,1,2022.0,3.0,,5.0,,No,<$100M
4004.0,ITC Holdings Corp. (subsidiary of Fortis),ITC Lake Erie Connector LLC,,ON,In Review,Energy,1000.0,42.793572,-80.074518,Private,Other,2019,In Review,2022,In Review,4,0,0,1,0,,,,,4.0,Yes,"$1,000M-$4,999M"
4006.0,Mines Agnico Eagle ltee,Wasamac,,QC,Announced & Planning,Mining,464.0,48.21,-79.19,Private,Precious Metal,2019,Announced & Planning,2024,In Review,6,1,0,0,0,,,,6.0,,No,$100M-$499M
4007.0,NexGen Energy Ltd.,Rook I,,SK,Announced & Planning,Mining,1247.0,57.59,-108.99,Private,Other,2019,Announced & Planning,2024,Approved,6,1,0,0,0,,,,6.0,,No,"$1,000M-$4,999M"
4008.0,Denison Mines Corp.,Wheeler River - Phoenix,,SK,Announced & Planning,Mining,945.6,57.53,-105.41,Private,Other,2019,Announced & Planning,2024,In Review,6,1,0,0,0,,,,6.0,,No,$500M-$999M
4011.0,Canadian Metals,Langis,,QC,Announced & Planning,Mining,331.13,48.625,-67.33333,Private,Other,2019,Announced & Planning,2020,Announced & Planning,2,0,0,1,0,,,,,2.0,No,$100M-$499M
4012.0,Lepidico Ltd.,L-Max Plant,,ON,Announced & Planning,Mining,53.83,46.47,-80.85,Private,Other,2019,Announced & Planning,2019,Announced & Planning,1,0,0,1,0,,,,,1.0,No,<$100M
4013.0,Rio Tinto,Vaudreuil alumina refinery,,QC,Announced & Planning,Mining,250.0,48.42623,-71.182543,Private,Critical Mineral,2019,Announced & Planning,2024,Announced & Planning,6,1,0,0,0,,,,6.0,,Yes,$100M-$499M
4014.0,Alcoa/Rio Tinto,The Elysis joint venture,,QC,Announced & Planning,Mining,558.0,48.43214,-71.17565,Private,Critical Mineral,2019,Announced & Planning,2024,Announced & Planning,6,1,0,0,0,,,,6.0,,Yes,$500M-$999M
4015.0,Signal Gold Inc. (formerly Anaconda Mining),Goldboro Gold,,NS,In Review,Mining,88.9,45.203,-61.6422,Private,Precious Metal,2019,In Review,2024,Approved,6,1,0,0,0,,,,6.0,,No,<$100M
4016.0,Allkem Limited,James Bay Lithium,,QC,In Review,Mining,,,,Private,Critical Mineral,2019,In Review,2024,Approved,6,1,0,0,0,,,,6.0,,Yes,
4018.0,San Group (Coulson Manufacturing Ltd.),Lumber mill,,BC,Announced & Planning,Forest,70.0,49.2339,-124.8055,Private,Lumber,2019,Announced & Planning,2019,Announced & Planning,1,0,0,1,0,,,,,1.0,No,<$100M
4019.0,Kalesnikoff Lumber,Glulam beams and CLT,,BC,Announced & Planning,Forest,35.0,49.3237,-117.6593,Private,EWP,2019,Announced & Planning,2020,Announced & Planning,2,0,0,1,0,,,,,2.0,Yes,<$100M
4020.0,Kruger,New tissue manufacturing facility,,QC,Announced & Planning,Forest,575.0,45.4042,-71.8929,Private,Pulp & Paper,2019,Announced & Planning,2020,Under Construction,2,0,1,0,1,2020.0,2.0,2.0,,,No,$500M-$999M
4021.0,Tolko,Mill upgrade,,BC,Announced & Planning,Forest,35.0,50.4477,-119.197,Private,Pulp & Paper,2019,Announced & Planning,2024,Announced & Planning,6,1,0,0,0,,,,6.0,,No,<$100M
4022.0,Skeena Sawmills,Mill upgrade,,BC,Announced & Planning,Forest,20.0,54.5182,-128.6032,Private,Pulp & Paper,2019,Announced & Planning,2020,Announced & Planning,2,0,0,1,0,,,,,2.0,No,<$100M
4024.0,Active Energy Group,New advanced pellet plant,,NL,Announced & Planning,Forest,19.7,50.616,-57.1511,Private,Other,2019,Announced & Planning,2023,Announced & Planning,5,0,0,1,0,,,,,5.0,Yes,<$100M
4025.0,Barette-Chapais,Pellet plant,,QC,Announced & Planning,Forest,97.0,49.7822,-74.8525,Private,Other,2019,Announced & Planning,2019,Announced & Planning,1,0,0,1,0,,,,,1.0,Yes,<$100M
4028.0,Bois d'oeuvre Cedrico,Sawmill upgrade,,QC,Announced & Planning,Forest,26.0,48.65523071,-67.4675148,Private,Lumber,2019,Announced & Planning,2022,Announced & Planning,4,0,0,1,0,,,,,4.0,No,<$100M
4029.0,Rayonier Advanced Materials,Sawmill upgrade,,QC,Announced & Planning,Forest,23.0,48.800096,-79.201022,Private,Lumber,2019,Announced & Planning,2022,Under Construction,4,0,1,0,1,2021.0,3.0,4.0,,,No,<$100M
4030.0,Gitxsan Development Corp and Airex Energy,Torrefied pellet plant,,BC,Announced & Planning,Forest,45.0,55.2568,-127.672,Private,Other,2019,Announced & Planning,2024,Under Construction,6,1,0,0,1,2023.0,5.0,,6.0,,Yes,<$100M
4031.0,Uniboard,Mill upgrade,,QC,Announced & Planning,Forest,38.5,,0.0,Private,Pulp & Paper,2019,Announced & Planning,2020,Announced & Planning,2,0,0,1,0,,,,,2.0,No,<$100M
4032.0,Kruger,Upgrade packaging plant,,QC,Announced & Planning,Forest,20.0,45.5017,-73.5673,Private,Other,2019,Announced & Planning,2020,Announced & Planning,2,0,0,1,0,,,,,2.0,Yes,<$100M
4033.0,Hibernia Management and Development Company,Hibernia West Project,,NL,In Review,Energy,2000.0,46.45026,-48.46976,Private,Other,2019,In Review,2020,In Review,2,0,0,1,0,,,,,2.0,Yes,"$1,000M-$4,999M"
4034.0,NGTL,NGTL 2021 Expansion,,AB,In Review,Energy,2310.0,52.362087,-114.910576,Private,Other,2019,In Review,2021,Under Construction,3,0,1,0,1,2021.0,3.0,3.0,,,Yes,"$1,000M-$4,999M"
4035.0,NGTL,NGTL 2022 Expansion (North Corridor and Edson Mainline),,AB,In Review,Energy,1400.0,52.082813,-115.015467,Private,Trans & Distr,2019,In Review,2022,Under Construction,4,0,1,0,1,2022.0,4.0,4.0,,,No,"$1,000M-$4,999M"
4036.0,VanadiumCorp Resource inc.,Lac Dor Vanadium,,QC,Announced & Planning,Mining,321.0,49.835624,-74.023701,Private,Critical Mineral,2019,Announced & Planning,2020,Announced & Planning,2,0,0,1,0,,,,,2.0,Yes,$100M-$499M
4037.0,Les Ressources Yorbeau inc.,Lac scott,,QC,Announced & Planning,Mining,390.0,49.843449,-74.661342,Private,Other,2019,Announced & Planning,2022,Announced & Planning,4,0,0,1,0,,,,,4.0,No,$100M-$499M
4038.0,SOQUEM-Focus graphite,Kwyjibo,,QC,Announced & Planning,Mining,763.0,50.212809,-66.376109,Private,Critical Mineral,2019,Announced & Planning,2020,Announced & Planning,2,0,0,1,0,,,,,2.0,Yes,$500M-$999M
4039.0,Eastmain Resources,Eau Claire,,QC,Announced & Planning,Mining,175.0,48.224089,-78.997427,Private,Other,2019,Announced & Planning,2023,Announced & Planning,5,0,0,1,0,,,,,5.0,No,$100M-$499M
4040.0,CRB Innovations,0,,QC,In Review,Forest,,45.4724,-71.6208,Private,Other,2019,In Review,2020,In Review,2,0,0,1,0,,,,,2.0,Yes,
4041.0,Gazoduq inc.,Gazoduq,,Multi,Announced & Planning,Energy,4500.0,48.428256,-80.329828,Private,Other,2019,Announced & Planning,2022,In Review,4,0,0,1,0,,,,,4.0,Yes,"$1,000M-$4,999M"
4042.0,Enel Green Power North America,Riverview Wind Farm (115 MW),,AB,Announced & Planning,Energy,134.0,49.526976,-113.950593,Private,Clean Electricity,2019,Announced & Planning,2019,Announced & Planning,1,0,0,1,0,,,,,1.0,Yes,$100M-$499M
4043.0,Enel Green Power North America,Castle Rock Ridge Wind Power Plant Phase 2 (31 MW),,AB,Announced & Planning,Energy,,,,Private,Clean Electricity,2019,Announced & Planning,2019,Announced & Planning,1,0,0,1,0,,,,,1.0,Yes,
4044.0,EDF Renewables Canada Inc.,Cypress Wind Power Project,,AB,Announced & Planning,Energy,,,,Private,Clean Electricity,2019,Announced & Planning,2022,Under Construction,4,0,1,0,1,2022.0,4.0,4.0,,,Yes,
4045.0,Potentia Renewables Inc.,Stirling Wind Power Project,,AB,Announced & Planning,Energy,,,,Private,Clean Electricity,2019,Announced & Planning,2023,Under Construction,5,0,1,0,1,2023.0,5.0,5.0,,,Yes,
4046.0,Capstone Infrastructure Corporation,Buffalo Atlee Wind Farm 1 -3,,AB,Announced & Planning,Energy,,,,Private,Clean Electricity,2019,Announced & Planning,2023,Under Construction,5,0,1,0,1,2022.0,4.0,5.0,,,Yes,
4047.0,TransAlta Corporation,Windrise Wind (207 MW),,AB,Announced & Planning,Energy,275.0,49.526976,-113.950593,Private,Clean Electricity,2019,Announced & Planning,2021,Under Construction,3,0,1,0,1,2021.0,3.0,3.0,,,Yes,$100M-$499M
4048.0,Potentia Renewables Inc.,Jenner Wind Power Project 1 and 2,,AB,Announced & Planning,Energy,,,,Private,Clean Electricity,2019,Announced & Planning,2023,Under Construction,5,0,1,0,1,2022.0,4.0,5.0,,,Yes,
4049.0,Innogy/Solar Krafte Utilities Inc,Prairie Sunlight II and III (30 MW and 27 MW),,AB,Announced & Planning,Energy,80.0,50.074309,-112.108606,Private,Clean Electricity,2019,Announced & Planning,2019,Announced & Planning,1,0,0,1,0,,,,,1.0,Yes,<$100M
4050.0,Canadian Solar,Three solar farms,,AB,Announced & Planning,Energy,100.0,50.280081,-111.68567,Private,Clean Electricity,2019,Announced & Planning,2023,Approved,5,0,0,1,1,2021.0,3.0,,,5.0,Yes,$100M-$499M
4051.0,Canadian Solar,Suffield bi-facial solar Project,,AB,Announced & Planning,Energy,49.0,50.223224,-111.160782,Private,Clean Electricity,2019,Announced & Planning,2020,Under Construction,2,0,1,0,1,2020.0,2.0,2.0,,,Yes,<$100M
4052.0,Cascade Power,Cascade Natural Gas Project,,AB,Announced & Planning,Energy,1500.0,53.546576,-116.601057,Private,NG Power Gen,2019,Announced & Planning,2023,Under Construction,5,0,1,0,1,2021.0,3.0,5.0,,,No,"$1,000M-$4,999M"
4054.0,University of Alberta,South Campus District Energy System,,AB,Announced & Planning,Energy,29.5,53.523149,-113.524093,Private,Clean Heat,2019,Announced & Planning,2020,Announced & Planning,2,0,0,1,0,,,,,2.0,Yes,<$100M
4055.0,Kineticor Resource Corp,Three Creeks Power Plant,,AB,Announced & Planning,Energy,100.0,56.228128,-117.433396,Private,NG Power Gen,2019,Announced & Planning,2020,Announced & Planning,2,0,0,1,0,,,,,2.0,Yes,$100M-$499M
4056.0,Vanderwell Contractors,Vanderwell Sawmill bioenergy plant (3.6 MW),,AB,Announced & Planning,Energy,40.0,55.391952,-114.289016,Private,Waste Biomass,2019,Announced & Planning,2019,Announced & Planning,1,0,0,1,0,,,,,1.0,Yes,<$100M
4057.0,EDF Renewables Canada,Vulcan Solar Project,,AB,Announced & Planning,Energy,115.0,50.403783,-113.253133,Private,Clean Electricity,2019,Announced & Planning,2024,Announced & Planning,6,1,0,0,0,,,,6.0,,Yes,$100M-$499M
4059.0,Solar Krafte,Prairie Sunlight I,,AB,Announced & Planning,Energy,125.0,49.789854,-112.162682,Private,Clean Electricity,2019,Announced & Planning,2019,Announced & Planning,1,0,0,1,0,,,,,1.0,Yes,$100M-$499M
4061.0,Solar Krafte,Spring Coulle Solar Project,,AB,Approved,Energy,50.0,49.333282,-113.05492,Private,Clean Electricity,2019,Approved,2020,Under Construction,2,0,1,0,1,2020.0,2.0,2.0,,,Yes,<$100M
4062.0,Solar Krafte,Strathmore Solar Farm,,AB,Announced & Planning,Energy,60.0,51.037057,-113.402242,Private,Clean Electricity,2019,Announced & Planning,2021,Under Construction,3,0,1,0,1,2021.0,3.0,3.0,,,Yes,<$100M
4063.0,Suncor,Forty Mile Wind Power Project,,AB,Announced & Planning,Energy,,,,Private,Clean Electricity,2019,Announced & Planning,2022,Under Construction,4,0,1,0,1,2021.0,3.0,4.0,,,Yes,
4064.0,NGTL,NGTL Westpath Delivery project,,AB,Approved,Energy,409.0,51.189019,-114.469601,Private,Other,2019,Approved,2019,Approved,1,0,0,1,0,,,,,1.0,Yes,$100M-$499M
4066.0,Westcoast,T South Expansion and Reliability Project,,BC,Announced & Planning,Energy,329.0,55.697009,-121.63026,Private,Other,2019,Announced & Planning,2021,Approved,3,0,0,1,0,,,,,3.0,Yes,$100M-$499M
4067.0,Global First Power,Micro Modular Reactor demonstration project at Chalk River Laboratories,,ON,Announced & Planning,Energy,,46.0502,-77.361,Private,Nuclear,2019,Announced & Planning,2022,In Review,4,0,0,1,0,,,,,4.0,Yes,
4072.0,PEI Energy Corporation,Borden Battery Park,,PE,Announced & Planning,Energy,35.0,46.2537626,-63.6921622,Public,"DER, Storage, EV",2020,Announced & Planning,2024,In Review,5,1,0,0,0,,,,5.0,,Yes,<$100M
4073.0,PEI Energy Corporation,Western PEI Transmission Upgrade,,PE,In Review,Energy,20.0,46.794249,-64.157612,Private,Trans & Distr,2019,In Review,2024,In Review,6,1,0,0,0,,,,6.0,,No,<$100M
4077.0,Synex Energy Resources Ltd.,Victoria Lake Hydro Project,,BC,In Review,Energy,18.0,50.424697,-127.487264,Private,Clean Electricity,2019,In Review,2024,In Review,6,1,0,0,0,,,,6.0,,Yes,<$100M
4080.0,Pacific Greengen Power Inc.,Fries Creek Hydroelectric Project,,BC,In Review,Energy,20.0,49.307766,-121.799622,Private,Clean Electricity,2019,In Review,2024,In Review,6,1,0,0,0,,,,6.0,,Yes,<$100M
4091.0,Moose Lake Wind LP,Moose Lake Wind Project,,BC,Announced & Planning,Energy,45.0,55.11167,-121.000634,Private,Clean Electricity,2019,Announced & Planning,2019,Announced & Planning,1,0,0,1,0,,,,,1.0,Yes,<$100M
4093.0,BC Hydro,Mica Modernize Controls (Digital) Project,,BC,Announced & Planning,Energy,48.0,51.001442,-118.19374,Public,Clean Electricity,2019,Announced & Planning,2024,Under Construction,6,1,0,0,1,2020.0,2.0,,6.0,,Yes,<$100M
4096.0,Boralex,Babcock Ridge Wind Farm,,BC,In Review,Energy,50.0,55.11167,-121.000634,Private,Clean Electricity,2019,In Review,2024,Announced & Planning,6,1,0,0,0,,,,6.0,,Yes,<$100M
4097.0,Sukunka Wind Project LP,Sukunka Wind Energy Project,,BC,In Review,Energy,50.0,55.568893,-121.461838,Private,Clean Electricity,2019,In Review,2022,In Review,4,0,0,1,0,,,,,4.0,Yes,<$100M
4104.0,Canfor Corporation/Licella,Biofuel Facility,,BC,Announced & Planning,Energy,70.0,53.92241,-122.745706,Private,Low Carbon Fuels,2019,Announced & Planning,2024,Announced & Planning,6,1,0,0,0,,,,6.0,,Yes,<$100M
4107.0,BC Hydro,Mica Replace Units 1-4 Transformers Project,,BC,Approved,Energy,82.0,51.001442,-118.19374,Public,Clean Electricity,2019,Approved,2022,Under Construction,4,0,1,0,1,2020.0,2.0,4.0,,,Yes,<$100M
4109.0,BC Hydro,Bridge River 2 Units 5 and 6 Upgrade Project,,BC,In Review,Energy,86.0,50.685977,-121.936464,Public,Other,2019,In Review,2019,In Review,1,0,0,1,0,,,,,1.0,Yes,<$100M
4111.0,Borealis Geopower,Canoe Reach Geothermal Energy Project,,BC,Announced & Planning,Energy,120.0,52.830616,-119.265917,Private,Clean Electricity,2019,Announced & Planning,2024,In Review,6,1,0,0,0,,,,6.0,,Yes,$100M-$499M
4112.0,Western Bioenergy Inc. (subsidiary of Dalkia Canada),Ditni Yoh Green Energy Project,,BC,In Review,Energy,140.0,54.232283,-125.76662,Private,Clean Electricity,2019,In Review,2019,In Review,1,0,0,1,0,,,,,1.0,Yes,$100M-$499M
4115.0,Pembina Pipeline Corp.,Watson Island Propane Export Terminal,,BC,Announced & Planning,Energy,260.0,50.93169,-126.818821,Private,Oil & Gas - Downstream,2019,Announced & Planning,2022,Announced & Planning,4,0,0,1,0,,,,,4.0,No,$100M-$499M
4116.0,Alcan Aluminum Ltd. and the Province of BC,Kenney Dam Cold Water Release Facility,,BC,Announced & Planning,Energy,275.0,53.566667,-124.95,Public,Clean Electricity,2020,Announced & Planning,2024,Announced & Planning,5,1,0,0,0,,,,5.0,,Yes,$100M-$499M
4119.0,AltaGas / Vopak Development Canada Inc.,Ridley Island Energy Export Facility (REEF),,BC,In Review,Energy,750.0,54.314188,-130.322183,Private,"DER, Storage, EV",2019,In Review,2024,In Review,6,1,0,0,0,,,,6.0,,Yes,$500M-$999M
4122.0,Teck Resources/NGEx Resources,GJ Kinaskan Lake Copper-Gold Project,,BC,In Review,Mining,,57.666667,-130.25,Private,Precious Metal,2020,In Review,2023,Announced & Planning,4,0,0,1,0,,,,,4.0,No,
4123.0,Fortis BC Inc.,Nicola Lake Hydro Project,,BC,Announced & Planning,Energy,,,,Private,Clean Electricity,2020,Announced & Planning,2022,Announced & Planning,3,0,0,1,0,,,,,3.0,Yes,
4124.0,Selkirk Metals Corp.,Gold Mine,,BC,Announced & Planning,Mining,,49.25546,-125.67439,Private,Precious Metal,2019,Announced & Planning,2022,In Review,4,0,0,1,0,,,,,4.0,No,
4125.0,Nisgaa Nation,Nisgaa LNG,,BC,Announced & Planning,Energy,,54.901569,-130.072604,Private,Oil & Gas - Downstream,2019,Announced & Planning,2024,Announced & Planning,6,1,0,0,0,,,,6.0,,No,
4126.0,Devon Energy Corporation/ BP JV,Pike,,AB,Announced & Planning,Energy,1900.0,55.599405,-110.995766,Private,Clean Electricity,2019,Announced & Planning,2024,Announced & Planning,6,1,0,0,0,,,,6.0,,Yes,"$1,000M-$4,999M"
4130.0,Pembina Pipelines Corp.,Peace Pipeline Expansion,,AB,Announced & Planning,Energy,500.0,55.404987,-119.154484,Private,Trans & Distr,2019,Announced & Planning,2023,Under Construction,5,0,1,0,1,2023.0,5.0,5.0,,,No,$500M-$999M
4133.0,SinoCan Global,SinoCan Global Upgrader and Petrochemical Facility,,AB,Announced & Planning,Energy,8500.0,53.737388,-112.476887,Private,Oil & Gas - Downstream,2019,Announced & Planning,2023,Announced & Planning,5,0,0,1,0,,,,,5.0,No,"$5,000M+"
4134.0,Nauticol Energy,Nauticol Methanol Plant,,AB,Announced & Planning,Energy,2000.0,55.153707,-118.734061,Private,Low Carbon Fuels,2019,Announced & Planning,2022,Announced & Planning,4,0,0,1,0,,,,,4.0,Yes,"$1,000M-$4,999M"
4136.0,Inter Pipeline Corp,Acrylic Acid Plant,,AB,Announced & Planning,Energy,600.0,53.836613,-113.067894,Private,Waste Biomass,2019,Announced & Planning,2020,Announced & Planning,2,0,0,1,0,,,,,2.0,Yes,$500M-$999M
4137.0,Wapahki Energy /CN Rail JV,Canapux Bitumen Processing Facility,,AB,Announced & Planning,Energy,50.0,54.784671,-111.933917,Private,Oil & Gas - Upstream,2019,Announced & Planning,2023,Announced & Planning,5,0,0,1,0,,,,,5.0,No,<$100M
4138.0,DP Energy,South Calgary Solar Facility,,AB,Announced & Planning,Energy,50.0,50.952488,-113.983022,Private,Clean Electricity,2019,Announced & Planning,2022,Under Construction,4,0,1,0,1,2022.0,4.0,4.0,,,Yes,<$100M
4143.0,Calibre Mining (previously Marathon Gold Corporation),Valentine Gold Mine,,NL,In Review,Mining,472.55,48.4182,-57.0736,Private,Precious Metal,2019,In Review,2024,Under Construction,6,1,0,0,1,2023.0,5.0,,6.0,,No,$100M-$499M
4146.0,Newfoundland & Labrador,Regional Assessment of Offshore Oil and Gas Exploratory Drilling East of Newfoundland and Labrador,,NL,In Review,Energy,,,,Public,Oil & Gas - Upstream,2019,In Review,2021,In Review,3,0,0,1,0,,,,,3.0,No,
4147.0,Pure Gold Mining Inc.,Madsen,,ON,Announced & Planning,Mining,95.1,50.96932,-93.93847,Private,Precious Metal,2019,Announced & Planning,2021,Under Construction,3,0,1,0,1,2020.0,2.0,3.0,,,No,<$100M
4152.0,Corporation Aurifres Monarques,Croinor,,QC,In Review,Mining,50.7,48.345611,-77.268868,Private,Other,2019,In Review,2019,In Review,1,0,0,1,0,,,,,1.0,No,<$100M
4153.0,DP Energy Limited (Haligonia Tidal Energy Ltd. / Rio Fundo Operations Canada Ltd.),Uisce Tapa In-Stream Tidal Energy Project,,NS,Approved,Energy,117.0,45.367408,-63.70584,Private,Clean Electricity,2019,Approved,2024,Approved,6,1,0,0,0,,,,6.0,,Yes,$100M-$499M
4155.0,Eagle Hill Energy LP /Kwanlin D n First Nation,Haeckel Hill Wind Farm,,YK,Announced & Planning,Energy,20.0,60.779238,-135.273115,Private,Clean Electricity,2019,Announced & Planning,2023,Under Construction,5,0,1,0,1,2022.0,4.0,5.0,,,Yes,<$100M
4156.0,SaskPower,Birtle Tantallon line,,SK,Announced & Planning,Energy,,,,Public,Trans & Distr,2019,Announced & Planning,2019,Announced & Planning,1,0,0,1,0,,,,,1.0,No,
4157.0,SaskPower,Golden South Wind Energy Facility,,SK,Announced & Planning,Energy,,,,Public,Clean Electricity,2019,Announced & Planning,2021,Under Construction,3,0,1,0,1,2021.0,3.0,3.0,,,Yes,
4158.0,EDF Renewables,Sharp Hills wind farm (248 MW),,AB,Announced & Planning,Energy,510.0,51.359587,-110.488489,Private,Clean Electricity,2019,Announced & Planning,2023,Under Construction,5,0,1,0,1,2020.0,2.0,5.0,,,Yes,$500M-$999M
4159.0,Noront Resources Ltd.,Ferrochrome Processing Facility,,ON,Announced & Planning,Mining,1100.0,46.512756,-84.399697,Private,Other,2019,Announced & Planning,2022,Announced & Planning,4,0,0,1,0,,,,,4.0,No,"$1,000M-$4,999M"
4160.0,Resolute Forest Products,New cellulose filament plant,,QC,Announced & Planning,Forest,38.0,48.4252092,-71.2471027,Private,Other,2020,Announced & Planning,2022,Announced & Planning,3,0,0,1,0,,,,,3.0,Yes,<$100M
4162.0,Waroona Energy Inc.,Superior Lake (formerly Pick Lake/Winston Lake Zinc Project),,ON,Announced & Planning,Mining,115.2,49.011,-87.41,Private,Other,2020,Announced & Planning,2024,Announced & Planning,5,1,0,0,0,,,,5.0,,No,$100M-$499M
4163.0,Canadian Premium Sand,Wanipigow,,MB,Announced & Planning,Mining,124.0,,,Private,Other,2020,Announced & Planning,2024,Approved,5,1,0,0,0,,,,5.0,,No,$100M-$499M
4164.0,Copper Mountain Mining Corp.,New Ingerbelle,,BC,Announced & Planning,Mining,62.62,49.33,-120.53,Private,Critical Mineral,2020,Announced & Planning,2024,In Review,5,1,0,0,0,,,,5.0,,Yes,<$100M
4166.0,Foran Mining Corp.,McIlvenna Bay,,SK,Announced & Planning,Mining,261.3,54.66,-102.89,Private,Other,2020,Announced & Planning,2024,Approved,5,1,0,0,0,,,,5.0,,No,$100M-$499M
4169.0,Allegiance Coal,Telkwa (Delete same project as Tenas Project (ID3610),,BC,Announced & Planning,Mining,54.3,,,Private,Coal,2020,Announced & Planning,2024,Announced & Planning,5,1,0,0,0,,,,5.0,,No,<$100M
4170.0,FortisBC,Tilbury Phase 2 LNG Expansion,,BC,Announced & Planning,Energy,,,,Private,Oil & Gas - Downstream,2020,Announced & Planning,2022,Announced & Planning,3,0,0,1,0,,,,,3.0,No,
4171.0,FortisBC,Tilbury 1A and 1B Marine Terminal,,BC,In Review,Energy,,,,Private,Oil & Gas - Downstream,2020,In Review,2021,In Review,2,0,0,1,0,,,,,2.0,No,
4172.0,NGTL,NGTL Westpath Delivery project 2023,,AB,Announced & Planning,Energy,1200.0,,,Private,Other,2020,Announced & Planning,2023,Under Construction,4,0,1,0,1,2023.0,4.0,4.0,,,Yes,"$1,000M-$4,999M"
4172.1,NOVA Gas Transmission Ltd.,NGTL West Path Delivery 2023 Project,,AB,In Review,Energy,355.0,49.62087686,-114.3658118,Private,Clean Electricity,2022,In Review,2022,In Review,1,0,0,1,0,,,,,1.0,Yes,$100M-$499M
4173.0,SJ Energy,Burchill Wind Energy,,NB,In Review,Energy,60.0,44.9396862,-66.3059377,Private,Clean Electricity,2020,In Review,2023,Approved,4,0,0,1,0,,,,,4.0,Yes,<$100M
4174.0,Kahnawake Sustainable Energies (KSE) et Kruger,Des cultures,,QC,Approved,Energy,73.3,45.2153732,-73.620353,Private,Other,2020,Approved,2023,Under Construction,4,0,1,0,1,2021.0,2.0,4.0,,,Yes,<$100M
4176.0,Innergex et corporation foncire Pituvik,Centrale hydro lectrique Innavik,,QC,Announced & Planning,Energy,125.0,58.4521551,-78.0972785,Private,Clean Electricity,2020,Announced & Planning,2023,Announced & Planning,4,0,0,1,0,,,,,4.0,Yes,$100M-$499M
4178.0,Suncor Energy Inc.,Suncor Power Cogeneration Units,,AB,Announced & Planning,Energy,1400.0,56.99718408,-111.4805031,Private,NG Power Gen,2020,Announced & Planning,2024,Under Construction,5,1,0,0,1,2021.0,2.0,,5.0,,No,"$1,000M-$4,999M"
4179.0,Cenovus Energy Inc.,Christina Lake Phase H Expansion,,AB,Announced & Planning,Energy,1300.0,55.58015497,-110.8887005,Private,Other,2020,Announced & Planning,2023,Announced & Planning,4,0,0,1,0,,,,,4.0,Yes,"$1,000M-$4,999M"
4180.0,TC Energy Corporation,2023 NGTL Intra-Basin System Expansion,,AB,Announced & Planning,Energy,900.0,53.85311515,-116.5869141,Private,Other,2020,Announced & Planning,2023,Under Construction,4,0,1,0,1,2023.0,4.0,4.0,,,Yes,$500M-$999M
4181.0,Nova Gas Transmission,Edson Mainline Expansion Project,,AB,Announced & Planning,Energy,509.0,0.0,,Private,Trans & Distr,2020,Announced & Planning,2022,Under Construction,3,0,1,0,1,2022.0,3.0,3.0,,,No,$500M-$999M
4182.0,Imperial Oil Ltd.,Cold Lake Thermal Project Enhancements,,AB,Announced & Planning,Energy,450.0,54.7531612,-110.4682159,Private,Oil & Gas - Upstream,2020,Announced & Planning,2023,Under Construction,4,0,1,0,1,2023.0,4.0,4.0,,,No,$100M-$499M
4183.0,TC Energy Corporation,Alberta XPress Expansion Project,,AB,Announced & Planning,Energy,300.0,54.53767152,-117.1032715,Private,Other,2020,Announced & Planning,2022,Under Construction,3,0,1,0,1,2022.0,3.0,3.0,,,Yes,$100M-$499M
4184.0,Dow Chemical Canada,Dow Ethylene Plant Expansion,,AB,Announced & Planning,Energy,298.0,53.73927063,-113.1653595,Private,Other,2020,Announced & Planning,2020,Announced & Planning,1,0,0,1,0,,,,,1.0,Yes,$100M-$499M
4186.0,Berkshire Hathaway Energy Canada,Rattlesnake Ridge Wind Project,,AB,Announced & Planning,Energy,200.0,49.90895283,-111.0477448,Private,Clean Electricity,2020,Announced & Planning,2022,Under Construction,3,0,1,0,1,2021.0,2.0,3.0,,,Yes,$100M-$499M
4188.0,Alpin Sun,Airport City Solar,,AB,Announced & Planning,Energy,169.0,53.29107862,-113.5936546,Private,Clean Electricity,2020,Announced & Planning,2024,Announced & Planning,5,1,0,0,0,,,,5.0,,Yes,$100M-$499M
4189.0,Capital Power,Whitla Wind Power Project - Phase 2,,AB,Announced & Planning,Energy,165.0,49.64273443,-111.289444,Private,Clean Electricity,2020,Announced & Planning,2021,Under Construction,2,0,1,0,1,2021.0,2.0,2.0,,,Yes,$100M-$499M
4190.0,Pembina Pipeline Corporation,Empress Cogeneration Power Facility,,AB,Announced & Planning,Energy,120.0,50.67621025,-110.024761,Private,NG Power Gen,2020,Announced & Planning,2021,Under Construction,2,0,1,0,1,2021.0,2.0,2.0,,,No,$100M-$499M
4194.0,Pembina Pipeline Corporation,Peace Pipeline Expansion Phase 9,,AB,Announced & Planning,Energy,100.0,55.79716206,-119.6292686,Private,Trans & Distr,2020,Announced & Planning,2022,Under Construction,3,0,1,0,1,2022.0,3.0,3.0,,,No,$100M-$499M
4195.0,Capital Power,Whitla Wind Power Project - Phase 3,,AB,Announced & Planning,Energy,92.0,49.6365091,-111.2276459,Private,Clean Electricity,2020,Announced & Planning,2021,Under Construction,2,0,1,0,1,2021.0,2.0,2.0,,,Yes,<$100M
4197.0,Canadian Natural Resources Ltd. (CNRL),Scotford Upgrader Expansion,,AB,Announced & Planning,Energy,70.0,53.80450319,-113.0931759,Private,Oil & Gas - Downstream,2020,Announced & Planning,2020,Announced & Planning,1,0,0,1,0,,,,,1.0,No,<$100M
4198.0,Climate Transition Development Corporation,Greenview Geothermal Power Plant (Alberta No. 1),,AB,Announced & Planning,Energy,58.0,54.8418269,-117.6498413,Private,Clean Electricity,2020,Announced & Planning,2024,Announced & Planning,5,1,0,0,0,,,,5.0,,Yes,<$100M
4200.0,Elemental Energy,Brooks Solar 2 Power Plant,,AB,Announced & Planning,Energy,50.0,50.58528027,-111.8719983,Private,Clean Electricity,2020,Announced & Planning,2021,Under Construction,2,0,1,0,1,2021.0,2.0,2.0,,,Yes,<$100M
4201.0,Manitoba Hydro,Portage Area Capacity Enhancements,,MB,Announced & Planning,Energy,136.0,,,Public,Other,2020,Announced & Planning,2024,Under Construction,5,1,0,0,1,2023.0,4.0,,5.0,,Yes,$100M-$499M
4202.0,Spicer,Pempaoq In-stream Tidal Energy Project,,NS,Announced & Planning,Energy,111.0,45.364444,-64.414722,Private,Clean Electricity,2020,Announced & Planning,2023,Approved,4,0,0,1,0,,,,,4.0,Yes,$100M-$499M
4203.0,Big Moon Power,Tidal power demonstration facility,,NS,Announced & Planning,Energy,43.5,45.327765,-64.415497,Private,Clean Electricity,2020,Announced & Planning,2023,Approved,4,0,0,1,0,,,,,4.0,Yes,<$100M
4204.0,Jupiter Hydro,In-Stream Tidal Demonstration Project,,NS,Announced & Planning,Energy,23.3,45.357404,-64.409667,Public,Clean Electricity,2020,Announced & Planning,2024,Approved,5,1,0,0,0,,,,5.0,,Yes,<$100M
4205.0,Nova Innovation,The Nova Tidal Array (Petit Passage),,NS,Announced & Planning,Energy,22.0,44.392336,-66.20676,Private,Clean Electricity,2020,Announced & Planning,2024,Under Construction,5,1,0,0,1,2022.0,3.0,,5.0,,Yes,<$100M
4208.0,Alton Natural Gas Pipeline,0,,NS,Approved,Energy,,45.207672,-63.269594,Private,Oil & Gas - Upstream,2020,Approved,2021,Approved,2,0,0,1,0,,,,,2.0,No,
4211.0,Enbridge,2021 Dawn Parkway Expansion Project - Kirkwall-Hamilton Project,,ON,In Review,Energy,204.0,43.3053618,-80.0932772,Private,Other,2020,In Review,2020,In Review,1,0,0,1,0,,,,,1.0,Yes,$100M-$499M
4212.0,Northeast Midstream,Nipigon LNG and North Shore Gas Distribution Project,,ON,In Review,Energy,95.6,49.0132241,-88.2848501,Private,Oil & Gas - Downstream,2020,In Review,2021,In Review,2,0,0,1,0,,,,,2.0,No,<$100M
4214.0,Imperial Oil Ltd.,Waterdown to Finch Project,,ON,In Review,Energy,385.0,43.3301524,-79.9100689,Private,Oil & Gas - Upstream,2020,In Review,2022,Under Construction,3,0,1,0,1,2021.0,2.0,3.0,,,No,$100M-$499M
4215.0,Hydro One,Lakeshore Transmission Stations Project Leamington Area Transmission Reinforcement (Lakeshore Transmission Station & Chatham to Lakeshore Line),,ON,Announced & Planning,Energy,295.0,42.2785366,-82.9338396,Public,Trans & Distr,2020,Announced & Planning,2024,Under Construction,5,1,0,0,1,2023.0,4.0,,5.0,,No,$100M-$499M
4216.0,NRStor and Six Nations of the Grand River Development Corporation Oneida Energy Storage LP,Oneida Energy Storage,,ON,Announced & Planning,Energy,,,,Private,"DER, Storage, EV",2020,Announced & Planning,2024,Approved,5,1,0,0,0,,,,5.0,,Yes,
4219.0,Yukon Energy Corporation,Grid-Scale Battery Storage,,YK,Announced & Planning,Energy,30.0,60.779238,-135.273115,Public,"DER, Storage, EV",2020,Announced & Planning,2024,Under Construction,5,1,0,0,1,2022.0,3.0,,5.0,,Yes,<$100M
4220.0,Port Hawkesbury Paper,Goose Harbour Lake Wind Farm (formerly Pirate Harbour),,NS,Announced & Planning,Energy,155.0,45.6056941,-61.3709266,Private,Clean Electricity,2020,Announced & Planning,2024,Approved,5,1,0,0,0,,,,5.0,,Yes,$100M-$499M
4221.0,City of Summerside / Republic of Koreaos Samsung Renewable Energy,City of Summerside Solar Farm,,PE,Announced & Planning,Energy,69.0,46.3934,-63.7902,Public,Clean Electricity,2020,Announced & Planning,2023,Under Construction,4,0,1,0,1,2021.0,2.0,4.0,,,Yes,<$100M
4223.0,Potentia Renewables Inc.,Jenner Wind Power Project 3,,AB,Approved,Energy,,,,Private,Clean Electricity,2020,Approved,2023,Under Construction,4,0,1,0,1,2022.0,3.0,4.0,,,Yes,
4224.0,WindRiver Power Corp. & TC Energy,Canyon Creek Hydro Power Project (storage),,AB,Announced & Planning,Energy,200.0,53.53010506,-117.5245285,Private,Clean Electricity,2020,Announced & Planning,2024,In Review,5,1,0,0,0,,,,5.0,,Yes,$100M-$499M
4226.0,Greengate Power Corporation,Wheatland Wind Project,,AB,Approved,Energy,100.0,51.25224612,-112.7279663,Private,Clean Electricity,2020,Approved,2022,Under Construction,3,0,1,0,1,2022.0,3.0,3.0,,,Yes,$100M-$499M
4227.0,Element5,New cross-laminated timber plant,,ON,Announced & Planning,Forest,50.0,,,Private,EWP,2020,Announced & Planning,2020,Announced & Planning,1,0,0,1,0,,,,,1.0,Yes,<$100M
4230.0,JD Irving,Mill modernization and upgrade,,NB,Announced & Planning,Forest,35.0,,,Private,Pulp & Paper,2020,Announced & Planning,2024,Under Construction,5,1,0,0,1,2021.0,2.0,,5.0,,No,<$100M
4231.0,Enbridge Frontier Inc.,Frontier NGL Plant and Pipeline Project,,BC,Announced & Planning,Energy,2500.0,55.712509,-121.6689065,Private,Trans & Distr,2020,Announced & Planning,2024,Announced & Planning,5,1,0,0,0,,,,5.0,,No,"$1,000M-$4,999M"
4232.0,West Coast Olefins Ltd.,West Coast Olefins Ethylene Plant,,BC,Announced & Planning,Energy,5200.0,53.926817,-122.8925005,Private,Waste Biomass,2020,Announced & Planning,2021,Announced & Planning,2,0,0,1,0,,,,,2.0,Yes,"$5,000M+"
5000.0,CanWhite Sands Corporation,DEN prooperty,,MB,In Review,Mining,,,0.0,Private,Other,2021,In Review,2022,In Review,2,0,0,1,0,,,,,2.0,No,
5001.0,CanWhite Sands Corporation,VIVIAN Sand Facility Project,,MB,Announced & Planning,Mining,,49.75917,96.46818,Private,Other,2021,Announced & Planning,2022,Approved,2,0,0,1,0,,,,,2.0,No,
5002.0,Inuvialuit Petroleum Corporation,Inuvialuit Energy Security Project,,NT,Announced & Planning,Energy,,69.297389,-133.076278,Private,Clean Electricity,2021,Announced & Planning,2024,Approved,4,1,0,0,0,,,,4.0,,Yes,
5003.0,Arctic Canadian Diamond Corp,Ekati Diamond Mine Expansion - Point Lake,,NT,In Review,Mining,,64.445237,-110.695595,Private,Precious Metal,2021,In Review,2021,In Review,1,0,0,1,0,,,,,1.0,No,
5004.0,CanWhite Sands Corporation,BRU property,,MB,In Review,Mining,,49.75917,96.46818,Private,Other,2021,In Review,2022,In Review,2,0,0,1,0,,,,,2.0,No,
5006.0,Skidegate Band Council,Haida Gwaii Clean Energy Project,,BC,Announced & Planning,Energy,30.0,,,Private,Clean Electricity,2021,Announced & Planning,2024,Under Construction,4,1,0,0,1,2023.0,3.0,,4.0,,Yes,<$100M
5007.0,NTPC,The Inuvik Wind Generation Project,,NT,Approved,Energy,40.0,,,Private,Clean Electricity,2021,Approved,2023,Under Construction,3,0,1,0,1,2022.0,2.0,3.0,,,Yes,<$100M
5010.0,Deh Tai GP Ltd,Clarke Lake Geothermal Development,,BC,Announced & Planning,Energy,100.0,,,Private,Clean Electricity,2021,Announced & Planning,2024,Announced & Planning,4,1,0,0,0,,,,4.0,,Yes,$100M-$499M
5014.0,"Nisga'a Nation, Western LNG, Rockies LNG Partners",Ksi Lisims LNG,,BC,Announced & Planning,Energy,,,,Private,Oil & Gas - Downstream,2021,Announced & Planning,2024,Announced & Planning,4,1,0,0,0,,,,4.0,,No,
5015.0,Pace Canada LP,Youngstown Solar Project,,AB,Announced & Planning,Energy,12.3,,,Private,Clean Electricity,2021,Announced & Planning,2022,Approved,2,0,0,1,0,,,,,2.0,Yes,<$100M
5016.0,Pace Canada LP,Caroline Solar Project,,AB,Announced & Planning,Energy,13.0,,,Private,Clean Electricity,2021,Announced & Planning,2024,Announced & Planning,4,1,0,0,0,,,,4.0,,Yes,<$100M
5017.0,Pace Canada LP,Hannah Sheerness Solar Project,,AB,Announced & Planning,Energy,17.2,,,Private,Clean Electricity,2021,Announced & Planning,2024,Announced & Planning,4,1,0,0,0,,,,4.0,,Yes,<$100M
5018.0,Tlingit Homeland Energy Limited Partnership (THELP),Atlin Hydro Expansion project,,BC,Announced & Planning,Energy,,,,Private,Clean Electricity,2021,Announced & Planning,2024,Announced & Planning,4,1,0,0,0,,,,4.0,,Yes,
5019.0,AWP Industrial Park,"pellet mill, sawmill, biomass power plant and logistics",,NT,Announced & Planning,Forest,20.0,60.44313,-116.34148,Private,Lumber,2021,Announced & Planning,2024,Announced & Planning,4,1,0,0,0,,,,4.0,,No,<$100M
5021.0,Capstone Infrastructure,Kneehill Solar Project,,AB,Announced & Planning,Energy,20.0,,,Private,Clean Electricity,2021,Announced & Planning,2022,Announced & Planning,2,0,0,1,0,,,,,2.0,Yes,<$100M
5022.0,Capstone Infrastructure,Michichi Solar Generation Facility,,AB,Announced & Planning,Energy,20.0,,,Private,Clean Electricity,2021,Announced & Planning,2022,Announced & Planning,2,0,0,1,0,,,,,2.0,Yes,<$100M
5025.0,Interfor Corporation,Mill improvement,,BC,Announced & Planning,Forest,35.0,49.335625,-117.737002,Private,Pulp & Paper,2021,Announced & Planning,2024,Announced & Planning,4,1,0,0,0,,,,4.0,,No,<$100M
5027.0,Osisko Development Corp.,Cariboo Gold Project,,BC,Approved,Mining,305.0,53.08972,-121.56139,Private,Precious Metal,2021,Approved,2024,Approved,4,1,0,0,0,,,,4.0,,No,$100M-$499M
5028.0,St Barbara Ltd.,Moose River Consolidated (15 Mile Stream Mine),,NS,In Review,Mining,123.0,45.140214,-62.526081,Private,Precious Metal,2021,In Review,2024,In Review,4,1,0,0,0,,,,4.0,,No,$100M-$499M
5029.0,Kruger,Brompton paper upgrade,,QC,Announced & Planning,Forest,240.0,45.483208,-71.950843,Private,Pulp & Paper,2021,Announced & Planning,2024,Under Construction,4,1,0,0,1,2023.0,3.0,,4.0,,No,$100M-$499M
5033.0,Capital Power,Enchant Solar Project,,AB,Announced & Planning,Energy,100.0,,,Private,Clean Electricity,2021,Announced & Planning,2022,Under Construction,2,0,1,0,1,2022.0,2.0,2.0,,,Yes,$100M-$499M
5034.0,Greengate Power Corporation,Lathom Solar Project,,AB,Announced & Planning,Energy,170.0,,,Private,Clean Electricity,2021,Announced & Planning,2024,Approved,4,1,0,0,0,,,,4.0,,Yes,$100M-$499M
5035.0,Pace Canada LP,Joffre Solar Power Project,,AB,Announced & Planning,Energy,65.3,,,Private,Clean Electricity,2021,Announced & Planning,2023,Under Construction,3,0,1,0,1,2023.0,3.0,3.0,,,Yes,<$100M
5036.0,TC Energy Corporation,Saddlebrook Solar and Storage Project,,AB,Announced & Planning,Energy,150.0,,,Private,"DER, Storage, EV",2021,Announced & Planning,2024,Under Construction,4,1,0,0,1,2023.0,3.0,,4.0,,Yes,$100M-$499M
5037.0,TransAlta Renewables,Garden Plain Wind Project,,AB,Announced & Planning,Energy,195.0,,,Private,Clean Electricity,2021,Announced & Planning,2022,Under Construction,2,0,1,0,1,2022.0,2.0,2.0,,,Yes,$100M-$499M
5038.0,TransAlta Renewables,Tempest Wind Power Project,,AB,Announced & Planning,Energy,105.0,,,Private,Clean Electricity,2021,Announced & Planning,2024,In Review,4,1,0,0,0,,,,4.0,,Yes,$100M-$499M
5039.0,Montem Resources,Tent Mountain (Chinook),,AB,In Review,Mining,223.9,49.84,-114.525,Private,Other,2021,In Review,2022,In Review,2,0,0,1,0,,,,,2.0,No,$100M-$499M
5040.0,Prairie Sunlight,Vauxhall Solar Farm,,AB,In Review,Energy,220.0,,,Private,Clean Electricity,2021,In Review,2024,In Review,4,1,0,0,0,,,,4.0,,Yes,$100M-$499M
5041.0,AltaLink,Provost to Edgerton and Nilrem to Vermilion (PENV) Transmission Development,,AB,Announced & Planning,Energy,241.0,,,Private,Trans & Distr,2021,Announced & Planning,2024,Announced & Planning,4,1,0,0,0,,,,4.0,,No,$100M-$499M
5043.0,BowArk Energy Ltd.,Lanfine North Wind Power Project,,AB,Announced & Planning,Energy,200.0,,,Private,Clean Electricity,2021,Announced & Planning,2022,Under Construction,2,0,1,0,1,2022.0,2.0,2.0,,,Yes,$100M-$499M
5044.0,Enel Green Power,Grizzly Bear Wind Power Project,,AB,Announced & Planning,Energy,250.0,,,Private,Clean Electricity,2021,Announced & Planning,2022,Announced & Planning,2,0,0,1,0,,,,,2.0,Yes,$100M-$499M
5045.0,Carbon Clean Energy Inc.,Project Wheatland BioFuel Facility,,AB,Announced & Planning,Energy,475.0,,,Private,Low Carbon Fuels,2021,Announced & Planning,2023,Approved,3,0,0,1,0,,,,,3.0,Yes,$100M-$499M
5047.0,Air Products,Canada Net-zero Hydrogen Energy Complex,,AB,Announced & Planning,Energy,1300.0,,,Private,Clean Electricity,2021,Announced & Planning,2024,Under Construction,4,1,0,0,1,2023.0,3.0,,4.0,,Yes,"$1,000M-$4,999M"
5048.0,Ascent Energy Partners,Dunmore Solar Project,,AB,Announced & Planning,Energy,200.0,,,Private,Clean Electricity,2021,Announced & Planning,2024,Approved,4,1,0,0,0,,,,4.0,,Yes,$100M-$499M
5049.0,Wolf Midstream,NGL North Integrated Energy Infrastructure System,,AB,Announced & Planning,Energy,200.0,,,Private,Clean Electricity,2021,Announced & Planning,2023,Under Construction,3,0,1,0,1,2022.0,2.0,3.0,,,Yes,$100M-$499M
5050.0,Copenhagen Infrastructure Parteners ABO Wind Canada Ltd.,Buffalo Plains Wind Farm,,AB,Announced & Planning,Energy,500.0,,,Private,Clean Electricity,2021,Announced & Planning,2024,Under Construction,4,1,0,0,1,2024.0,4.0,,4.0,,Yes,$500M-$999M
5052.0,Fortis,Tilbury LNG Phase 2,,BC,In Review,Energy,3500.0,49.1417976,-123.023505,Private,Oil & Gas - Downstream,2022,In Review,2024,Announced & Planning,3,1,0,0,0,,,,3.0,,No,"$1,000M-$4,999M"
5053.0,Alberta BioBoard,MDF and Fuel Pellet Plant,,AB,Announced & Planning,Energy,790.0,,,Private,Waste Biomass,2021,Announced & Planning,2024,Announced & Planning,4,1,0,0,0,,,,4.0,,Yes,$500M-$999M
5054.0,Siemens Energy,Siemens Energy Waste Heat-to-Power Pilot,,AB,Announced & Planning,Energy,,,,Private,Clean Heat,2021,Announced & Planning,2022,Under Construction,2,0,1,0,1,2022.0,2.0,2.0,,,Yes,
5055.0,Suncor ATCO JV,Suncor ATCO Hydrogen Project,,AB,Announced & Planning,Energy,,,,Private,Low Carbon Fuels,2021,Announced & Planning,2022,Announced & Planning,2,0,0,1,0,,,,,2.0,Yes,
5056.0,Capital Power,Genesee Power Plant Natural Gas Conversion,,AB,Announced & Planning,Energy,997.0,,,Private,NG Power Gen,2021,Announced & Planning,2024,Under Construction,4,1,0,0,1,2022.0,2.0,,4.0,,No,$500M-$999M
5058.0,TBD,Southern Lakes Transmission Network,,YK,Announced & Planning,Energy,,,,Private,Trans & Distr,2021,Announced & Planning,2022,Announced & Planning,2,0,0,1,0,,,,,2.0,No,
5059.0,TBD,Moon Lake Pumped Storage,,YK,Announced & Planning,Energy,,,,Private,"DER, Storage, EV",2021,Announced & Planning,2022,Announced & Planning,2,0,0,1,0,,,,,2.0,Yes,
5060.0,Fortis,Tilbury LNG Phase 1B,,BC,Announced & Planning,Energy,,49.1417976,-123.023505,Private,Oil & Gas - Downstream,2021,Announced & Planning,2024,In Review,4,1,0,0,0,,,,4.0,,No,
5061.0,Manitoba Hydro,Kettle Unit 6 Minor Overhaul,,MB,Approved,Energy,22.8,56.38428577,-94.63501073,Public,Clean Electricity,2021,Approved,2023,Approved,3,0,0,1,0,,,,,3.0,Yes,<$100M
5062.0,Manitoba Hydro,Kettle Unit 10 Minor Overhaul,,MB,Approved,Energy,23.3,56.38428577,-94.63501073,Public,Clean Electricity,2021,Approved,2023,Approved,3,0,0,1,0,,,,,3.0,Yes,<$100M
5067.0,Ontario Power Generation,Redevelopment of Coniston station,,ON,Announced & Planning,Energy,85.0,,,Public,Clean Electricity,2021,Announced & Planning,2024,Announced & Planning,4,1,0,0,0,,,,4.0,,Yes,<$100M
5068.0,Lakeshore Natural Gas,Certarus and North Shore Distribution project,,ON,In Review,Energy,55.0,,,Private,Other,2021,In Review,2023,In Review,3,0,0,1,0,,,,,3.0,Yes,<$100M
5069.0,Canada Nickel Company Inc.,Crawford,,ON,In Review,Mining,2655.1095,48.83972,-81.37309,Private,Critical Mineral,2024,In Review,2024,In Review,1,1,0,0,0,,,,1.0,,Yes,"$1,000M-$4,999M"
5074.0,New Age Metals Inc.,River Valley Palladium,,ON,Announced & Planning,Mining,606.348,46.70591,-80.27606,Private,Precious Metal,2024,Announced & Planning,2024,Announced & Planning,1,1,0,0,0,,,,1.0,,No,$500M-$999M
5075.0,Avalon Advanced Materials Inc.,Separation Rapids,,ON,Announced & Planning,Mining,77.671,50.266,-94.58258,Private,Other,2021,Announced & Planning,2023,Announced & Planning,3,0,0,1,0,,,,,3.0,No,<$100M
5076.0,Resolve Energie,Usine de production d'ethanol cellulosique,,QC,Announced & Planning,Energy,300.0,46.4833314,-70.6166642,Private,Oil & Gas - Upstream,2021,Announced & Planning,2024,Announced & Planning,4,1,0,0,0,,,,4.0,,No,$100M-$499M
5077.0,Greenfield Global,Agrandissement usine d'ethanol a Varennes,,QC,Announced & Planning,Energy,120.0,45.6820019,-73.44098293,Private,Low Carbon Fuels,2021,Announced & Planning,2024,Announced & Planning,4,1,0,0,0,,,,4.0,,Yes,$100M-$499M
5081.0,Saturn Power,Highfield Solar,,SK,Announced & Planning,Energy,,,,Private,Clean Electricity,2021,Announced & Planning,2021,Announced & Planning,1,0,0,1,0,,,,,1.0,Yes,
5082.0,Elemental Energy,Awasis Solar,,SK,Announced & Planning,Energy,,,,Private,Clean Electricity,2021,Announced & Planning,2022,Under Construction,2,0,1,0,1,2022.0,2.0,2.0,,,Yes,
5083.0,Natural Forces,Pesakastew Solar,,SK,Announced & Planning,Energy,,,,Private,Clean Electricity,2021,Announced & Planning,2021,Announced & Planning,1,0,0,1,0,,,,,1.0,Yes,
5084.0,Kruger Energy Inc.,Foxtail Grove Solar,,SK,Announced & Planning,Energy,,,,Private,Clean Electricity,2021,Announced & Planning,2023,Approved,3,0,0,1,0,,,,,3.0,Yes,
5085.0,Prairie Green Renewable Energy Inc.,Prairie Green Renewable Energy,,SK,Announced & Planning,Energy,,,,Private,Clean Electricity,2021,Announced & Planning,2022,Announced & Planning,2,0,0,1,0,,,,,2.0,Yes,
5086.0,DEEP,DEEP Geothermal,,SK,Announced & Planning,Energy,,,,Private,Clean Electricity,2021,Announced & Planning,2024,Announced & Planning,4,1,0,0,0,,,,4.0,,Yes,
5087.0,Innagreen Investments and Awasis Nehiyawewini Energy Development,Bekevar Wind Energy Project,,SK,Announced & Planning,Energy,,,,Private,Clean Electricity,2021,Announced & Planning,2024,Under Construction,4,1,0,0,1,2023.0,3.0,,4.0,,Yes,
6001.0,Pembina Pipeline Corporation and TC Energy,Alberta Carbon Grid,,AB,Announced & Planning,Energy,,,,Private,CCUS,2022,Announced & Planning,2022,Announced & Planning,1,0,0,1,0,,,,,1.0,Yes,
6002.0,Highwood Organics Processing,Aldersyde Bioenergy Facility,,AB,Approved,Energy,25.0,50.63106,-113.87501,Private,Waste Biomass,2022,Approved,2024,Approved,3,1,0,0,0,,,,3.0,,Yes,<$100M
6003.0,"Shell Canada Limited, ATCO Energy Solutions Ltd., and Suncor Energy Inc.",Atlas Carbon Sequestration Hub,,AB,Announced & Planning,Energy,,,,Private,CCUS,2022,Announced & Planning,2022,Announced & Planning,1,0,0,1,0,,,,,1.0,Yes,
6004.0,City of St. Albert,Badger Lands Solar Farm,,AB,Announced & Planning,Energy,33.7,53.658542,-113.675941,Public,Clean Electricity,2022,Announced & Planning,2022,Announced & Planning,1,0,0,1,0,,,,,1.0,Yes,<$100M
6005.0,BHP Billiton Petroleum,BHP Canada Exploration Drilling Project,,NL,Approved,Energy,822.0,,,Private,Oil & Gas - Upstream,2022,Approved,2022,Approved,1,0,0,1,0,,,,,1.0,No,$500M-$999M
6006.0,Recyclage carbone Varenne (Technologie d'Enerkem),Biofuel Facility,,QC,Announced & Planning,Forest,875.0,,,Private,Other,2022,Announced & Planning,2024,Under Construction,3,1,0,0,1,2023.0,2.0,,3.0,,Yes,$500M-$999M
6008.0,McEwen Mining Inc.,Black Fox,,ON,Announced & Planning,Mining,451.127,48.535378,-80.340534,Private,Other,2022,Announced & Planning,2023,Announced & Planning,2,0,0,1,0,,,,,2.0,No,$100M-$499M
6009.0,McEwen Mining Inc.,Black Fox Mine Froome Expansion,,ON,Announced & Planning,Mining,451.127,48.535378,-80.340534,Private,Other,2022,Announced & Planning,2024,Under Construction,3,1,0,0,1,2023.0,2.0,,3.0,,No,$100M-$499M
6012.0,Elemental Energy,Chappice Lake Solar Storage Project,,AB,Announced & Planning,Energy,40.3,50.217984,-110.425494,Private,"DER, Storage, EV",2022,Announced & Planning,2022,Announced & Planning,1,0,0,1,0,,,,,1.0,Yes,<$100M
6014.0,Canadian Natural Resources Ltd. (CNRL),CNRL In-Pit Extraction Process Demonstration,,AB,Announced & Planning,Energy,99.7,57.326362,-111.81829,Private,Oil & Gas - Upstream,2022,Announced & Planning,2022,Announced & Planning,1,0,0,1,0,,,,,1.0,No,<$100M
6016.0,Voltarix Group,Creekside Solar Project,,AB,Announced & Planning,Energy,43.0,53.247146,-113.825172,Private,Clean Electricity,2022,Announced & Planning,2024,Approved,3,1,0,0,0,,,,3.0,,Yes,<$100M
6017.0,ATCO,Deerfoot Solar Project,,AB,Announced & Planning,Energy,50.0,50.939476,-113.965224,Private,Clean Electricity,2022,Announced & Planning,2024,Under Construction,3,1,0,0,1,2023.0,2.0,,3.0,,Yes,<$100M
6018.0,FortisBC,Eagle Mountain - Woodfibre Gas Pipeline,,BC,Announced & Planning,Energy,350.0,,,Private,Trans & Distr,2022,Announced & Planning,2024,Announced & Planning,3,1,0,0,0,,,,3.0,,No,$100M-$499M
6019.0,Skeena Resources Ltd.,Eskay Creek Mine,,BC,Announced & Planning,Mining,487.9,,,Private,Precious Metal,2022,Announced & Planning,2024,In Review,3,1,0,0,0,,,,3.0,,No,$100M-$499M
6021.0,NOVA Gas Transmission Ltd.,Foothills Zone 8 West Path Delivery 2023,,BC,In Review,Energy,402.0,49.421,-114.839,Private,Clean Electricity,2022,In Review,2023,Under Construction,2,0,1,0,1,2023.0,2.0,2.0,,,Yes,$100M-$499M
6022.0,NTPC,Fort Providence and Kakisa Transmission Line,,NT,Announced & Planning,Energy,60.0,60.977458,-117.221393,Private,Trans & Distr,2022,Announced & Planning,2024,Announced & Planning,3,1,0,0,0,,,,3.0,,No,<$100M
6023.0,STLLR Gold Inc.,Tower Gold (formerly Garrison/Golden Highway),,ON,Announced & Planning,Mining,517.0,48.493967,-79.98755,Private,Precious Metal,2024,Announced & Planning,2024,Announced & Planning,1,1,0,0,0,,,,1.0,,No,$500M-$999M
6024.0,FD Power,Genalta Flare Gas Bromhead,,SK,Announced & Planning,Energy,,,,Private,Other,2022,Announced & Planning,2022,Announced & Planning,1,0,0,1,0,,,,,1.0,Yes,
6025.0,Rock Tech Lithium Inc.,Georgia Lake,,ON,Announced & Planning,Mining,255.88,49.445411,-88.039681,Private,Critical Mineral,2023,Announced & Planning,2024,Announced & Planning,2,1,0,0,0,,,,2.0,,Yes,$100M-$499M
6026.0,TransAlta Corporation,Ghost River WaterCharger Battery Energy Storage,,AB,Announced & Planning,Energy,120.0,51.217782,-114.704604,Private,"DER, Storage, EV",2022,Announced & Planning,2024,Approved,3,1,0,0,1,2023.0,2.0,,3.0,,Yes,$100M-$499M
6028.0,TransAlta Corporation,Glacier Gas Plant CSS (Phase 2),,AB,Announced & Planning,Energy,49.0,55.559541,-119.60376,Private,Oil & Gas - Downstream,2022,Announced & Planning,2024,Announced & Planning,3,1,0,0,0,,,,3.0,,No,<$100M
6029.0,LNG Newfoundland and Labrador,Grassy Point LNG,,NL,Announced & Planning,Energy,7150.0,47.752791,-54.027147,Private,Oil & Gas - Downstream,2022,Announced & Planning,2024,Announced & Planning,3,1,0,0,0,,,,3.0,,No,"$5,000M+"
6030.0,Capital Power,Halkirk Wind Project Phase 2,,AB,Announced & Planning,Energy,274.0,52.235714,-112.111316,Private,Clean Electricity,2022,Announced & Planning,2024,Under Construction,3,1,0,0,1,2024.0,3.0,,3.0,,Yes,$100M-$499M
6031.0,Diageo Canada Inc.,Implantation de mesures de reduction des emissions de GES et de conversion energetique,,QC,Announced & Planning,Energy,94.0,0.0,,Private,Waste Biomass,2022,Announced & Planning,2024,Announced & Planning,3,1,0,0,0,,,,3.0,,Yes,<$100M
6032.0,BigMoon Canada Corporation,In-Stream Tidal Energy Project,,NS,Approved,Energy,36.0,45.412912,-64.327011,Private,Clean Electricity,2022,Approved,2023,Approved,2,0,0,1,0,,,,,2.0,Yes,<$100M
6033.0,International Wood Industries,Integrated wood processing facility (sawmill and pellet plant),,ON,Announced & Planning,Forest,,,,Private,Lumber,2022,Announced & Planning,2022,Announced & Planning,1,0,0,1,0,,,,,1.0,No,
6034.0,"ITOCHU Corporation, Petronas Canada, Interpipe (Brookfield Infrastructure)",ITOCHU/Petronas/Interpipe (Brookfield Infrastructure) Blue Ammonia Production Facility,,AB,Announced & Planning,Energy,1600.0,53.784065,-113.077,Private,Low Carbon Fuels,2022,Announced & Planning,2023,Announced & Planning,2,0,0,1,0,,,,,2.0,Yes,"$1,000M-$4,999M"
6035.0,Landore Resources Limited,Junior Lake (BAM Gold Project),,ON,Announced & Planning,Mining,111.0,50.377576,-87.900095,Private,Precious Metal,2023,Announced & Planning,2023,Announced & Planning,1,0,0,1,0,,,,,1.0,No,$100M-$499M
6037.0,Manitoba Hydro,Kettle Unit 8 Stator Overhaul,,MB,Approved,Energy,23.5,56.38428577,-94.63501073,Public,Clean Electricity,2022,Approved,2023,Approved,2,0,0,1,0,,,,,2.0,Yes,<$100M
6040.0,FD Power,Kopahawakenum,,SK,Announced & Planning,Energy,30.0,,,Private,Other,2022,Announced & Planning,2024,Announced & Planning,3,1,0,0,0,,,,3.0,,Yes,<$100M
6041.0,SOQUEM,Kwyjibo,,QC,Announced & Planning,Mining,723.6,51.06421,-65.239336,Private,Other,2023,Announced & Planning,2023,Announced & Planning,1,0,0,1,0,,,,,1.0,No,$500M-$999M
6042.0,M taux Lomiko,La Loutre Graphite,,QC,Announced & Planning,Mining,236.1,,0.0,Private,Critical Mineral,2022,Announced & Planning,2023,Announced & Planning,2,0,0,1,0,,,,,2.0,Yes,$100M-$499M
6043.0,Hydro One,Chatham to Lakeshore Transmission Line,,ON,Announced & Planning,Energy,525.0,,,Public,Trans & Distr,2022,Announced & Planning,2024,Under Construction,3,1,0,0,1,2023.0,2.0,,3.0,,No,$500M-$999M
6044.0,Lafarge Canada Inc.,Landfill Fly Ash Beneficiation Project,,AB,Announced & Planning,Energy,48.7,51.062217,-115.173878,Private,Waste Biomass,2022,Announced & Planning,2023,Announced & Planning,2,0,0,1,0,,,,,2.0,Yes,<$100M
6046.0,"LNG Canada (Shell Canada Limited, PETRONAS, Korea Gas Corporation (KOGAS), Mitsubishi Corporation, and PetroChina Company Limited)",LNG Canada Phase 2,,BC,Announced & Planning,Energy,,54.081951,-128.638058,Private,Oil & Gas - Downstream,2022,Announced & Planning,2024,Announced & Planning,3,1,0,0,0,,,,3.0,,No,
6050.0,Miniere O3,Marban Block,,QC,Announced & Planning,Mining,435.1,48.137067,-77.97919,Private,Other,2023,Announced & Planning,2024,Announced & Planning,2,1,0,0,0,,,,2.0,,No,$100M-$499M
6051.0,Fox River Resources Corporation,Martison,,ON,Announced & Planning,Mining,2326.92,50.31444,-83.41444,Private,Other,2024,Announced & Planning,2024,Announced & Planning,1,1,0,0,0,,,,1.0,,No,"$1,000M-$4,999M"
6052.0,Bison Low Carbon Ventures Inc.,Meadowbrook Hub Project,,AB,Announced & Planning,Energy,,,,Private,Other,2022,Announced & Planning,2022,Announced & Planning,1,0,0,1,0,,,,,1.0,Yes,
6053.0,TC Energy Corporation,Meaford Pumped Storage Project,,ON,In Review,Energy,4300.0,,,Private,"DER, Storage, EV",2022,In Review,2024,In Review,3,1,0,0,0,,,,3.0,,Yes,"$1,000M-$4,999M"
6055.0,Western Resources Corp.,Milestone,,SK,Approved,Mining,,50.236669,-104.239825,Private,Other,2022,Approved,2022,Approved,1,0,0,1,0,,,,,1.0,No,
6056.0,San Group,Mill and port upgrades,,BC,Announced & Planning,Forest,100.0,,,Private,Pulp & Paper,2022,Announced & Planning,2024,Announced & Planning,3,1,0,0,0,,,,3.0,,No,$100M-$499M
6057.0,Resolute,Mill modernization and new equipment,,QC,Announced & Planning,Forest,22.0,,,Private,Pulp & Paper,2022,Announced & Planning,2023,Announced & Planning,2,0,0,1,0,,,,,2.0,No,<$100M
6059.0,"Mitsubishi Corporation, Shell Canada Limited",Mitsubishi/Shell Ammonia Project,,AB,Announced & Planning,Energy,,,,Private,Low Carbon Fuels,2022,Announced & Planning,2022,Announced & Planning,1,0,0,1,0,,,,,1.0,Yes,
6060.0,Sayona Nord,Moblan,,QC,Announced & Planning,Mining,822.6,50.739349,-74.835889,Private,Other,2024,Announced & Planning,2024,Announced & Planning,1,1,0,0,0,,,,1.0,,No,$500M-$999M
6061.0,Voyager Metals inc.,Mont Sorcier,,QC,Announced & Planning,Mining,586.3,49.912759,-74.121332,Private,Other,2023,Announced & Planning,2023,Announced & Planning,1,0,0,1,0,,,,,1.0,No,$500M-$999M
6062.0,Voltarix Group,Moon Lake Solar Project,,AB,Announced & Planning,Energy,43.0,53.422494,-114.990517,Private,Clean Electricity,2022,Announced & Planning,2024,Approved,3,1,0,0,0,,,,3.0,,Yes,<$100M
6063.0,Northriver Midstream NEBC Connector GP Inc.,NEBC Connector Project,,Multi,In Review,Energy,350.1,56.9228,-122.058,Private,Clean Electricity,2022,In Review,2024,Approved,3,1,0,0,0,,,,3.0,,Yes,$100M-$499M
6064.0,One Sky Forest Products,New OSB Mill,,SK,Announced & Planning,Forest,250.0,,,Private,EWP,2022,Announced & Planning,2024,Announced & Planning,3,1,0,0,0,,,,3.0,,No,$100M-$499M
6066.0,NOVA Gas Transmission Ltd.,NGTL West Path Delivery 2022 Project,,AB,Approved,Energy,193.0,52.008,-114.824,Private,Clean Electricity,2022,Approved,2022,Approved,1,0,0,1,0,,,,,1.0,Yes,$100M-$499M
6067.0,Northern Petrochemical Corp.,Northern Petrochemical Ammonia and Methanol Production Facility,,AB,Announced & Planning,Energy,2500.0,54.760765,-118.572392,Private,Low Carbon Fuels,2022,Announced & Planning,2024,Announced & Planning,3,1,0,0,0,,,,3.0,,Yes,"$1,000M-$4,999M"
6069.0,Wawa OSB Inc,OSB Mill restart,,ON,Announced & Planning,Forest,180.0,,,Private,EWP,2022,Announced & Planning,2023,Announced & Planning,2,0,0,1,0,,,,,2.0,Yes,$100M-$499M
6072.0,Peak Renewables,Pellet Plant,,BC,Announced & Planning,Forest,29.0,58.80493975,-122.6973869,Private,Other,2022,Announced & Planning,2024,Announced & Planning,3,1,0,0,0,,,,3.0,,Yes,<$100M
6074.0,Nihat Corp,Pellet plant,,NWT,Announced & Planning,Forest,,,,Private,Other,2022,Announced & Planning,2022,Announced & Planning,1,0,0,1,0,,,,,1.0,Yes,
6075.0,Nairn Centre Wood Pellet Plant,Pellet plant,,ON,Announced & Planning,Forest,,,,Private,Other,2022,Announced & Planning,2022,Announced & Planning,1,0,0,1,0,,,,,1.0,Yes,
6076.0,Whitesands First Nation,Pellet plant and biomass co-gen,,ON,Announced & Planning,Forest,,,,Private,Other,2022,Announced & Planning,2022,Announced & Planning,1,0,0,1,0,,,,,1.0,Yes,
6077.0,Hydro One,Power Downtown Toronto,,ON,Announced & Planning,Energy,108.0,,,Public,Trans & Distr,2022,Announced & Planning,2024,Announced & Planning,3,1,0,0,0,,,,3.0,,No,$100M-$499M
6079.0,Heartland Generation,Rainbow Lake Generating Station Expansion,,AB,Announced & Planning,Energy,50.0,58.450941,-119.237323,Private,Other,2022,Announced & Planning,2023,Announced & Planning,2,0,0,1,0,,,,,2.0,Yes,<$100M
6081.0,Newcrest Mining Ltd./Imperial Metals,Red Chris Block Cave Expansion,,BC,Announced & Planning,Mining,1500.0,,,Private,Precious Metal,2022,Announced & Planning,2024,Approved,3,1,0,0,0,,,,3.0,,No,"$1,000M-$4,999M"
6083.0,Voltarix Group,Rocktree Solar Project,,AB,Announced & Planning,Energy,40.0,53.515088,-113.912081,Private,Clean Electricity,2022,Announced & Planning,2024,Approved,3,1,0,0,0,,,,3.0,,Yes,<$100M
6084.0,DP Energy,Saamis Solar Farm,,AB,Announced & Planning,Energy,450.0,50.070674,-110.70734,Private,Clean Electricity,2022,Announced & Planning,2024,In Review,3,1,0,0,0,,,,3.0,,Yes,$100M-$499M
6085.0,Dunkley Lumber,Saw Mill Expansion,,SK,Announced & Planning,Forest,100.0,,,Private,Lumber,2022,Announced & Planning,2023,Under Construction,2,0,1,0,1,2023.0,2.0,2.0,,,No,$100M-$499M
6086.0,Silicon Ranch,Scottford Refinery Solar Farm,,AB,Announced & Planning,Energy,100.0,53.804239,-113.088906,Private,"DER, Storage, EV",2022,Announced & Planning,2024,Under Construction,3,1,0,0,1,2023.0,2.0,,3.0,,Yes,$100M-$499M
6087.0,Magna Mining Inc.,Shakespeare,,ON,Announced & Planning,Mining,232.9,46.291979,-81.858789,Private,Other,2022,Announced & Planning,2024,Announced & Planning,3,1,0,0,0,,,,3.0,,No,$100M-$499M
6088.0,Expander Energy,Slave Lake Bio-Mass/Gas to Liquids Plant (Phase 1),,AB,Announced & Planning,Energy,35.0,55.265038,-114.57517,Private,Waste Biomass,2022,Announced & Planning,2024,Announced & Planning,3,1,0,0,0,,,,3.0,,Yes,<$100M
6089.0,Hydro One,St.Clair Transmission Line,,ON,Announced & Planning,Energy,250.0,,,Public,Trans & Distr,2022,Announced & Planning,2024,Announced & Planning,3,1,0,0,0,,,,3.0,,No,$100M-$499M
6090.0,Imperial Oil Ltd.,Strathcona Refinery Renewable Diesel Expansion,,AB,Announced & Planning,Energy,500.0,53.546093,-113.384158,Private,Low Carbon Fuels,2022,Announced & Planning,2024,Under Construction,3,1,0,0,1,2023.0,2.0,,3.0,,Yes,$500M-$999M
6091.0,"ATCO, Suncor",Suncor and ATCO clean hydrogen project,,AB,Announced & Planning,Energy,,,,Private,Low Carbon Fuels,2022,Announced & Planning,2024,Announced & Planning,3,1,0,0,0,,,,3.0,,Yes,
6092.0,Suncor Energy Inc.,Suncor PURE Demonstration Facility,,AB,Announced & Planning,Energy,52.5,57.380561,-111.509771,Private,Clean Electricity,2022,Announced & Planning,2024,Announced & Planning,3,1,0,0,0,,,,3.0,,Yes,<$100M
6093.0,Enbridge Inc.,The Open Access Wabamun Carbon Hub,,AB,Announced & Planning,Energy,,,,Private,CCUS,2022,Announced & Planning,2022,Announced & Planning,1,0,0,1,0,,,,,1.0,Yes,
6094.0,Enhance Energy Inc.,The Origins Project,,AB,Announced & Planning,Energy,,,,Private,Clean Electricity,2022,Announced & Planning,2022,Announced & Planning,1,0,0,1,0,,,,,1.0,Yes,
6095.0,Suncor,Tilt Cove Exploration Drilling Project,,NL,In Review,Energy,52.0,,,Private,Oil & Gas - Upstream,2022,In Review,2023,In Review,2,0,0,1,0,,,,,2.0,No,<$100M
6096.0,Troilus Gold Corp.,Troilus,,QC,In Review,Mining,449.5,51.011121,-74.466634,Private,Other,2024,In Review,2024,In Review,1,1,0,0,0,,,,1.0,,No,$100M-$499M
6097.0,Agnico Eagle Mines Limited,Upper Beaver,,ON,Announced & Planning,Mining,240.1,48.165061,-79.764065,Private,Other,2022,Announced & Planning,2024,In Review,3,1,0,0,0,,,,3.0,,No,$100M-$499M
6100.0,Probe Gold inc.,Novador,,QC,Announced & Planning,Mining,353.0,48.150028,-77.500793,Private,Precious Metal,2023,Announced & Planning,2024,In Review,2,1,0,0,0,,,,2.0,,No,$100M-$499M
6101.0,Ville de Quebec,Projet de valorisation de la vapeur de l'incinerateur pour le CHU de Quebec - Universite Laval,,QC,Announced & Planning,Energy,43.8,46.8347,-71.2033,Private,Other,2022,Announced & Planning,2024,Announced & Planning,3,1,0,0,0,,,,3.0,,Yes,<$100M
6102.0,Galleon Gold Corp.,West Cache,,ON,Announced & Planning,Mining,149.6,48.418089,-81.48394,Private,Precious Metal,2022,Announced & Planning,2024,Announced & Planning,3,1,0,0,0,,,,3.0,,No,$100M-$499M
6103.0,"Enbridge Inc., BG Group",Westcoast Connector Gas Transmission Project,,BC,Announced & Planning,Energy,6700.0,,,Private,Trans & Distr,2022,Announced & Planning,2024,Approved,3,1,0,0,0,,,,3.0,,No,"$5,000M+"
6104.0,NTPC,Whati Transmission Line,,NT,Announced & Planning,Energy,41.5,63.252421,-116.735563,Private,Trans & Distr,2022,Announced & Planning,2024,Announced & Planning,3,1,0,0,0,,,,3.0,,No,<$100M
6105.0,BluEarth Renewables,Wheatcrest Solar Project,,AB,Announced & Planning,Energy,100.0,50.267767,-112.336177,Private,Clean Electricity,2022,Announced & Planning,2023,Under Construction,2,0,1,0,1,2023.0,2.0,2.0,,,Yes,$100M-$499M
6106.0,Wolf Midstream,Wolf Midstream Carbon Hub,,AB,Announced & Planning,Energy,,,,Private,CCUS,2022,Announced & Planning,2022,Announced & Planning,1,0,0,1,0,,,,,1.0,Yes,
7000.0,Strategic Resources Inc.,BlackRock,,QC,Announced & Planning,Mining,1471.0,49.800453,-74.062113,Private,Other,2023,Announced & Planning,2023,Announced & Planning,1,0,0,1,0,,,,,1.0,No,"$1,000M-$4,999M"
7001.0,Sabre Gold Mines Corp.,Brewery Creek,,YK,Announced & Planning,Mining,132.3,64.05802,-138.20379,Private,Precious Metal,2023,Announced & Planning,2023,Announced & Planning,1,0,0,1,0,,,,,1.0,No,$100M-$499M
7002.0,Dore Copper Mining Corp.,Corner Bay,,QC,Announced & Planning,Mining,157.0,49.74183,-74.23977,Private,Critical Mineral,2023,Announced & Planning,2023,Announced & Planning,1,0,0,1,0,,,,,1.0,Yes,$100M-$499M
7003.0,Rio Tinto Group,Jonquiere Refinery,,QC,Approved,Mining,1400.0,48.429,-71.162,Private,Critical Mineral,2023,Approved,2024,Approved,2,1,0,0,0,,,,2.0,,Yes,"$1,000M-$4,999M"
7004.0,Nouveau Monde Graphite Inc,Lac Gueret,,QC,Announced & Planning,Mining,1417.0,51.12903,-69.06792,Private,Critical Mineral,2023,Announced & Planning,2023,Announced & Planning,1,0,0,1,0,,,,,1.0,Yes,"$1,000M-$4,999M"
7005.0,Groupe minier Imp rial,Crater Lake,,QC,Announced & Planning,Mining,870.1,55.35025,-63.8991,Private,Other,2023,Announced & Planning,2023,Announced & Planning,1,0,0,1,0,,,,,1.0,No,$500M-$999M
7007.0,Saskpower,Aspen Power Station,,SK,In Review,Energy,1253.0,,,Public,Low Carbon Fuels,2023,In Review,2024,Under Construction,2,1,0,0,1,2024.0,2.0,,2.0,,Yes,"$1,000M-$4,999M"
7008.0,ATCO,ATCO Kansai Electric Power Ammonia Project (Natural Gas with CCUS),,AB,Announced & Planning,Energy,1000.0,,,Private,NG Power Gen,2023,Announced & Planning,2023,Announced & Planning,1,0,0,1,0,,,,,1.0,No,"$1,000M-$4,999M"
7009.0,Energir Developpement/Nature Energy,Biomethanization plants in Quebec- Farnham Project,,QC,Announced & Planning,Energy,1390.083265,,,Private,Waste Biomass,2023,Announced & Planning,2024,In Review,2,1,0,0,0,,,,2.0,,Yes,"$1,000M-$4,999M"
7010.0,Enbridge Gas,Bobcaygeon Natural Gas Expansion,,ON,In Review,Energy,122.79,,,Private,NG Power Gen,2023,In Review,2024,Approved,2,1,0,0,0,,,,2.0,,No,$100M-$499M
7011.0,Centre de Tratement de la Biomasse de la Monteregie (CTBM) Inc.,Centre de Tratement de la Biomasse de la Monteregie,,QC,Announced & Planning,Energy,35.0,,,Private,Waste Biomass,2023,Announced & Planning,2023,Announced & Planning,1,0,0,1,0,,,,,1.0,Yes,<$100M
7012.0,Cielo Waste Solutions Corp.,Cielo- Halifax,,NS,Announced & Planning,Energy,50.0,,,Private,Other,2023,Announced & Planning,2024,Announced & Planning,2,1,0,0,0,,,,2.0,,Yes,<$100M
7014.0,Capital Power Corporation,East Windsor Expansion,,ON,Announced & Planning,Energy,200.0,,,Private,"DER, Storage, EV",2023,Announced & Planning,2024,Announced & Planning,2,1,0,0,0,,,,2.0,,Yes,$100M-$499M
7015.0,Eco Options Energy Cooperative,Eco Options Energy Cooperative,,BC,Announced & Planning,Energy,450.0,,,Private,Clean Electricity,2023,Announced & Planning,2023,Announced & Planning,1,0,0,1,0,,,,,1.0,Yes,$100M-$499M
7023.0,Newfoundland Power Inc.,Electric Utility 2023 Capital Program,,NL,In Review,Energy,124.48,48.55,-58.43,Private,Clean Electricity,2023,In Review,2023,In Review,1,0,0,1,0,,,,,1.0,Yes,$100M-$499M
7025.0,Newfoundland and Labrador Hydro,Electric Utility 2023 Capital Program (Newfoundland and Labrador Hydro),,NL,Approved,Energy,141.43,54.18,-58.43,Public,Clean Electricity,2023,Approved,2023,Approved,1,0,0,1,0,,,,,1.0,Yes,$100M-$499M
7027.0,Manitoba Hydro,Enterprise PCB Remediation,,MB,Approved,Energy,25.1,,,Public,Clean Electricity,2023,Approved,2024,Under Construction,2,1,0,0,1,2024.0,2.0,,2.0,,Yes,<$100M
7029.0,Federated Co-operatives Limited,FCL HDRD Plant,,SK,Announced & Planning,Energy,2000.0,,,Private,Waste Biomass,2023,Announced & Planning,2024,Announced & Planning,2,1,0,0,0,,,,2.0,,Yes,"$1,000M-$4,999M"
7031.0,Fort Nelson First Nation/Hydrogen Naturally,Fort Nelson First Nation Hydrogen,,BC,Announced & Planning,Energy,1200.0,,,Private,Low Carbon Fuels,2023,Announced & Planning,2024,Announced & Planning,2,1,0,0,0,,,,2.0,,Yes,"$1,000M-$4,999M"
7035.0,Green Impact Partners (In partnership with Carbon Clean Energy and PCL Construction),Future Energy Park Renewable Natural Gas and Ethanol Project,,AB,Announced & Planning,Energy,1200.0,51.010133,-113.914,Private,Low Carbon Fuels,2023,Announced & Planning,2024,Announced & Planning,2,1,0,0,0,,,,2.0,,Yes,"$1,000M-$4,999M"
7037.0,Pattern Energy,Argentia Renewables,,NL,Announced & Planning,Energy,5300.0,,,Private,Low Carbon Fuels,2023,Announced & Planning,2023,Announced & Planning,1,0,0,1,0,,,,,1.0,Yes,"$5,000M+"
7038.0,H2MB,H2MB,,MB,Announced & Planning,Energy,20.0,,,Private,Low Carbon Fuels,2023,Announced & Planning,2024,Announced & Planning,2,1,0,0,0,,,,2.0,,Yes,<$100M
7039.0,FortisBC/Suncor/Hazer,Hazer Pyrolysis Hydrogen Production Demo Plant,,BC,Announced & Planning,Energy,11.25,,,Private,Low Carbon Fuels,2023,Announced & Planning,2024,Announced & Planning,2,1,0,0,0,,,,2.0,,Yes,<$100M
7040.0,Heidelberg Materials,Heidelberg Materials Carbon Capture Utilization and Storage Hub,,AB,Announced & Planning,Energy,1360.0,53.5798,-113.606,Private,CCUS,2023,Announced & Planning,2024,Announced & Planning,2,1,0,0,0,,,,2.0,,Yes,"$1,000M-$4,999M"
7042.0,Kiwetinohk Energy Corp,Homestead Solar Project,,AB,Announced & Planning,Energy,500.0,49.981414,-113.446,Private,Clean Electricity,2023,Announced & Planning,2024,Announced & Planning,2,1,0,0,0,,,,2.0,,Yes,$500M-$999M
7043.0,Hydrogen Canada Corp,Hydrogen Canada Corp Hydrogen Project (Natural Gas with CCUS),,AB,Announced & Planning,Energy,1000.0,,,Private,Clean Electricity,2023,Announced & Planning,2023,Announced & Planning,1,0,0,1,0,,,,,1.0,Yes,"$1,000M-$4,999M"
7044.0,Renewable Hydrogen Canada/ Fortis BC/ Green Investment Group,Hydrogen Electrolyzer Plant,,BC,In Review,Energy,200.0,,,Private,Low Carbon Fuels,2023,In Review,2024,In Review,2,1,0,0,0,,,,2.0,,Yes,$100M-$499M
7045.0,Hydra Energy Canada,Hydrogen Refueling and Production,,BC,Announced & Planning,Energy,62.0,,,Private,Low Carbon Fuels,2023,Announced & Planning,2024,Under Construction,2,1,0,0,1,2024.0,2.0,,2.0,,Yes,<$100M
7046.0,Manitoba Hydro,Jenpeg Unit 2 Overhauls,,MB,Approved,Energy,53.4,54.54,-98.03,Public,Clean Electricity,2023,Approved,2023,Approved,1,0,0,1,0,,,,,1.0,Yes,<$100M
7047.0,Northland Power,Jurassic Solar and Battery Storage,,AB,Announced & Planning,Energy,500.0,50.663204,-111.116,Private,"DER, Storage, EV",2023,Announced & Planning,2024,Under Construction,2,1,0,0,1,2024.0,2.0,,2.0,,Yes,$500M-$999M
7048.0,Manitoba Hydro,Kettle Unit 10 Stator Overhaul,,MB,Approved,Energy,22.9,,,Public,Clean Electricity,2023,Approved,2024,Approved,2,1,0,0,0,,,,2.0,,Yes,<$100M
7049.0,Manitoba Hydro,Kettle Unit 11 Stator Overhaul,,MB,Approved,Energy,24.9,56.38428577,-94.63501073,Public,Clean Electricity,2023,Approved,2023,Approved,1,0,0,1,0,,,,,1.0,Yes,<$100M
7050.0,Manitoba Hydro,Kettle Unit 12 Stator Overhaul,,MB,Approved,Energy,24.4,56.38428577,-94.63501073,Public,Clean Electricity,2023,Approved,2023,Approved,1,0,0,1,0,,,,,1.0,Yes,<$100M
7053.0,Manitoba Hydro,Kettle Unit 7 Stator Overhaul,,MB,Approved,Energy,25.5,56.38428577,-94.63501073,Public,Clean Electricity,2023,Approved,2023,Approved,1,0,0,1,0,,,,,1.0,Yes,<$100M
7054.0,Manitoba Hydro,Kettle Unit 9 Stator Overhaul,,MB,Approved,Energy,27.3,56.38428577,-94.63501073,Public,Clean Electricity,2023,Approved,2023,Approved,1,0,0,1,0,,,,,1.0,Yes,<$100M
7055.0,Kiwetinohk Energy Corp,Phoenix Solar Project,,AB,Announced & Planning,Energy,320.0,52.238021,-114.157,Private,Clean Electricity,2023,Announced & Planning,2024,Announced & Planning,2,1,0,0,0,,,,2.0,,Yes,$100M-$499M
7057.0,Greengate Power Corporation,Luna Solar Project (Phase One),,AB,Announced & Planning,Energy,700.0,50.603768,-112.236,Private,Clean Electricity,2023,Announced & Planning,2024,Under Construction,2,1,0,0,1,2024.0,2.0,,2.0,,Yes,$500M-$999M
7058.0,Greengate Power Corporation,Luna Solar Project (Phase Two),,AB,Announced & Planning,Energy,700.0,50.582389,-112.246,Private,Clean Electricity,2023,Announced & Planning,2024,Approved,2,1,0,0,0,,,,2.0,,Yes,$500M-$999M
7059.0,McLeod Lake Indian Band/Mitsubishi,McLeod Lake Indian Band Hydrogen Project,,BC,Announced & Planning,Energy,5000.0,,,Private,Low Carbon Fuels,2023,Announced & Planning,2024,Announced & Planning,2,1,0,0,0,,,,2.0,,Yes,"$5,000M+"
7061.0,Huron Clean Energy and Upper Nicola Band,Merritt Electro Fuels Project,,BC,Announced & Planning,Energy,75.0,,,Private,Clean Electricity,2023,Announced & Planning,2024,Announced & Planning,2,1,0,0,0,,,,2.0,,Yes,<$100M
7062.0,Greengate Power Corporation,Midnight Solar and Battery Storage Project,,AB,Announced & Planning,Energy,700.0,50.101693,-110.722,Private,"DER, Storage, EV",2023,Announced & Planning,2023,Announced & Planning,1,0,0,1,0,,,,,1.0,Yes,$500M-$999M
7063.0,Uniboard,Mill modernisation,,QC,Announced & Planning,Forest,250.0,,,Private,Pulp & Paper,2023,Announced & Planning,2024,Under Construction,2,1,0,0,1,2024.0,2.0,,2.0,,No,$100M-$499M
7066.0,Newmont Corp.,Pamour,,ON,Announced & Planning,Mining,520.52,48.522253,-81.120492,Private,Other,2023,Announced & Planning,2024,Announced & Planning,2,1,0,0,0,,,,2.0,,No,$500M-$999M
7067.0,Enbridge Gas,Panhandle Regional Expansion,,ON,Approved,Energy,358.0,42.370631,-82.388726,Private,Other,2024,Approved,2024,Approved,1,1,0,0,0,,,,1.0,,Yes,$100M-$499M
7068.0,Alliance de lenergie de lEst / Valeco Energie Quebec,Parc Eolien de Grosse Ile + Battery,,QC,In Review,Energy,70.0,,,Private,"DER, Storage, EV",2023,In Review,2024,In Review,2,1,0,0,0,,,,2.0,,Yes,<$100M
7069.0,The Pathways Alliance,Pathways Alliance Carbon Capture Storage Hub (Phase 1),,AB,Announced & Planning,Energy,16500.0,58.152833,-112.285,Private,CCUS,2023,Announced & Planning,2024,Announced & Planning,2,1,0,0,0,,,,2.0,,Yes,"$5,000M+"
7070.0,"Pembina Pipeline, Marubeni",Pembina Pipeline and Marubeni Ammonia Project (Natural Gas with CCUS),,AB,Announced & Planning,Energy,1000.0,,,Private,Trans & Distr,2023,Announced & Planning,2023,Announced & Planning,1,0,0,1,0,,,,,1.0,No,"$1,000M-$4,999M"
7075.0,Waste Connections of Canada and Enbridge,Ridge Landfill RNG Facility,,ON,Announced & Planning,Energy,50.0,,,Private,Waste Biomass,2023,Announced & Planning,2024,Under Construction,2,1,0,0,1,2024.0,2.0,,2.0,,Yes,<$100M
7077.0,SAF + Consortium,SAF Consortium,,QC,Announced & Planning,Energy,200.0,,,Private,Other,2023,Announced & Planning,2024,Announced & Planning,2,1,0,0,0,,,,2.0,,Yes,$100M-$499M
7078.0,Pace Canada LP,Salt Flats Solar Project,,AB,Announced & Planning,Energy,28.0,50.582845,-111.914,Private,Clean Electricity,2023,Announced & Planning,2024,Announced & Planning,2,1,0,0,0,,,,2.0,,Yes,<$100M
7079.0,Invenergy,Skinners Pond Wind Energy Centre,,PE,Announced & Planning,Energy,85.0,46.42191308,-63.77014174,Private,Trans & Distr,2023,Announced & Planning,2024,Announced & Planning,2,1,0,0,0,,,,2.0,,No,<$100M
7081.0,ABO Wind Canada Ltd.,Stettler Solar and Battery Storage Project,,AB,Announced & Planning,Energy,160.0,52.290433,-112.756,Private,"DER, Storage, EV",2023,Announced & Planning,2024,Announced & Planning,2,1,0,0,0,,,,2.0,,Yes,$100M-$499M
7082.0,"City of Summerside, Samsung Renewable Energy",Summerside Solar and Storage Integration Project,,PE,Announced & Planning,Energy,131.6,46.403674,-63.816297,Public,"DER, Storage, EV",2023,Announced & Planning,2023,Announced & Planning,1,0,0,1,0,,,,,1.0,Yes,$100M-$499M
7083.0,Evolugen by Brookfield Renewable,Sunrise Solar Project,,AB,Announced & Planning,Energy,140.0,49.50343,-113.963,Private,Clean Electricity,2023,Announced & Planning,2024,In Review,2,1,0,0,0,,,,2.0,,Yes,$100M-$499M
7084.0,Tla'amin Nation,Tlaamin tiskwat mill site,,BC,Announced & Planning,Energy,800.0,,,Private,Other,2023,Announced & Planning,2024,Announced & Planning,2,1,0,0,0,,,,2.0,,Yes,$500M-$999M
7086.0,Energir/WM Quebec,WM Sainte-Sophie Landfill RNG Facility,,QC,Announced & Planning,Energy,200.0,,,Private,Waste Biomass,2023,Announced & Planning,2024,Announced & Planning,2,1,0,0,0,,,,2.0,,Yes,$100M-$499M
8004.0,Federation Group,Marguerite Lake Compressed Air Energy Storage,,AB,Announced & Planning,Energy,500.0,54.585707,-110.80399,Private,"DER, Storage, EV",2024,Announced & Planning,2024,Announced & Planning,1,1,0,0,0,,,,1.0,,Yes,$500M-$999M
8005.0,MYTILINEOS Energy & Metals,Red Willow Solar,,AB,Announced & Planning,Energy,315.0,52.411522,-112.4617,Private,Clean Electricity,2024,Announced & Planning,2024,Announced & Planning,1,1,0,0,0,,,,1.0,,Yes,$100M-$499M
8006.0,MYTILINEOS Energy & Metals,Sunnynook Solar Project,,AB,Announced & Planning,Energy,385.0,51.325481,-111.557846,Private,Clean Electricity,2024,Announced & Planning,2024,Announced & Planning,1,1,0,0,0,,,,1.0,,Yes,$100M-$499M
8007.0,MYTILINEOS Energy & Metals,Dolcy Solar Project,,AB,Announced & Planning,Energy,275.0,52.685568,-110.472889,Private,Clean Electricity,2024,Announced & Planning,2024,Announced & Planning,1,1,0,0,0,,,,1.0,,Yes,$100M-$499M
8011.0,Solar Krafte and Kinbrook Solar,Rainier Solar Farm,,AB,Announced & Planning,Energy,700.0,50.502131,-111.974802,Private,Clean Electricity,2024,Announced & Planning,2024,Announced & Planning,1,1,0,0,0,,,,1.0,,Yes,$500M-$999M
8013.0,Kineticor Resource Corp.,Greenlight Electricity Centre,,AB,Announced & Planning,Energy,4500.0,53.828808,-113.17862,Private,Clean Electricity,2024,Announced & Planning,2024,Announced & Planning,1,1,0,0,0,,,,1.0,,Yes,"$1,000M-$4,999M"
8016.0,NorthRiver Midstream,NEBC Connector Pipeline Project,,AB,Announced & Planning,Energy,450.0,,,Private,Trans & Distr,2024,Announced & Planning,2024,Announced & Planning,1,1,0,0,0,,,,1.0,,No,$100M-$499M
8017.0,Gibson Energy & Varme Energy JV,Heartland Waste to Power Project,,AB,Announced & Planning,Energy,300.0,53.775933,-113.040261,Private,Waste Biomass,2024,Announced & Planning,2024,Announced & Planning,1,1,0,0,0,,,,1.0,,Yes,$100M-$499M
8021.0,Horizon New Energy,Aira Solar Project,,AB,Announced & Planning,Energy,700.0,49.59354,-110.933991,Private,Clean Electricity,2024,Announced & Planning,2024,Announced & Planning,1,1,0,0,0,,,,1.0,,Yes,$500M-$999M
8022.0,hep Energy,Alderson Solar Power Project,,AB,Announced & Planning,Energy,150.0,50.35223,-111.360655,Private,Clean Electricity,2024,Announced & Planning,2024,Announced & Planning,1,1,0,0,0,,,,1.0,,Yes,$100M-$499M
8029.0,Renewable Energy Systems Canada Inc.,Nova Solar Project,,AB,Announced & Planning,Energy,225.0,50.840356,-113.525047,Private,Clean Electricity,2024,Announced & Planning,2024,Announced & Planning,1,1,0,0,0,,,,1.0,,Yes,$100M-$499M
8032.0,PR Development GP Inc.,Prominence Solar Project,,AB,Announced & Planning,Energy,120.0,49.857665,-112.71883,Private,Clean Electricity,2024,Announced & Planning,2024,Announced & Planning,1,1,0,0,0,,,,1.0,,Yes,$100M-$499M
8033.0,Canadian Utilities Limited,Yellowhead Mainline Natural Gas Pipeline,,AB,Announced & Planning,Energy,2000.0,,,Private,NG Power Gen,2024,Announced & Planning,2024,Announced & Planning,1,1,0,0,0,,,,1.0,,No,"$1,000M-$4,999M"
8035.0,Pouce Coupe Pipeline,Pouce Coupe Pipeline,,AB,Announced & Planning,Energy,341.0,,,Private,Trans & Distr,2024,Announced & Planning,2024,Announced & Planning,1,1,0,0,0,,,,1.0,,No,$100M-$499M
8038.0,Cielo,Carseland Biomass Gasifier Project,,AB,Announced & Planning,Energy,100.0,50.888447,-113.39972,Private,Waste Biomass,2024,Announced & Planning,2024,Announced & Planning,1,1,0,0,0,,,,1.0,,Yes,$100M-$499M
8042.0,Canadian Natural Resources Ltd. (CNRL),Naphtha Recovery Unit Tailings Treatment Project,,AB,Announced & Planning,Energy,350.0,57.347385,-111.840992,Private,Other,2024,Announced & Planning,2024,Announced & Planning,1,1,0,0,0,,,,1.0,,Yes,$100M-$499M
8043.0,EDF EN Canada,Pe-Na-Koyim Wind Project,,AB,Announced & Planning,Energy,425.0,49.447019,-113.121414,Private,Clean Electricity,2024,Announced & Planning,2024,Announced & Planning,1,1,0,0,0,,,,1.0,,Yes,$100M-$499M
8046.0,Mondi Group plc,Hinton Pulp Mill Expansion,,AB,Announced & Planning,Forest,584.0,53.414597,-117.568992,Private,Pulp & Paper,2024,Announced & Planning,2024,Announced & Planning,1,1,0,0,0,,,,1.0,,No,$500M-$999M
8059.0,BC Hydro,Bridge River 1 Replace Units 1-4 Generators / Governors Project,,BC,Approved,Energy,313.0,,,Public,Clean Electricity,2024,Approved,2024,Approved,1,1,0,0,0,,,,1.0,,Yes,$100M-$499M
8065.0,HTEC,H2 Gateway Project,,BC,Announced & Planning,Energy,830.0,,,Private,Low Carbon Fuels,2024,Announced & Planning,2024,Announced & Planning,1,1,0,0,0,,,,1.0,,Yes,$500M-$999M
8066.0,Hydra Energy,Prince George Project,,BC,Announced & Planning,Energy,62.0,,,Private,Clean Electricity,2024,Announced & Planning,2024,Announced & Planning,1,1,0,0,0,,,,1.0,,Yes,<$100M
8068.0,Teralta Hydrogen Solutions,Teralta Hydrogen Project,,BC,Announced & Planning,Energy,36.0,,,Private,Low Carbon Fuels,2024,Announced & Planning,2024,Announced & Planning,1,1,0,0,0,,,,1.0,,Yes,<$100M
8069.0,Salish Elements & Xaxli'p First Nation,Salish Elements Green Hydrogen Production Project,,BC,Announced & Planning,Energy,90.0,,,Private,Low Carbon Fuels,2024,Announced & Planning,2024,Announced & Planning,1,1,0,0,0,,,,1.0,,Yes,<$100M
8070.0,Mcleod Lake Indian Band,Tse'khene Energy Transition Hub,,BC,Announced & Planning,Energy,5000.0,,,Private,Clean Electricity,2024,Announced & Planning,2024,Announced & Planning,1,1,0,0,0,,,,1.0,,Yes,"$5,000M+"
8071.0,HTEC,BCH2 Ports Hydrogen Vehicle Demonstration & Commercialized Project,,BC,Approved,Energy,22.0,,,Private,Low Carbon Fuels,2024,Approved,2024,Approved,1,1,0,0,0,,,,1.0,,Yes,<$100M
8075.0,Teck Resources Ltd.,Fording River Castle Expansion,,BC,In Review,Mining,2300.0,50.2,-114.86,Private,Other,2024,In Review,2024,In Review,1,1,0,0,0,,,,1.0,,No,"$1,000M-$4,999M"
8076.0,Galore Creek Mining Corporation (Newmont & Teck),Galore Creek,,BC,Approved,Mining,5160.0,57.13,-131.47,Private,Other,2024,Approved,2024,Approved,1,1,0,0,0,,,,1.0,,No,"$5,000M+"
8077.0,North Coal,Michel Coal,,BC,In Review,Mining,350.0,49.467,-114.67,Private,Coal,2024,In Review,2024,In Review,1,1,0,0,0,,,,1.0,,No,$100M-$499M
8078.0,FPX Nickel Corp.,Baptiste Nickel (Decar),,BC,Announced & Planning,Mining,2871.0,49.78,-114.73,Private,Critical Mineral,2024,Announced & Planning,2024,Announced & Planning,1,1,0,0,0,,,,1.0,,Yes,"$1,000M-$4,999M"
8084.0,Two Utilities,NS-NB Transmission Line,,Multi,In Review,Energy,1700.0,,,Private,Trans & Distr,2024,In Review,2024,In Review,1,1,0,0,0,,,,1.0,,No,"$1,000M-$4,999M"
8088.0,Atlas Salt,St. Georges Great Atlantic Salt Project,,NL,Approved,Mining,480.0,48.402,-58.529,Private,Other,2024,Approved,2024,Approved,1,1,0,0,0,,,,1.0,,No,$100M-$499M
8092.0,MTC,Mass Timber Manufacturing Plant start up,,NS,In Review,Forest,215.0,,,Private,Other,2024,In Review,2024,In Review,1,1,0,0,0,,,,1.0,,Yes,$100M-$499M
8093.0,"Torchlight, Municipality of New Glasgow Pictou Landing First nation",District Energy System,,NS,In Review,Forest,200.0,45.5882,-62.645,Public,Other,2024,In Review,2024,In Review,1,1,0,0,0,,,,1.0,,Yes,$100M-$499M
8094.0,Vyterra / Ledwidge Lumber,Liquid Biofuel manufacturing plant,,NS,In Review,Forest,200.0,,,Private,Other,2024,In Review,2024,In Review,1,1,0,0,0,,,,1.0,,Yes,$100M-$499M
8095.0,Canadian Gypsum Company Inc. (CGC),Little Narrows Gypsum,,NS,Announced & Planning,Mining,104.0,46.001301,-60.958168,Private,Other,2024,Announced & Planning,2024,Announced & Planning,1,1,0,0,0,,,,1.0,,No,$100M-$499M
8106.0,Nova Scotia Power & WMA,NSP Battery Storage,,NS,Approved,Energy,354.0,,,Private,"DER, Storage, EV",2024,Approved,2024,Approved,1,1,0,0,0,,,,1.0,,Yes,$100M-$499M
8107.0,Ontario Power Generation,Sir Adam Beck Complex Refurbishment,,ON,Announced & Planning,Energy,1000.0,43.1491,-79.04442,Public,Clean Electricity,2024,Announced & Planning,2024,Announced & Planning,1,1,0,0,0,,,,1.0,,Yes,"$1,000M-$4,999M"
8108.0,Ontario Power Generation,R.H. Saunders Refurbishment,,ON,Announced & Planning,Energy,600.0,45.00962,-74.78765,Public,Clean Electricity,2024,Announced & Planning,2024,Announced & Planning,1,1,0,0,0,,,,1.0,,Yes,$500M-$999M
8115.0,Potentia Renewables Inc.,Skyview 2 Battery Energy Storage System,,ON,Announced & Planning,Energy,750.0,44.14855,-76.84013,Private,"DER, Storage, EV",2024,Announced & Planning,2024,Announced & Planning,1,1,0,0,0,,,,1.0,,Yes,$500M-$999M
8130.0,Hydro One,Longwood to Lakeshore Phase 1,,ON,Announced & Planning,Energy,800.0,42.95939,-81.62679,Public,Waste Biomass,2024,Announced & Planning,2024,Announced & Planning,1,1,0,0,0,,,,1.0,,Yes,$500M-$999M
8131.0,Hydro One,Longwood to Lakeshore Phase 2,,ON,Announced & Planning,Energy,800.0,42.95939,-81.62679,Public,Waste Biomass,2024,Announced & Planning,2024,Announced & Planning,1,1,0,0,0,,,,1.0,,Yes,$500M-$999M
8132.0,Hydro One,Mississagi to Third Line Transmission Line,,ON,Announced & Planning,Energy,230.0,46.42,-83.3883,Public,Trans & Distr,2024,Announced & Planning,2024,Announced & Planning,1,1,0,0,0,,,,1.0,,No,$100M-$499M
8133.0,Hydro One,Northeast Power Line (Mississagi to Hanmer Transmissio Line),,ON,Announced & Planning,Energy,650.0,46.42,-83.3883,Public,Trans & Distr,2024,Announced & Planning,2024,Announced & Planning,1,1,0,0,0,,,,1.0,,No,$500M-$999M
8134.0,Hydro One,Greater Toronto Area East Line,,ON,Announced & Planning,Energy,298.0,43.8524,-79.1139,Public,Trans & Distr,2024,Announced & Planning,2024,Announced & Planning,1,1,0,0,0,,,,1.0,,No,$100M-$499M
8135.0,TBD,Wawa to Porcupine,,ON,Announced & Planning,Energy,650.0,47.8851419,-84.546939,Private,Other,2024,Announced & Planning,2024,Announced & Planning,1,1,0,0,0,,,,1.0,,Yes,$500M-$999M
8136.0,Hydro One,St. Thomas Line (including Centennial Transformer Station & Line),,ON,Announced & Planning,Energy,381.0,42.93962,-81.160509,Public,Trans & Distr,2024,Announced & Planning,2024,Announced & Planning,1,1,0,0,0,,,,1.0,,No,$100M-$499M
8137.0,PUC Transmisison,PUC Tx Project,,ON,Announced & Planning,Energy,188.0,46.527383,-84.390652,Private,Other,2024,Announced & Planning,2024,Announced & Planning,1,1,0,0,0,,,,1.0,,Yes,$100M-$499M
8144.0,Onimiskiw Opitciwan,Centrale de cogeneration a la biomasse d'opitciwan,,QC,Announced & Planning,Energy,60.2,,,Private,Waste Biomass,2024,Announced & Planning,2024,Announced & Planning,1,1,0,0,0,,,,1.0,,Yes,<$100M
8169.0,Hydro-Quebec-MRC Domaine du Roy - Premiere Nation des Pekuakamiulnuatsh et Atikamekw de Wemotaci,Parc eolien zone Chamouchouane,,QC,Announced & Planning,Energy,9000.0,,,Public,Clean Electricity,2024,Announced & Planning,2024,Announced & Planning,1,1,0,0,0,,,,1.0,,Yes,"$5,000M+"
8170.0,Algonquin Power,Saint-Damase 2 (Canton MacNider),,QC,Announced & Planning,Energy,400.0,,,Private,Clean Electricity,2024,Announced & Planning,2024,Announced & Planning,1,1,0,0,0,,,,1.0,,Yes,$100M-$499M
8171.0,EDF Renouvelables,Foret Domaniale,,QC,Announced & Planning,Energy,590.0,,,Private,Other,2024,Announced & Planning,2024,Announced & Planning,1,1,0,0,0,,,,1.0,,Yes,$500M-$999M
8172.0,EDF Renouvelables,Haute-Chaudiere,,QC,Announced & Planning,Energy,370.0,,,Private,Other,2024,Announced & Planning,2024,Announced & Planning,1,1,0,0,0,,,,1.0,,Yes,$100M-$499M
8173.0,EDF Renouvelables,Madawaska,,QC,Announced & Planning,Energy,800.0,,,Private,Other,2024,Announced & Planning,2024,Announced & Planning,1,1,0,0,0,,,,1.0,,Yes,$500M-$999M
8174.0,Invenergy,Pohenegamook-Picard-St-Antonin,,QC,Announced & Planning,Energy,950.0,,,Private,Clean Electricity,2024,Announced & Planning,2024,Announced & Planning,1,1,0,0,0,,,,1.0,,Yes,$500M-$999M
8175.0,Innergex,Mesgi'g Ugju's'n (MU2),,QC,Announced & Planning,Energy,220.0,,,Private,Other,2024,Announced & Planning,2024,Announced & Planning,1,1,0,0,0,,,,1.0,,Yes,$100M-$499M
8176.0,Boralex-Energir-Hydro-Quebec,Des Neiges (secteur Sud),,QC,Announced & Planning,Energy,1000.0,,,Public,Clean Electricity,2024,Announced & Planning,2024,Announced & Planning,1,1,0,0,0,,,,1.0,,Yes,"$1,000M-$4,999M"
8177.0,Boralex-Energir-Hydro-Quebec,Des Neiges (secteur Ouest),,QC,Announced & Planning,Energy,1000.0,,,Public,Clean Electricity,2024,Announced & Planning,2024,Announced & Planning,1,1,0,0,0,,,,1.0,,Yes,"$1,000M-$4,999M"
8178.0,Boralex-Energir-Hydro-Quebec,Des Neiges (secteur Charlevoix),,QC,Announced & Planning,Energy,1000.0,,,Public,Clean Electricity,2024,Announced & Planning,2024,Announced & Planning,1,1,0,0,0,,,,1.0,,Yes,"$1,000M-$4,999M"
8186.0,Kruger,Saint-Paul-de-Montminy,,QC,Announced & Planning,Energy,550.0,,,Private,Other,2024,Announced & Planning,2024,Announced & Planning,1,1,0,0,0,,,,1.0,,Yes,$500M-$999M
8187.0,Energie Matawak,minicentrale hydroelectrique barrage Matawin,,QC,Announced & Planning,Energy,110.0,,,Private,Clean Electricity,2024,Announced & Planning,2024,Announced & Planning,1,1,0,0,0,,,,1.0,,Yes,$100M-$499M
8188.0,Energie Renouvelable Onimiki,Amenagement hydroelectrique Onimiki,,QC,Announced & Planning,Energy,475.0,,,Private,Clean Electricity,2024,Announced & Planning,2024,Announced & Planning,1,1,0,0,0,,,,1.0,,Yes,$100M-$499M
8189.0,Hydro-Quebec,Rehabilitation de levacuateur de crues du barrage Gouin,,QC,Announced & Planning,Energy,200.0,,,Public,Clean Electricity,2024,Announced & Planning,2024,Announced & Planning,1,1,0,0,0,,,,1.0,,Yes,$100M-$499M
8190.0,Hydro-Quebec,Rehabilitation de lamenagement hydroelectrique de Carillon,,QC,Announced & Planning,Energy,750.0,,,Public,Clean Electricity,2024,Announced & Planning,2024,Announced & Planning,1,1,0,0,0,,,,1.0,,Yes,$500M-$999M
8194.0,Hydro-Quebec,Renforcement du reseau de Becancour a 230 kV,,QC,In Review,Energy,119.6,,,Public,Clean Electricity,2024,In Review,2024,In Review,1,1,0,0,0,,,,1.0,,Yes,$100M-$499M
8195.0,Hydro-Quebec,Construction du nouveau poste de Coteau-du-Lac a 120-25 kV et de sa ligne dalimentation,,QC,In Review,Energy,196.3,,,Public,Trans & Distr,2024,In Review,2024,In Review,1,1,0,0,0,,,,1.0,,No,$100M-$499M
8196.0,Hydro-Quebec,Reconstruction de la ligne Cleveland-Waterloo en biterne,,QC,In Review,Energy,72.8,,,Public,Clean Electricity,2024,In Review,2024,In Review,1,1,0,0,0,,,,1.0,,Yes,<$100M
8197.0,Hydro-Quebec,Renforcement de la ligne 7004 a 735 kV du poste aux Outardes au poste des Laurentides,,QC,In Review,Energy,166.9,,,Public,Trans & Distr,2024,In Review,2024,In Review,1,1,0,0,0,,,,1.0,,No,$100M-$499M
8198.0,Hydro-Quebec,Ajout de transformateurs a 120-25 kV au poste de Sainte-Rosalie et au demantelement du reseau a 49 kV,,QC,In Review,Energy,82.8,,,Public,Trans & Distr,2024,In Review,2024,In Review,1,1,0,0,0,,,,1.0,,No,<$100M
8199.0,Hydro-Quebec,Construction du poste de Bonsecours a 120-25 kV et de sa ligne dalimentation,,QC,In Review,Energy,161.3,,,Public,Trans & Distr,2024,In Review,2024,In Review,1,1,0,0,0,,,,1.0,,No,$100M-$499M
8200.0,Hydro-Quebec,Construction du nouveau poste de Bagotville a 161-25 kV et sa ligne dalimentation,,QC,In Review,Energy,83.5,,,Public,Trans & Distr,2024,In Review,2024,In Review,1,1,0,0,0,,,,1.0,,No,<$100M
8201.0,Hydro-Quebec,"Remplacement des transformateurs au poste de Saraguay, a la reconstruction dune ligne souterraine SaraguayMont-Royal et a la construction du nouveau poste de Cote-Saint-Luc a 315-25 kV",,QC,In Review,Energy,887.6,,,Public,Trans & Distr,2024,In Review,2024,In Review,1,1,0,0,0,,,,1.0,,No,$500M-$999M
8202.0,Hydro-Quebec,Construction d'une nouvelle centrale thermique et d'un systeme de stockage d'energie a Kangiqsujuaq,,QC,In Review,Energy,110.0,,,Public,Clean Electricity,2024,In Review,2024,In Review,1,1,0,0,0,,,,1.0,,Yes,$100M-$499M
8211.0,TES Canada,Usine de production d'hydrogene vert pour usage energetique,,QC,In Review,Energy,4000.0,,,Private,Clean Electricity,2024,In Review,2024,In Review,1,1,0,0,0,,,,1.0,,Yes,"$1,000M-$4,999M"
8212.0,Hy2Gen,Usine de production d'hydrogene pour usage chimique,,QC,Announced & Planning,Energy,1000.0,,,Private,Clean Electricity,2024,Announced & Planning,2024,Announced & Planning,1,1,0,0,0,,,,1.0,,Yes,"$1,000M-$4,999M"
8215.0,Fortress Cellulose specialisee/Rio tinto,Conversion de l'usine pour production de biocharbon,,QC,Announced & Planning,Forest,96.0,45.598715,-75.256778,Private,Other,2024,Announced & Planning,2024,Announced & Planning,1,1,0,0,0,,,,1.0,,Yes,<$100M
8221.0,Mine Arnaud inc.,Arnaud,,QC,Approved,Mining,768.0,,,Private,Other,2024,Approved,2024,Approved,1,1,0,0,0,,,,1.0,,No,$500M-$999M
8244.0,Arcadium Lithium plc,Galaxy,,QC,Approved,Mining,380.1,,,Private,Critical Mineral,2024,Approved,2024,Approved,1,1,0,0,0,,,,1.0,,Yes,$100M-$499M
8256.0,Minerai de Fer Quebec inc.,Lac Bloom - Phase III - Usine de traitement du minerai- 1e usine de flottation (Fe + 67%),,QC,Announced & Planning,Mining,470.7,,,Private,Other,2024,Announced & Planning,2024,Announced & Planning,1,1,0,0,0,,,,1.0,,No,$100M-$499M
8259.0,Focus Graphite inc.,Lac Knife,,QC,In Review,Mining,236.5,,,Private,Critical Mineral,2024,In Review,2024,In Review,1,1,0,0,0,,,,1.0,,Yes,$100M-$499M
8266.0,Groupe minier Windfall (Partenariat),Lac Windfall,,QC,In Review,Mining,788.6,,,Private,Other,2024,In Review,2024,In Review,1,1,0,0,0,,,,1.0,,No,$500M-$999M
8268.0,Eldorado Gold Quebec,Lamaque - Lower Triangle,,QC,Announced & Planning,Mining,85.5,,,Private,Precious Metal,2024,Announced & Planning,2024,Announced & Planning,1,1,0,0,0,,,,1.0,,No,<$100M
8271.0,Nouveau Monde Graphite inc.,Matawinie - Usine de fabrication de produit chimique,,QC,Announced & Planning,Mining,923.4,,,Private,Critical Mineral,2024,Announced & Planning,2024,Announced & Planning,1,1,0,0,0,,,,1.0,,Yes,$500M-$999M
8295.0,"Iyuhana Solar LP a partnership between Greenwood Sustainable Infrastructure (GSI), Saturn Power and Ocean Man First Nation.",Iyuhana Solar Energy Facility,,SK,Announced & Planning,Energy,200.0,,,Private,Clean Electricity,2024,Announced & Planning,2024,Announced & Planning,1,1,0,0,0,,,,1.0,,Yes,$100M-$499M
8306.0,Denison Mines Corp.,Wheeler River - Gryphon,,SK,In Review,Mining,737.4,57.53,-105.41,Private,Other,2024,In Review,2024,In Review,1,1,0,0,0,,,,1.0,,No,$500M-$999M
8307.0,"Groupe Remabec, Airex Energie and SUEZ",Carbonity biochar plant,,QC,Announced & Planning,Forest,80.0,,,Private,Waste Biomass,2024,Announced & Planning,2024,Announced & Planning,1,1,0,0,0,,,,1.0,,Yes,<$100M
8308.0,"Groupe Remabec, Airex Energie and SUEZ",Carbonity biochar plant,,QC,Announced & Planning,Forest,80.0,,,Private,Waste Biomass,2024,Announced & Planning,2024,Announced & Planning,1,1,0,0,0,,,,1.0,,Yes,<$100M
8309.0,Structural Truss,Structural Truss Fort Macleod plant,,AB,Announced & Planning,Forest,28.5,,,Private,Other,2024,Announced & Planning,2024,Announced & Planning,1,1,0,0,0,,,,1.0,,Yes,<$100M
8310.0,Kalesnikoff,Kalesnikoff West Kootenays,,BC,Announced & Planning,Forest,34.0,,,Private,Other,2024,Announced & Planning,2024,Announced & Planning,1,1,0,0,0,,,,1.0,,Yes,<$100M
8319.0,Covenant Energy Ltd.,Covenant Energy Renewable Diesel Facility,,SK,Announced & Planning,Energy,920.0,53.29463959,-109.983713,Private,Low Carbon Fuels,2024,Announced & Planning,2024,Announced & Planning,1,1,0,0,0,,,,1.0,,Yes,$500M-$999M
8322.0,Envest,Voisey's Bay Wind Energy Project,,NL,Announced & Planning,Energy,77.6,,,Private,Clean Electricity,2024,Announced & Planning,2024,Announced & Planning,1,1,0,0,0,,,,1.0,,Yes,<$100M
8323.0,Enbridge and Six Nations Energy Development LP,The Seven Stars Energy Project (the Project),,SK,Announced & Planning,Energy,100.0,,,Private,Clean Electricity,2024,Announced & Planning,2024,Announced & Planning,1,1,0,0,0,,,,1.0,,Yes,$100M-$499M
8324.0,Ontario Power Generation,Hydroelectric refurbishment in Eastern Ontario,,ON,Announced & Planning,Energy,1000.0,,,Public,Clean Electricity,2024,Announced & Planning,2024,Announced & Planning,1,1,0,0,0,,,,1.0,,Yes,"$1,000M-$4,999M"
8325.0,Hydro One,Porcupine TS upgrade,,ON,Announced & Planning,Energy,80.0,,,Public,Other,2024,Announced & Planning,2024,Announced & Planning,1,1,0,0,0,,,,1.0,,Yes,<$100M
8326.0,Manitoba Hydro,R44H Radisson to Henday 230 kV T-Line,,MB,In Review,Energy,106.8210593,,,Public,Trans & Distr,2024,In Review,2024,In Review,1,1,0,0,0,,,,1.0,,No,$100M-$499M
8330.0,Nuclear Waste Management Organization,Adaptive Phased Management Deep Geological Repository,,ON,Announced & Planning,Energy,26000.0,,,Private,Clean Electricity,2024,Announced & Planning,2024,Announced & Planning,1,1,0,0,0,,,,1.0,,Yes,"$5,000M+"
8331.0,Alamos Gold Inc.,Lynn Lake (MacLellan 2),,MB,In Review,Mining,260.598,56.8931,-100.9514,Private,Precious Metal,2024,In Review,2024,In Review,1,1,0,0,0,,,,1.0,,No,$100M-$499M
9997.0,Radius RNG LP,Project Radius,,ON,In Review,Energy,165.0,42.82907703,-80.04730206,Private,Low Carbon Fuels,2024,In Review,2024,In Review,1,1,0,0,0,,,,1.0,,Yes,$100M-$499M
9998.0,Northeast Renewables LP,Project Perimeter,,AB,Announced & Planning,Energy,135.0,50.08132098,-110.7277364,Private,Low Carbon Fuels,2024,Announced & Planning,2024,Announced & Planning,1,1,0,0,0,,,,1.0,,Yes,$100M-$499M
9999.0,Northeast Renewables LP,Project Boundary,,SK,Announced & Planning,Energy,100.0,51.8521116,-104.8618769,Private,Low Carbon Fuels,2024,Announced & Planning,2024,Announced & Planning,1,1,0,0,0,,,,1.0,,Yes,$100M-$499M
