Unique ID,inventory_year,company_proponent,project_name,province,sector,company_type,group,cleantech,opening inventory flag,freshman flag,graduate flag,dropout flag,construction flag,planned flag,size_bin
0,2018,"Bighorn Mining, LTD",Vista Coal Project (Expansion Projects),AB,Mining,Private,Coal,No,0,1,0,0,0,1,$500M - $999M
1,2018,Premier Renewable Energy,Nicomen Wind Energy Project,BC,Energy,Private,Clean Electricity,Yes,1,0,0,0,0,1,$100M - $499M
2,2018,0887572 B.C. Ltd.,Campbell River Power Enterprises,BC,Energy,Private,Waste Biomass,Yes,1,0,0,0,0,1,$100M - $499M
3,2018,KGHM Ajax Mining inc.,Ajax Copper-Gold Mine,BC,Mining,Private,Precious Metal,No,1,0,0,0,0,0,"$1,000M - $4,999M"
10,2018,Aeolis Wind Power Corporation,Hackney Hills Wind Park,BC,Energy,Private,Clean Electricity,Yes,1,0,0,1,0,1,$100M - $499M
11,2018,Agnico-Eagle Mines Limited,Meliadine,NU,Mining,Private,Precious Metal,No,1,0,0,0,0,0,"$1,000M - $4,999M"
19,2018,Alberta Wind Energy Corp./Mainstream Renewable Power,Windy Point Wind Farm,AB,Energy,Private,Clean Electricity,Yes,1,0,0,0,1,1,$100M - $499M
21,2018,Champion Iron Limited,Kamistiatusset (Kami),NL,Mining,Private,Base Metal,No,1,0,0,0,0,1,"$1,000M - $4,999M"
26,2018,Alouette,Expansion d'usine (aluminium),QC,Mining,Private,Base Metal,No,1,0,0,0,0,0,"$1,000M - $4,999M"
27,2018,Alta Energy Corp.,Lower Wood River Hydropower Project,BC,Energy,Private,Clean Electricity,Yes,1,0,0,1,0,1,$100M - $499M
29,2018,AltaLink,Southern Alberta Transmission Reinforcement,AB,Energy,Private,Trans & Distr,No,1,0,0,0,0,0,$500M - $999M
36,2018,Alterra Power Corporation,Bute Inlet Hydroelectric Project,BC,Energy,Private,Clean Electricity,Yes,1,0,0,0,1,1,"$1,000M - $4,999M"
37,2018,"Woodside, Chevron",Kitimat LNG Terminal,BC,Energy,Private,Oil & Gas - Downstream,No,1,0,0,0,0,1,"$1,000M - $4,999M"
52,2018,Brion Energy Corporation,Dover (PetroChina),AB,Energy,Private,Oil & Gas - Upstream,No,1,0,0,0,0,1,"$5,000M+"
55,2018,Paladin Energy,Michelin Uranium Project,NL,Mining,Private,Other,No,1,0,0,0,0,0,"$1,000M - $4,999M"
57,2018,Alloycorp Mining Inc,Kitsault,BC,Mining,Private,Critical Mineral,Yes,1,0,1,1,0,0,"$1,000M - $4,999M"
67,2018,BC Hydro,Peace River Site C Hydro-electric project,BC,Energy,Public,Clean Electricity,Yes,1,0,0,0,0,0,"$5,000M+"
68,2018,BC Hydro,John Hart Replacement,BC,Energy,Public,Clean Electricity,Yes,1,0,0,0,1,0,"$1,000M - $4,999M"
69,2018,BC Hydro,Ruskin Dam and Powerhouse Seismic Improvement Project,BC,Energy,Public,Clean Electricity,Yes,1,0,0,0,1,0,$500M - $999M
73,2018,BHP,Jansen Stage 1,SK,Mining,Private,Other,No,1,0,0,0,1,0,"$1,000M - $4,999M"
75,2018,IPC Canada Ltd.,Blackrod,AB,Energy,Private,Oil & Gas - Upstream,No,1,0,0,0,1,1,"$1,000M - $4,999M"
76,2018,Blue Fuel Energy Corp.,Clean Methanol Plant,BC,Energy,Private,Low Carbon Fuels,Yes,1,0,0,0,0,1,"$1,000M - $4,999M"
89,2018,Canadian Natural Resources Limited,Grouse,AB,Energy,Private,Oil & Gas - Upstream,No,1,0,0,0,0,1,"$1,000M - $4,999M"
90,2018,Canadian Natural Resources Ltd. (CNRL),Horizon (Mining),AB,Energy,Private,Oil & Gas - Upstream,No,1,0,0,0,0,1,"$5,000M+"
91,2018,Canadian Natural Resources Ltd. (CNRL),Kirby South,AB,Energy,Private,Oil & Gas - Upstream,No,1,0,0,0,0,1,$500M - $999M
92,2018,NorZinc,Prairie Creek,NT,Mining,Private,Critical Mineral,Yes,1,0,0,0,0,1,$100M - $499M
96,2018,Canpotex Terminals Ltd.,Prince Rupert Potash Terminal Expansion,BC,Mining,Private,Other,No,1,0,1,0,0,0,$500M - $999M
98,2018,Kutcho Copper Corp.,Kutcho Creek,BC,Mining,Private,Critical Mineral,Yes,0,1,0,0,0,1,$100M - $499M
100,2018,Alamos Gold Inc.,Lynn Lake (Gordon site),MB,Mining,Private,Precious Metal,No,0,1,0,0,0,1,$100M - $499M
103,2018,Cenovus Energy,Grand Rapids (Cenovus),AB,Energy,Private,Oil & Gas - Upstream,No,1,0,0,0,0,1,"$5,000M+"
107,2018,Cenovus Energy,Narrows Lake,AB,Energy,Private,Clean Electricity,Yes,1,0,0,0,0,1,"$1,000M - $4,999M"
109,2018,"Exxon Mobil Corp., Imperial Oil Ltd., Statoil, Chevron, Repsol, Husky",Oil and Gas Exploration,NL,Energy,Private,Oil & Gas - Upstream,No,1,0,0,0,0,1,"$1,000M - $4,999M"
110,2018,Chieftan Metals Corp.,Tulsequah Chief Mine,BC,Mining,Private,Precious Metal,No,1,0,0,0,0,0,$100M - $499M
114,2018,NWP Coal Canada Ltd.,Crown Mountain Coal Project,BC,Mining,Private,Coal,No,1,0,0,1,0,1,$100M - $499M
116,2018,Innergex Renewable Energy Inc.,Big Silver Creek Hydroelectric Project,BC,Energy,Private,Clean Electricity,Yes,1,0,1,0,0,0,<$100M
126,2018,Connacher Oil & Gas Ltd.,Great Divide,AB,Energy,Private,Oil & Gas - Upstream,No,1,0,0,0,0,1,$500M - $999M
130,2018,Corporation Lithium Elements Critiques,Rose Lithium-Tantalum Mine,QC,Mining,Private,Critical Mineral,Yes,1,0,0,0,0,1,$100M - $499M
133,2018,Innergex Renewable Energy Inc.,Upper Lillooet River Hydroelectric Project,BC,Energy,Private,Clean Electricity,Yes,1,0,1,0,0,0,$500M - $999M
135,2018,Innergex Renewable Energy Inc.,Boulder Creek Hydroelectric Project,BC,Energy,Private,Clean Electricity,Yes,1,0,1,0,0,0,<$100M
136,2018,Innergex Renewable Energy Inc.,North Creek Hydroelectric Project,BC,Energy,Private,Clean Electricity,Yes,1,0,1,0,0,0,<$100M
140,2018,Canadian Natural Resources Limited,Pike (Formely Kirby),AB,Energy,Private,Oil & Gas - Upstream,No,1,0,0,0,0,1,"$5,000M+"
141,2018,Devon Canada Corp.,Walleye,AB,Energy,Private,Other,Yes,1,0,0,0,0,1,$100M - $499M
148,2018,NSP Maritime Link Inc (Emera Affiliate),Maritime Link Transmission Line,Multi,Energy,Private,Trans & Distr,No,1,0,1,0,0,0,"$1,000M - $4,999M"
153,2018,Enbridge Inc.,Wood Buffalo Crude Oil Pipeline,AB,Energy,Private,Trans & Distr,No,1,0,1,0,0,0,"$1,000M - $4,999M"
154,2018,Enbridge Inc.,Enbridge Edmonton Terminal (South) Expansion,AB,Energy,Private,Oil & Gas - Downstream,No,1,0,1,0,0,0,$100M - $499M
162,2018,Enhance Energy Inc.,CO2 Pipeline (Alberta Carbon Trunk Line),AB,Energy,Private,CCUS,Yes,1,0,0,0,0,0,$500M - $999M
165,2018,WindRiver Power Corp.,Kinskuch Hydroelectric Project,BC,Energy,Private,Clean Electricity,Yes,1,0,0,0,1,1,$100M - $499M
170,2018,"Exxon Mobil Canada Properties, Chevron Canada Ltd., PetroCanada, Norsk Hydro Canada Oil & Gas Inc., Provincial Government",Hebron-Ben Nevis Offshore Oil,NL,Energy,Public,Oil & Gas - Upstream,No,1,0,1,0,0,0,"$5,000M+"
171,2018,"ExxonMobil, Petro-Canada, Chevron, Murphy Oil, Canada Hibernia Holding Corporation (Federal Government), StatoilHydro, Nalcor EnergyoNOil and Gas (Provincial Government)",Hibernia Southern Extension,NL,Energy,Private,Clean Electricity,Yes,1,0,1,0,0,0,"$1,000M - $4,999M"
182,2018,FORCE,Tidal Demonstration Project,NS,Energy,Private,Clean Electricity,Yes,1,0,1,0,0,0,$100M - $499M
186,2018,Fortune Minerals Limited,NICO Cobalt-Gold-Bismuth Mine,NT,Mining,Private,Precious Metal,No,1,0,0,0,0,1,$500M - $999M
187,2018,Fortune Minerals Ltd.,Saskatchewan Metals Processing Plant,SK,Mining,Private,Critical Mineral,Yes,1,0,0,0,0,1,$100M - $499M
188,2018,Fosthall Creek Power LP,Fosthall Creek Hydropower Project,BC,Energy,Private,Clean Electricity,Yes,0,1,0,0,0,1,<$100M
198,2018,Government of PEI,Electricity Transmission Cable,PE,Energy,Public,Trans & Distr,No,1,0,1,0,0,0,$100M - $499M
204,2018,Grizzly Oil Sands ULC,May River,AB,Energy,Private,Oil & Gas - Upstream,No,1,0,0,0,0,1,$100M - $499M
207,2018,Harvest Operations Corp.,BlackGold Oil Sands Project,AB,Energy,Private,Oil & Gas - Upstream,No,1,0,0,0,0,1,$500M - $999M
208,2018,Hawkeye Energy Corp.,Hawkeye Green Energy Grid Project,BC,Energy,Private,Trans & Distr,No,1,0,0,0,0,1,$100M - $499M
209,2018,HD Mining International Ltd.,Murray River Coal Project,BC,Mining,Private,Coal,No,1,0,0,0,0,1,$500M - $999M
215,2018,Husky Energy Inc.,White Rose Expansion,NL,Energy,Private,Other,Yes,1,0,0,0,0,0,"$1,000M - $4,999M"
216,2018,Husky Energy,Labrador Natural Gas Exploration,NL,Energy,Private,Oil & Gas - Upstream,No,1,0,0,1,0,0,$100M - $499M
219,2018,Hydro-Quebec,Complexe hydroao lectrique La Romaine,QC,Energy,Public,Clean Electricity,Yes,1,0,0,1,0,0,"$5,000M+"
220,2018,Hydro-Quebec,Renovation de groupes a la centrale electrique Beauharnois,QC,Energy,Public,Clean Electricity,Yes,1,0,0,0,1,0,"$1,000M - $4,999M"
235,2018,Japan Canada Oil Sands Limited (JACOS)/Nexen Inc.,Hangingstone (JACOS),AB,Energy,Private,Oil & Gas - Upstream,No,1,0,1,0,1,0,$500M - $999M
236,2018,K & S Potash Canada (Aktiengesellschaft),Bethune,SK,Mining,Private,Critical Mineral,Yes,1,0,1,0,0,0,"$1,000M - $4,999M"
238,2018,Karnalyte Resources Inc,Wynyard Potash Project,SK,Mining,Private,Precious Metal,No,1,0,0,0,0,0,$500M - $999M
241,2018,Keyera Facilities Income Fund (Keyera),NGL Storage Facility Expansion,AB,Energy,Private,"DER, Storage, EV",Yes,1,0,0,1,0,0,<$100M
242,2018,Kinder Morgan,Trans Mountain Pipeline Expansion (TMX),Multi,Energy,Private,Trans & Distr,No,1,0,0,0,1,1,"$5,000M+"
243,2018,Kinder Morgan Canada,Edmonton Terminal Storage Expansion Part 2,AB,Energy,Private,"DER, Storage, EV",Yes,1,0,0,0,0,1,$100M - $499M
245,2018,Kitamaat Renewable Energy Corporation,Crab/Europa Hydroelectric Project,BC,Energy,Private,Clean Electricity,Yes,0,1,0,0,0,1,$100M - $499M
247,2018,Koch Industries,Muskwa,AB,Energy,Private,Other,Yes,1,0,0,0,0,1,$500M - $999M
260,2018,Manitoba Hydro,Bipole III Transmission Line and Converter Stations (Riel and Keewatinohk),MB,Energy,Public,Trans & Distr,No,1,0,1,0,0,0,"$5,000M+"
261,2018,Manitoba Hydro,Keeyask Generating Station,MB,Energy,Public,Other,Yes,1,0,0,0,0,0,"$5,000M+"
266,2018,MAXIM Power Corp.,HR Milner Generating Station Expansion,AB,Energy,Private,Other,Yes,1,0,0,0,1,0,"$1,000M - $4,999M"
269,2018,Meadow Lake Tribal Council,Biomass Generator,SK,Energy,Private,Waste Biomass,Yes,0,1,0,0,1,1,<$100M
273,2018,Mao taux BlackRock Inc.,Black Rock,QC,Mining,Private,Critical Mineral,Yes,1,0,0,0,0,1,$500M - $999M
276,2018,Mine Arnaud Inc.,Arnaud Apatite Mine,QC,Mining,Private,Precious Metal,No,1,0,0,0,0,1,$500M - $999M
281,2018,Mosaic Potash,Potash Mine Expansion,SK,Mining,Private,Precious Metal,No,1,0,0,0,0,0,"$1,000M - $4,999M"
283,2018,Mount Hays Wind Farm Limited Partnership,Mount Hays Wind Farm,BC,Energy,Private,Clean Electricity,Yes,1,0,0,0,1,1,Unknown
290,2018,Nalcor Energy,Muskrat Falls Hydroelectric Generating Station and Labrador Transmission Assets,NL,Energy,Private,Trans & Distr,No,1,0,0,0,0,0,"$5,000M+"
292,2018,Natural Resources Canada,Port Granby Long-Term Low-Level Radioactive Waste Management,ON,Energy,Private,Waste Biomass,Yes,1,0,0,0,1,0,$100M - $499M
293,2018,Capstone Infrastructure Corporation,Wild Rose' Wind Farm (Phase 2),AB,Energy,Private,Clean Electricity,Yes,1,0,0,0,1,1,$100M - $499M
298,2018,NB Power and Partners,Smart Grid Investments Phase,NB,Energy,Public,Trans & Distr,No,1,0,1,0,0,0,$100M - $499M
299,2018,Nemaska Lithium inc.,Whabouchi,QC,Mining,Private,Critical Mineral,Yes,1,0,0,0,0,1,$500M - $999M
306,2018,BluEarth Renewables,Hand Hills' Wind Farm (78MW),AB,Energy,Private,Clean Electricity,Yes,1,0,0,0,0,1,$100M - $499M
314,2018,Ring of Fire Metals Pty Ltd.,Eagle's Nest (McFaulds Lake),ON,Mining,Private,Critical Mineral,Yes,1,0,0,0,0,1,$500M - $999M
315,2018,North American Palladium,Lac des Iles palladium mine (expansion),ON,Mining,Private,Precious Metal,No,0,1,0,0,0,1,<$100M
318,2018,"Northeast Utilities, NSTAR, Hydro-Quebec",Transmission Line - Champlain Hudson Power Express,QC,Energy,Public,Trans & Distr,No,1,0,0,0,0,0,$100M - $499M
328,2018,Numerous Companies,COMFIT Program - Wind Energy,NS,Energy,Private,Clean Electricity,Yes,1,0,1,1,0,0,$100M - $499M
329,2018,Northcliff Resources (HDI Mining),Sisson Project,NB,Mining,Private,Other,No,1,0,0,0,0,1,$500M - $999M
333,2018,Ontario Power Generation,Darlington Refurbishment Project,ON,Energy,Public,Clean Electricity,Yes,1,0,0,0,0,0,"$5,000M+"
334,2018,Ontario Power Generation,The Deep Geologic Repository Project,ON,Energy,Public,Clean Electricity,Yes,1,0,0,0,1,1,"$1,000M - $4,999M"
341,2018,Osum Oil Sands Corp.,Taiga,AB,Energy,Private,Oil & Gas - Upstream,No,1,0,0,0,0,1,"$1,000M - $4,999M"
345,2018,Greengen Holdings Ltd,Bremner Creek Hydro Project,BC,Energy,Private,Clean Electricity,Yes,1,0,0,0,0,1,<$100M
346,2018,"Woodside, Chevron (Kitimat LNG)",Pacific Trail Pipeline,BC,Energy,Private,Trans & Distr,No,1,0,0,0,0,1,"$1,000M - $4,999M"
352,2018,Brion Energy Corporation (Petro China),Thickwood/MacKay River,AB,Energy,Private,Waste Biomass,Yes,1,0,1,0,0,0,"$1,000M - $4,999M"
360,2018,Polaris Minerals Corp.,Eagle Rock Quarry,BC,Mining,Private,Other,No,1,0,0,0,0,1,$100M - $499M
362,2018,Potash Corporation of Saskatwchewan,Potash Mine Expansion,SK,Mining,Private,Precious Metal,No,1,0,1,0,0,0,"$1,000M - $4,999M"
364,2018,Premier Renewable Energy,Marten Ridge Wind Energy Project,BC,Energy,Private,Clean Electricity,Yes,1,0,0,0,0,0,$100M - $499M
368,2018,Pretium Resources Inc.,Brucejack Gold Mine,BC,Mining,Private,Precious Metal,No,1,0,1,1,0,0,"$1,000M - $4,999M"
371,2018,Metaux Torngat ltee,Strange Lake / B-Zone,QC,Mining,Private,Other,No,1,0,0,0,0,1,"$1,000M - $4,999M"
376,2018,Magneto Investments Limited Partnership,Dumont,QC,Mining,Private,Critical Mineral,Yes,1,0,0,0,0,1,"$1,000M - $4,999M"
381,2018,Ryan River Joint Venture Regional Power,Ryan River Hydro Project,BC,Energy,Private,Clean Electricity,Yes,0,1,0,0,0,1,$100M - $499M
387,2018,"Sea Breeze Pacific Juan de Fuca Cable, LP",Juan de Fuca Power Cable,BC,Energy,Private,Trans & Distr,No,0,1,0,0,0,1,$100M - $499M
389,2018,B2Gold Corp.,Back River Gold Project,NU,Mining,Private,Precious Metal,No,1,0,0,0,0,1,$100M - $499M
390,2018,Seabridge Gold Inc.,Kerr-Sulphurets-Mitchell (KSM),BC,Mining,Private,Precious Metal,No,1,0,0,0,0,1,"$5,000M+"
392,2018,Selkirk Power Company Ltd.,Beaver River Hydroelectric Project,BC,Energy,Private,Clean Electricity,Yes,1,0,0,0,0,1,$100M - $499M
397,2018,"LNG Canada (Shell Canada Limited, PETRONAS, Korea Gas Corporation (KOGAS), Mitsubishi Corporation, and PetroChina Company Limited)",LNG Canada Phase 1,BC,Energy,Private,Oil & Gas - Downstream,No,1,0,0,0,0,1,"$5,000M+"
399,2018,Canadian Natural Resources Limited,AOSP Jackpine,AB,Energy,Private,Other,Yes,1,0,0,0,0,0,"$5,000M+"
401,2018,Shell Exploration,Offshore Oil and Gas Exploration,NS,Energy,Private,Oil & Gas - Upstream,No,1,0,1,1,0,0,"$1,000M - $4,999M"
402,2018,Minco,Lundberg Zone Base Metals,NL,Mining,Private,Critical Mineral,Yes,1,0,0,0,0,1,$100M - $499M
403,2018,Shore Gold Inc.,Star-Orion Diamond Project,SK,Mining,Private,Precious Metal,No,1,0,0,0,0,1,"$1,000M - $4,999M"
405,2018,Skyline Gold Corporation,Bronson Slope Hydropower Projects,BC,Energy,Private,Clean Electricity,Yes,1,0,0,0,0,1,$100M - $499M
406,2018,Skyline Gold Corporation,Bronson Slope Copper/Gold/Silver/Molybdenum Mine,BC,Mining,Private,Precious Metal,No,1,0,0,0,0,0,$100M - $499M
409,2018,SCCC Petroleum Corporation,Red Earth Pilot,AB,Energy,Private,Other,Yes,0,1,0,1,0,1,<$100M
415,2018,BluEarth Renewables,Stlixwim Renewable Energy Initiative-Ramona 3/Chickwat Creek/CC Creek/Narrows Inlet Hydro Project,BC,Energy,Private,Clean Electricity,Yes,1,0,0,0,0,0,$100M - $499M
418,2018,Strata Oil & Gas Inc.,Cadotte (Strata),AB,Energy,Private,Oil & Gas - Upstream,No,1,0,0,0,1,1,$100M - $499M
421,2018,Fort Hills Energy Corp. (Suncor/Total/Teck Cominco),Fort Hills (Mining),AB,Energy,Private,Clean Electricity,Yes,1,0,1,0,0,0,"$5,000M+"
423,2018,Suncor Energy Inc.,Firebag,AB,Energy,Private,Clean Electricity,Yes,1,0,0,0,0,1,"$1,000M - $4,999M"
425,2018,"Suncor, ExxonMobil, Statoil, Husky Energy , Murphy Oil, Chevron, Mosbacher",Terra Nova (Asset Life Extension),NL,Energy,Private,Other,Yes,0,1,0,0,0,1,$100M - $499M
426,2018,Sunshine Oilsands,Legend Lake,AB,Energy,Private,Oil & Gas - Upstream,No,1,0,0,0,0,1,"$1,000M - $4,999M"
427,2018,Sunshine Oilsands Ltd.,Thickwood (Sunshine),AB,Energy,Private,Waste Biomass,Yes,1,0,0,0,0,1,"$1,000M - $4,999M"
429,2018,Sunshine Oilsands Ltd.,West Ells,AB,Energy,Private,Oil & Gas - Upstream,No,1,0,0,0,0,1,"$1,000M - $4,999M"
430,2018,Superior Laminated Lumber Corporation,construction of a new laminated veneer lumber manufacturing plant,ON,Forest,Private,Lumber,No,1,0,0,0,0,1,<$100M
435,2018,Syncrude Canada Ltd.,Syncrude (upgrading),AB,Energy,Private,Other,Yes,1,0,0,0,0,1,"$5,000M+"
436,2018,Syntaris Power Corp.,Jade Lake Power Project,BC,Energy,Private,Low Carbon Fuels,Yes,1,0,0,0,0,1,$100M - $499M
443,2018,Teck Coal Ltd.,Line Creek Coal Mine,BC,Mining,Private,Coal,No,1,0,0,0,0,0,<$100M
445,2018,Teck Resources Ltd.,Frontier and Equinox,AB,Energy,Private,Other,Yes,1,0,0,1,0,1,"$5,000M+"
467,2018,Vale,Copper Cliff Deep project,ON,Mining,Private,Base Metal,No,0,1,0,0,0,1,$500M - $999M
474,2018,Various project proponents,Local small scale community and First Nations renewable energy projects,NB,Energy,Private,Clean Electricity,Yes,1,0,1,0,0,0,$100M - $499M
477,2018,Victoria Gold Corporation,Dublin Gulch (Eagle Gold),YK,Mining,Private,Precious Metal,No,1,0,0,0,0,0,$100M - $499M
478,2018,Victory Nickel,Minago,MB,Mining,Private,Critical Mineral,Yes,1,0,0,0,1,0,$500M - $999M
481,2018,Fort St. James Green Energy Limited Partnership,Fort St-James Green Energy Project,BC,Energy,Private,Clean Electricity,Yes,1,0,0,1,0,0,$100M - $499M
482,2018,Western Bioenergy Inc.,Merritt Green Energy Project,BC,Energy,Private,Clean Electricity,Yes,1,0,0,0,1,0,$100M - $499M
488,2018,Western Copper and Gold Corporation,Casino Mine,YK,Mining,Private,Precious Metal,No,1,0,0,0,1,1,"$1,000M - $4,999M"
489,2018,Western GeoPower Corporation - Ram Power Corp.,South Meager Creek Geothermal Project,BC,Energy,Private,Clean Electricity,Yes,1,0,0,0,0,0,$100M - $499M
490,2018,Western Potash,Milestone,SK,Mining,Private,Critical Mineral,Yes,1,0,0,1,0,1,<$100M
492,2018,Wildmare Wind Energy EP,Wildmare Wind Energy Project,BC,Energy,Private,Clean Electricity,Yes,1,0,0,0,0,0,$100M - $499M
503,2018,Alcoa,Modernisation d'aluminerie,QC,Mining,Private,Other,No,1,0,0,1,0,0,<$100M
516,2018,Centerra Gold Inc.,Kemess Underground Copper-Gold Mine,BC,Mining,Private,Precious Metal,No,1,0,0,0,1,1,$500M - $999M
519,2018,BC Hydro,"Surrey Area Substation Project (formerly Fleetwood Substation Project and Fraser Valley West Reinforcements),",BC,Energy,Public,Trans & Distr,No,1,0,0,0,0,0,<$100M
521,2018,BP,Offshore Oil and Gas Exploration,NS,Energy,Private,Oil & Gas - Upstream,No,1,0,0,0,1,0,"$1,000M - $4,999M"
522,2018,BURNCO Rock Products Ltd.,BURNCO Aggregate Project (McNab Creek),BC,Mining,Private,Other,No,1,0,0,0,1,1,<$100M
524,2018,Canadian Natural Resources Ltd. (CNRL),Kirby North,AB,Energy,Private,Oil & Gas - Upstream,No,1,0,0,0,0,0,"$1,000M - $4,999M"
531,2018,City of Surrey,Organic Biofuel Facility,BC,Energy,Public,Low Carbon Fuels,Yes,1,0,0,0,1,0,<$100M
533,2018,Granite Creek Copper,Carmacks Copper Project,YK,Mining,Private,Base Metal,No,1,0,0,0,1,1,$100M - $499M
536,2018,ecoTECH Energy Group (Canada) Inc,Biomass Project - McBride,BC,Energy,Private,Waste Biomass,Yes,1,0,0,0,0,1,$100M - $499M
538,2018,Elizabeth Falls Hydro Development Corporation,Tazi Twe Hydroelectric Project (Elizabeth Falls Hydro Project),SK,Energy,Public,Clean Electricity,Yes,1,0,0,0,0,0,$500M - $999M
540,2018,Enbridge Pipelines Inc.,Northern Gateway Pipeline,Multi,Energy,Private,Trans & Distr,No,1,0,0,1,0,0,"$5,000M+"
542,2018,Encanto Potash / Muskowekwan Resources Ltd.,Muskowekwan Potash Mine,SK,Mining,Private,Precious Metal,No,1,0,0,1,0,1,"$1,000M - $4,999M"
547,2018,Hydro-Quebec,Raccordement du complexe de La Romaine au reseau de transport,QC,Energy,Public,Clean Electricity,Yes,1,0,0,0,0,0,"$1,000M - $4,999M"
560,2018,Keyera Corp.,Rimbey Gas Plant Expansion,AB,Energy,Private,Oil & Gas - Downstream,No,1,0,1,0,1,0,$100M - $499M
565,2018,Matamec Explorations Inc.,Kipawa (Zeus),QC,Mining,Private,Other,No,1,0,0,0,0,0,$100M - $499M
566,2018,MEG Energy Corp.,Surmont (MEG),AB,Energy,Private,Clean Electricity,Yes,1,0,0,1,0,1,"$5,000M+"
573,2018,Nalcor Energy,Labrador-Island Transmission Link,NL,Energy,Private,Trans & Distr,No,1,0,0,0,0,0,"$1,000M - $4,999M"
574,2018,Naturener Energy Canada,Wild Rose' Wind Farm Phase 2 (162MW),AB,Energy,Private,Clean Electricity,Yes,1,0,0,0,1,1,$100M - $499M
575,2018,Artemis Gold Inc,Blackwater Gold Project,BC,Mining,Private,Precious Metal,No,1,0,0,0,0,1,"$1,000M - $4,999M"
577,2018,North West Redwater Partnership (Canadian Natural Resources Ltd. (CNRL) / North West Upgrading Inc.),North West Bitumen Upgrader Phase 1,AB,Energy,Private,Oil & Gas - Upstream,No,1,0,0,0,0,0,"$5,000M+"
578,2018,Oak Point Energy Ltd.,Lewis Steepbank (Oak Point),AB,Energy,Private,Clean Electricity,Yes,1,0,0,0,1,1,<$100M
582,2018,Pieridae Energy,Goldboro LNG Export facility,NS,Energy,Private,Oil & Gas - Downstream,No,1,0,0,0,0,1,"$5,000M+"
583,2018,Wellgreen Platinum Ltd.,Wellgreen,YK,Mining,Private,Other,No,1,0,0,0,0,1,$500M - $999M
584,2018,Quicksilver Resources/ Kohlberg Kravis Roberts & Co. L.P. (KKR),Fortune Creek Gas Plant,BC,Energy,Private,Oil & Gas - Downstream,No,1,0,0,0,0,1,$500M - $999M
585,2018,New Gold,Rainy River Gold Mine,ON,Mining,Private,Precious Metal,No,1,0,1,0,0,0,"$1,000M - $4,999M"
587,2018,Rio Tinto Alcan Inc.,Kemano Tunnel Project (T2),BC,Energy,Private,Other,Yes,1,0,0,0,0,1,$500M - $999M
593,2018,Enbridge,Westcoast Connector Gas Transmission Project,BC,Energy,Private,Trans & Distr,No,1,0,0,0,0,1,"$5,000M+"
595,2018,Surmont Energy Ltd.,Wildwood,AB,Energy,Private,Waste Biomass,Yes,1,0,0,0,0,1,$500M - $999M
599,2018,TransCanada,Northern Courier Pipeline Project,AB,Energy,Private,Trans & Distr,No,1,0,1,0,0,0,$500M - $999M
600,2018,TransCanada,Coastal GasLink Pipeline Project (TransCanada),BC,Energy,Private,Trans & Distr,No,1,0,0,0,0,1,"$1,000M - $4,999M"
601,2018,TransCanada,Energy East,Multi,Energy,Private,Clean Electricity,Yes,1,0,0,0,0,0,"$5,000M+"
602,2018,NOVA Gas Transmission Ltd. (TransCanada),Northwest Mainline Komie North Natural Gas Pipeline Expansion,Multi,Energy,Private,NG Power Gen,No,1,0,1,1,0,0,$100M - $499M
604,2018,TransCanada Keystone Pipeline GP Ltd.,Keystone XL Oil Pipeline Project,Multi,Energy,Private,Trans & Distr,No,1,0,0,0,0,1,"$1,000M - $4,999M"
605,2018,TransCanada/Phoenix Energy Holding Limited (Grand Rapids Pipeline Limited Partnership),Grand Rapids Pipeline project,AB,Energy,Private,Trans & Distr,No,1,0,1,0,0,0,"$1,000M - $4,999M"
606,2018,Treasury Metals Inc.,Goliath Complex,ON,Mining,Private,Precious Metal,No,0,1,0,0,0,1,$100M - $499M
607,2018,Value Creation Inc.,TriStar Advanced (In Situ + Upgrader),AB,Energy,Private,Oil & Gas - Downstream,No,1,0,0,0,0,1,"$1,000M - $4,999M"
611,2018,Atlantic Gold Corporation,Moose River Consolidated Project,NS,Mining,Private,Precious Metal,No,1,0,1,0,0,0,$100M - $499M
620,2018,KGHM International,Victoria Project,ON,Mining,Private,Other,No,0,1,0,0,0,1,$500M - $999M
623,2018,Argonaut Gold,Magino Mine,ON,Mining,Private,Precious Metal,No,1,0,0,0,0,1,$500M - $999M
625,2018,Agnico Eagle - Yamana Gold,Upper Beaver,ON,Mining,Private,Precious Metal,No,1,0,0,0,0,0,$100M - $499M
626,2018,IAMGOLD Corp./Sumitomo Metal Mining,Cote Lake Project,ON,Mining,Private,Precious Metal,No,0,1,0,1,0,1,"$1,000M - $4,999M"
627,2018,Algonquin Power & Utilities Corp.,Wind Projects,SK,Energy,Private,Clean Electricity,Yes,1,0,1,0,0,0,$100M - $499M
628,2018,Yancoal Canada Resources,Southey Potash Project,SK,Mining,Private,Other,No,1,0,0,0,0,1,"$1,000M - $4,999M"
633,2018,Glencore plc,Sukunka Coal Mine,BC,Mining,Private,Coal,No,0,1,0,0,0,1,$100M - $499M
636,2018,Arianne Phosphate inc.,Lac a Paul Phosphate/Apatite mine,QC,Mining,Private,Precious Metal,No,1,0,0,0,0,1,"$1,000M - $4,999M"
637,2018,Commerce Resources corp.,Eldor Rare Earth Project,QC,Mining,Private,Critical Mineral,Yes,1,0,0,0,0,1,$500M - $999M
643,2018,Search Minerals Inc.,Deep Fox + Foxtrot,NL,Mining,Private,Critical Mineral,Yes,1,0,0,0,0,1,$100M - $499M
648,2018,Northern Graphite,Bissett Creek,ON,Mining,Private,Critical Mineral,Yes,1,0,0,0,0,1,$100M - $499M
649,2018,Husky Oil Operations Ltd.,Saleski' Thermal Oil Sands Project Using CSS,AB,Energy,Private,Oil & Gas - Upstream,No,1,0,0,0,0,1,$100M - $499M
650,2018,TransCanada,Prince Rupert Gas Transmission Project,BC,Energy,Private,Trans & Distr,No,1,0,0,0,0,1,"$5,000M+"
651,2018,FortisBC Energy (Vancouver Island) Inc.,Eagle Mountain - Woodfibre LNG Gas Pipeline Projects,BC,Energy,Private,Trans & Distr,No,1,0,0,0,0,1,$100M - $499M
652,2018,Woodfibre LNG,Woodfibre LNG project,BC,Energy,Private,Oil & Gas - Downstream,No,1,0,0,0,0,1,"$1,000M - $4,999M"
654,2018,Bruce Power,Bruce Nuclear Refurbishment,ON,Energy,Private,Nuclear,Yes,1,0,0,0,0,1,"$5,000M+"
657,2018,MEG Energy Corp. / Devon NEC,Access Northeast Pipeline Expansion,AB,Energy,Private,Trans & Distr,No,1,0,1,0,0,0,"$1,000M - $4,999M"
658,2018,TransCanada,Napanee Generating Station,ON,Energy,Private,Other,Yes,1,0,0,0,0,0,"$1,000M - $4,999M"
659,2018,TransCanada,Heartland Pipeline Project,AB,Energy,Private,Trans & Distr,No,1,0,0,0,1,1,$500M - $999M
660,2018,ATCO Pipelines,Urban Pipeline Replacement Project,AB,Energy,Private,Trans & Distr,No,1,0,0,0,0,0,$500M - $999M
662,2018,Prosper Petroleum,Rigel Oil Sands Project,AB,Energy,Private,Oil & Gas - Upstream,No,1,0,0,0,1,1,$100M - $499M
668,2018,Pteragen Canada,Peace Butte Wind Farm,AB,Energy,Private,Clean Electricity,Yes,1,0,0,0,0,1,$100M - $499M
669,2018,FarmTech,Ethanol plant,ON,Energy,Private,Low Carbon Fuels,Yes,1,0,0,0,0,0,$100M - $499M
671,2018,Pembina Pipeline Corp.,Saturn II Twinning,AB,Energy,Private,Oil & Gas - Upstream,No,1,0,1,1,0,0,$100M - $499M
679,2018,Gibson Energy Inc.,Edmonton Terminal Expansion,AB,Energy,Private,Oil & Gas - Downstream,No,1,0,0,0,0,1,$100M - $499M
684,2018,Osum Oil Sands Corp.,Sepiko Kesik Project,AB,Energy,Private,Oil & Gas - Upstream,No,1,0,0,0,0,1,"$1,000M - $4,999M"
685,2018,Resolute Forest Products,Plant Modernization,ON,Forest,Private,Other,Yes,1,0,0,0,0,1,Unknown
688,2018,Graymont Western Canada Inc.,Giscome Quarry and Lime Plant Project,BC,Mining,Private,Other,No,1,0,0,0,0,1,$100M - $499M
689,2018,Innergex Wind Energy Inc and Saik'uz First Nation,"Nulki Hills, 30 km south of Vanderhoof",BC,Energy,Private,Clean Electricity,Yes,1,0,0,0,0,1,<$100M
691,2018,EDF Energies Nouvelles,Sundance Wind Project,BC,Energy,Private,Clean Electricity,Yes,0,1,0,0,0,1,$500M - $999M
692,2018,EDF Renouvelables,Taylor Wind Project,BC,Energy,Private,Clean Electricity,Yes,1,0,0,0,0,1,$500M - $999M
693,2018,Imperial Oil Limited,Aspen' oil sands project (SAGD),AB,Energy,Private,Oil & Gas - Upstream,No,1,0,0,0,0,1,"$5,000M+"
694,2018,Goldcorp,Cochenour Mine,ON,Mining,Private,Precious Metal,No,1,0,0,0,0,0,$100M - $499M
695,2018,Enbridge,GTA Project (Pipeline Expansion),ON,Energy,Private,Trans & Distr,No,1,0,1,0,1,0,$500M - $999M
697,2018,"Husky Energy Inc., Suncor, Nalcor Energy",White Rose Expansion - White Rose West,NL,Energy,Private,Clean Electricity,Yes,1,0,0,0,0,0,"$1,000M - $4,999M"
703,2018,Ethanol Cellulosique Varennes s.e.c. (Recyclage Carbone Varennes),Usine de carburant a faible intensite carbone (inclut un electrolyseur),QC,Energy,Private,Low Carbon Fuels,Yes,1,0,0,0,1,0,$100M - $499M
706,2018,Quicksilver Resources Canada Inc.,Discovery LNG,BC,Energy,Private,Oil & Gas - Downstream,No,1,0,0,0,1,1,"$1,000M - $4,999M"
708,2018,Fortis BC,Tilbury LNG Facility Expansion,BC,Energy,Private,Oil & Gas - Downstream,No,1,0,0,0,0,0,$100M - $499M
709,2018,TimberWest Forest Corp./EDP Renewables,Sooke Wind Project,BC,Energy,Private,Clean Electricity,Yes,1,0,0,0,1,1,$500M - $999M
712,2018,Sequoia Energy Inc.,Quottoon Cluster of Hydroelectric Projects,BC,Energy,Private,Clean Electricity,Yes,1,0,0,0,0,1,$100M - $499M
713,2018,NOVA Gas Transmission Ltd.,North Montney Mainline,BC,Energy,Private,Trans & Distr,No,1,0,0,0,0,1,"$1,000M - $4,999M"
714,2018,Fortis Generation Inc.,Hydroelectric Dam,BC,Energy,Private,Clean Electricity,Yes,1,0,0,0,0,0,$100M - $499M
718,2018,Kitimat Clean Ltd.,Kitimat Clean Oil Refinery,BC,Energy,Private,Oil & Gas - Downstream,No,1,0,0,1,0,1,"$5,000M+"
721,2018,BC Hydro,Horsey GIS Replacement Program,BC,Energy,Public,Clean Electricity,Yes,1,0,1,0,0,0,<$100M
725,2018,Greater Vancouver Regional District,Capilano (Cleveland) Dam Power Plant,BC,Energy,Private,Clean Electricity,Yes,1,0,0,0,0,1,<$100M
732,2018,BC Hydro,Big Bend Substation (BBS)(was South Burnaby Reinforcement),BC,Energy,Public,Trans & Distr,No,1,0,1,0,0,0,<$100M
736,2018,BC Hydro,Courtenay Area Substation,BC,Energy,Public,Trans & Distr,No,1,0,1,0,0,0,<$100M
752,2018,Swift Power Corp.,Jervis Inlet Hydro Project,BC,Energy,Private,Clean Electricity,Yes,1,0,0,0,0,0,<$100M
753,2018,Kruger Energy Inc.,Maselpanik Creek Hydro Project,BC,Energy,Private,Clean Electricity,Yes,1,0,0,1,0,0,$100M - $499M
754,2018,Pacific Coastal Wave Energy Corp.,Wave Energy Project,BC,Energy,Private,Clean Electricity,Yes,1,0,0,1,0,1,<$100M
758,2018,Pristine Power Inc./Cheslatta Forest Products,Cheslatta Green Energy Project,BC,Energy,Private,Clean Electricity,Yes,1,0,0,0,0,1,<$100M
759,2018,KMC Power,Tamihi Creek Hydro Project,BC,Energy,Private,Clean Electricity,Yes,1,0,0,0,0,1,<$100M
762,2018,Kitsault Hydroelectric Corp.,Kitsault River and Homestake Creek Hydro Project,BC,Energy,Private,Clean Electricity,Yes,1,0,1,0,0,0,<$100M
763,2018,Highwater Power Corporation,Kookipi Creek Water Power Project,BC,Energy,Private,Clean Electricity,Yes,1,0,0,0,0,1,<$100M
764,2018,Highwater Power Corporation Altagas Ltd.,Log Creek Water Power Project,BC,Energy,Private,Clean Electricity,Yes,1,0,0,0,0,1,<$100M
768,2018,Hiranandani Group / AC LNG,AC LNG,NS,Energy,Private,Oil & Gas - Downstream,No,1,0,0,0,0,1,"$1,000M - $4,999M"
774,2018,Ironhead First Nations Partnership,Great Spirit Power Project,AB,Energy,Private,Low Carbon Fuels,Yes,1,0,0,0,0,1,"$1,000M - $4,999M"
775,2018,ATCO Power,ATCO Heartland Generating Station,AB,Energy,Private,Other,Yes,1,0,0,0,0,1,$500M - $999M
776,2018,North Atlantic Ironsands (a joint venture of Grand River Ironsands and Petmin Ltd.),Labrador Ironsands Project,NL,Mining,Private,Base Metal,No,1,0,0,0,0,1,$500M - $999M
777,2018,Severstal North America,Iron Ore Pelletization Plant (Sydney),NS,Mining,Private,Base Metal,No,1,0,0,0,0,0,$500M - $999M
778,2018,West High Yield Resources,Record Ridge Magnesium Project,BC,Mining,Private,Critical Mineral,Yes,1,0,0,1,0,1,$500M - $999M
783,2018,First Mining Gold Corp.,Springpole Lake Gold Project,ON,Mining,Private,Precious Metal,No,0,1,0,0,0,1,$500M - $999M
785,2018,Greenstone Gold Mines LP (Equinox Gold Corp./Orion Mine Finance Group),Greenstone,ON,Mining,Private,Precious Metal,No,1,0,0,0,0,1,"$1,000M - $4,999M"
786,2018,Riversdale Resources,Grassy Mountain,AB,Mining,Private,Other,No,1,0,0,0,0,1,$100M - $499M
787,2018,Commerce Resources,Blue River (Upper Fir) Tantalum/Niobium Project,BC,Mining,Private,Other,No,1,0,0,0,0,1,$100M - $499M
788,2018,Newfoundland and Labrador Hydro,New Island 230 kV Transmission Line TL 267,NL,Energy,Public,Trans & Distr,No,1,0,1,0,0,0,$100M - $499M
790,2018,Puma Exploration,Murray Brook Zinc/Lead/Gold Mine,NB,Mining,Private,Precious Metal,No,1,0,0,0,0,1,$100M - $499M
792,2018,Enbridge,Sunday Creek terminal expansion,AB,Energy,Private,Oil & Gas - Downstream,No,1,0,1,0,0,0,$100M - $499M
793,2018,Chaleur Terminals Inc.,Belledune Rail Terminal and Transfer System,NB,Energy,Private,Oil & Gas - Downstream,No,1,0,0,0,0,1,$100M - $499M
794,2018,Ascot Resources Ltd,Premier Gold Project,BC,Mining,Private,Precious Metal,No,0,1,0,0,0,1,$100M - $499M
795,2018,Nouveau Monde Graphite inc.,Uatnan,QC,Mining,Private,Critical Mineral,Yes,1,0,0,0,0,1,$100M - $499M
797,2018,Integra Gold,Lamaque Gold Project,QC,Mining,Private,Precious Metal,No,1,0,0,0,0,1,$100M - $499M
798,2018,Paper Excellence,Restart of Pulp Mill and new Biomass Power Generation,SK,Forest,Private,Pulp & Paper,No,1,0,0,0,0,1,$100M - $499M
799,2018,Alton Natural Gas Storage,Natural Gas Storage Facility,NS,Energy,Private,"DER, Storage, EV",Yes,1,0,0,0,0,0,$100M - $499M
800,2018,Joyce Direct Iron Inc.,Joyce Lake DSO (the Attikamagen Project),NL,Mining,Private,Other,No,1,0,0,0,1,0,$100M - $499M
802,2018,Vulcan Materials Company,Black Point Aggregate Project,NS,Mining,Private,Other,No,1,0,0,1,0,1,<$100M
807,2018,Fourth State Energy,Energy-from-Waste Facility,NS,Energy,Private,Waste Biomass,Yes,1,0,0,0,0,1,$100M - $499M
808,2018,Spartan Delta Inception Exploration Ltd.,Greenview Sour Gas plant,AB,Energy,Private,Oil & Gas - Downstream,No,1,0,0,0,0,1,<$100M
810,2018,CelluFuel,Bio-Diesel Project,NS,Energy,Private,Low Carbon Fuels,Yes,1,0,0,0,0,1,<$100M
812,2018,Ledwidge Lumber Co,Enfield Biomass Plant,NS,Energy,Private,Waste Biomass,Yes,1,0,0,0,0,1,<$100M
817,2018,Focus Graphite inc.,Lac Knife,QC,Mining,Private,Critical Mineral,Yes,1,0,0,0,0,1,$100M - $499M
819,2018,Ville de Quao bec,Centre de biomao thanisation de loNagglomao ration de Quao bec (CBAQ),QC,Energy,Private,Waste Biomass,Yes,1,0,0,0,0,1,$100M - $499M
825,2018,Val aoo sociao tao en commandite / Algonquin Power Trust,Parc ao olien Belle-RiviaoAEre,QC,Energy,Private,Clean Electricity,Yes,1,0,0,0,0,1,<$100M
828,2018,Sociao tao doNao conomie mixte de loNest de la Couronne Sud (SEMECS),biomethanation facilities of the Sociao tao d'ao conomie mixte de l'est de la couronne sud (SEMECS).,QC,Energy,Private,Waste Biomass,Yes,1,0,1,0,0,0,<$100M
833,2018,Nexen/Inpex Corp./JGC Corp.,Aurora LNG Facility,BC,Energy,Private,Oil & Gas - Downstream,No,1,0,0,0,0,0,"$5,000M+"
834,2018,MEG Energy Corp.,Christina Lake SAGD Project,AB,Energy,Private,Oil & Gas - Upstream,No,1,0,0,1,0,0,$500M - $999M
837,2018,Pembina Pipeline Corp.,Redwater RFS 3 Fractionator,AB,Energy,Private,Oil & Gas - Downstream,No,1,0,0,0,1,0,$100M - $499M
838,2018,Pembina Pipeline Corp.,Canadian Diluent Hub,AB,Energy,Private,Oil & Gas - Upstream,No,1,0,0,1,0,0,$100M - $499M
839,2018,ATCO Energy Solutions / Petrogas Energy Corp.,Strathcona Salt Cavern Storage Project,AB,Energy,Private,"DER, Storage, EV",Yes,1,0,1,0,1,0,$100M - $499M
841,2018,Canadian Natural Resources Limited,Jackfish,AB,Energy,Private,Oil & Gas - Upstream,No,1,0,0,0,0,1,"$1,000M - $4,999M"
842,2018,Hydro-Quebec,Reconstruction du poste De Lorimier ao 315-25 kV,QC,Energy,Public,Trans & Distr,No,1,0,1,0,0,0,$100M - $499M
843,2018,Hoaogh LNG,GNL - Plan Nord - Hoaogh LNG navire,QC,Energy,Private,Oil & Gas - Downstream,No,1,0,0,0,0,1,$500M - $999M
846,2018,ENMAX Energy Corp. / Capital Power Corp,Genesee Generating Units 4 and 5,AB,Energy,Private,Other,Yes,1,0,0,0,0,1,"$1,000M - $4,999M"
847,2018,Cenovus Energy Inc.,Pelican Lake,AB,Energy,Private,Clean Electricity,Yes,1,0,0,0,0,1,"$1,000M - $4,999M"
848,2018,Gascana AB Energy,LNG Production Plant and other facilities,AB,Energy,Private,Oil & Gas - Downstream,No,1,0,0,0,0,1,"$1,000M - $4,999M"
849,2018,Pembina Pipeline Corp.,Two Pipelines Edson - Fox Creek,AB,Energy,Private,Trans & Distr,No,1,0,1,0,0,0,$100M - $499M
850,2018,Syncrude Canada Ltd.,Stage 4a - MLX-W,AB,Energy,Private,Other,Yes,1,0,0,0,0,1,"$1,000M - $4,999M"
854,2018,ATCO Pipelines,Calgary Urban Pipeline Replacement Project,AB,Energy,Private,Trans & Distr,No,1,0,0,0,0,0,$100M - $499M
855,2018,Pembina Pipeline Corp.,Pipeline System Expansions,AB,Energy,Private,Trans & Distr,No,1,0,1,0,1,0,"$1,000M - $4,999M"
857,2018,Bear Head Energy,Bear Head Energy,NS,Energy,Private,Oil & Gas - Downstream,No,1,0,0,0,0,1,"$5,000M+"
862,2018,Taseko Mines Ltd.,Aley Niobium Project,BC,Mining,Private,Critical Mineral,Yes,1,0,0,0,0,1,$500M - $999M
863,2018,aonergie Saguenay GNL Quao bec inc.,aonergie Saguenay LNG,QC,Energy,Private,Oil & Gas - Downstream,No,1,0,0,0,0,1,"$5,000M+"
865,2018,Imperial Metals Corporation,Ruddock Creek Zinc-Lead Mine Development Project,BC,Mining,Private,Base Metal,No,1,0,0,0,0,1,$100M - $499M
867,2018,AltaGas Ltd./ Painted Pony Petroleum Ltd,Townsend Gas Processing Facility,BC,Energy,Private,Other,Yes,1,0,0,0,0,0,$100M - $499M
868,2018,Teck Coal Ltd.,Baldy Ridge Extension Project,BC,Mining,Private,Coal,No,1,0,0,1,0,0,"$1,000M - $4,999M"
869,2018,BC Hydro,Cheakamus Unit 1 and Unit 2 Generator Replacement,BC,Energy,Public,Clean Electricity,Yes,1,0,0,0,1,0,<$100M
870,2018,BC Hydro,Peace Region Load Shedding RAS,BC,Energy,Public,Clean Electricity,Yes,1,0,0,0,1,0,<$100M
875,2018,Steelhead LNG Corp./ Huu-ay-aht First Nations,Steelhead LNG: Sarita LNG + Malahat LNG,BC,Energy,Private,Oil & Gas - Downstream,No,1,0,0,0,1,1,"$5,000M+"
876,2018,Kitsault Energy Ltd. of Canada,Kitsault LNG Facility,BC,Energy,Private,Oil & Gas - Downstream,No,1,0,0,0,0,1,Unknown
878,2018,Woodside Energy Holdings Pty Ltd.,Grassy Point LNG,BC,Energy,Private,Oil & Gas - Downstream,No,1,0,0,0,0,0,"$5,000M+"
882,2018,ExxonMobil Canada Ltd./Imperial Oil Resources Limited,WCC LNG Ltd.,BC,Energy,Private,Oil & Gas - Downstream,No,1,0,0,1,0,1,"$5,000M+"
885,2018,Pacific Northern Gas Ltd.,Pacific Northern Gas Pipeline Looping Project,BC,Energy,Private,Trans & Distr,No,1,0,0,0,0,1,$100M - $499M
886,2018,Rio Tinto,Tio Titanium Mine Expansion,QC,Mining,Private,Precious Metal,No,1,0,0,0,0,0,$100M - $499M
888,2018,"Stolt-Nielsen Gas Ltd., Sun LNG Holding, LNGaz Inc",Stolt LNGaz,QC,Energy,Private,Oil & Gas - Downstream,No,0,1,0,1,0,1,$500M - $999M
890,2018,Tugliq,GNL - Plan Nord - Tugliq/Ocao an-navire,QC,Energy,Private,Other,Yes,1,0,0,0,0,1,$100M - $499M
891,2018,Arctic Canadian Diamond Corp,Ekati (Misery Deep),NT,Mining,Private,Other,No,0,1,0,0,0,1,<$100M
892,2018,Rio Tinto and Dominion Diamond Corporation,A-21 Kimberlite Pipe Development,NT,Mining,Private,Critical Mineral,Yes,1,0,0,0,0,0,$100M - $499M
893,2018,PRISM Diversifed Ltd.,Clear Hills Project,AB,Mining,Private,Other,No,1,0,0,0,1,1,$100M - $499M
894,2018,Newmont Goldcorp Corp.,Coffee Gold Mine,YK,Mining,Private,Precious Metal,No,1,0,0,0,0,1,$100M - $499M
895,2018,OPG and Coral Rapids L.P.,Peter Sutherland Sr. Generating Station,ON,Energy,Private,Other,Yes,1,0,0,0,0,0,$100M - $499M
900,2018,Hydro-Quebec,Projet Chamouchouane-BDI & Poste Judith-Jasmin,QC,Energy,Public,Clean Electricity,Yes,1,0,0,1,0,0,"$1,000M - $4,999M"
902,2018,ATCO,NW Ft McMurray Transmission Development,AB,Energy,Private,Trans & Distr,No,1,0,1,0,1,0,$100M - $499M
903,2018,Osum Oil Sands Corp.,Orion,AB,Energy,Private,Oil & Gas - Upstream,No,1,0,0,0,0,1,$100M - $499M
906,2018,Northern Blizzard Resources Inc.,Pirtuk,SK,Energy,Private,Other,Yes,1,0,0,0,0,1,$100M - $499M
907,2018,Jien Canada Mining Ltd.,North American Lithium Mine,QC,Mining,Private,Critical Mineral,Yes,1,0,1,0,0,0,$100M - $499M
910,2018,Paper Excellence,Meadow Lake PulpMill Capacity Expansion (20%),SK,Forest,Private,Pulp & Paper,No,1,0,0,0,0,0,$100M - $499M
912,2018,Newfoundland Transshipment Limited,Transshipment Terminal Expansion,NL,Energy,Private,Oil & Gas - Downstream,No,1,0,1,1,0,0,$100M - $499M
915,2018,"aonergie Hydroao lectrique Mistassini, Sociao tao en commandite",Centrale hydroao lectrique OnziaoAEme chute,QC,Energy,Public,Clean Electricity,Yes,1,0,1,0,0,0,<$100M
918,2018,Northern Cross Ltd.,Eagle Plains Oil and Gas Exploration,YK,Energy,Private,Oil & Gas - Upstream,No,1,0,0,0,0,1,$100M - $499M
919,2018,ATAC Resources Ltd.,Rackla Gold Project (Tiger Deposit),YK,Mining,Private,Precious Metal,No,1,0,0,0,0,1,$100M - $499M
921,2018,Aurvista Gold Corporation,Douay Ouest,QC,Mining,Private,Precious Metal,No,1,0,0,0,0,1,<$100M
928,2018,Interfor Corporation,Mill upgrade,BC,Forest,Private,Pulp & Paper,No,1,0,0,0,0,0,<$100M
931,2018,Tugliq Energie S.A.R.F.,aoolienne jumelao e ao un systaoAEme de stockage avancao ao loNhydrogaoAEne ao la mine Raglan,QC,Energy,Private,Clean Electricity,Yes,1,0,0,0,1,0,<$100M
936,2018,Mines Agnico Eagle ltee,Akasaba West Copper-Gold Mine,QC,Mining,Private,Precious Metal,No,1,0,0,1,0,1,<$100M
937,2018,"Canada Stewart Energy Group Ltd. (Northwest World Energy Services, Great United Petroleum Holding Co. Ltd.)",Canada Stewart Energy LNG Project,BC,Energy,Private,Oil & Gas - Downstream,No,1,0,0,0,0,1,Unknown
938,2018,Cedar LNG (partnership between Pembina Pipeline Corporation and Haisla Nation),Cedar LNG,BC,Energy,Private,Oil & Gas - Downstream,No,1,0,0,0,0,1,Unknown
939,2018,NewTimes Energy Ltd.,NewTimes Energy,BC,Energy,Private,Clean Electricity,Yes,1,0,0,0,0,1,Unknown
942,2018,Watson Island LNG Corporation,Watson Island LNG,BC,Energy,Private,Oil & Gas - Downstream,No,1,0,0,0,0,1,Unknown
943,2018,"Tilbury Jetty Marine Partnership (Fortis, Seaspan, Shell)",Tilbury Marine Jetty,BC,Energy,Private,Oil & Gas - Downstream,No,1,0,0,0,0,1,$100M - $499M
944,2018,Vale Newfoundland and Labrador Limited,Underground Mine Development,NL,Mining,Private,Precious Metal,No,1,0,0,0,0,0,"$1,000M - $4,999M"
946,2018,Unibord,Mill upgrade,QC,Forest,Private,Pulp & Paper,No,1,0,0,0,1,1,<$100M
947,2018,TransCanada,Eastern Mainline,ON,Energy,Private,Trans & Distr,No,1,0,0,0,0,0,"$1,000M - $4,999M"
949,2018,Hydro-Quebec,Ligne ao 735 kV de la Chamouchouane-BDao,QC,Energy,Public,Clean Electricity,Yes,1,0,1,1,0,0,"$1,000M - $4,999M"
951,2018,Dominion Diamonds Corp.,Ekati Diamond Mine Expansion - Jay Pipe,NT,Mining,Private,Precious Metal,No,1,0,0,0,0,1,$500M - $999M
952,2018,Glencore,Raglan(phase 2),QC,Mining,Private,Other,No,1,0,0,0,0,1,"$1,000M - $4,999M"
954,2018,AltaGas Ltd.,Fort St. John Liquids Hub,BC,Energy,Private,Other,Yes,1,0,0,0,0,0,$100M - $499M
955,2018,AltaGas Ltd.,Ridley Island Propane Export Terminal,BC,Energy,Private,Oil & Gas - Downstream,No,1,0,0,0,1,0,$100M - $499M
956,2018,Altalink,Chapel Rock to Pincher Creek Area Transmission Development,AB,Energy,Private,Trans & Distr,No,1,0,0,0,1,1,$500M - $999M
957,2018,Atrum Coal,Groundhog Project Anthracite Coal Mine,BC,Mining,Private,Coal,No,1,0,0,0,0,1,$100M - $499M
958,2018,BC Hydro,Tofino and Ahousaht LongTerm Power Supply,BC,Energy,Public,Trans & Distr,No,1,0,0,0,0,0,<$100M
962,2018,BC Hydro,Arnott Substation Capacity Upgrade Project,BC,Energy,Public,Trans & Distr,No,1,0,0,0,1,0,<$100M
963,2018,BC Hydro,Kamloops Substation,BC,Energy,Public,Trans & Distr,No,1,0,0,0,1,0,<$100M
964,2018,BC Hydro,Fort St. John and Taylor Electrical Supply,BC,Energy,Public,Clean Electricity,Yes,1,0,0,0,1,0,<$100M
965,2018,BC Hydro,G.M. Shrum Units 1 to 10 Control Systems Upgrade Project,BC,Energy,Public,Other,Yes,1,0,0,0,1,0,<$100M
966,2018,BC Hydro,Horne Payne Substation Project,BC,Energy,Public,Trans & Distr,No,1,0,0,0,1,0,<$100M
967,2018,BC Hydro,Campbell River Substation Capacity Upgrade,BC,Energy,Public,Trans & Distr,No,1,0,0,0,1,0,<$100M
968,2018,BC Hydro,BR1 Replace Transformers T1 & T2,BC,Energy,Public,Clean Electricity,Yes,1,0,0,0,1,0,<$100M
969,2018,City of Medicine Hat,Secondary Power Plant,AB,Energy,Public,NG Power Gen,Yes,1,0,1,0,1,0,<$100M
970,2018,Creative Energy Vancouver Platforms Inc.,Creative Energy Plant,BC,Energy,Private,Clean Electricity,Yes,1,0,0,0,0,1,$100M - $499M
971,2018,Cutbank Ridge Partnership (Mitsubishi Corporation and Encana),Sunrise Gas Plant,BC,Energy,Private,Oil & Gas - Downstream,No,1,0,1,0,0,0,$500M - $999M
972,2018,Eagle Spirit Energy Holdings Ltd./Aquilini Group,ESE Synthetic Crude Pipeline,BC,Energy,Private,Trans & Distr,No,1,0,0,0,0,1,"$5,000M+"
973,2018,Enbridge Inc.,Norlite Pipeline,AB,Energy,Private,Trans & Distr,No,1,0,1,0,0,0,"$1,000M - $4,999M"
974,2018,Enbridge/ Borealis Inc./ Kitselas First Nation,Lakelse Geothermal Power Plant,BC,Energy,Private,Clean Electricity,Yes,1,0,0,0,0,1,<$100M
975,2018,ENN Canada Corp. / Ferus Natural Gas Fuels,LNG Liquification Plant,AB,Energy,Private,Oil & Gas - Downstream,No,1,0,0,0,0,0,<$100M
976,2018,Infinity Energy,Bio-Diesel Refinery,AB,Energy,Private,Oil & Gas - Downstream,No,1,0,0,1,0,0,"$1,000M - $4,999M"
977,2018,Keyera Corp.,Baseline Terminal,AB,Energy,Private,Oil & Gas - Downstream,No,1,0,1,1,0,0,$500M - $999M
978,2018,Keyera Corp.,Condensate tanks at Edmonton Terminal,AB,Energy,Private,Oil & Gas - Downstream,No,1,0,0,0,0,0,<$100M
979,2018,Kitsault Energy Ltd. of Canada,Kitsault LNG Facility,BC,Energy,Private,Oil & Gas - Downstream,No,1,0,0,1,0,1,Unknown
980,2018,Kruger Energy Inc.,Isle Pierre Wind Farm,BC,Energy,Private,Clean Electricity,Yes,1,0,0,0,0,1,$100M - $499M
981,2018,Pembina Pipeline Corp.,Sturgeon Refinery Terminal,AB,Energy,Private,Oil & Gas - Downstream,No,1,0,1,0,0,0,$100M - $499M
982,2018,Plateau Pipe Line Ltd.,Northeast British Columbia (NEBC) Expansion Project,BC,Energy,Private,Other,Yes,1,0,0,0,0,1,$100M - $499M
983,2018,Red Willow Wind LP,Red Willow Wind Farm,BC,Energy,Private,Clean Electricity,Yes,1,0,0,0,0,1,$100M - $499M
984,2018,Terasen Gas/Kelowna City,Kelowna City Centre Renewable Energy System,BC,Energy,Private,Clean Electricity,Yes,1,0,0,0,0,1,<$100M
985,2018,TransAlta - Sorgente,TransAlta - Sorgente,BC,Energy,Private,Waste Biomass,Yes,1,0,0,0,0,0,<$100M
987,2018,Veresen Midstream,Tower Gas Plant,BC,Energy,Private,Oil & Gas - Downstream,No,1,0,0,1,0,0,$500M - $999M
988,2018,Zero Emission Energy Developments Inc.,Septimus Creek Wind Power Project,BC,Energy,Private,Clean Electricity,Yes,1,0,0,1,0,0,<$100M
989,2018,Zero Emission Energy Developments Inc.,Pennask Wind Power Project,BC,Energy,Private,Clean Electricity,Yes,1,0,1,0,1,0,<$100M
990,2018,Zero Emission Energy Developments Inc.,Shinish Creek Wind Power Project,BC,Energy,Private,Clean Electricity,Yes,1,0,1,0,0,0,<$100M
993,2018,MRC de LotbiniaoAEre / RES Canada et municipalitao s de Saint-Sao verin et de Saint-Sylvestre,Parc ao olien Mont Sainte-Marguerite,QC,Energy,Private,Other,Yes,1,0,1,0,0,0,$100M - $499M
994,2018,"EDF EN Canada, Alliance aoolienne de loNEst et Rao gie intermunicipale Gaspao sie",Parc ao olien Nicolas-Riou,QC,Energy,Private,Other,Yes,1,0,1,0,0,0,$500M - $999M
997,2018,AltaLink,Edmonton Region 240kV Line Upgrades,AB,Energy,Private,Trans & Distr,No,1,0,1,0,0,0,$100M - $499M
998,2018,AltaLink,Fidler Substation Connection,AB,Energy,Private,Trans & Distr,No,1,0,0,0,0,0,<$100M
999,2018,AltaLink,Foothills Area Transmission Development - Third Circuit,AB,Energy,Private,Trans & Distr,No,1,0,0,1,0,0,<$100M
1000,2018,AltaLink,Fort McMurray West 500 kV Transmission Project,AB,Energy,Private,Trans & Distr,No,1,0,0,1,0,0,"$1,000M - $4,999M"
1002,2018,"Ministere du developpement durable, de l'environnement et des parcs",Refection du barrage des Quinze,QC,Energy,Private,Other,Yes,1,0,0,0,1,0,<$100M
1003,2018,Churchill Falls (Labrador) Corporation,Electric Utility Capital Expenditures,NL,Energy,Private,Other,Yes,1,0,0,0,1,0,<$100M
1004,2018,Manitoba Hydro,ManitobaoNMinnesota Transmission Project,MB,Energy,Public,Trans & Distr,No,1,0,0,0,1,1,$100M - $499M
1007,2018,Iron Ore Company of Canada,Wabush 3 open Pit Mine,NL,Mining,Private,Precious Metal,No,1,0,0,0,0,0,<$100M
1009,2018,Newfoundland Power,Electrical Substation and Emergency Power Capacity Upgrade,NL,Energy,Private,Trans & Distr,No,1,0,1,0,1,0,<$100M
1010,2018,Newfoundland Power Inc.,Electric Utility Capital Program,NL,Energy,Private,Clean Electricity,Yes,1,0,0,0,0,0,<$100M
1012,2018,Kahnawake Sustainable Energies (KSE),Parc ao olien Saint-Cyprien,QC,Energy,Private,Other,Yes,1,0,0,0,1,1,<$100M
1013,2018,Gaz Mao tro,Agrandissement doNusine de transformation de gaz naturel liquao fiao,QC,Energy,Private,Other,Yes,1,0,1,0,0,0,$100M - $499M
1015,2018,Newfoundland and Labrador Hydro,Various (2016 Capital Program),NL,Energy,Public,Clean Electricity,Yes,1,0,0,0,0,0,$100M - $499M
1017,2018,AltaLink,Red Deer Transmission Development,AB,Energy,Private,Trans & Distr,No,1,0,0,0,1,0,$100M - $499M
1018,2018,AltaLink,South and West of Edmonton Transmission Development,AB,Energy,Private,Trans & Distr,No,1,0,0,0,1,0,$100M - $499M
1019,2018,AltaLink,Southern Alberta Transmission Reinforcement (including Castle Rock Ridge to Chapel Rock 240 kV Line),AB,Energy,Private,Trans & Distr,No,1,0,1,0,1,0,$500M - $999M
1020,2018,AltaLink,Sunnybrook and Livock Interconnection with Fort McMurray West 500 kV Transmission Facilities,AB,Energy,Private,Trans & Distr,No,1,0,0,0,0,1,<$100M
1021,2018,AltaLink,Thickwood Hills 240 kV Transmission Development and Reactive Power Reinforcement,AB,Energy,Private,Trans & Distr,No,1,0,0,0,0,1,$100M - $499M
1022,2018,De Beers Canada,Victor Extension,ON,Mining,Private,Other,No,1,0,0,0,0,1,Unknown
1023,2018,Nukik Corp.,Kivalliq Hydro Fibre Link,Multi,Energy,Public,Clean Electricity,Yes,1,0,0,0,0,1,$500M - $999M
1024,2018,NextBridge,East-West Tie Transmission Project,ON,Energy,Private,Trans & Distr,No,1,0,0,0,0,1,$500M - $999M
1025,2018,Hydro-Quebec,Poste de Baie-Saint-Paul ao 315-25kV,QC,Energy,Public,Trans & Distr,No,1,0,1,0,0,0,Unknown
1026,2018,Hydro-Quebec,Rehabilitation de la centrale Robert-Bourassa,QC,Energy,Public,Clean Electricity,Yes,1,0,0,0,0,0,Unknown
1028,2018,Alamos Gold Inc.,Island Gold Expansion,ON,Mining,Private,Precious Metal,No,1,0,0,0,1,0,<$100M
1029,2018,Dominion Diamonds Corp.,Sable,NT,Mining,Private,Other,No,1,0,0,0,1,0,$100M - $499M
1030,2018,Rockhaven Resources Ltd.,Klaza,YK,Mining,Private,Other,No,1,0,0,0,1,1,$100M - $499M
1031,2018,NOVA Gas Transmission Ltd.,Towerbirch Expansion Project,Multi,Energy,Private,Other,Yes,1,0,0,0,0,0,$100M - $499M
1032,2018,TransCanada,Upland Pipeline Project,Multi,Energy,Private,Trans & Distr,No,1,0,0,1,0,0,$500M - $999M
1035,2018,NOVA Gas Transmission Ltd.,2017 NGTL System Expansion Project,AB,Energy,Private,Other,Yes,1,0,0,1,0,0,"$1,000M - $4,999M"
1036,2018,Enbridge Pipelines Inc.,Line 3 Replacement Project,Multi,Energy,Private,Trans & Distr,No,1,0,0,1,0,0,"$1,000M - $4,999M"
1039,2018,Daishowa Marubeni Intl Ltd.,Steeper Energy - HydrofactionTM Oil from wood,AB,Forest,Private,Other,Yes,1,0,0,0,1,0,<$100M
1040,2018,Biomont aonergie Inc,Centrale de cogao nao ration Biomont,QC,Energy,Private,Waste Biomass,Yes,1,0,0,0,1,0,Unknown
1041,2018,"Energie hydroelectrique Pessamit, Societe en commandite",Centrale hydroelectrique des chutes du six milles,QC,Energy,Public,Clean Electricity,Yes,1,0,0,1,0,1,<$100M
1042,2018,BMC Minerals Ltd.,Kudz Ze Kayah,YK,Mining,Private,Other,No,0,1,0,0,0,1,$100M - $499M
1045,2018,Northern Energy Solutions (NES),NES Wood Pellet Plant,NB,Forest,Private,Other,Yes,1,0,0,0,0,1,<$100M
1048,2018,9139-3991 Quao bec Inc (Les Industries JPB),Centrale de cogao nao ration Valleyfied,QC,Energy,Private,Other,Yes,1,0,0,0,0,0,Unknown
1049,2018,"Energie hydroelectrique Pessamit, Societe en commandite",Centrale hydroelectrique de la chute du quatre milles,QC,Energy,Public,Clean Electricity,Yes,1,0,0,0,1,1,<$100M
1050,2018,"Manouane Sipi, Societe en commandite",Centrale hydroelectrique Manouane Sipi (Dam B),QC,Energy,Private,Clean Electricity,Yes,1,0,0,0,0,1,<$100M
1051,2018,Fluorspar Holdings PTE Ltd.,St. Lawrence Fluorspar Mine,NL,Mining,Private,Precious Metal,No,1,0,0,0,0,0,Unknown
1052,2018,Howse Minerals Limited,Howse Property Direct Shipping Ore Mine,NL,Mining,Private,Precious Metal,No,1,0,0,1,0,1,$100M - $499M
1053,2018,NB Power,Demand Side Management (Accelerated Energy Efficiency Programs - annually over 10 years),NB,Energy,Public,Other,Yes,1,0,0,0,0,0,<$100M
1056,2018,FPInnovations et Bioao nergie La Tuque,Vision La Tuque 2023,QC,Forest,Private,Other,Yes,1,0,0,1,0,1,$500M - $999M
1057,2018,Pacific Future Energy,Pacific Future Energy Oil Refinery,BC,Energy,Private,Oil & Gas - Downstream,No,1,0,0,0,0,1,"$5,000M+"
1058,2018,Protocol Biomass,Pellet Plant,ON,Forest,Private,Other,Yes,1,0,0,0,0,1,<$100M
1060,2018,Pinnacle Pellets,Pellet Plant,AB,Forest,Private,Other,Yes,1,0,1,0,0,0,<$100M
1061,2018,Tembec (General Partnership),Specialty Cellulose Upgrade (digesters change),QC,Forest,Private,Pulp & Paper,No,1,0,0,0,0,1,$100M - $499M
1062,2018,Municipalitao de Shannon,Centrale hydroao lectrique de Saint-Gabriel,QC,Energy,Private,Clean Electricity,Yes,1,0,0,0,0,0,<$100M
1063,2018,NTPC,Taltson Hydroelectricity Expansion Project (Phase 1),NT,Energy,Private,Clean Electricity,Yes,1,0,0,1,0,1,"$1,000M - $4,999M"
1066,2018,Enbridge Inc.,Line 10 Westover Segment Replacement,ON,Energy,Private,Trans & Distr,No,1,0,0,0,0,0,$100M - $499M
1067,2018,Sayona Quebec inc.,Authier,QC,Mining,Private,Other,No,1,0,0,1,0,1,<$100M
1072,2018,BlackPearl Resources Inc.,Onion Lake Ohase 2,SK,Energy,Private,Other,Yes,1,0,0,0,0,0,$100M - $499M
1073,2018,Husky Energy Inc.,Rush Lake,SK,Energy,Private,Clean Electricity,Yes,1,0,0,0,1,0,Unknown
1074,2018,Athabasca Oil Sands Corporation,Kai Kos Dehseh,AB,Energy,Private,Oil & Gas - Upstream,No,1,0,0,0,1,1,Unknown
1076,2018,OSum Oil Sands Corp.,Orion,AB,Energy,Private,Oil & Gas - Upstream,No,1,0,0,0,0,1,Unknown
1077,2018,Cenovus Energy Inc.,Christina Lake,AB,Energy,Private,Other,Yes,1,0,0,0,0,1,$500M - $999M
1078,2018,ConocoPhillips Canada Limited,Surmont 2,AB,Energy,Private,Oil & Gas - Upstream,No,1,0,0,0,0,1,"$1,000M - $4,999M"
1079,2018,Japan Canada Oil Sands Limited (JACOS),Hangingstone,AB,Energy,Private,Oil & Gas - Upstream,No,1,0,0,0,0,1,"$1,000M - $4,999M"
1080,2018,Suncor Energy Inc.,Meadow Creek,AB,Energy,Private,Clean Electricity,Yes,1,0,0,0,0,1,Unknown
1081,2018,Sunshine Oilsands Ltd.,Thickwood,AB,Energy,Private,Waste Biomass,Yes,1,0,0,0,0,1,Unknown
1082,2018,Cenovus Energy Inc.,Narrows Lake,AB,Energy,Private,Clean Electricity,Yes,1,0,0,0,0,1,"$1,000M - $4,999M"
1083,2018,Value Creation Inc.,Heartland Upgrader,AB,Energy,Private,Oil & Gas - Downstream,No,1,0,0,0,0,1,Unknown
1084,2018,Penn West,Seal,AB,Energy,Private,Other,Yes,1,0,0,0,0,1,Unknown
1085,2018,Andora Energy Corporation,Sawn Lake,AB,Energy,Private,Clean Electricity,Yes,1,0,0,0,0,1,Unknown
1086,2018,ConocoPhillips Canada Limited,Surmont,AB,Energy,Private,Oil & Gas - Upstream,No,1,0,0,0,0,1,Unknown
1087,2018,Husky Energy Inc.,Dee Valley,SK,Energy,Private,Clean Electricity,Yes,1,0,0,0,0,1,$100M - $499M
1088,2018,Husky Energy Inc.,Spruce Lake Central,SK,Energy,Private,Clean Electricity,Yes,1,0,0,0,0,1,$100M - $499M
1089,2018,Husky Energy Inc.,Spruce Lake North,SK,Energy,Private,Clean Electricity,Yes,1,0,0,0,0,1,$100M - $499M
1090,2018,Value Creation Inc.,Heartland Upgrader,AB,Energy,Private,Oil & Gas - Downstream,No,1,0,0,0,0,1,Unknown
1091,2018,PTTEP Canada Limited,Mariana,AB,Energy,Private,Other,Yes,1,0,0,0,0,1,Unknown
1092,2018,Imperial Oil Ltd.,Cold Lake SAGD,AB,Energy,Private,Oil & Gas - Upstream,No,1,0,0,0,0,1,Unknown
1093,2018,Athabasca Oil Sands Corporation,Hangingstone,AB,Energy,Private,Oil & Gas - Upstream,No,1,0,0,0,0,1,Unknown
1094,2018,Imperial Oil Limited,Syncrude Mildred Lake Extension,AB,Energy,Private,Oil & Gas - Upstream,No,1,0,0,0,0,1,Unknown
1095,2018,MEG Energy Corp.,May River,AB,Energy,Private,Clean Electricity,Yes,1,0,0,0,0,1,"$5,000M+"
1096,2018,BP Plc,Terre De Grace,AB,Energy,Private,Other,Yes,1,0,0,0,0,1,Unknown
1097,2018,Canadian Natural Resources Limited,CCS Follow UP,AB,Energy,Private,"DER, Storage, EV",Yes,1,0,0,0,0,1,Unknown
1098,2018,Lacrina Energy,Saleski JV (Laricina/Osum),AB,Energy,Private,Clean Electricity,Yes,1,0,0,0,0,1,Unknown
1099,2018,Nexxen,Long Lake,AB,Energy,Private,Other,Yes,1,0,0,0,0,1,Unknown
2000,2018,E-T Energy Ltd.,Popular Creek,AB,Energy,Private,Clean Electricity,Yes,1,0,0,0,0,1,Unknown
2001,2018,Sunshine Oilsands Ltd.,Thickwood (Sunshine),AB,Energy,Private,Waste Biomass,Yes,1,0,0,0,0,1,Unknown
2002,2018,Sunshine Oilsands Ltd.,Harper,AB,Energy,Private,Oil & Gas - Upstream,No,1,0,0,0,0,1,Unknown
2003,2018,Devon Oil Canada,Pike (Formely Kirby),AB,Energy,Private,Oil & Gas - Upstream,No,1,0,0,0,0,1,Unknown
2004,2018,Husky Energy Inc.,Mcmullin,AB,Energy,Private,Clean Electricity,Yes,1,0,0,0,0,1,Unknown
2005,2018,Cenovus Energy Inc.,Ravin Ridge and Wallace Creek,AB,Energy,Private,Clean Electricity,Yes,1,0,0,0,0,1,Unknown
2006,2018,Strata Oil & Gas Inc.,Cadotte,AB,Energy,Private,Oil & Gas - Upstream,No,1,0,0,0,0,1,Unknown
2007,2018,Lacrina Energy,Burnt Lakes,AB,Energy,Private,Clean Electricity,Yes,1,0,0,0,0,1,Unknown
2008,2018,Lacrina Energy,"Conn Creek, Germain and Popular Creek",AB,Energy,Private,Clean Electricity,Yes,1,0,0,0,0,1,Unknown
2009,2018,Athabasca Oil Sands Corporation,Dover West Carbonites and Clastics,AB,Energy,Private,Oil & Gas - Upstream,No,1,0,0,0,0,1,Unknown
2013,2018,Bremner Trio Hydro Corp,Trio Creek Hydro Project,BC,Energy,Public,Clean Electricity,Yes,1,0,0,0,0,0,<$100M
2014,2018,Goldcorp Inc.,Borden,ON,Mining,Private,Precious Metal,No,1,0,0,0,1,1,Unknown
2015,2018,Tahoe Resources Inc.,Bell Creek Mill Expansion,ON,Mining,Private,Other,No,1,0,0,0,0,0,<$100M
2016,2018,Goldcorp Inc.,Musselwhite Materials Handling Project,ON,Mining,Private,Precious Metal,No,1,0,0,0,1,0,$100M - $499M
2017,2018,Swift River LP,North Bala Small Hydro Project,ON,Energy,Private,Clean Electricity,Yes,1,0,0,0,1,0,<$100M
2018,2018,Peeshoo Energy Limited Partnership,Peeshoo Project,ON,Energy,Private,Clean Electricity,Yes,1,0,0,0,1,1,<$100M
2019,2018,Horizon Hydro LP,Trout Lake River Hydroelectric Project,ON,Energy,Public,Clean Electricity,Yes,1,0,0,0,0,1,<$100M
2020,2018,PEI Energy Corporation,PEIEC Wind Farm #5,ON,Energy,Private,Clean Electricity,Yes,1,0,0,0,0,1,<$100M
2021,2018,Wendigo Power Partnership Inc.,Wendigo Waterpower Project,ON,Energy,Private,Clean Electricity,Yes,1,0,0,0,0,0,#N/A
2022,2018,Neeskah Energy Limited Partnership,Neeskah Project,ON,Energy,Private,Clean Electricity,Yes,1,0,0,1,0,1,#N/A
2023,2018,Wapoose Energy Limited Partnership,Wapoose Project,ON,Energy,Private,Clean Electricity,Yes,1,0,0,0,0,1,#N/A
2024,2018,Peterborough Utilities Inc.,London Street GS (Expansion),ON,Energy,Private,Other,Yes,1,0,0,0,0,0,#N/A
2025,2018,Synex Energy Resources Ltd.,Victoria Lake Hydro Project,BC,Energy,Private,Other,Yes,1,0,0,1,0,0,#N/A
2026,2018,H2O Power Limited Partnership,Fort Frances (Expansion),ON,Energy,Private,Other,Yes,1,0,0,1,0,0,#N/A
2027,2018,St. Catharines Hydro Generation Inc.,Shickluna Hydro Electric Generating Station,ON,Energy,Public,Clean Electricity,Yes,1,0,0,1,0,0,#N/A
2028,2018,Peterborough Utilities Hydro 24 LP,Peterborough Utilities Dam Hydro,ON,Energy,Public,Clean Electricity,Yes,1,0,0,1,0,0,<$100M
2029,2018,Trenton Lock 1 Hydro LP,Trenton Lock 1 Hydro Project,ON,Energy,Public,Clean Electricity,Yes,1,0,0,1,0,0,<$100M
2030,2018,Bawitik Power Corporation,Lock 25 Generating Station,ON,Energy,Private,Other,Yes,1,0,0,1,0,0,<$100M
2031,2018,Chaudiere Hydro LP,Chaudiere Hydro GS2 Facility,ON,Energy,Public,Clean Electricity,Yes,1,0,0,1,0,0,<$100M
2032,2018,Yellow Falls Power Limited Partnership,Yellow Falls Hydro GS,ON,Energy,Private,Clean Electricity,Yes,1,0,0,1,0,0,<$100M
2033,2018,OPG/Lower Mattagami Energy Limited Partnership,Little Long GS (Runner Upgrade) - Lower Mattagami,ON,Energy,Private,Other,Yes,1,0,0,0,1,0,<$100M
2034,2018,OPG/Lower Mattagami Energy Limited Partnership,Harmon GS (Runner Upgrade),ON,Energy,Private,Other,Yes,1,0,0,0,1,0,<$100M
2035,2018,Namewaminikan Hydro Inc.,Namewaminikan Waterpower Project,ON,Energy,Public,Clean Electricity,Yes,1,0,0,0,1,0,<$100M
2036,2018,Loyalist Solar LP,Loyalist Solar Project,ON,Energy,Private,Clean Electricity,Yes,1,0,0,1,0,0,$100M - $499M
2037,2018,Windsor Solar LP,Windsor Solar,ON,Energy,Private,Clean Electricity,Yes,1,0,0,0,1,0,$100M - $499M
2038,2018,Southgate Solar LP,Southgate Solar,ON,Energy,Private,Clean Electricity,Yes,1,0,0,1,0,0,$100M - $499M
2039,2018,Nanticoke Solar LP,Nanticoke Solar,ON,Energy,Private,Clean Electricity,Yes,1,0,0,1,0,0,$100M - $499M
2040,2018,Pendleton Energy Centre Limited Partnership,Pendleton Solar Energy Centre,ON,Energy,Private,Clean Electricity,Yes,1,0,0,0,1,0,<$100M
2041,2018,Sky Solar Ryerson LRP limited partnership,Sky One,ON,Energy,Private,Clean Electricity,Yes,1,0,0,0,1,0,<$100M
2042,2018,Barlow Energy Centre Limited Partnership,Barlow Energy Centre,ON,Energy,Private,Clean Electricity,Yes,1,0,0,1,0,0,<$100M
2043,2018,LSRA Solar Energy Partnership,Lake Simcoe Regional Airport Solar Project,ON,Energy,Private,Clean Electricity,Yes,1,0,0,0,1,0,<$100M
2044,2018,Settlers landing Wind Development Joint Venture,Settlers Landing Wind Park,ON,Energy,Private,Clean Electricity,Yes,1,0,0,1,0,0,<$100M
2045,2018,Henvey Inlet Wind LP,Nigig Power Corporation,ON,Energy,Private,Clean Electricity,Yes,1,0,0,1,0,0,$500M - $999M
2046,2018,Belle River Wind LP,Belle River Wind,ON,Energy,Private,Clean Electricity,Yes,1,0,0,0,1,0,$100M - $499M
2047,2018,North Kent Wind 1 LP,North Kent Wind 1,ON,Energy,Private,Clean Electricity,Yes,1,0,0,1,0,0,$100M - $499M
2048,2018,Nation Rise Wind Farm Limited Partnership,Nation Rise Wind,ON,Energy,Private,Clean Electricity,Yes,1,0,0,1,0,1,$100M - $499M
2049,2018,wpd White Pines Wind Incorporated,White Pines Wind Farm,ON,Energy,Private,Clean Electricity,Yes,1,0,0,0,0,0,$100M - $499M
2050,2018,Windlectric Inc.,Amherst Island Wind Project,ON,Energy,Private,Clean Electricity,Yes,1,0,0,0,1,0,$100M - $499M
2051,2018,Romney Energy Centre Limited Partnership,Romney Wind Energy Centre,ON,Energy,Private,Clean Electricity,Yes,1,0,0,0,1,0,$100M - $499M
2052,2018,Otter Creek Wind Farm Limited Partnership,Otter Creek Wind Farm,ON,Energy,Private,Clean Electricity,Yes,1,0,0,0,1,0,$100M - $499M
2053,2018,Strong Breeze Wind Power Partnership,Strong Breeze Wind Project,ON,Energy,Private,Clean Electricity,Yes,1,0,0,1,0,0,$100M - $499M
2054,2018,Parc eolien Gauthier LP,Parc eolien Gauthier,ON,Energy,Private,Other,Yes,1,0,0,1,0,0,<$100M
2055,2018,wpd Fairview Wind Incorporated,Fairview Wind Farm,ON,Energy,Private,Clean Electricity,Yes,1,0,0,1,0,0,<$100M
2056,2018,Port Ryerse Wind Farm Limited Partnership,UDI Port Ryerse Wind Farm,ON,Energy,Private,Clean Electricity,Yes,1,0,0,1,0,0,<$100M
2057,2018,Windstream Wolfe Island Shoals Inc.,Wolfe Island Shoals Wind Farm,ON,Energy,Private,Clean Electricity,Yes,1,0,0,1,0,0,$500M - $999M
2058,2018,wpd Sumac Ridge Wind Incorporated,Sumac Ridge Wind Farm,ON,Energy,Private,Clean Electricity,Yes,1,0,0,1,0,0,<$100M
2059,2018,Aeolis / Boralex,Hackney Hills Wind Park (Aeolis / Boralex),BC,Energy,Private,Other,Yes,1,0,0,1,0,0,<$100M
2060,2018,Pacific Future Energy,Pacific Future Energy Refinery Project,BC,Energy,Private,Clean Electricity,Yes,1,0,0,0,1,0,<$100M
2061,2018,Manitoba Hydro,Manitoba-Saskatchewan Transmission Projecct,MB,Energy,Public,Trans & Distr,No,1,0,0,0,1,1,<$100M
2062,2018,Manitoba Hydro,Pine Falls Units 1-4 Major Overhauls,MB,Energy,Public,Clean Electricity,Yes,1,0,0,0,0,0,<$100M
2063,2018,Manitoba Hydro,Lake Winnipeg East System Improvements,MB,Energy,Public,Clean Electricity,Yes,1,0,1,0,1,0,<$100M
2064,2018,Manitoba Hydro,Letellier - St. Vital 230kV Transmission,MB,Energy,Public,Trans & Distr,No,1,0,0,0,0,1,<$100M
2065,2018,Manitoba Hydro,Transmission Line Upgrades for Improved Clearance,MB,Energy,Public,Trans & Distr,No,1,0,0,0,0,0,<$100M
2066,2018,Manitoba Hydro,Steinbach Area 230-66kV Capacity Enhancements,MB,Energy,Public,Other,Yes,1,0,0,0,1,0,<$100M
2067,2018,Manitoba Hydro,St. Vital Station 115/24kV Station,MB,Energy,Public,Clean Electricity,Yes,1,0,1,0,1,0,<$100M
2068,2018,Manitoba Hydro,Dawson Road Station - 66/24kV,MB,Energy,Public,Clean Electricity,Yes,1,0,0,0,0,0,<$100M
2069,2018,Manitoba Hydro,New Adelaide Station - 66/12kV,MB,Energy,Public,Clean Electricity,Yes,1,0,1,0,1,0,<$100M
2070,2018,BMC Minerals Ltd.,Kudz Ze Kayah,YK,Mining,Private,Other,No,1,0,0,0,0,0,Unknown
2074,2018,Agnico-Eagle Mines Limited,Amaruq,NU,Mining,Private,Other,No,1,0,0,1,0,1,$100M - $499M
2075,2018,FireFly Metals Ltd. (previously owned by Rambler Mining and Metals),Green Bay Copper-Gold Project (formerly Ming Mine),NL,Mining,Private,Other,No,1,0,0,0,0,0,<$100M
2076,2018,Nalcor Energy,Labrador Transmission Assets,NL,Energy,Private,Trans & Distr,No,1,0,0,0,1,0,$500M - $999M
2077,2018,Newfoundland and Labrador Hydro,TL 266: 230 kV transmission line,NL,Energy,Public,Trans & Distr,No,1,0,1,0,1,0,<$100M
2078,2018,Algonquin Power & Utilities Corp.,Wind Project,SK,Energy,Private,Clean Electricity,Yes,1,0,0,0,0,1,$100M - $499M
2079,2018,Rocky Mountain Power,Qu'Appelle Hydroelectric Project,SK,Energy,Private,Clean Electricity,Yes,1,0,0,0,0,0,Unknown
2080,2018,SaskPower,Proposed Solar Power Project,SK,Energy,Public,Clean Electricity,Yes,1,0,0,1,0,1,Unknown
2081,2018,SaskPower,Chinook Natural Gas Power Station,SK,Energy,Public,NG Power Gen,No,1,0,0,0,0,0,$500M - $999M
2082,2018,SaskPower,Proposed Natural Gas Power Station,SK,Energy,Public,NG Power Gen,No,1,0,0,0,1,1,$500M - $999M
2083,2018,Ressources Falco ltee,Horne 5,QC,Mining,Private,Other,No,1,0,0,0,0,1,$500M - $999M
2084,2018,Agnico Eagle Mines,Goldex (extension : Deep 1),QC,Mining,Private,Precious Metal,No,1,0,1,0,0,0,$100M - $499M
2085,2018,Agnico Eagle Mines,LaRonde (extension LaRonde Zone 5),QC,Mining,Private,Other,No,1,0,0,0,0,0,<$100M
2087,2018,Canadian Malartic GP,Canadian Malartic,QC,Mining,Private,Other,No,1,0,0,1,0,0,$100M - $499M
2088,2018,Hecla Quao bec inc.,Casa Berardi (Golden Pound),QC,Mining,Private,Precious Metal,No,1,0,1,0,1,0,$100M - $499M
2092,2018,Miniere Osisko Inc.,Lac Windfall,QC,Mining,Private,Other,No,1,0,0,0,0,1,$100M - $499M
2093,2018,Nouveau Monde Graphite inc.,Matawinie,QC,Mining,Private,Other,No,1,0,0,0,0,1,$100M - $499M
2094,2018,Tata Steel Minerals Canada,DSO-Volet Quao bao cois,QC,Mining,Private,Other,No,1,0,0,0,0,0,Unknown
2095,2018,Quebec iron Ore Inc.,Lac Bloom,QC,Mining,Private,Other,No,1,0,0,1,0,0,Unknown
2096,2018,Glencore,McLeod-Deep,QC,Mining,Private,Other,No,1,0,0,0,1,1,Unknown
2098,2018,Exploration Typhon / Hao cla Quao bec inc.,Fayolle,QC,Mining,Private,Other,No,1,0,0,0,0,1,Unknown
2099,2018,Forex,Restart of LVL mill and addition of an OSB mill,QC,Forest,Private,EWP,Yes,1,0,1,0,0,0,<$100M
2101,2018,Kruger,Convert newsprint machine to board machine for boxboard,QC,Forest,Private,Pulp & Paper,No,1,0,1,0,0,0,$100M - $499M
2102,2018,Fortress,Addition of 5th digester unit for dissolving pulp,QC,Forest,Private,Pulp & Paper,No,1,0,1,0,0,0,<$100M
2103,2018,Neste / BELT,Biorefinery,QC,Forest,Private,Other,Yes,1,0,0,0,0,1,$500M - $999M
2104,2018,Domtar,Co generation addition 18 MW,QC,Forest,Private,Other,Yes,1,0,1,0,0,0,<$100M
2106,2018,AE Cote Nord,Biorefinery,QC,Forest,Private,Other,Yes,1,0,0,0,0,0,$100M - $499M
2107,2018,Kruger,Install new tissue paper machine,QC,Forest,Private,Pulp & Paper,No,1,0,1,0,1,0,<$100M
2108,2018,White Birch Paper,Fiber extraction for bioplastics,QC,Forest,Private,Other,Yes,1,0,0,0,0,0,<$100M
2109,2018,Kruger,Paper machine #10 conversion on paperboard,QC,Forest,Private,Pulp & Paper,No,1,0,1,0,1,0,$100M - $499M
2110,2018,"Nation Innue, RES et Boralex",Apuiat,QC,Energy,Private,Other,Yes,1,0,0,0,0,1,$500M - $999M
2111,2018,Finaxo Canada inc.,Cogao nao ration Bedford,QC,Energy,Private,Other,Yes,1,0,0,0,0,1,Unknown
2112,2018,Domtar inc.,Usine de Windsor - TG2,QC,Energy,Private,"DER, Storage, EV",Yes,1,0,1,0,0,0,<$100M
2113,2018,"aonergie LSQ, S.E.C.",aonergie LSQ,QC,Energy,Private,Other,Yes,1,0,0,0,0,1,Unknown
2114,2018,Chantiers Chibougamau inc.,Centrale de cogeneration Assinica,QC,Energy,Private,Other,Yes,1,0,0,0,0,1,Unknown
2115,2018,Cogeneration Val-d'Or,Cogeneration Val-d'Or,QC,Energy,Private,Other,Yes,1,0,0,0,0,1,<$100M
2116,2018,Cenovus Energy,Christina Lake,AB,Energy,Private,Other,Yes,1,0,0,0,0,0,"$1,000M - $4,999M"
2117,2018,Canadian Natural Resources Ltd. (CNRL),Horizon,AB,Energy,Private,Oil & Gas - Upstream,No,1,0,0,0,1,0,"$1,000M - $4,999M"
2118,2018,Pembina Pipeline Corp. and Petrochemical Industries Company,Propylene and Polypropylene Facility,AB,Energy,Private,Oil & Gas - Upstream,No,1,0,0,0,1,1,"$1,000M - $4,999M"
2119,2018,Inter Pipeline,Propane Dehydrogenation (PDH) Facility,AB,Energy,Private,Clean Electricity,Yes,1,0,0,0,0,0,"$1,000M - $4,999M"
2120,2018,Wahpeestan Energy Limited Partnership,Wahpeestan Project,ON,Energy,Private,Clean Electricity,Yes,0,1,0,0,1,1,<$100M
2121,2018,Ainsworth Energy Co. Ltd.,Anahim Lake Bioenergy Project,BC,Energy,Private,Waste Biomass,Yes,0,1,0,0,0,1,<$100M
2122,2018,Yun Ka Whu'ten Holdings,Biomass Project - Anahim Lake,BC,Energy,Private,Waste Biomass,Yes,0,1,0,0,0,1,<$100M
2123,2018,Ainsworth Energy Co. Ltd.,Tumbler Ridge Bioenergy Project,BC,Energy,Private,Waste Biomass,Yes,0,1,0,0,0,1,<$100M
2124,2018,Nations Energy Corp.,Biomass Project - Kamloops,BC,Energy,Private,Waste Biomass,Yes,0,1,0,0,0,1,<$100M
2126,2018,CNRL / NRC / Pond Biofuels,Algae Carbon Conversion Pilot Project,AB,Energy,Private,CCUS,Yes,0,1,0,0,0,1,<$100M
3001,2018,Pinnacle Pellets (70% ownership) and West Fraser (30% ownership),Pellet Plant,BC,Forest,Private,Other,Yes,0,1,0,0,0,0,<$100M
3002,2018,La Granaduiere,Pellet Plant,QC,Forest,Private,Other,Yes,0,1,0,0,1,1,<$100M
3004,2018,FPInnovations and Resolute Forest Products,TMP-Bio,ON,Forest,Private,Other,Yes,0,1,0,0,0,1,<$100M
3005,2018,Kruger,Operations diversification,QC,Forest,Private,Other,Yes,0,1,0,0,0,1,<$100M
3006,2018,Kruger,Operations diversification,QC,Forest,Private,Other,Yes,0,1,0,0,0,1,<$100M
3007,2018,Kruger,Operations diversification,QC,Forest,Private,Other,Yes,0,1,0,0,0,1,<$100M
3008,2018,Fortress Global Enterprises,Bioproduct mill,QC,Forest,Private,Pulp & Paper,No,0,1,0,0,0,1,$100M - $499M
3100,2018,CST Group Ltd,Grande Cache,AB,Mining,Private,Other,No,0,1,0,0,0,0,<$100M
3101,2018,Frontier Lithium Inc.,Pakeagama Lake,ON,Mining,Private,Critical Mineral,Yes,0,1,0,0,1,1,$100M - $499M
3102,2018,Tacora Resources Inc,Scully,NL,Mining,Private,Other,No,0,1,0,0,0,1,$100M - $499M
3103,2018,Goldcorp Inc.,Porcupine (Century),ON,Mining,Private,Precious Metal,No,0,1,0,0,0,1,"$1,000M - $4,999M"
3104,2018,Gensource Potash Corp,Vanguard,SK,Mining,Private,Other,No,0,1,0,0,0,1,$100M - $499M
3105,2018,Ram River Coal,Aries,AB,Mining,Private,Coal,No,0,1,0,0,0,1,"$1,000M - $4,999M"
3106,2018,Glencore plc,Onaping Depth,ON,Mining,Private,Other,No,0,1,0,0,0,1,$500M - $999M
3200,2018,Innergex Renewable Energy Inc.,Big Creek Hydroelectric,BC,Energy,Private,Clean Electricity,Yes,0,1,0,0,0,1,Unknown
3201,2018,Bridge Power Hydro Developments Ltd.,Bitter Creek,BC,Energy,Public,Clean Electricity,Yes,0,1,0,0,0,1,Unknown
3202,2018,BC Hydro,BC Hydro Upgrade Alberni/Long Beach Transmission Line,BC,Energy,Public,Clean Electricity,Yes,0,1,0,0,0,1,Unknown
3204,2018,Canadian Nuclear Laboratories,Port Hope Long-Term Waste Management Facility for Low-Level Radioactive Waste,ON,Energy,Private,Waste Biomass,Yes,0,1,0,0,0,0,Unknown
3205,2018,NB Power,Fundy Isles Transmission Power Line Project,NB,Energy,Public,Trans & Distr,No,0,1,0,0,1,1,<$100M
3206,2018,Hydro-Quebec,New England Clean Energy Connect (NECEC) project,QC,Energy,Public,Clean Electricity,Yes,0,1,0,0,0,1,$500M - $999M
3208,2018,"Transmission Developers Inc. (TDI),",Transmission Line - Champlain Hudson Power Express,QC,Energy,Private,Trans & Distr,No,0,1,0,0,0,1,"$1,000M - $4,999M"
3209,2018,Sorgent.e Hydro Canada,Clemina Creek Hydro Project,BC,Energy,Public,Clean Electricity,Yes,0,1,0,0,0,0,<$100M
3211,2018,Dahl Creek Hydro Power Limited Partnership,Dahl Creek Hydroelectric Project,BC,Energy,Private,Clean Electricity,Yes,0,1,0,0,1,1,Unknown
3212,2018,BluEarth Renewables Inc.,Dasque Creek,BC,Energy,Private,Clean Electricity,Yes,0,1,0,0,0,0,Unknown
3213,2018,BlueEarth Renewables Inc.,Culliton Creek Power Project,BC,Energy,Private,Clean Electricity,Yes,0,1,0,0,1,0,<$100M
3214,2018,Castle Mountain Hydro,Castle Creek Hydropower Project,BC,Energy,Public,Clean Electricity,Yes,0,1,0,0,1,0,<$100M
3215,2018,Dokie Phase II Wind Power Project,0,BC,Energy,Private,Clean Electricity,Yes,0,1,0,0,1,1,$100M - $499M
3400,2018,Nova Chemicals,Polyethylene Facility and Corunna Cracker Expansion,ON,Energy,Private,Oil & Gas - Downstream,No,0,1,0,0,0,0,"$1,000M - $4,999M"
3401,2018,Dow Chemical,Expansion of Fort Saskatchewan Facility,AB,Energy,Private,Other,Yes,0,1,0,0,1,1,$100M - $499M
3402,2018,Dow Chemical Canada,Dow Net-Zero Polyethylene and Ethylene Derivatives Facility,AB,Energy,Private,Clean Electricity,Yes,0,1,0,0,0,1,"$5,000M+"
3500,2018,Cenovus Energy,Narrows Lake,AB,Energy,Private,Clean Electricity,Yes,0,1,0,0,0,1,"$1,000M - $4,999M"
3501,2018,Husky Energy Inc.,Husky Energy Exploration Drilling Project,NL,Energy,Private,Oil & Gas - Upstream,No,0,1,0,0,0,1,$100M - $499M
3502,2018,BP Canada,Newfoundland Orphan Basin Exploration Drilling Project,NL,Energy,Private,Oil & Gas - Upstream,No,0,1,0,0,0,1,$100M - $499M
3503,2018,Nexen,Nexen Energy Flemish Pass Exploration Drilling Project,NL,Energy,Private,Oil & Gas - Upstream,No,0,1,0,0,0,1,$100M - $499M
3504,2018,Statoil Canada,Flemish Pass Exploration Drilling Project,NL,Energy,Private,Oil & Gas - Upstream,No,0,1,0,0,0,1,$500M - $999M
3505,2018,Irving and Irving Tissue,Modernization to improve energy use and decrease carbon emissions.,NB,Forest,Private,Other,Yes,0,1,0,0,0,1,<$100M
3506,2018,Materiaux Blanchet,Modernization,QC,Forest,Private,Other,Yes,0,1,0,0,0,1,<$100M
3507,2018,Resolute,Capacity increase,QC,Forest,Private,Pulp & Paper,No,0,1,0,0,0,1,<$100M
3508,2018,Skeena Sawmills,Pellet Plant,BC,Forest,Private,Other,Yes,0,1,0,0,0,1,<$100M
3509,2018,Wataynikaneyap Power,Wataynikaneyap Transmission Project,ON,Energy,Private,Trans & Distr,No,0,1,0,0,0,1,"$1,000M - $4,999M"
3600,2018,Fibre Pontiac,Fibre Pontiac (The Biomass Conversion Centre),QC,Energy,Private,Waste Biomass,Yes,0,1,0,0,0,1,$100M - $499M
3601,2018,PEI Energy Corporation,Slemon Park Micro-Grid Project,PE,Energy,Private,Trans & Distr,No,0,1,0,0,0,1,<$100M
3602,2018,Enbridge Pipelines Inc.,Line 21 (Norman Wells Pipeline) Segment Replacement Project,NT,Energy,Private,Trans & Distr,No,0,1,0,0,0,1,$500M - $999M
3603,2018,Maritime Resources Corp.,Hammerdown (Green Bay),NL,Mining,Private,Precious Metal,No,0,1,0,0,0,1,<$100M
3604,2018,AuMEGA (previously Matador Mining Limited),Cape Ray,NL,Mining,Private,Other,No,0,1,0,0,0,1,<$100M
3607,2018,North Coal Ltd./CanAus Coal Ltd.,Michel Creek Coking Coal,BC,Mining,Private,Coal,No,0,1,0,0,0,1,Unknown
3608,2018,Coeur Silvertip Holdings,Silvertip,BC,Mining,Private,Precious Metal,No,0,1,0,0,0,1,<$100M
3610,2018,Telkwa Mining Ltd.,Tenas Project,BC,Mining,Private,Coal,No,0,1,0,0,0,1,<$100M
3611,2018,Spanish Mountain Gold Ltd.,Spanish Mountain,BC,Mining,Private,Precious Metal,No,0,1,0,0,0,1,$500M - $999M
3615,2018,NB Power,Advanced Meter Infrastructure,NB,Energy,Public,Waste Biomass,Yes,0,1,0,0,0,1,<$100M
3616,2018,NB Power,Point Lepreau Nuclear Generating Station Major Outage and Inspections,NB,Energy,Public,Nuclear,Yes,0,1,0,0,0,1,<$100M
3617,2018,St Barbara Ltd.,Beaver Dam Gold Project,NS,Mining,Private,Other,No,0,1,0,0,0,1,$100M - $499M
3618,2018,Keyera Corp.,Wapiti Gas Plant Phase 1,AB,Energy,Private,Oil & Gas - Downstream,No,0,1,0,0,0,0,$100M - $499M
3619,2018,Keyera Corp.,Wapiti Gas Plant Phase 2,AB,Energy,Private,Oil & Gas - Downstream,No,0,1,0,0,1,0,$100M - $499M
3620,2018,SemCams,Wapiti Gas Plant,AB,Energy,Private,Oil & Gas - Downstream,No,0,1,0,0,1,0,$100M - $499M
3621,2018,Greengate Power Corporation,Travers Solar Project,AB,Energy,Private,Clean Electricity,Yes,0,1,0,0,1,1,$500M - $999M
3622,2018,CVW Cleantech,Titanium and Zircon Extraction Facility,AB,Mining,Private,Critical Mineral,Yes,0,1,0,0,0,1,$100M - $499M
3623,2018,Pembina Pipelines Corp.,Peace Pipeline Expansion,AB,Energy,Private,Trans & Distr,No,0,1,0,0,0,0,<$100M
3624,2018,Pembina Pipelines Corp.,Peace Pipeline Expansion,AB,Energy,Private,Trans & Distr,No,0,1,0,0,1,0,$100M - $499M
3625,2018,Pembina Pipelines Corp.,Peace Pipeline Expansion,AB,Energy,Private,Trans & Distr,No,0,1,0,0,1,1,$100M - $499M
3626,2018,Pembina Pipelines Corp.,Duvernay II,AB,Energy,Private,Oil & Gas - Upstream,No,0,1,0,0,0,0,$100M - $499M
3627,2018,Pembina Pipelines Corp.,Empress Extraction Plant Fractionation and Terminalling Facilities,AB,Energy,Private,Oil & Gas - Upstream,No,0,1,0,0,1,1,$100M - $499M
3628,2018,EPCOR,EL Smith Solar Farm,AB,Energy,Private,Clean Electricity,Yes,0,1,0,0,0,1,<$100M
3629,2018,NOVA Gas Transmission Ltd.,2019 NOVA NGTL Expansion (Montney and Duvernay Basins),AB,Energy,Private,Other,Yes,0,1,0,0,0,1,"$1,000M - $4,999M"
3630,2018,Field Upgrading,CleanSEAS Demonstration Plant,AB,Energy,Private,Waste Biomass,Yes,0,1,0,0,0,1,$100M - $499M
3631,2018,Gen III Oil Corp.,Bowden Re-refinery,AB,Energy,Private,Oil & Gas - Downstream,No,0,1,0,0,0,1,<$100M
3632,2018,Old Elm Wind Farm,Alberta Wind Energy Corp.,AB,Energy,Private,Clean Electricity,Yes,0,1,0,0,0,1,$100M - $499M
3633,2018,Tidewater Midstream,Dimsdale Gas Project,AB,Energy,Private,Other,Yes,0,1,0,0,0,1,$100M - $499M
3634,2018,Capital Power,Whitla Wind Facility,AB,Energy,Private,Clean Electricity,Yes,0,1,0,0,0,1,$100M - $499M
3635,2018,Tidewater Midstream/TransAlta,Tidewater/TransAlta Gas Pipeline,AB,Energy,Private,Trans & Distr,No,0,1,0,0,0,1,$100M - $499M
3636,2018,Imperial Oil Ltd.,Kearl Debottlenecking Expansion,AB,Energy,Private,Other,Yes,0,1,0,0,0,1,$500M - $999M
3637,2018,Keyera Corp.,North Wapiti Pipeline System,AB,Energy,Private,Trans & Distr,No,0,1,0,0,0,1,$100M - $499M
3638,2018,Kirkland Lake Gold Ltd.,Macassa Expansion,ON,Mining,Private,Other,No,0,1,0,0,0,1,$100M - $499M
3639,2018,Harte Gold Corp.,Sugar Zone,ON,Mining,Private,Precious Metal,No,0,1,0,0,0,0,$100M - $499M
3640,2018,Manitoba Hydro,Winnipeg-Brandon Transmission System Improvements,MB,Energy,Public,Trans & Distr,No,0,1,0,0,1,0,<$100M
3641,2018,Manitoba Hydro,Laverendrye-St.Vital 230kV Line & Breakers,MB,Energy,Public,Trans & Distr,No,0,1,0,0,1,0,<$100M
3642,2018,Manitoba Hydro,Reenders Station,MB,Energy,Public,Clean Electricity,Yes,0,1,0,0,1,1,<$100M
3643,2018,Manitoba Hydro,Dorsey Synchronous Condenser Refurbishment,MB,Energy,Public,Clean Electricity,Yes,0,1,0,0,0,0,<$100M
3644,2018,Manitoba Hydro,HVDC Transformer Sustainment,MB,Energy,Public,Trans & Distr,No,0,1,0,0,1,0,$100M - $499M
3645,2018,Equinor Canada,Bay du Nord offshore oil site,NL,Energy,Private,Oil & Gas - Upstream,No,0,1,0,0,1,1,"$5,000M+"
3646,2018,ChaudiaoAEre Hydro North LP,Gatineau No. 1 Rehabilitation/Capacity Expansion,ON,Energy,Public,Other,Yes,0,1,0,0,0,1,<$100M
0,2019,"Bighorn Mining, LTD",Vista Coal Project (Expansion Projects),AB,Mining,Private,Coal,No,1,0,0,0,0,1,$500M - $999M
1,2019,Premier Renewable Energy,Nicomen Wind Energy Project,BC,Energy,Private,Clean Electricity,Yes,1,0,0,0,0,1,$100M - $499M
2,2019,0887572 B.C. Ltd.,Campbell River Power Enterprises,BC,Energy,Private,Waste Biomass,Yes,1,0,0,0,0,1,$100M - $499M
10,2019,Aeolis Wind Power Corporation,Hackney Hills Wind Park,BC,Energy,Private,Clean Electricity,Yes,1,0,0,0,0,1,$100M - $499M
11,2019,Agnico-Eagle Mines Limited,Meliadine,NU,Mining,Private,Precious Metal,No,1,0,1,0,0,0,"$1,000M - $4,999M"
19,2019,Alberta Wind Energy Corp./Mainstream Renewable Power,Windy Point Wind Farm,AB,Energy,Private,Clean Electricity,Yes,1,0,0,0,0,1,$100M - $499M
21,2019,Champion Iron Limited,Kamistiatusset (Kami),NL,Mining,Private,Base Metal,No,1,0,0,0,0,1,"$1,000M - $4,999M"
27,2019,Alta Energy Corp.,Lower Wood River Hydropower Project,BC,Energy,Private,Clean Electricity,Yes,1,0,0,0,0,1,$100M - $499M
29,2019,AltaLink,Southern Alberta Transmission Reinforcement,AB,Energy,Private,Trans & Distr,No,1,0,1,0,0,0,$500M - $999M
36,2019,Alterra Power Corporation,Bute Inlet Hydroelectric Project,BC,Energy,Private,Clean Electricity,Yes,1,0,0,0,0,1,"$1,000M - $4,999M"
37,2019,"Woodside, Chevron",Kitimat LNG Terminal,BC,Energy,Private,Oil & Gas - Downstream,No,1,0,0,0,0,1,"$1,000M - $4,999M"
52,2019,Brion Energy Corporation,Dover (PetroChina),AB,Energy,Private,Oil & Gas - Upstream,No,1,0,0,0,0,1,"$5,000M+"
67,2019,BC Hydro,Peace River Site C Hydro-electric project,BC,Energy,Public,Clean Electricity,Yes,1,0,0,0,0,0,"$5,000M+"
68,2019,BC Hydro,John Hart Replacement,BC,Energy,Public,Clean Electricity,Yes,1,0,0,0,1,0,"$1,000M - $4,999M"
69,2019,BC Hydro,Ruskin Dam and Powerhouse Seismic Improvement Project,BC,Energy,Public,Clean Electricity,Yes,1,0,1,0,1,0,$500M - $999M
73,2019,BHP,Jansen Stage 1,SK,Mining,Private,Other,No,1,0,0,0,0,0,"$1,000M - $4,999M"
75,2019,IPC Canada Ltd.,Blackrod,AB,Energy,Private,Oil & Gas - Upstream,No,1,0,0,0,1,1,"$1,000M - $4,999M"
76,2019,Blue Fuel Energy Corp.,Clean Methanol Plant,BC,Energy,Private,Low Carbon Fuels,Yes,1,0,0,0,0,1,"$1,000M - $4,999M"
88,2019,"Canadian Kailuan Dehua Mines Co., Ltd.",Gething Coal Project,BC,Mining,Private,Coal,No,0,1,0,0,0,1,"$1,000M - $4,999M"
89,2019,Canadian Natural Resources Limited,Grouse,AB,Energy,Private,Oil & Gas - Upstream,No,1,0,0,0,0,1,"$1,000M - $4,999M"
90,2019,Canadian Natural Resources Ltd. (CNRL),Horizon (Mining),AB,Energy,Private,Oil & Gas - Upstream,No,1,0,0,0,0,1,"$5,000M+"
91,2019,Canadian Natural Resources Ltd. (CNRL),Kirby South,AB,Energy,Private,Oil & Gas - Upstream,No,1,0,0,0,0,1,$500M - $999M
92,2019,NorZinc,Prairie Creek,NT,Mining,Private,Critical Mineral,Yes,1,0,0,0,0,1,$100M - $499M
98,2019,Kutcho Copper Corp.,Kutcho Creek,BC,Mining,Private,Critical Mineral,Yes,1,0,0,0,0,0,$100M - $499M
100,2019,Alamos Gold Inc.,Lynn Lake (Gordon site),MB,Mining,Private,Precious Metal,No,1,0,0,1,0,1,$100M - $499M
103,2019,Cenovus Energy,Grand Rapids (Cenovus),AB,Energy,Private,Oil & Gas - Upstream,No,1,0,0,0,0,0,"$5,000M+"
107,2019,Cenovus Energy,Narrows Lake,AB,Energy,Private,Clean Electricity,Yes,1,0,0,1,0,1,"$1,000M - $4,999M"
109,2019,"Exxon Mobil Corp., Imperial Oil Ltd., Statoil, Chevron, Repsol, Husky",Oil and Gas Exploration,NL,Energy,Private,Oil & Gas - Upstream,No,1,0,0,0,0,1,"$1,000M - $4,999M"
114,2019,NWP Coal Canada Ltd.,Crown Mountain Coal Project,BC,Mining,Private,Coal,No,1,0,0,0,0,1,$100M - $499M
126,2019,Connacher Oil & Gas Ltd.,Great Divide,AB,Energy,Private,Oil & Gas - Upstream,No,1,0,0,0,0,1,$500M - $999M
130,2019,Corporation Lithium Elements Critiques,Rose Lithium-Tantalum Mine,QC,Mining,Private,Critical Mineral,Yes,1,0,0,0,0,1,$100M - $499M
140,2019,Canadian Natural Resources Limited,Pike (Formely Kirby),AB,Energy,Private,Oil & Gas - Upstream,No,1,0,0,0,0,1,"$5,000M+"
141,2019,Devon Canada Corp.,Walleye,AB,Energy,Private,Other,Yes,1,0,0,0,0,0,$100M - $499M
162,2019,Enhance Energy Inc.,CO2 Pipeline (Alberta Carbon Trunk Line),AB,Energy,Private,CCUS,Yes,1,0,0,1,0,0,$500M - $999M
165,2019,WindRiver Power Corp.,Kinskuch Hydroelectric Project,BC,Energy,Private,Clean Electricity,Yes,1,0,0,0,1,1,$100M - $499M
186,2019,Fortune Minerals Limited,NICO Cobalt-Gold-Bismuth Mine,NT,Mining,Private,Precious Metal,No,1,0,0,0,0,1,$500M - $999M
187,2019,Fortune Minerals Ltd.,Saskatchewan Metals Processing Plant,SK,Mining,Private,Critical Mineral,Yes,1,0,0,0,0,1,$100M - $499M
188,2019,Fosthall Creek Power LP,Fosthall Creek Hydropower Project,BC,Energy,Private,Clean Electricity,Yes,1,0,0,0,0,1,<$100M
204,2019,Grizzly Oil Sands ULC,May River,AB,Energy,Private,Oil & Gas - Upstream,No,1,0,0,0,0,1,$100M - $499M
207,2019,Harvest Operations Corp.,BlackGold Oil Sands Project,AB,Energy,Private,Oil & Gas - Upstream,No,1,0,0,0,0,1,$500M - $999M
208,2019,Hawkeye Energy Corp.,Hawkeye Green Energy Grid Project,BC,Energy,Private,Trans & Distr,No,1,0,0,0,0,1,$100M - $499M
209,2019,HD Mining International Ltd.,Murray River Coal Project,BC,Mining,Private,Coal,No,1,0,0,0,0,1,$500M - $999M
219,2019,Hydro-Quebec,Complexe hydroao lectrique La Romaine,QC,Energy,Public,Clean Electricity,Yes,1,0,0,0,0,0,"$5,000M+"
220,2019,Hydro-Quebec,Renovation de groupes a la centrale electrique Beauharnois,QC,Energy,Public,Clean Electricity,Yes,1,0,0,0,1,0,"$1,000M - $4,999M"
241,2019,Keyera Facilities Income Fund (Keyera),NGL Storage Facility Expansion,AB,Energy,Private,"DER, Storage, EV",Yes,1,0,0,0,1,0,<$100M
242,2019,Kinder Morgan,Trans Mountain Pipeline Expansion (TMX),Multi,Energy,Private,Trans & Distr,No,1,0,0,0,1,1,"$5,000M+"
243,2019,Kinder Morgan Canada,Edmonton Terminal Storage Expansion Part 2,AB,Energy,Private,"DER, Storage, EV",Yes,1,0,0,0,0,0,$100M - $499M
245,2019,Kitamaat Renewable Energy Corporation,Crab/Europa Hydroelectric Project,BC,Energy,Private,Clean Electricity,Yes,1,0,0,1,0,1,$100M - $499M
247,2019,Koch Industries,Muskwa,AB,Energy,Private,Other,Yes,1,0,0,0,0,1,$500M - $999M
261,2019,Manitoba Hydro,Keeyask Generating Station,MB,Energy,Public,Other,Yes,1,0,0,0,0,0,"$5,000M+"
266,2019,MAXIM Power Corp.,HR Milner Generating Station Expansion,AB,Energy,Private,Other,Yes,1,0,1,0,1,0,"$1,000M - $4,999M"
269,2019,Meadow Lake Tribal Council,Biomass Generator,SK,Energy,Private,Waste Biomass,Yes,1,0,0,0,0,1,<$100M
273,2019,Mao taux BlackRock Inc.,Black Rock,QC,Mining,Private,Critical Mineral,Yes,1,0,0,0,0,1,$500M - $999M
276,2019,Mine Arnaud Inc.,Arnaud Apatite Mine,QC,Mining,Private,Precious Metal,No,1,0,0,0,0,1,$500M - $999M
281,2019,Mosaic Potash,Potash Mine Expansion,SK,Mining,Private,Precious Metal,No,1,0,0,0,0,0,"$1,000M - $4,999M"
283,2019,Mount Hays Wind Farm Limited Partnership,Mount Hays Wind Farm,BC,Energy,Private,Clean Electricity,Yes,1,0,0,0,1,1,Unknown
290,2019,Nalcor Energy,Muskrat Falls Hydroelectric Generating Station and Labrador Transmission Assets,NL,Energy,Private,Trans & Distr,No,1,0,0,0,0,0,"$5,000M+"
292,2019,Natural Resources Canada,Port Granby Long-Term Low-Level Radioactive Waste Management,ON,Energy,Private,Waste Biomass,Yes,1,0,0,0,1,0,$100M - $499M
293,2019,Capstone Infrastructure Corporation,Wild Rose' Wind Farm (Phase 2),AB,Energy,Private,Clean Electricity,Yes,1,0,0,0,1,1,$100M - $499M
294,2019,NB Power,Mactaquac Dam upgrades,NB,Energy,Public,Clean Electricity,Yes,0,1,0,0,0,1,"$1,000M - $4,999M"
298,2019,NB Power and Partners,Smart Grid Investments Phase,NB,Energy,Public,Trans & Distr,No,0,1,0,0,0,1,$100M - $499M
299,2019,Nemaska Lithium inc.,Whabouchi,QC,Mining,Private,Critical Mineral,Yes,1,0,0,0,0,0,$500M - $999M
306,2019,BluEarth Renewables,Hand Hills' Wind Farm (78MW),AB,Energy,Private,Clean Electricity,Yes,1,0,0,0,1,1,$100M - $499M
314,2019,Ring of Fire Metals Pty Ltd.,Eagle's Nest (McFaulds Lake),ON,Mining,Private,Critical Mineral,Yes,1,0,0,0,0,1,$500M - $999M
315,2019,North American Palladium,Lac des Iles palladium mine (expansion),ON,Mining,Private,Precious Metal,No,1,0,0,0,0,1,<$100M
329,2019,Northcliff Resources (HDI Mining),Sisson Project,NB,Mining,Private,Other,No,1,0,0,0,0,1,$500M - $999M
333,2019,Ontario Power Generation,Darlington Refurbishment Project,ON,Energy,Public,Clean Electricity,Yes,1,0,0,0,0,0,"$5,000M+"
334,2019,Ontario Power Generation,The Deep Geologic Repository Project,ON,Energy,Public,Clean Electricity,Yes,1,0,0,0,1,1,"$1,000M - $4,999M"
341,2019,Osum Oil Sands Corp.,Taiga,AB,Energy,Private,Oil & Gas - Upstream,No,1,0,0,0,0,1,"$1,000M - $4,999M"
345,2019,Greengen Holdings Ltd,Bremner Creek Hydro Project,BC,Energy,Private,Clean Electricity,Yes,1,0,0,0,0,0,<$100M
346,2019,"Woodside, Chevron (Kitimat LNG)",Pacific Trail Pipeline,BC,Energy,Private,Trans & Distr,No,1,0,0,0,1,1,"$1,000M - $4,999M"
360,2019,Polaris Minerals Corp.,Eagle Rock Quarry,BC,Mining,Private,Other,No,1,0,0,0,0,0,$100M - $499M
371,2019,Metaux Torngat ltee,Strange Lake / B-Zone,QC,Mining,Private,Other,No,1,0,0,1,0,1,"$1,000M - $4,999M"
376,2019,Magneto Investments Limited Partnership,Dumont,QC,Mining,Private,Critical Mineral,Yes,1,0,0,0,0,1,"$1,000M - $4,999M"
381,2019,Ryan River Joint Venture Regional Power,Ryan River Hydro Project,BC,Energy,Private,Clean Electricity,Yes,1,0,0,0,0,1,$100M - $499M
387,2019,"Sea Breeze Pacific Juan de Fuca Cable, LP",Juan de Fuca Power Cable,BC,Energy,Private,Trans & Distr,No,1,0,0,0,0,1,$100M - $499M
389,2019,B2Gold Corp.,Back River Gold Project,NU,Mining,Private,Precious Metal,No,1,0,0,0,0,1,$100M - $499M
390,2019,Seabridge Gold Inc.,Kerr-Sulphurets-Mitchell (KSM),BC,Mining,Private,Precious Metal,No,1,0,0,0,0,1,"$5,000M+"
392,2019,Selkirk Power Company Ltd.,Beaver River Hydroelectric Project,BC,Energy,Private,Clean Electricity,Yes,1,0,0,0,0,1,$100M - $499M
397,2019,"LNG Canada (Shell Canada Limited, PETRONAS, Korea Gas Corporation (KOGAS), Mitsubishi Corporation, and PetroChina Company Limited)",LNG Canada Phase 1,BC,Energy,Private,Oil & Gas - Downstream,No,1,0,0,0,0,0,"$5,000M+"
399,2019,Canadian Natural Resources Limited,AOSP Jackpine,AB,Energy,Private,Other,Yes,0,1,0,0,1,1,"$5,000M+"
402,2019,Minco,Lundberg Zone Base Metals,NL,Mining,Private,Critical Mineral,Yes,1,0,0,0,0,1,$100M - $499M
403,2019,Shore Gold Inc.,Star-Orion Diamond Project,SK,Mining,Private,Precious Metal,No,1,0,0,0,0,1,"$1,000M - $4,999M"
405,2019,Skyline Gold Corporation,Bronson Slope Hydropower Projects,BC,Energy,Private,Clean Electricity,Yes,1,0,0,0,0,1,$100M - $499M
409,2019,SCCC Petroleum Corporation,Red Earth Pilot,AB,Energy,Private,Other,Yes,1,0,0,0,0,0,<$100M
415,2019,BluEarth Renewables,Stlixwim Renewable Energy Initiative-Ramona 3/Chickwat Creek/CC Creek/Narrows Inlet Hydro Project,BC,Energy,Private,Clean Electricity,Yes,1,0,0,1,0,0,$100M - $499M
418,2019,Strata Oil & Gas Inc.,Cadotte (Strata),AB,Energy,Private,Oil & Gas - Upstream,No,1,0,0,0,1,1,$100M - $499M
423,2019,Suncor Energy Inc.,Firebag,AB,Energy,Private,Clean Electricity,Yes,1,0,0,0,0,1,"$1,000M - $4,999M"
425,2019,"Suncor, ExxonMobil, Statoil, Husky Energy , Murphy Oil, Chevron, Mosbacher",Terra Nova (Asset Life Extension),NL,Energy,Private,Other,Yes,1,0,0,0,0,1,$100M - $499M
426,2019,Sunshine Oilsands,Legend Lake,AB,Energy,Private,Oil & Gas - Upstream,No,1,0,0,0,0,1,"$1,000M - $4,999M"
427,2019,Sunshine Oilsands Ltd.,Thickwood (Sunshine),AB,Energy,Private,Waste Biomass,Yes,1,0,0,0,0,1,"$1,000M - $4,999M"
429,2019,Sunshine Oilsands Ltd.,West Ells,AB,Energy,Private,Oil & Gas - Upstream,No,1,0,0,0,0,1,"$1,000M - $4,999M"
430,2019,Superior Laminated Lumber Corporation,construction of a new laminated veneer lumber manufacturing plant,ON,Forest,Private,Lumber,No,1,0,0,0,0,1,<$100M
435,2019,Syncrude Canada Ltd.,Syncrude (upgrading),AB,Energy,Private,Other,Yes,1,0,0,0,0,0,"$5,000M+"
436,2019,Syntaris Power Corp.,Jade Lake Power Project,BC,Energy,Private,Low Carbon Fuels,Yes,1,0,0,1,0,1,$100M - $499M
443,2019,Teck Coal Ltd.,Line Creek Coal Mine,BC,Mining,Private,Coal,No,0,1,0,0,0,1,<$100M
445,2019,Teck Resources Ltd.,Frontier and Equinox,AB,Energy,Private,Other,Yes,1,0,0,0,0,1,"$5,000M+"
467,2019,Vale,Copper Cliff Deep project,ON,Mining,Private,Base Metal,No,1,0,0,0,0,1,$500M - $999M
477,2019,Victoria Gold Corporation,Dublin Gulch (Eagle Gold),YK,Mining,Private,Precious Metal,No,1,0,0,0,0,0,$100M - $499M
481,2019,Fort St. James Green Energy Limited Partnership,Fort St-James Green Energy Project,BC,Energy,Private,Clean Electricity,Yes,1,0,1,0,1,0,$100M - $499M
482,2019,Western Bioenergy Inc.,Merritt Green Energy Project,BC,Energy,Private,Clean Electricity,Yes,1,0,1,0,0,0,$100M - $499M
488,2019,Western Copper and Gold Corporation,Casino Mine,YK,Mining,Private,Precious Metal,No,1,0,0,0,0,1,"$1,000M - $4,999M"
490,2019,Western Potash,Milestone,SK,Mining,Private,Critical Mineral,Yes,1,0,0,0,0,1,<$100M
503,2019,Alcoa,Modernisation d'aluminerie,QC,Mining,Private,Other,No,1,0,0,0,0,0,<$100M
515,2019,Athabasca Oil Corporation,Dover West Clastics,AB,Energy,Private,Oil & Gas - Upstream,No,0,1,0,0,1,1,$500M - $999M
516,2019,Centerra Gold Inc.,Kemess Underground Copper-Gold Mine,BC,Mining,Private,Precious Metal,No,1,0,0,0,0,1,$500M - $999M
519,2019,BC Hydro,"Surrey Area Substation Project (formerly Fleetwood Substation Project and Fraser Valley West Reinforcements),",BC,Energy,Public,Trans & Distr,No,1,0,0,0,0,0,<$100M
521,2019,BP,Offshore Oil and Gas Exploration,NS,Energy,Private,Oil & Gas - Upstream,No,1,0,1,0,1,0,"$1,000M - $4,999M"
522,2019,BURNCO Rock Products Ltd.,BURNCO Aggregate Project (McNab Creek),BC,Mining,Private,Other,No,1,0,0,0,0,1,<$100M
524,2019,Canadian Natural Resources Ltd. (CNRL),Kirby North,AB,Energy,Private,Oil & Gas - Upstream,No,1,0,0,0,0,0,"$1,000M - $4,999M"
529,2019,Cavalier Energy Inc.,Hoole (Paramount),AB,Energy,Private,Clean Electricity,Yes,0,1,0,0,1,1,$100M - $499M
530,2019,Centermount Coal Limited,Bingay Main Metallurgical Coal,BC,Mining,Private,Coal,No,0,1,0,0,0,1,$100M - $499M
531,2019,City of Surrey,Organic Biofuel Facility,BC,Energy,Public,Low Carbon Fuels,Yes,1,0,1,0,0,0,<$100M
533,2019,Granite Creek Copper,Carmacks Copper Project,YK,Mining,Private,Base Metal,No,1,0,0,0,0,1,$100M - $499M
536,2019,ecoTECH Energy Group (Canada) Inc,Biomass Project - McBride,BC,Energy,Private,Waste Biomass,Yes,1,0,0,0,0,1,$100M - $499M
542,2019,Encanto Potash / Muskowekwan Resources Ltd.,Muskowekwan Potash Mine,SK,Mining,Private,Precious Metal,No,1,0,0,0,0,1,"$1,000M - $4,999M"
545,2019,Holmes Hydro,Robson Valley Hydroelectric Project,BC,Energy,Public,Clean Electricity,Yes,0,1,0,0,0,1,$100M - $499M
547,2019,Hydro-Quebec,Raccordement du complexe de La Romaine au reseau de transport,QC,Energy,Public,Clean Electricity,Yes,1,0,0,0,0,0,"$1,000M - $4,999M"
566,2019,MEG Energy Corp.,Surmont (MEG),AB,Energy,Private,Clean Electricity,Yes,1,0,0,0,1,1,"$5,000M+"
573,2019,Nalcor Energy,Labrador-Island Transmission Link,NL,Energy,Private,Trans & Distr,No,1,0,0,0,0,0,"$1,000M - $4,999M"
574,2019,Naturener Energy Canada,Wild Rose' Wind Farm Phase 2 (162MW),AB,Energy,Private,Clean Electricity,Yes,1,0,0,0,1,1,$100M - $499M
575,2019,Artemis Gold Inc,Blackwater Gold Project,BC,Mining,Private,Precious Metal,No,1,0,0,0,0,1,"$1,000M - $4,999M"
577,2019,North West Redwater Partnership (Canadian Natural Resources Ltd. (CNRL) / North West Upgrading Inc.),North West Bitumen Upgrader Phase 1,AB,Energy,Private,Oil & Gas - Upstream,No,1,0,1,0,0,0,"$5,000M+"
578,2019,Oak Point Energy Ltd.,Lewis Steepbank (Oak Point),AB,Energy,Private,Clean Electricity,Yes,1,0,0,0,0,1,<$100M
582,2019,Pieridae Energy,Goldboro LNG Export facility,NS,Energy,Private,Oil & Gas - Downstream,No,1,0,0,0,0,1,"$5,000M+"
583,2019,Wellgreen Platinum Ltd.,Wellgreen,YK,Mining,Private,Other,No,1,0,0,0,0,1,$500M - $999M
584,2019,Quicksilver Resources/ Kohlberg Kravis Roberts & Co. L.P. (KKR),Fortune Creek Gas Plant,BC,Energy,Private,Oil & Gas - Downstream,No,1,0,0,0,0,1,$500M - $999M
587,2019,Rio Tinto Alcan Inc.,Kemano Tunnel Project (T2),BC,Energy,Private,Other,Yes,1,0,0,0,0,1,$500M - $999M
588,2019,BridgePower,Rocky Creek Wind Energy Project,BC,Energy,Private,Clean Electricity,Yes,0,1,0,0,0,1,"$1,000M - $4,999M"
593,2019,Enbridge,Westcoast Connector Gas Transmission Project,BC,Energy,Private,Trans & Distr,No,1,0,0,0,0,1,"$5,000M+"
595,2019,Surmont Energy Ltd.,Wildwood,AB,Energy,Private,Waste Biomass,Yes,1,0,0,0,0,0,$500M - $999M
600,2019,TransCanada,Coastal GasLink Pipeline Project (TransCanada),BC,Energy,Private,Trans & Distr,No,1,0,0,1,0,0,"$1,000M - $4,999M"
604,2019,TransCanada Keystone Pipeline GP Ltd.,Keystone XL Oil Pipeline Project,Multi,Energy,Private,Trans & Distr,No,1,0,0,0,1,0,"$1,000M - $4,999M"
606,2019,Treasury Metals Inc.,Goliath Complex,ON,Mining,Private,Precious Metal,No,1,0,0,0,1,1,$100M - $499M
607,2019,Value Creation Inc.,TriStar Advanced (In Situ + Upgrader),AB,Energy,Private,Oil & Gas - Downstream,No,1,0,0,0,0,1,"$1,000M - $4,999M"
620,2019,KGHM International,Victoria Project,ON,Mining,Private,Other,No,1,0,0,0,0,1,$500M - $999M
623,2019,Argonaut Gold,Magino Mine,ON,Mining,Private,Precious Metal,No,1,0,0,0,0,1,$500M - $999M
626,2019,IAMGOLD Corp./Sumitomo Metal Mining,Cote Lake Project,ON,Mining,Private,Precious Metal,No,1,0,0,0,0,1,"$1,000M - $4,999M"
628,2019,Yancoal Canada Resources,Southey Potash Project,SK,Mining,Private,Other,No,1,0,0,0,0,1,"$1,000M - $4,999M"
633,2019,Glencore plc,Sukunka Coal Mine,BC,Mining,Private,Coal,No,1,0,0,0,0,1,$100M - $499M
636,2019,Arianne Phosphate inc.,Lac a Paul Phosphate/Apatite mine,QC,Mining,Private,Precious Metal,No,1,0,0,0,0,1,"$1,000M - $4,999M"
637,2019,Commerce Resources corp.,Eldor Rare Earth Project,QC,Mining,Private,Critical Mineral,Yes,1,0,0,0,0,1,$500M - $999M
643,2019,Search Minerals Inc.,Deep Fox + Foxtrot,NL,Mining,Private,Critical Mineral,Yes,1,0,0,0,0,1,$100M - $499M
648,2019,Northern Graphite,Bissett Creek,ON,Mining,Private,Critical Mineral,Yes,1,0,0,0,0,1,$100M - $499M
649,2019,Husky Oil Operations Ltd.,Saleski' Thermal Oil Sands Project Using CSS,AB,Energy,Private,Oil & Gas - Upstream,No,1,0,0,0,0,1,$100M - $499M
650,2019,TransCanada,Prince Rupert Gas Transmission Project,BC,Energy,Private,Trans & Distr,No,1,0,0,0,0,1,"$5,000M+"
651,2019,FortisBC Energy (Vancouver Island) Inc.,Eagle Mountain - Woodfibre LNG Gas Pipeline Projects,BC,Energy,Private,Trans & Distr,No,1,0,0,0,0,1,$100M - $499M
652,2019,Woodfibre LNG,Woodfibre LNG project,BC,Energy,Private,Oil & Gas - Downstream,No,1,0,0,0,0,1,"$1,000M - $4,999M"
654,2019,Bruce Power,Bruce Nuclear Refurbishment,ON,Energy,Private,Nuclear,Yes,1,0,0,0,0,1,"$5,000M+"
658,2019,TransCanada,Napanee Generating Station,ON,Energy,Private,Other,Yes,1,0,0,0,0,0,"$1,000M - $4,999M"
659,2019,TransCanada,Heartland Pipeline Project,AB,Energy,Private,Trans & Distr,No,1,0,0,0,1,1,$500M - $999M
660,2019,ATCO Pipelines,Urban Pipeline Replacement Project,AB,Energy,Private,Trans & Distr,No,1,0,0,0,0,0,$500M - $999M
662,2019,Prosper Petroleum,Rigel Oil Sands Project,AB,Energy,Private,Oil & Gas - Upstream,No,1,0,0,0,1,1,$100M - $499M
668,2019,Pteragen Canada,Peace Butte Wind Farm,AB,Energy,Private,Clean Electricity,Yes,1,0,0,0,0,1,$100M - $499M
679,2019,Gibson Energy Inc.,Edmonton Terminal Expansion,AB,Energy,Private,Oil & Gas - Downstream,No,1,0,0,0,0,0,$100M - $499M
684,2019,Osum Oil Sands Corp.,Sepiko Kesik Project,AB,Energy,Private,Oil & Gas - Upstream,No,1,0,0,1,0,1,"$1,000M - $4,999M"
685,2019,Resolute Forest Products,Plant Modernization,ON,Forest,Private,Other,Yes,1,0,0,0,0,1,Unknown
688,2019,Graymont Western Canada Inc.,Giscome Quarry and Lime Plant Project,BC,Mining,Private,Other,No,1,0,0,0,0,1,$100M - $499M
689,2019,Innergex Wind Energy Inc and Saik'uz First Nation,"Nulki Hills, 30 km south of Vanderhoof",BC,Energy,Private,Clean Electricity,Yes,1,0,0,0,0,1,<$100M
690,2019,Innergex Renewable Energy Inc.,Statlu Creek Hydroelectric Project,BC,Energy,Private,Clean Electricity,Yes,0,1,0,0,0,1,<$100M
691,2019,EDF Energies Nouvelles,Sundance Wind Project,BC,Energy,Private,Clean Electricity,Yes,1,0,0,0,0,0,$500M - $999M
692,2019,EDF Renouvelables,Taylor Wind Project,BC,Energy,Private,Clean Electricity,Yes,1,0,0,1,0,1,$500M - $999M
693,2019,Imperial Oil Limited,Aspen' oil sands project (SAGD),AB,Energy,Private,Oil & Gas - Upstream,No,1,0,0,0,0,0,"$5,000M+"
694,2019,Goldcorp,Cochenour Mine,ON,Mining,Private,Precious Metal,No,1,0,0,0,1,0,$100M - $499M
697,2019,"Husky Energy Inc., Suncor, Nalcor Energy",White Rose Expansion - White Rose West,NL,Energy,Private,Clean Electricity,Yes,1,0,0,0,1,0,"$1,000M - $4,999M"
703,2019,Ethanol Cellulosique Varennes s.e.c. (Recyclage Carbone Varennes),Usine de carburant a faible intensite carbone (inclut un electrolyseur),QC,Energy,Private,Low Carbon Fuels,Yes,1,0,0,0,1,1,$100M - $499M
706,2019,Quicksilver Resources Canada Inc.,Discovery LNG,BC,Energy,Private,Oil & Gas - Downstream,No,1,0,0,0,0,1,"$1,000M - $4,999M"
708,2019,Fortis BC,Tilbury LNG Facility Expansion,BC,Energy,Private,Oil & Gas - Downstream,No,1,0,1,0,0,0,$100M - $499M
709,2019,TimberWest Forest Corp./EDP Renewables,Sooke Wind Project,BC,Energy,Private,Clean Electricity,Yes,1,0,0,0,0,0,$500M - $999M
712,2019,Sequoia Energy Inc.,Quottoon Cluster of Hydroelectric Projects,BC,Energy,Private,Clean Electricity,Yes,1,0,0,1,0,1,$100M - $499M
713,2019,NOVA Gas Transmission Ltd.,North Montney Mainline,BC,Energy,Private,Trans & Distr,No,1,0,0,0,0,0,"$1,000M - $4,999M"
718,2019,Kitimat Clean Ltd.,Kitimat Clean Oil Refinery,BC,Energy,Private,Oil & Gas - Downstream,No,1,0,0,0,1,1,"$5,000M+"
725,2019,Greater Vancouver Regional District,Capilano (Cleveland) Dam Power Plant,BC,Energy,Private,Clean Electricity,Yes,1,0,0,0,0,1,<$100M
754,2019,Pacific Coastal Wave Energy Corp.,Wave Energy Project,BC,Energy,Private,Clean Electricity,Yes,1,0,0,0,0,1,<$100M
758,2019,Pristine Power Inc./Cheslatta Forest Products,Cheslatta Green Energy Project,BC,Energy,Private,Clean Electricity,Yes,1,0,0,0,0,1,<$100M
759,2019,KMC Power,Tamihi Creek Hydro Project,BC,Energy,Private,Clean Electricity,Yes,1,0,0,0,0,1,<$100M
763,2019,Highwater Power Corporation,Kookipi Creek Water Power Project,BC,Energy,Private,Clean Electricity,Yes,1,0,0,0,0,1,<$100M
764,2019,Highwater Power Corporation Altagas Ltd.,Log Creek Water Power Project,BC,Energy,Private,Clean Electricity,Yes,1,0,0,0,0,1,<$100M
768,2019,Hiranandani Group / AC LNG,AC LNG,NS,Energy,Private,Oil & Gas - Downstream,No,1,0,0,0,0,1,"$1,000M - $4,999M"
770,2019,TransAlta,Sundance 7 Gas fired power plant,AB,Energy,Private,NG Power Gen,Yes,0,1,0,0,0,1,"$1,000M - $4,999M"
774,2019,Ironhead First Nations Partnership,Great Spirit Power Project,AB,Energy,Private,Low Carbon Fuels,Yes,1,0,0,0,0,1,"$1,000M - $4,999M"
775,2019,ATCO Power,ATCO Heartland Generating Station,AB,Energy,Private,Other,Yes,1,0,0,0,0,1,$500M - $999M
776,2019,North Atlantic Ironsands (a joint venture of Grand River Ironsands and Petmin Ltd.),Labrador Ironsands Project,NL,Mining,Private,Base Metal,No,1,0,0,0,0,0,$500M - $999M
778,2019,West High Yield Resources,Record Ridge Magnesium Project,BC,Mining,Private,Critical Mineral,Yes,1,0,0,1,0,1,$500M - $999M
783,2019,First Mining Gold Corp.,Springpole Lake Gold Project,ON,Mining,Private,Precious Metal,No,1,0,0,0,0,1,$500M - $999M
785,2019,Greenstone Gold Mines LP (Equinox Gold Corp./Orion Mine Finance Group),Greenstone,ON,Mining,Private,Precious Metal,No,1,0,0,0,0,1,"$1,000M - $4,999M"
786,2019,Riversdale Resources,Grassy Mountain,AB,Mining,Private,Other,No,1,0,0,0,0,1,$100M - $499M
787,2019,Commerce Resources,Blue River (Upper Fir) Tantalum/Niobium Project,BC,Mining,Private,Other,No,1,0,0,0,0,1,$100M - $499M
790,2019,Puma Exploration,Murray Brook Zinc/Lead/Gold Mine,NB,Mining,Private,Precious Metal,No,1,0,0,0,0,0,$100M - $499M
793,2019,Chaleur Terminals Inc.,Belledune Rail Terminal and Transfer System,NB,Energy,Private,Oil & Gas - Downstream,No,1,0,0,1,0,0,$100M - $499M
794,2019,Ascot Resources Ltd,Premier Gold Project,BC,Mining,Private,Precious Metal,No,1,0,0,1,0,1,$100M - $499M
795,2019,Nouveau Monde Graphite inc.,Uatnan,QC,Mining,Private,Critical Mineral,Yes,1,0,0,0,0,1,$100M - $499M
797,2019,Integra Gold,Lamaque Gold Project,QC,Mining,Private,Precious Metal,No,1,0,0,0,0,0,$100M - $499M
798,2019,Paper Excellence,Restart of Pulp Mill and new Biomass Power Generation,SK,Forest,Private,Pulp & Paper,No,1,0,0,1,0,1,$100M - $499M
799,2019,Alton Natural Gas Storage,Natural Gas Storage Facility,NS,Energy,Private,"DER, Storage, EV",Yes,1,0,0,0,0,1,$100M - $499M
802,2019,Vulcan Materials Company,Black Point Aggregate Project,NS,Mining,Private,Other,No,1,0,0,0,0,1,<$100M
807,2019,Fourth State Energy,Energy-from-Waste Facility,NS,Energy,Private,Waste Biomass,Yes,1,0,0,0,0,0,$100M - $499M
808,2019,Spartan Delta Inception Exploration Ltd.,Greenview Sour Gas plant,AB,Energy,Private,Oil & Gas - Downstream,No,1,0,0,1,0,1,<$100M
810,2019,CelluFuel,Bio-Diesel Project,NS,Energy,Private,Low Carbon Fuels,Yes,1,0,0,0,0,0,<$100M
812,2019,Ledwidge Lumber Co,Enfield Biomass Plant,NS,Energy,Private,Waste Biomass,Yes,1,0,0,1,0,0,<$100M
815,2019,Vanderwell Contractors,Bioenergy Project,AB,Forest,Private,Other,Yes,0,1,0,1,0,0,<$100M
817,2019,Focus Graphite inc.,Lac Knife,QC,Mining,Private,Critical Mineral,Yes,1,0,0,0,1,0,$100M - $499M
819,2019,Ville de Quao bec,Centre de biomao thanisation de loNagglomao ration de Quao bec (CBAQ),QC,Energy,Private,Waste Biomass,Yes,1,0,0,1,0,1,$100M - $499M
825,2019,Val aoo sociao tao en commandite / Algonquin Power Trust,Parc ao olien Belle-RiviaoAEre,QC,Energy,Private,Clean Electricity,Yes,1,0,0,0,0,1,<$100M
834,2019,MEG Energy Corp.,Christina Lake SAGD Project,AB,Energy,Private,Oil & Gas - Upstream,No,1,0,0,0,0,0,$500M - $999M
838,2019,Pembina Pipeline Corp.,Canadian Diluent Hub,AB,Energy,Private,Oil & Gas - Upstream,No,1,0,0,0,1,0,$100M - $499M
841,2019,Canadian Natural Resources Limited,Jackfish,AB,Energy,Private,Oil & Gas - Upstream,No,1,0,0,0,1,1,"$1,000M - $4,999M"
843,2019,Hoaogh LNG,GNL - Plan Nord - Hoaogh LNG navire,QC,Energy,Private,Oil & Gas - Downstream,No,1,0,0,0,0,0,$500M - $999M
846,2019,ENMAX Energy Corp. / Capital Power Corp,Genesee Generating Units 4 and 5,AB,Energy,Private,Other,Yes,1,0,0,1,0,1,"$1,000M - $4,999M"
847,2019,Cenovus Energy Inc.,Pelican Lake,AB,Energy,Private,Clean Electricity,Yes,1,0,0,0,0,1,"$1,000M - $4,999M"
848,2019,Gascana AB Energy,LNG Production Plant and other facilities,AB,Energy,Private,Oil & Gas - Downstream,No,1,0,0,0,0,1,"$1,000M - $4,999M"
850,2019,Syncrude Canada Ltd.,Stage 4a - MLX-W,AB,Energy,Private,Other,Yes,1,0,0,0,0,1,"$1,000M - $4,999M"
854,2019,ATCO Pipelines,Calgary Urban Pipeline Replacement Project,AB,Energy,Private,Trans & Distr,No,1,0,0,0,0,0,$100M - $499M
857,2019,Bear Head Energy,Bear Head Energy,NS,Energy,Private,Oil & Gas - Downstream,No,1,0,0,0,1,1,"$5,000M+"
862,2019,Taseko Mines Ltd.,Aley Niobium Project,BC,Mining,Private,Critical Mineral,Yes,1,0,0,0,0,1,$500M - $999M
863,2019,aonergie Saguenay GNL Quao bec inc.,aonergie Saguenay LNG,QC,Energy,Private,Oil & Gas - Downstream,No,1,0,0,0,0,1,"$5,000M+"
865,2019,Imperial Metals Corporation,Ruddock Creek Zinc-Lead Mine Development Project,BC,Mining,Private,Base Metal,No,1,0,0,0,0,1,$100M - $499M
868,2019,Teck Coal Ltd.,Baldy Ridge Extension Project,BC,Mining,Private,Coal,No,1,0,0,0,0,1,"$1,000M - $4,999M"
869,2019,BC Hydro,Cheakamus Unit 1 and Unit 2 Generator Replacement,BC,Energy,Public,Clean Electricity,Yes,1,0,0,0,0,0,<$100M
870,2019,BC Hydro,Peace Region Load Shedding RAS,BC,Energy,Public,Clean Electricity,Yes,1,0,1,0,1,0,<$100M
875,2019,Steelhead LNG Corp./ Huu-ay-aht First Nations,Steelhead LNG: Sarita LNG + Malahat LNG,BC,Energy,Private,Oil & Gas - Downstream,No,1,0,0,0,0,0,"$5,000M+"
876,2019,Kitsault Energy Ltd. of Canada,Kitsault LNG Facility,BC,Energy,Private,Oil & Gas - Downstream,No,1,0,0,1,0,0,Unknown
882,2019,ExxonMobil Canada Ltd./Imperial Oil Resources Limited,WCC LNG Ltd.,BC,Energy,Private,Oil & Gas - Downstream,No,1,0,0,1,0,1,"$5,000M+"
885,2019,Pacific Northern Gas Ltd.,Pacific Northern Gas Pipeline Looping Project,BC,Energy,Private,Trans & Distr,No,1,0,0,0,0,1,$100M - $499M
888,2019,"Stolt-Nielsen Gas Ltd., Sun LNG Holding, LNGaz Inc",Stolt LNGaz,QC,Energy,Private,Oil & Gas - Downstream,No,1,0,0,0,0,0,$500M - $999M
890,2019,Tugliq,GNL - Plan Nord - Tugliq/Ocao an-navire,QC,Energy,Private,Other,Yes,1,0,0,1,0,0,$100M - $499M
891,2019,Arctic Canadian Diamond Corp,Ekati (Misery Deep),NT,Mining,Private,Other,No,1,0,0,1,0,1,<$100M
892,2019,Rio Tinto and Dominion Diamond Corporation,A-21 Kimberlite Pipe Development,NT,Mining,Private,Critical Mineral,Yes,1,0,0,0,0,0,$100M - $499M
893,2019,PRISM Diversifed Ltd.,Clear Hills Project,AB,Mining,Private,Other,No,1,0,0,0,1,1,$100M - $499M
894,2019,Newmont Goldcorp Corp.,Coffee Gold Mine,YK,Mining,Private,Precious Metal,No,1,0,0,0,0,1,$100M - $499M
900,2019,Hydro-Quebec,Projet Chamouchouane-BDI & Poste Judith-Jasmin,QC,Energy,Public,Clean Electricity,Yes,1,0,0,0,0,0,"$1,000M - $4,999M"
903,2019,Osum Oil Sands Corp.,Orion,AB,Energy,Private,Oil & Gas - Upstream,No,1,0,0,0,1,1,$100M - $499M
906,2019,Northern Blizzard Resources Inc.,Pirtuk,AB,Energy,Private,Other,Yes,1,0,0,0,0,1,$100M - $499M
918,2019,Northern Cross Ltd.,Eagle Plains Oil and Gas Exploration,YK,Energy,Private,Oil & Gas - Upstream,No,1,0,0,0,0,1,$100M - $499M
919,2019,ATAC Resources Ltd.,Rackla Gold Project (Tiger Deposit),YK,Mining,Private,Precious Metal,No,1,0,0,0,0,1,$100M - $499M
921,2019,Aurvista Gold Corporation,Douay Ouest,QC,Mining,Private,Precious Metal,No,1,0,0,0,0,0,<$100M
928,2019,Interfor Corporation,Mill upgrade,BC,Forest,Private,Pulp & Paper,No,1,0,0,1,0,0,<$100M
936,2019,Mines Agnico Eagle ltee,Akasaba West Copper-Gold Mine,QC,Mining,Private,Precious Metal,No,1,0,0,0,1,1,<$100M
937,2019,"Canada Stewart Energy Group Ltd. (Northwest World Energy Services, Great United Petroleum Holding Co. Ltd.)",Canada Stewart Energy LNG Project,BC,Energy,Private,Oil & Gas - Downstream,No,1,0,0,0,0,1,Unknown
938,2019,Cedar LNG (partnership between Pembina Pipeline Corporation and Haisla Nation),Cedar LNG,BC,Energy,Private,Oil & Gas - Downstream,No,1,0,0,0,0,1,Unknown
939,2019,NewTimes Energy Ltd.,NewTimes Energy,BC,Energy,Private,Clean Electricity,Yes,1,0,0,0,0,1,Unknown
942,2019,Watson Island LNG Corporation,Watson Island LNG,BC,Energy,Private,Oil & Gas - Downstream,No,1,0,0,0,0,1,Unknown
943,2019,"Tilbury Jetty Marine Partnership (Fortis, Seaspan, Shell)",Tilbury Marine Jetty,BC,Energy,Private,Oil & Gas - Downstream,No,1,0,0,0,0,1,$100M - $499M
944,2019,Vale Newfoundland and Labrador Limited,Underground Mine Development,NL,Mining,Private,Precious Metal,No,1,0,0,0,0,0,"$1,000M - $4,999M"
946,2019,Unibord,Mill upgrade,QC,Forest,Private,Pulp & Paper,No,1,0,0,0,1,0,<$100M
951,2019,Dominion Diamonds Corp.,Ekati Diamond Mine Expansion - Jay Pipe,NT,Mining,Private,Precious Metal,No,1,0,0,1,0,1,$500M - $999M
952,2019,Glencore,Raglan(phase 2),QC,Mining,Private,Other,No,1,0,0,0,0,1,"$1,000M - $4,999M"
954,2019,AltaGas Ltd.,Fort St. John Liquids Hub,BC,Energy,Private,Other,Yes,1,0,0,0,0,0,$100M - $499M
955,2019,AltaGas Ltd.,Ridley Island Propane Export Terminal,BC,Energy,Private,Oil & Gas - Downstream,No,1,0,1,0,1,0,$100M - $499M
956,2019,Altalink,Chapel Rock to Pincher Creek Area Transmission Development,AB,Energy,Private,Trans & Distr,No,1,0,0,0,0,1,$500M - $999M
957,2019,Atrum Coal,Groundhog Project Anthracite Coal Mine,BC,Mining,Private,Coal,No,1,0,0,0,0,1,$100M - $499M
958,2019,BC Hydro,Tofino and Ahousaht LongTerm Power Supply,BC,Energy,Public,Trans & Distr,No,1,0,0,0,0,0,<$100M
962,2019,BC Hydro,Arnott Substation Capacity Upgrade Project,BC,Energy,Public,Trans & Distr,No,1,0,1,0,1,0,<$100M
963,2019,BC Hydro,Kamloops Substation,BC,Energy,Public,Trans & Distr,No,1,0,1,0,0,0,<$100M
964,2019,BC Hydro,Fort St. John and Taylor Electrical Supply,BC,Energy,Public,Clean Electricity,Yes,1,0,0,0,0,0,<$100M
965,2019,BC Hydro,G.M. Shrum Units 1 to 10 Control Systems Upgrade Project,BC,Energy,Public,Other,Yes,1,0,0,0,1,0,<$100M
966,2019,BC Hydro,Horne Payne Substation Project,BC,Energy,Public,Trans & Distr,No,1,0,0,0,1,0,<$100M
967,2019,BC Hydro,Campbell River Substation Capacity Upgrade,BC,Energy,Public,Trans & Distr,No,1,0,1,0,1,0,<$100M
968,2019,BC Hydro,BR1 Replace Transformers T1 & T2,BC,Energy,Public,Clean Electricity,Yes,1,0,1,0,0,0,<$100M
970,2019,Creative Energy Vancouver Platforms Inc.,Creative Energy Plant,BC,Energy,Private,Clean Electricity,Yes,1,0,0,0,0,1,$100M - $499M
972,2019,Eagle Spirit Energy Holdings Ltd./Aquilini Group,ESE Synthetic Crude Pipeline,BC,Energy,Private,Trans & Distr,No,1,0,0,0,0,1,"$5,000M+"
974,2019,Enbridge/ Borealis Inc./ Kitselas First Nation,Lakelse Geothermal Power Plant,BC,Energy,Private,Clean Electricity,Yes,1,0,0,0,0,1,<$100M
979,2019,Kitsault Energy Ltd. of Canada,Kitsault LNG Facility,BC,Energy,Private,Oil & Gas - Downstream,No,1,0,0,0,0,1,Unknown
980,2019,Kruger Energy Inc.,Isle Pierre Wind Farm,BC,Energy,Private,Clean Electricity,Yes,1,0,0,0,0,1,$100M - $499M
982,2019,Plateau Pipe Line Ltd.,Northeast British Columbia (NEBC) Expansion Project,BC,Energy,Private,Other,Yes,1,0,0,0,0,0,$100M - $499M
983,2019,Red Willow Wind LP,Red Willow Wind Farm,BC,Energy,Private,Clean Electricity,Yes,1,0,0,1,0,1,$100M - $499M
984,2019,Terasen Gas/Kelowna City,Kelowna City Centre Renewable Energy System,BC,Energy,Private,Clean Electricity,Yes,1,0,0,0,0,1,<$100M
988,2019,Zero Emission Energy Developments Inc.,Septimus Creek Wind Power Project,BC,Energy,Private,Clean Electricity,Yes,1,0,0,0,0,0,<$100M
996,2019,"AltaLink, ATCO",Central East Area Transmission Development,AB,Energy,Private,Trans & Distr,No,0,1,0,0,1,1,<$100M
1000,2019,AltaLink,Fort McMurray West 500 kV Transmission Project,AB,Energy,Private,Trans & Distr,No,1,0,0,0,0,0,"$1,000M - $4,999M"
1002,2019,"Ministere du developpement durable, de l'environnement et des parcs",Refection du barrage des Quinze,QC,Energy,Private,Other,Yes,1,0,0,0,1,0,<$100M
1003,2019,Churchill Falls (Labrador) Corporation,Electric Utility Capital Expenditures,NL,Energy,Private,Other,Yes,1,0,0,0,1,0,<$100M
1004,2019,Manitoba Hydro,ManitobaoNMinnesota Transmission Project,MB,Energy,Public,Trans & Distr,No,1,0,0,0,1,1,$100M - $499M
1007,2019,Iron Ore Company of Canada,Wabush 3 open Pit Mine,NL,Mining,Private,Precious Metal,No,1,0,1,0,0,0,<$100M
1010,2019,Newfoundland Power Inc.,Electric Utility Capital Program,NL,Energy,Private,Clean Electricity,Yes,1,0,0,0,0,0,<$100M
1012,2019,Kahnawake Sustainable Energies (KSE),Parc ao olien Saint-Cyprien,QC,Energy,Private,Other,Yes,1,0,0,0,1,1,<$100M
1015,2019,Newfoundland and Labrador Hydro,Various (2016 Capital Program),NL,Energy,Public,Clean Electricity,Yes,1,0,0,0,0,0,$100M - $499M
1017,2019,AltaLink,Red Deer Transmission Development,AB,Energy,Private,Trans & Distr,No,1,0,0,0,1,0,$100M - $499M
1018,2019,AltaLink,South and West of Edmonton Transmission Development,AB,Energy,Private,Trans & Distr,No,1,0,0,0,1,1,$100M - $499M
1020,2019,AltaLink,Sunnybrook and Livock Interconnection with Fort McMurray West 500 kV Transmission Facilities,AB,Energy,Private,Trans & Distr,No,1,0,0,0,0,0,<$100M
1021,2019,AltaLink,Thickwood Hills 240 kV Transmission Development and Reactive Power Reinforcement,AB,Energy,Private,Trans & Distr,No,1,0,0,1,0,0,$100M - $499M
1022,2019,De Beers Canada,Victor Extension,ON,Mining,Private,Other,No,1,0,0,1,0,0,Unknown
1023,2019,Nukik Corp.,Kivalliq Hydro Fibre Link,Multi,Energy,Public,Clean Electricity,Yes,1,0,0,1,0,1,$500M - $999M
1024,2019,NextBridge,East-West Tie Transmission Project,ON,Energy,Private,Trans & Distr,No,1,0,0,0,0,1,$500M - $999M
1026,2019,Hydro-Quebec,Rehabilitation de la centrale Robert-Bourassa,QC,Energy,Public,Clean Electricity,Yes,1,0,0,0,0,0,Unknown
1028,2019,Alamos Gold Inc.,Island Gold Expansion,ON,Mining,Private,Precious Metal,No,1,0,0,0,1,0,<$100M
1029,2019,Dominion Diamonds Corp.,Sable,NT,Mining,Private,Other,No,1,0,0,0,1,0,$100M - $499M
1030,2019,Rockhaven Resources Ltd.,Klaza,YK,Mining,Private,Other,No,1,0,0,0,1,1,$100M - $499M
1036,2019,Enbridge Pipelines Inc.,Line 3 Replacement Project,Multi,Energy,Private,Trans & Distr,No,1,0,0,0,0,0,"$1,000M - $4,999M"
1039,2019,Daishowa Marubeni Intl Ltd.,Steeper Energy - HydrofactionTM Oil from wood,AB,Forest,Private,Other,Yes,1,0,0,0,1,1,<$100M
1041,2019,"Energie hydroelectrique Pessamit, Societe en commandite",Centrale hydroelectrique des chutes du six milles,QC,Energy,Public,Clean Electricity,Yes,1,0,0,0,0,1,<$100M
1042,2019,BMC Minerals Ltd.,Kudz Ze Kayah,YK,Mining,Private,Other,No,1,0,0,0,0,1,$100M - $499M
1045,2019,Northern Energy Solutions (NES),NES Wood Pellet Plant,NB,Forest,Private,Other,Yes,1,0,0,0,0,1,<$100M
1048,2019,9139-3991 Quao bec Inc (Les Industries JPB),Centrale de cogao nao ration Valleyfied,QC,Energy,Private,Other,Yes,1,0,0,0,0,0,Unknown
1049,2019,"Energie hydroelectrique Pessamit, Societe en commandite",Centrale hydroelectrique de la chute du quatre milles,QC,Energy,Public,Clean Electricity,Yes,1,0,0,0,1,1,<$100M
1050,2019,"Manouane Sipi, Societe en commandite",Centrale hydroelectrique Manouane Sipi (Dam B),QC,Energy,Private,Clean Electricity,Yes,1,0,0,0,0,1,<$100M
1052,2019,Howse Minerals Limited,Howse Property Direct Shipping Ore Mine,NL,Mining,Private,Precious Metal,No,1,0,0,0,0,1,$100M - $499M
1056,2019,FPInnovations et Bioao nergie La Tuque,Vision La Tuque 2023,QC,Forest,Private,Other,Yes,1,0,0,0,0,1,$500M - $999M
1057,2019,Pacific Future Energy,Pacific Future Energy Oil Refinery,BC,Energy,Private,Oil & Gas - Downstream,No,1,0,0,0,0,1,"$5,000M+"
1058,2019,Protocol Biomass,Pellet Plant,ON,Forest,Private,Other,Yes,1,0,0,0,0,1,<$100M
1061,2019,Tembec (General Partnership),Specialty Cellulose Upgrade (digesters change),QC,Forest,Private,Pulp & Paper,No,1,0,0,0,0,1,$100M - $499M
1063,2019,NTPC,Taltson Hydroelectricity Expansion Project (Phase 1),NT,Energy,Private,Clean Electricity,Yes,1,0,0,0,0,1,"$1,000M - $4,999M"
1067,2019,Sayona Quebec inc.,Authier,QC,Mining,Private,Other,No,1,0,0,0,0,1,<$100M
1072,2019,BlackPearl Resources Inc.,Onion Lake Ohase 2,SK,Energy,Private,Other,Yes,1,0,1,0,0,0,$100M - $499M
1073,2019,Husky Energy Inc.,Rush Lake,SK,Energy,Private,Clean Electricity,Yes,1,0,0,0,0,0,Unknown
1074,2019,Athabasca Oil Sands Corporation,Kai Kos Dehseh,AB,Energy,Private,Oil & Gas - Upstream,No,1,0,0,0,1,1,Unknown
1076,2019,OSum Oil Sands Corp.,Orion,AB,Energy,Private,Oil & Gas - Upstream,No,1,0,0,0,0,1,Unknown
1077,2019,Cenovus Energy Inc.,Christina Lake,AB,Energy,Private,Other,Yes,1,0,0,0,0,1,$500M - $999M
1078,2019,ConocoPhillips Canada Limited,Surmont 2,AB,Energy,Private,Oil & Gas - Upstream,No,1,0,0,0,0,1,"$1,000M - $4,999M"
1079,2019,Japan Canada Oil Sands Limited (JACOS),Hangingstone,AB,Energy,Private,Oil & Gas - Upstream,No,1,0,0,0,0,1,"$1,000M - $4,999M"
1080,2019,Suncor Energy Inc.,Meadow Creek,AB,Energy,Private,Clean Electricity,Yes,1,0,0,0,0,1,Unknown
1081,2019,Sunshine Oilsands Ltd.,Thickwood,AB,Energy,Private,Waste Biomass,Yes,1,0,0,0,0,1,Unknown
1082,2019,Cenovus Energy Inc.,Narrows Lake,AB,Energy,Private,Clean Electricity,Yes,1,0,0,0,0,1,"$1,000M - $4,999M"
1083,2019,Value Creation Inc.,Heartland Upgrader,AB,Energy,Private,Oil & Gas - Downstream,No,1,0,0,0,0,1,Unknown
1084,2019,Penn West,Seal,AB,Energy,Private,Other,Yes,1,0,0,0,0,1,Unknown
1085,2019,Andora Energy Corporation,Sawn Lake,AB,Energy,Private,Clean Electricity,Yes,1,0,0,0,0,1,Unknown
1086,2019,ConocoPhillips Canada Limited,Surmont,AB,Energy,Private,Oil & Gas - Upstream,No,1,0,0,0,0,1,Unknown
1087,2019,Husky Energy Inc.,Dee Valley,SK,Energy,Private,Clean Electricity,Yes,1,0,0,0,0,0,$100M - $499M
1088,2019,Husky Energy Inc.,Spruce Lake Central,SK,Energy,Private,Clean Electricity,Yes,1,0,0,0,1,0,$100M - $499M
1089,2019,Husky Energy Inc.,Spruce Lake North,SK,Energy,Private,Clean Electricity,Yes,1,0,0,0,1,1,$100M - $499M
1090,2019,Value Creation Inc.,Heartland Upgrader,AB,Energy,Private,Oil & Gas - Downstream,No,1,0,0,0,0,1,Unknown
1091,2019,PTTEP Canada Limited,Mariana,AB,Energy,Private,Other,Yes,1,0,0,0,0,1,Unknown
1092,2019,Imperial Oil Ltd.,Cold Lake SAGD,AB,Energy,Private,Oil & Gas - Upstream,No,1,0,0,0,0,1,Unknown
1093,2019,Athabasca Oil Sands Corporation,Hangingstone,AB,Energy,Private,Oil & Gas - Upstream,No,1,0,0,0,0,1,Unknown
1094,2019,Imperial Oil Limited,Syncrude Mildred Lake Extension,AB,Energy,Private,Oil & Gas - Upstream,No,1,0,0,0,0,1,Unknown
1095,2019,MEG Energy Corp.,May River,AB,Energy,Private,Clean Electricity,Yes,1,0,0,0,0,1,"$5,000M+"
1096,2019,BP Plc,Terre De Grace,AB,Energy,Private,Other,Yes,1,0,0,0,0,1,Unknown
1097,2019,Canadian Natural Resources Limited,CCS Follow UP,AB,Energy,Private,"DER, Storage, EV",Yes,1,0,0,0,0,1,Unknown
1098,2019,Lacrina Energy,Saleski JV (Laricina/Osum),AB,Energy,Private,Clean Electricity,Yes,1,0,0,0,0,1,Unknown
1099,2019,Nexxen,Long Lake,AB,Energy,Private,Other,Yes,1,0,0,0,0,0,Unknown
2000,2019,E-T Energy Ltd.,Popular Creek,AB,Energy,Private,Clean Electricity,Yes,1,0,0,0,1,1,Unknown
2001,2019,Sunshine Oilsands Ltd.,Thickwood (Sunshine),AB,Energy,Private,Waste Biomass,Yes,1,0,0,0,0,1,Unknown
2002,2019,Sunshine Oilsands Ltd.,Harper,AB,Energy,Private,Oil & Gas - Upstream,No,1,0,0,0,0,1,Unknown
2003,2019,Devon Oil Canada,Pike (Formely Kirby),AB,Energy,Private,Oil & Gas - Upstream,No,1,0,0,0,0,1,Unknown
2004,2019,Husky Energy Inc.,Mcmullin,AB,Energy,Private,Clean Electricity,Yes,1,0,0,0,0,1,Unknown
2005,2019,Cenovus Energy Inc.,Ravin Ridge and Wallace Creek,AB,Energy,Private,Clean Electricity,Yes,1,0,0,0,0,1,Unknown
2006,2019,Strata Oil & Gas Inc.,Cadotte,AB,Energy,Private,Oil & Gas - Upstream,No,1,0,0,0,0,1,Unknown
2007,2019,Lacrina Energy,Burnt Lakes,AB,Energy,Private,Clean Electricity,Yes,1,0,0,0,0,1,Unknown
2008,2019,Lacrina Energy,"Conn Creek, Germain and Popular Creek",AB,Energy,Private,Clean Electricity,Yes,1,0,0,0,0,1,Unknown
2009,2019,Athabasca Oil Sands Corporation,Dover West Carbonites and Clastics,AB,Energy,Private,Oil & Gas - Upstream,No,1,0,0,0,0,1,Unknown
2013,2019,Bremner Trio Hydro Corp,Trio Creek Hydro Project,BC,Energy,Public,Clean Electricity,Yes,1,0,1,0,0,0,<$100M
2014,2019,Goldcorp Inc.,Borden,ON,Mining,Private,Precious Metal,No,1,0,0,0,0,0,Unknown
2015,2019,Tahoe Resources Inc.,Bell Creek Mill Expansion,ON,Mining,Private,Other,No,1,0,1,0,1,0,<$100M
2016,2019,Goldcorp Inc.,Musselwhite Materials Handling Project,ON,Mining,Private,Precious Metal,No,1,0,0,0,0,0,$100M - $499M
2017,2019,Swift River LP,North Bala Small Hydro Project,ON,Energy,Private,Clean Electricity,Yes,1,0,0,0,1,0,<$100M
2018,2019,Peeshoo Energy Limited Partnership,Peeshoo Project,ON,Energy,Private,Clean Electricity,Yes,1,0,0,0,1,1,<$100M
2019,2019,Horizon Hydro LP,Trout Lake River Hydroelectric Project,ON,Energy,Public,Clean Electricity,Yes,1,0,0,0,0,1,<$100M
2020,2019,PEI Energy Corporation,PEIEC Wind Farm #5,ON,Energy,Private,Clean Electricity,Yes,1,0,0,0,0,1,<$100M
2022,2019,Neeskah Energy Limited Partnership,Neeskah Project,ON,Energy,Private,Clean Electricity,Yes,1,0,0,0,0,1,#N/A
2023,2019,Wapoose Energy Limited Partnership,Wapoose Project,ON,Energy,Private,Clean Electricity,Yes,1,0,0,0,0,1,#N/A
2032,2019,Yellow Falls Power Limited Partnership,Yellow Falls Hydro GS,ON,Energy,Private,Clean Electricity,Yes,1,0,1,0,0,0,<$100M
2033,2019,OPG/Lower Mattagami Energy Limited Partnership,Little Long GS (Runner Upgrade) - Lower Mattagami,ON,Energy,Private,Other,Yes,1,0,1,0,0,0,<$100M
2034,2019,OPG/Lower Mattagami Energy Limited Partnership,Harmon GS (Runner Upgrade),ON,Energy,Private,Other,Yes,1,0,1,0,0,0,<$100M
2036,2019,Loyalist Solar LP,Loyalist Solar Project,ON,Energy,Private,Clean Electricity,Yes,1,0,1,0,0,0,$100M - $499M
2039,2019,Nanticoke Solar LP,Nanticoke Solar,ON,Energy,Private,Clean Electricity,Yes,1,0,1,0,0,0,$100M - $499M
2040,2019,Pendleton Energy Centre Limited Partnership,Pendleton Solar Energy Centre,ON,Energy,Private,Clean Electricity,Yes,1,0,1,0,0,0,<$100M
2042,2019,Barlow Energy Centre Limited Partnership,Barlow Energy Centre,ON,Energy,Private,Clean Electricity,Yes,1,0,1,0,0,0,<$100M
2045,2019,Henvey Inlet Wind LP,Nigig Power Corporation,ON,Energy,Private,Clean Electricity,Yes,1,0,0,0,0,0,$500M - $999M
2048,2019,Nation Rise Wind Farm Limited Partnership,Nation Rise Wind,ON,Energy,Private,Clean Electricity,Yes,1,0,0,0,1,0,$100M - $499M
2049,2019,wpd White Pines Wind Incorporated,White Pines Wind Farm,ON,Energy,Private,Clean Electricity,Yes,1,0,1,0,1,0,$100M - $499M
2050,2019,Windlectric Inc.,Amherst Island Wind Project,ON,Energy,Private,Clean Electricity,Yes,1,0,1,0,0,0,$100M - $499M
2051,2019,Romney Energy Centre Limited Partnership,Romney Wind Energy Centre,ON,Energy,Private,Clean Electricity,Yes,1,0,0,0,0,0,$100M - $499M
2059,2019,Aeolis / Boralex,Hackney Hills Wind Park (Aeolis / Boralex),BC,Energy,Private,Other,Yes,1,0,0,0,1,0,<$100M
2060,2019,Pacific Future Energy,Pacific Future Energy Refinery Project,BC,Energy,Private,Clean Electricity,Yes,1,0,0,0,1,0,<$100M
2061,2019,Manitoba Hydro,Manitoba-Saskatchewan Transmission Projecct,MB,Energy,Public,Trans & Distr,No,1,0,0,0,1,1,<$100M
2062,2019,Manitoba Hydro,Pine Falls Units 1-4 Major Overhauls,MB,Energy,Public,Clean Electricity,Yes,1,0,0,0,0,0,<$100M
2064,2019,Manitoba Hydro,Letellier - St. Vital 230kV Transmission,MB,Energy,Public,Trans & Distr,No,1,0,0,0,1,1,<$100M
2065,2019,Manitoba Hydro,Transmission Line Upgrades for Improved Clearance,MB,Energy,Public,Trans & Distr,No,1,0,0,0,0,0,<$100M
2066,2019,Manitoba Hydro,Steinbach Area 230-66kV Capacity Enhancements,MB,Energy,Public,Other,Yes,1,0,0,0,1,0,<$100M
2068,2019,Manitoba Hydro,Dawson Road Station - 66/24kV,MB,Energy,Public,Clean Electricity,Yes,1,0,0,0,1,0,<$100M
2069,2019,Manitoba Hydro,New Adelaide Station - 66/12kV,MB,Energy,Public,Clean Electricity,Yes,0,1,0,0,1,0,<$100M
2072,2019,Baffinland Iron Mines Corporation,Mary River Iron Ore project,NU,Mining,Private,Base Metal,No,0,1,0,0,1,1,"$1,000M - $4,999M"
2074,2019,Agnico-Eagle Mines Limited,Amaruq,NU,Mining,Private,Other,No,1,0,0,0,0,0,$100M - $499M
2075,2019,FireFly Metals Ltd. (previously owned by Rambler Mining and Metals),Green Bay Copper-Gold Project (formerly Ming Mine),NL,Mining,Private,Other,No,1,0,0,0,1,0,<$100M
2076,2019,Nalcor Energy,Labrador Transmission Assets,NL,Energy,Private,Trans & Distr,No,1,0,0,0,1,0,$500M - $999M
2078,2019,Algonquin Power & Utilities Corp.,Wind Project,SK,Energy,Private,Clean Electricity,Yes,1,0,0,0,1,1,$100M - $499M
2080,2019,SaskPower,Proposed Solar Power Project,SK,Energy,Public,Clean Electricity,Yes,1,0,0,0,0,0,Unknown
2081,2019,SaskPower,Chinook Natural Gas Power Station,SK,Energy,Public,NG Power Gen,No,1,0,0,1,0,0,$500M - $999M
2082,2019,SaskPower,Proposed Natural Gas Power Station,SK,Energy,Public,NG Power Gen,No,1,0,0,0,1,0,$500M - $999M
2083,2019,Ressources Falco ltee,Horne 5,QC,Mining,Private,Other,No,1,0,0,1,0,1,$500M - $999M
2087,2019,Canadian Malartic GP,Canadian Malartic,QC,Mining,Private,Other,No,1,0,0,0,0,0,$100M - $499M
2092,2019,Miniere Osisko Inc.,Lac Windfall,QC,Mining,Private,Other,No,1,0,0,0,1,1,$100M - $499M
2093,2019,Nouveau Monde Graphite inc.,Matawinie,QC,Mining,Private,Other,No,1,0,0,0,0,1,$100M - $499M
2095,2019,Quebec iron Ore Inc.,Lac Bloom,QC,Mining,Private,Other,No,1,0,1,0,0,0,Unknown
2096,2019,Glencore,McLeod-Deep,QC,Mining,Private,Other,No,1,0,0,0,0,0,Unknown
2098,2019,Exploration Typhon / Hao cla Quao bec inc.,Fayolle,QC,Mining,Private,Other,No,1,0,0,1,0,0,Unknown
2103,2019,Neste / BELT,Biorefinery,QC,Forest,Private,Other,Yes,1,0,0,1,0,0,$500M - $999M
2106,2019,AE Cote Nord,Biorefinery,QC,Forest,Private,Other,Yes,1,0,1,1,0,0,$100M - $499M
2108,2019,White Birch Paper,Fiber extraction for bioplastics,QC,Forest,Private,Other,Yes,1,0,0,0,0,0,<$100M
2110,2019,"Nation Innue, RES et Boralex",Apuiat,QC,Energy,Private,Other,Yes,1,0,0,0,1,1,$500M - $999M
2111,2019,Finaxo Canada inc.,Cogao nao ration Bedford,QC,Energy,Private,Other,Yes,1,0,0,0,0,1,Unknown
2113,2019,"aonergie LSQ, S.E.C.",aonergie LSQ,QC,Energy,Private,Other,Yes,1,0,0,0,0,1,Unknown
2114,2019,Chantiers Chibougamau inc.,Centrale de cogeneration Assinica,QC,Energy,Private,Other,Yes,1,0,0,0,0,1,Unknown
2115,2019,Cogeneration Val-d'Or,Cogeneration Val-d'Or,QC,Energy,Private,Other,Yes,1,0,0,0,0,1,<$100M
2116,2019,Cenovus Energy,Christina Lake,AB,Energy,Private,Other,Yes,1,0,0,0,0,0,"$1,000M - $4,999M"
2117,2019,Canadian Natural Resources Ltd. (CNRL),Horizon,AB,Energy,Private,Oil & Gas - Upstream,No,1,0,1,0,1,0,"$1,000M - $4,999M"
2118,2019,Pembina Pipeline Corp. and Petrochemical Industries Company,Propylene and Polypropylene Facility,AB,Energy,Private,Oil & Gas - Upstream,No,1,0,0,0,0,1,"$1,000M - $4,999M"
2119,2019,Inter Pipeline,Propane Dehydrogenation (PDH) Facility,AB,Energy,Private,Clean Electricity,Yes,1,0,0,0,0,0,"$1,000M - $4,999M"
2120,2019,Wahpeestan Energy Limited Partnership,Wahpeestan Project,ON,Energy,Private,Clean Electricity,Yes,1,0,0,0,1,1,<$100M
2121,2019,Ainsworth Energy Co. Ltd.,Anahim Lake Bioenergy Project,BC,Energy,Private,Waste Biomass,Yes,1,0,0,0,0,1,<$100M
2122,2019,Yun Ka Whu'ten Holdings,Biomass Project - Anahim Lake,BC,Energy,Private,Waste Biomass,Yes,1,0,0,0,0,1,<$100M
2123,2019,Ainsworth Energy Co. Ltd.,Tumbler Ridge Bioenergy Project,BC,Energy,Private,Waste Biomass,Yes,1,0,0,0,0,1,<$100M
2124,2019,Nations Energy Corp.,Biomass Project - Kamloops,BC,Energy,Private,Waste Biomass,Yes,1,0,0,0,0,1,<$100M
2126,2019,CNRL / NRC / Pond Biofuels,Algae Carbon Conversion Pilot Project,AB,Energy,Private,CCUS,Yes,1,0,0,0,0,1,<$100M
3001,2019,Pinnacle Pellets (70% ownership) and West Fraser (30% ownership),Pellet Plant,BC,Forest,Private,Other,Yes,1,0,1,0,0,0,<$100M
3002,2019,La Granaduiere,Pellet Plant,QC,Forest,Private,Other,Yes,1,0,0,0,0,1,<$100M
3004,2019,FPInnovations and Resolute Forest Products,TMP-Bio,ON,Forest,Private,Other,Yes,1,0,0,0,0,1,<$100M
3005,2019,Kruger,Operations diversification,QC,Forest,Private,Other,Yes,1,0,0,0,0,0,<$100M
3006,2019,Kruger,Operations diversification,QC,Forest,Private,Other,Yes,1,0,0,1,0,0,<$100M
3007,2019,Kruger,Operations diversification,QC,Forest,Private,Other,Yes,1,0,0,1,0,0,<$100M
3008,2019,Fortress Global Enterprises,Bioproduct mill,QC,Forest,Private,Pulp & Paper,No,1,0,0,1,0,1,$100M - $499M
3100,2019,CST Group Ltd,Grande Cache,AB,Mining,Private,Other,No,1,0,0,0,0,0,<$100M
3101,2019,Frontier Lithium Inc.,Pakeagama Lake,ON,Mining,Private,Critical Mineral,Yes,1,0,0,0,1,1,$100M - $499M
3102,2019,Tacora Resources Inc,Scully,NL,Mining,Private,Other,No,1,0,0,0,0,0,$100M - $499M
3103,2019,Goldcorp Inc.,Porcupine (Century),ON,Mining,Private,Precious Metal,No,1,0,0,0,1,1,"$1,000M - $4,999M"
3104,2019,Gensource Potash Corp,Vanguard,SK,Mining,Private,Other,No,1,0,0,0,0,1,$100M - $499M
3105,2019,Ram River Coal,Aries,AB,Mining,Private,Coal,No,1,0,0,0,0,1,"$1,000M - $4,999M"
3106,2019,Glencore plc,Onaping Depth,ON,Mining,Private,Other,No,1,0,0,0,0,1,$500M - $999M
3200,2019,Innergex Renewable Energy Inc.,Big Creek Hydroelectric,BC,Energy,Private,Clean Electricity,Yes,1,0,0,0,0,1,Unknown
3201,2019,Bridge Power Hydro Developments Ltd.,Bitter Creek,BC,Energy,Public,Clean Electricity,Yes,1,0,0,0,0,0,Unknown
3202,2019,BC Hydro,BC Hydro Upgrade Alberni/Long Beach Transmission Line,BC,Energy,Public,Clean Electricity,Yes,1,0,0,1,0,1,Unknown
3204,2019,Canadian Nuclear Laboratories,Port Hope Long-Term Waste Management Facility for Low-Level Radioactive Waste,ON,Energy,Private,Waste Biomass,Yes,1,0,0,0,0,0,Unknown
3205,2019,NB Power,Fundy Isles Transmission Power Line Project,NB,Energy,Public,Trans & Distr,No,1,0,0,0,1,0,<$100M
3206,2019,Hydro-Quebec,New England Clean Energy Connect (NECEC) project,QC,Energy,Public,Clean Electricity,Yes,1,0,0,0,1,1,$500M - $999M
3208,2019,"Transmission Developers Inc. (TDI),",Transmission Line - Champlain Hudson Power Express,QC,Energy,Private,Trans & Distr,No,1,0,0,0,0,1,"$1,000M - $4,999M"
3209,2019,Sorgent.e Hydro Canada,Clemina Creek Hydro Project,BC,Energy,Public,Clean Electricity,Yes,1,0,1,0,0,0,<$100M
3211,2019,Dahl Creek Hydro Power Limited Partnership,Dahl Creek Hydroelectric Project,BC,Energy,Private,Clean Electricity,Yes,1,0,0,0,0,1,Unknown
3212,2019,BluEarth Renewables Inc.,Dasque Creek,BC,Energy,Private,Clean Electricity,Yes,1,0,1,0,0,0,Unknown
3213,2019,BlueEarth Renewables Inc.,Culliton Creek Power Project,BC,Energy,Private,Clean Electricity,Yes,1,0,1,0,0,0,<$100M
3214,2019,Castle Mountain Hydro,Castle Creek Hydropower Project,BC,Energy,Public,Clean Electricity,Yes,1,0,1,0,0,0,<$100M
3215,2019,Dokie Phase II Wind Power Project,0,BC,Energy,Private,Clean Electricity,Yes,1,0,0,0,0,1,$100M - $499M
3400,2019,Nova Chemicals,Polyethylene Facility and Corunna Cracker Expansion,ON,Energy,Private,Oil & Gas - Downstream,No,1,0,0,0,0,0,"$1,000M - $4,999M"
3401,2019,Dow Chemical,Expansion of Fort Saskatchewan Facility,AB,Energy,Private,Other,Yes,1,0,0,0,1,1,$100M - $499M
3402,2019,Dow Chemical Canada,Dow Net-Zero Polyethylene and Ethylene Derivatives Facility,AB,Energy,Private,Clean Electricity,Yes,1,0,0,0,0,1,"$5,000M+"
3500,2019,Cenovus Energy,Narrows Lake,AB,Energy,Private,Clean Electricity,Yes,1,0,0,0,0,0,"$1,000M - $4,999M"
3501,2019,Husky Energy Inc.,Husky Energy Exploration Drilling Project,NL,Energy,Private,Oil & Gas - Upstream,No,1,0,0,1,0,1,$100M - $499M
3502,2019,BP Canada,Newfoundland Orphan Basin Exploration Drilling Project,NL,Energy,Private,Oil & Gas - Upstream,No,1,0,0,0,0,1,$100M - $499M
3503,2019,Nexen,Nexen Energy Flemish Pass Exploration Drilling Project,NL,Energy,Private,Oil & Gas - Upstream,No,1,0,0,0,0,1,$100M - $499M
3504,2019,Statoil Canada,Flemish Pass Exploration Drilling Project,NL,Energy,Private,Oil & Gas - Upstream,No,1,0,0,0,0,1,$500M - $999M
3505,2019,Irving and Irving Tissue,Modernization to improve energy use and decrease carbon emissions.,NB,Forest,Private,Other,Yes,1,0,0,0,0,0,<$100M
3506,2019,Materiaux Blanchet,Modernization,QC,Forest,Private,Other,Yes,1,0,0,1,0,1,<$100M
3507,2019,Resolute,Capacity increase,QC,Forest,Private,Pulp & Paper,No,1,0,0,0,0,1,<$100M
3508,2019,Skeena Sawmills,Pellet Plant,BC,Forest,Private,Other,Yes,1,0,0,0,0,1,<$100M
3509,2019,Wataynikaneyap Power,Wataynikaneyap Transmission Project,ON,Energy,Private,Trans & Distr,No,1,0,0,0,0,0,"$1,000M - $4,999M"
3600,2019,Fibre Pontiac,Fibre Pontiac (The Biomass Conversion Centre),QC,Energy,Private,Waste Biomass,Yes,1,0,0,0,1,1,$100M - $499M
3601,2019,PEI Energy Corporation,Slemon Park Micro-Grid Project,PE,Energy,Private,Trans & Distr,No,1,0,0,0,0,1,<$100M
3602,2019,Enbridge Pipelines Inc.,Line 21 (Norman Wells Pipeline) Segment Replacement Project,NT,Energy,Private,Trans & Distr,No,1,0,0,0,0,0,$500M - $999M
3603,2019,Maritime Resources Corp.,Hammerdown (Green Bay),NL,Mining,Private,Precious Metal,No,1,0,0,1,0,1,<$100M
3604,2019,AuMEGA (previously Matador Mining Limited),Cape Ray,NL,Mining,Private,Other,No,1,0,0,0,0,1,<$100M
3607,2019,North Coal Ltd./CanAus Coal Ltd.,Michel Creek Coking Coal,BC,Mining,Private,Coal,No,1,0,0,0,0,0,Unknown
3608,2019,Coeur Silvertip Holdings,Silvertip,BC,Mining,Private,Precious Metal,No,1,0,0,1,0,0,<$100M
3610,2019,Telkwa Mining Ltd.,Tenas Project,BC,Mining,Private,Coal,No,1,0,0,1,0,1,<$100M
3611,2019,Spanish Mountain Gold Ltd.,Spanish Mountain,BC,Mining,Private,Precious Metal,No,1,0,0,0,0,0,$500M - $999M
3615,2019,NB Power,Advanced Meter Infrastructure,NB,Energy,Public,Waste Biomass,Yes,1,0,0,1,0,0,<$100M
3616,2019,NB Power,Point Lepreau Nuclear Generating Station Major Outage and Inspections,NB,Energy,Public,Nuclear,Yes,1,0,0,1,0,0,<$100M
3617,2019,St Barbara Ltd.,Beaver Dam Gold Project,NS,Mining,Private,Other,No,1,0,0,0,1,1,$100M - $499M
3618,2019,Keyera Corp.,Wapiti Gas Plant Phase 1,AB,Energy,Private,Oil & Gas - Downstream,No,1,0,0,0,0,0,$100M - $499M
3619,2019,Keyera Corp.,Wapiti Gas Plant Phase 2,AB,Energy,Private,Oil & Gas - Downstream,No,1,0,0,0,1,0,$100M - $499M
3620,2019,SemCams,Wapiti Gas Plant,AB,Energy,Private,Oil & Gas - Downstream,No,1,0,1,0,1,0,$100M - $499M
3621,2019,Greengate Power Corporation,Travers Solar Project,AB,Energy,Private,Clean Electricity,Yes,1,0,0,0,0,1,$500M - $999M
3622,2019,CVW Cleantech,Titanium and Zircon Extraction Facility,AB,Mining,Private,Critical Mineral,Yes,1,0,0,0,0,1,$100M - $499M
3623,2019,Pembina Pipelines Corp.,Peace Pipeline Expansion,AB,Energy,Private,Trans & Distr,No,1,0,1,0,0,0,<$100M
3624,2019,Pembina Pipelines Corp.,Peace Pipeline Expansion,AB,Energy,Private,Trans & Distr,No,1,0,1,0,0,0,$100M - $499M
3625,2019,Pembina Pipelines Corp.,Peace Pipeline Expansion,AB,Energy,Private,Trans & Distr,No,1,0,0,0,0,0,$100M - $499M
3626,2019,Pembina Pipelines Corp.,Duvernay II,AB,Energy,Private,Oil & Gas - Upstream,No,1,0,0,0,1,0,$100M - $499M
3627,2019,Pembina Pipelines Corp.,Empress Extraction Plant Fractionation and Terminalling Facilities,AB,Energy,Private,Oil & Gas - Upstream,No,1,0,0,0,1,0,$100M - $499M
3628,2019,EPCOR,EL Smith Solar Farm,AB,Energy,Private,Clean Electricity,Yes,1,0,0,0,1,1,<$100M
3629,2019,NOVA Gas Transmission Ltd.,2019 NOVA NGTL Expansion (Montney and Duvernay Basins),AB,Energy,Private,Other,Yes,1,0,0,0,0,1,"$1,000M - $4,999M"
3630,2019,Field Upgrading,CleanSEAS Demonstration Plant,AB,Energy,Private,Waste Biomass,Yes,1,0,0,0,0,1,$100M - $499M
3631,2019,Gen III Oil Corp.,Bowden Re-refinery,AB,Energy,Private,Oil & Gas - Downstream,No,1,0,0,0,0,1,<$100M
3632,2019,Old Elm Wind Farm,Alberta Wind Energy Corp.,AB,Energy,Private,Clean Electricity,Yes,1,0,0,0,0,1,$100M - $499M
3633,2019,Tidewater Midstream,Dimsdale Gas Project,AB,Energy,Private,Other,Yes,1,0,0,0,0,1,$100M - $499M
3634,2019,Capital Power,Whitla Wind Facility,AB,Energy,Private,Clean Electricity,Yes,1,0,0,0,0,0,$100M - $499M
3635,2019,Tidewater Midstream/TransAlta,Tidewater/TransAlta Gas Pipeline,AB,Energy,Private,Trans & Distr,No,1,0,0,0,1,1,$100M - $499M
3636,2019,Imperial Oil Ltd.,Kearl Debottlenecking Expansion,AB,Energy,Private,Other,Yes,1,0,0,0,0,1,$500M - $999M
3637,2019,Keyera Corp.,North Wapiti Pipeline System,AB,Energy,Private,Trans & Distr,No,1,0,0,0,0,1,$100M - $499M
3638,2019,Kirkland Lake Gold Ltd.,Macassa Expansion,ON,Mining,Private,Other,No,1,0,0,0,0,1,$100M - $499M
3639,2019,Harte Gold Corp.,Sugar Zone,ON,Mining,Private,Precious Metal,No,1,0,1,0,0,0,$100M - $499M
3640,2019,Manitoba Hydro,Winnipeg-Brandon Transmission System Improvements,MB,Energy,Public,Trans & Distr,No,1,0,0,0,0,0,<$100M
3641,2019,Manitoba Hydro,Laverendrye-St.Vital 230kV Line & Breakers,MB,Energy,Public,Trans & Distr,No,1,0,0,0,1,0,<$100M
3642,2019,Manitoba Hydro,Reenders Station,MB,Energy,Public,Clean Electricity,Yes,1,0,0,0,1,1,<$100M
3643,2019,Manitoba Hydro,Dorsey Synchronous Condenser Refurbishment,MB,Energy,Public,Clean Electricity,Yes,1,0,0,0,0,0,<$100M
3644,2019,Manitoba Hydro,HVDC Transformer Sustainment,MB,Energy,Public,Trans & Distr,No,1,0,0,0,1,0,$100M - $499M
3645,2019,Equinor Canada,Bay du Nord offshore oil site,NL,Energy,Private,Oil & Gas - Upstream,No,1,0,0,0,1,1,"$5,000M+"
3646,2019,ChaudiaoAEre Hydro North LP,Gatineau No. 1 Rehabilitation/Capacity Expansion,ON,Energy,Public,Other,Yes,1,0,0,0,0,0,<$100M
4000,2019,Hydro One,Northwest Bulk Transmission Line Waasigan Transmission Line,ON,Energy,Public,Trans & Distr,No,0,1,0,1,0,1,Unknown
4002,2019,Hydro One,Clarington Transformer Station (In-service),ON,Energy,Public,Clean Electricity,Yes,0,1,0,0,0,0,$100M - $499M
4004,2019,ITC Holdings Corp. (subsidiary of Fortis),ITC Lake Erie Connector LLC,ON,Energy,Private,Other,Yes,0,1,0,0,1,1,"$1,000M - $4,999M"
4006,2019,Mines Agnico Eagle ltee,Wasamac,QC,Mining,Private,Precious Metal,No,0,1,0,0,0,1,$100M - $499M
4007,2019,NexGen Energy Ltd.,Rook I,SK,Mining,Private,Other,No,0,1,0,0,0,1,"$1,000M - $4,999M"
4008,2019,Denison Mines Corp.,Wheeler River - Phoenix,SK,Mining,Private,Other,No,0,1,0,0,0,1,$500M - $999M
4011,2019,Canadian Metals,Langis,QC,Mining,Private,Other,No,0,1,0,0,0,1,$100M - $499M
4012,2019,Lepidico Ltd.,L-Max Plant,ON,Mining,Private,Other,No,0,1,0,0,0,1,<$100M
4013,2019,Rio Tinto,Vaudreuil alumina refinery,QC,Mining,Private,Critical Mineral,Yes,0,1,0,0,0,1,$100M - $499M
4014,2019,Alcoa/Rio Tinto,The Elysis joint venture,QC,Mining,Private,Critical Mineral,Yes,0,1,0,0,0,1,$500M - $999M
4015,2019,Signal Gold Inc. (formerly Anaconda Mining),Goldboro Gold,NS,Mining,Private,Precious Metal,No,0,1,0,0,0,1,<$100M
4016,2019,Allkem Limited,James Bay Lithium,QC,Mining,Private,Critical Mineral,Yes,0,1,0,0,0,1,Unknown
4018,2019,San Group (Coulson Manufacturing Ltd.),Lumber mill,BC,Forest,Private,Lumber,No,0,1,0,0,0,1,<$100M
4019,2019,Kalesnikoff Lumber,Glulam beams and CLT,BC,Forest,Private,EWP,Yes,0,1,0,0,0,1,<$100M
4020,2019,Kruger,New tissue manufacturing facility,QC,Forest,Private,Pulp & Paper,No,0,1,0,0,0,1,$500M - $999M
4021,2019,Tolko,Mill upgrade,BC,Forest,Private,Pulp & Paper,No,0,1,0,0,0,1,<$100M
4022,2019,Skeena Sawmills,Mill upgrade,BC,Forest,Private,Pulp & Paper,No,0,1,0,0,0,1,<$100M
4024,2019,Active Energy Group,New advanced pellet plant,NL,Forest,Private,Other,Yes,0,1,0,0,0,1,<$100M
4025,2019,Barette-Chapais,Pellet plant,QC,Forest,Private,Other,Yes,0,1,0,0,0,1,<$100M
4026,2019,Resolute,Mill upgrade,ON,Forest,Private,Pulp & Paper,No,0,1,0,0,0,0,<$100M
4028,2019,Bois d'oeuvre Cedrico,Sawmill upgrade,QC,Forest,Private,Lumber,No,0,1,0,0,1,1,<$100M
4029,2019,Rayonier Advanced Materials,Sawmill upgrade,QC,Forest,Private,Lumber,No,0,1,0,0,0,1,<$100M
4030,2019,Gitxsan Development Corp and Airex Energy,Torrefied pellet plant,BC,Forest,Private,Other,Yes,0,1,0,0,0,1,<$100M
4031,2019,Uniboard,Mill upgrade,QC,Forest,Private,Pulp & Paper,No,0,1,0,0,0,1,<$100M
4032,2019,Kruger,Upgrade packaging plant,QC,Forest,Private,Other,Yes,0,1,0,0,0,1,<$100M
4033,2019,Hibernia Management and Development Company,Hibernia West Project,NL,Energy,Private,Other,Yes,0,1,0,0,0,1,"$1,000M - $4,999M"
4034,2019,NGTL,NGTL 2021 Expansion,AB,Energy,Private,Other,Yes,0,1,0,0,0,1,"$1,000M - $4,999M"
4035,2019,NGTL,NGTL 2022 Expansion (North Corridor and Edson Mainline),AB,Energy,Private,Trans & Distr,No,0,1,0,0,0,1,"$1,000M - $4,999M"
4036,2019,VanadiumCorp Resource inc.,Lac Dorao Vanadium,QC,Mining,Private,Critical Mineral,Yes,0,1,0,0,0,1,$100M - $499M
4037,2019,Les Ressources Yorbeau inc.,Lac scott,QC,Mining,Private,Other,No,0,1,0,0,0,1,$100M - $499M
4038,2019,SOQUEM-Focus graphite,Kwyjibo,QC,Mining,Private,Critical Mineral,Yes,0,1,0,0,0,1,$500M - $999M
4039,2019,Eastmain Resources,Eau Claire,QC,Mining,Private,Other,No,0,1,0,0,0,1,$100M - $499M
4040,2019,CRB Innovations,0,QC,Forest,Private,Other,Yes,0,1,0,0,0,1,Unknown
4041,2019,Gazoduq inc.,Gazoduq,Multi,Energy,Private,Other,Yes,0,1,0,0,0,1,"$1,000M - $4,999M"
4042,2019,Enel Green Power North America,Riverview Wind Farm (115 MW),AB,Energy,Private,Clean Electricity,Yes,0,1,0,0,0,1,$100M - $499M
4043,2019,Enel Green Power North America,Castle Rock Ridge Wind Power Plant Phase 2 (31 MW),AB,Energy,Private,Clean Electricity,Yes,0,1,0,0,0,1,Unknown
4044,2019,EDF Renewables Canada Inc.,Cypress Wind Power Project,AB,Energy,Private,Clean Electricity,Yes,0,1,0,0,0,1,Unknown
4045,2019,Potentia Renewables Inc.,Stirling Wind Power Project,AB,Energy,Private,Clean Electricity,Yes,0,1,0,0,0,1,Unknown
4046,2019,Capstone Infrastructure Corporation,Buffalo Atlee Wind Farm 1 -3,AB,Energy,Private,Clean Electricity,Yes,0,1,0,0,0,1,Unknown
4047,2019,TransAlta Corporation,Windrise Wind (207 MW),AB,Energy,Private,Clean Electricity,Yes,0,1,0,0,0,1,$100M - $499M
4048,2019,Potentia Renewables Inc.,Jenner Wind Power Project 1 and 2,AB,Energy,Private,Clean Electricity,Yes,0,1,0,0,0,1,Unknown
4049,2019,Innogy/Solar Krafte Utilities Inc,Prairie Sunlight II and III (30 MW and 27 MW),AB,Energy,Private,Clean Electricity,Yes,0,1,0,0,0,1,<$100M
4050,2019,Canadian Solar,Three solar farms,AB,Energy,Private,Clean Electricity,Yes,0,1,0,0,0,1,$100M - $499M
4051,2019,Canadian Solar,Suffield bi-facial solar Project,AB,Energy,Private,Clean Electricity,Yes,0,1,0,0,0,1,<$100M
4052,2019,Cascade Power,Cascade Natural Gas Project,AB,Energy,Private,NG Power Gen,No,0,1,0,0,0,1,"$1,000M - $4,999M"
4053,2019,Fengate Capital Management,Central Utility Block for Heartland Petrochemical Complex,AB,Energy,Private,Oil & Gas - Downstream,No,0,1,0,0,0,0,$500M - $999M
4054,2019,University of Alberta,South Campus District Energy System,AB,Energy,Private,Clean Heat,Yes,0,1,0,0,1,1,<$100M
4055,2019,Kineticor Resource Corp,Three Creeks Power Plant,AB,Energy,Private,NG Power Gen,Yes,0,1,0,0,0,1,$100M - $499M
4056,2019,Vanderwell Contractors,Vanderwell Sawmill bioenergy plant (3.6 MW),AB,Energy,Private,Waste Biomass,Yes,0,1,0,0,0,1,<$100M
4057,2019,EDF Renewables Canada,Vulcan Solar Project,AB,Energy,Private,Clean Electricity,Yes,0,1,0,0,0,1,$100M - $499M
4058,2019,Solar Krafte,Cassils Solar Project,AB,Energy,Private,Clean Electricity,Yes,0,1,0,0,0,0,<$100M
4059,2019,Solar Krafte,Prairie Sunlight I,AB,Energy,Private,Clean Electricity,Yes,0,1,0,0,1,1,$100M - $499M
4060,2019,Solar Krafte,Wrentham Solar Project,AB,Energy,Private,Clean Electricity,Yes,0,1,0,0,0,0,<$100M
4061,2019,Solar Krafte,Spring Coulle Solar Project,AB,Energy,Private,Clean Electricity,Yes,0,1,0,0,1,1,<$100M
4062,2019,Solar Krafte,Strathmore Solar Farm,AB,Energy,Private,Clean Electricity,Yes,0,1,0,0,0,1,<$100M
4063,2019,Suncor,Forty Mile Wind Power Project,AB,Energy,Private,Clean Electricity,Yes,0,1,0,0,0,1,Unknown
4064,2019,NGTL,NGTL Westpath Delivery project,AB,Energy,Private,Other,Yes,0,1,0,0,0,1,$100M - $499M
4066,2019,Westcoast,T South Expansion and Reliability Project,BC,Energy,Private,Other,Yes,0,1,0,0,0,1,$100M - $499M
4067,2019,Global First Power,Micro Modular Reactor demonstration project at Chalk River Laboratories,ON,Energy,Private,Nuclear,Yes,0,1,0,0,0,1,Unknown
4073,2019,PEI Energy Corporation,Western PEI Transmission Upgrade,PE,Energy,Private,Trans & Distr,No,0,1,0,0,0,1,<$100M
4077,2019,Synex Energy Resources Ltd.,Victoria Lake Hydro Project,BC,Energy,Private,Clean Electricity,Yes,0,1,0,0,0,1,<$100M
4079,2019,BC Hydro,Mica 600V Circuit Breaker Upgrades Project,BC,Energy,Public,Clean Electricity,Yes,0,1,0,0,0,0,<$100M
4080,2019,Pacific Greengen Power Inc.,Fries Creek Hydroelectric Project,BC,Energy,Private,Clean Electricity,Yes,0,1,0,0,1,1,<$100M
4081,2019,BC Hydro,Cheakamus Recoat Units 1 & 2 Penstock Project,BC,Energy,Public,Clean Electricity,Yes,0,1,0,0,0,0,<$100M
4084,2019,BC Hydro,Bridge River 2 - Strip and Recoat Penstock 1 Interior Project,BC,Energy,Public,Clean Electricity,Yes,0,1,0,0,1,0,<$100M
4091,2019,Moose Lake Wind LP,Moose Lake Wind Project,BC,Energy,Private,Clean Electricity,Yes,0,1,0,0,1,1,<$100M
4092,2019,BC Hydro,G.M. Shrum Spillway Gate Upgrade Project,BC,Energy,Public,Other,Yes,0,1,0,0,0,0,<$100M
4093,2019,BC Hydro,Mica Modernize Controls (Digital) Project,BC,Energy,Public,Clean Electricity,Yes,0,1,0,0,1,1,<$100M
4094,2019,BC Hydro,Barnard Substation 50/60 Feeder Section Replacement Project,BC,Energy,Public,Trans & Distr,No,0,1,0,0,0,0,<$100M
4096,2019,Boralex,Babcock Ridge Wind Farm,BC,Energy,Private,Clean Electricity,Yes,0,1,0,0,1,1,<$100M
4097,2019,Sukunka Wind Project LP,Sukunka Wind Energy Project,BC,Energy,Private,Clean Electricity,Yes,0,1,0,0,0,1,<$100M
4098,2019,Zonnebeke Wind Project LP,Zonnebeke Wind Energy Project,BC,Energy,Private,Clean Electricity,Yes,0,1,0,0,0,0,<$100M
4101,2019,BC Hydro,UBC Load Increase Stage 2 Project,BC,Energy,Public,Other,Yes,0,1,0,0,1,0,<$100M
4104,2019,Canfor Corporation/Licella,Biofuel Facility,BC,Energy,Private,Low Carbon Fuels,Yes,0,1,0,0,1,1,<$100M
4105,2019,BC Hydro,South Fraser Transmission Relocation Project,BC,Energy,Public,Trans & Distr,No,0,1,0,0,0,0,<$100M
4106,2019,BC Hydro,Downtown Vancouver Electricity Supply - West End Strategic Property Purchase,BC,Energy,Public,Clean Electricity,Yes,0,1,0,0,1,0,<$100M
4107,2019,BC Hydro,Mica Replace Units 1-4 Transformers Project,BC,Energy,Public,Clean Electricity,Yes,0,1,0,0,1,1,<$100M
4108,2019,BCHydro,LNG Canada Load Interconnection Project,BC,Energy,Public,Trans & Distr,No,0,1,0,0,0,0,<$100M
4109,2019,BC Hydro,Bridge River 2 Units 5 and 6 Upgrade Project,BC,Energy,Public,Other,Yes,0,1,0,0,1,1,<$100M
4111,2019,Borealis Geopower,Canoe Reach Geothermal Energy Project,BC,Energy,Private,Clean Electricity,Yes,0,1,0,0,0,1,$100M - $499M
4112,2019,Western Bioenergy Inc. (subsidiary of Dalkia Canada),Ditni Yoh Green Energy Project,BC,Energy,Private,Clean Electricity,Yes,0,1,0,0,0,1,$100M - $499M
4114,2019,WindRiver Power Corp.,Kinskuch Hydroelectric Project,BC,Energy,Private,Clean Electricity,Yes,0,1,0,0,0,0,$100M - $499M
4115,2019,Pembina Pipeline Corp.,Watson Island Propane Export Terminal,BC,Energy,Private,Oil & Gas - Downstream,No,0,1,0,0,1,1,$100M - $499M
4117,2019,BC Hydro,Peace Region Electricity Supply Project,BC,Energy,Public,Clean Electricity,Yes,0,1,0,0,0,0,$100M - $499M
4119,2019,AltaGas / Vopak Development Canada Inc.,Ridley Island Energy Export Facility (REEF),BC,Energy,Private,"DER, Storage, EV",Yes,0,1,0,0,1,1,$500M - $999M
4124,2019,Selkirk Metals Corp.,Gold Mine,BC,Mining,Private,Precious Metal,No,0,1,0,0,0,1,Unknown
4125,2019,Nisgaa Nation,Nisgaa LNG,BC,Energy,Private,Oil & Gas - Downstream,No,0,1,0,0,0,1,Unknown
4126,2019,Devon Energy Corporation/ BP JV,Pike,AB,Energy,Private,Clean Electricity,Yes,0,1,0,0,0,1,"$1,000M - $4,999M"
4128,2019,Gibson Energy Inc.,Hardisty Terminal Expansion,AB,Energy,Private,Oil & Gas - Downstream,No,0,1,0,0,0,0,$100M - $499M
4129,2019,Pembina Pipelines Corp.,Peace Pipeline Expansion,AB,Energy,Private,Trans & Distr,No,0,1,0,0,1,0,$500M - $999M
4130,2019,Pembina Pipelines Corp.,Peace Pipeline Expansion,AB,Energy,Private,Trans & Distr,No,0,1,0,0,1,1,$500M - $999M
4131,2019,Pembina Pipinelines Corp. / NuVista JV,Hythe Development,AB,Energy,Private,Clean Electricity,Yes,0,1,0,0,0,0,$100M - $499M
4132,2019,Pembina Pipinelines Corp. / NuVista JV,Duvernay III,AB,Energy,Private,Clean Electricity,Yes,0,1,0,0,1,0,$100M - $499M
4133,2019,SinoCan Global,SinoCan Global Upgrader and Petrochemical Facility,AB,Energy,Private,Oil & Gas - Downstream,No,0,1,0,0,1,1,"$5,000M+"
4134,2019,Nauticol Energy,Nauticol Methanol Plant,AB,Energy,Private,Low Carbon Fuels,Yes,0,1,0,0,0,1,"$1,000M - $4,999M"
4135,2019,Fengate Capital Management,Central Utility Block (for Heartland Petrochemical Complex),AB,Energy,Private,Oil & Gas - Downstream,No,0,1,0,0,0,0,$500M - $999M
4136,2019,Inter Pipeline Corp,Acrylic Acid Plant,AB,Energy,Private,Waste Biomass,Yes,0,1,0,0,1,1,$500M - $999M
4137,2019,Wapahki Energy /CN Rail JV,Canapux Bitumen Processing Facility,AB,Energy,Private,Oil & Gas - Upstream,No,0,1,0,0,0,1,<$100M
4138,2019,DP Energy,South Calgary Solar Facility,AB,Energy,Private,Clean Electricity,Yes,0,1,0,0,0,1,<$100M
4143,2019,Calibre Mining (previously Marathon Gold Corporation),Valentine Gold Mine,NL,Mining,Private,Precious Metal,No,0,1,0,0,0,1,$100M - $499M
4146,2019,Newfoundland & Labrador,Regional Assessment of Offshore Oil and Gas Exploratory Drilling East of Newfoundland and Labrador,NL,Energy,Public,Oil & Gas - Upstream,No,0,1,0,0,0,1,Unknown
4147,2019,Pure Gold Mining Inc.,Madsen,ON,Mining,Private,Precious Metal,No,0,1,0,0,0,1,<$100M
4148,2019,Ontario Power Generation,Ranney Falls Expansion,ON,Energy,Public,Other,Yes,0,1,0,0,0,0,<$100M
4151,2019,TransCanada Pipelines,Maple Compressor Expansion Project,ON,Energy,Private,Other,Yes,0,1,0,0,1,0,$100M - $499M
4152,2019,Corporation AurifaoAEres Monarques,Croinor,QC,Mining,Private,Other,No,0,1,0,0,1,1,<$100M
4153,2019,DP Energy Limited (Haligonia Tidal Energy Ltd. / Rio Fundo Operations Canada Ltd.),Uisce Tapa In-Stream Tidal Energy Project,NS,Energy,Private,Clean Electricity,Yes,0,1,0,0,0,1,$100M - $499M
4154,2019,Sustane Technologies,Sustane Chester,NS,Energy,Private,Other,Yes,0,1,0,0,0,0,<$100M
4155,2019,Eagle Hill Energy LP /Kwanlin Dn First Nation,Haeckel Hill Wind Farm,YK,Energy,Private,Clean Electricity,Yes,0,1,0,0,1,1,<$100M
4156,2019,SaskPower,Birtle Tantallon line,SK,Energy,Public,Trans & Distr,No,0,1,0,0,0,1,Unknown
4157,2019,SaskPower,Golden South Wind Energy Facility,SK,Energy,Public,Clean Electricity,Yes,0,1,0,0,0,1,Unknown
4158,2019,EDF Renewables,Sharp Hills wind farm (248 MW),AB,Energy,Private,Clean Electricity,Yes,0,1,0,0,0,1,$500M - $999M
4159,2019,Noront Resources Ltd.,Ferrochrome Processing Facility,ON,Mining,Private,Other,No,0,1,0,0,0,1,"$1,000M - $4,999M"
0,2020,"Bighorn Mining, LTD",Vista Coal Project (Expansion Projects),AB,Mining,Private,Coal,No,1,0,0,0,0,1,$500M - $999M
1,2020,Premier Renewable Energy,Nicomen Wind Energy Project,BC,Energy,Private,Clean Electricity,Yes,1,0,0,0,0,0,$100M - $499M
2,2020,0887572 B.C. Ltd.,Campbell River Power Enterprises,BC,Energy,Private,Waste Biomass,Yes,1,0,0,1,0,1,$100M - $499M
10,2020,Aeolis Wind Power Corporation,Hackney Hills Wind Park,BC,Energy,Private,Clean Electricity,Yes,1,0,0,0,0,1,$100M - $499M
19,2020,Alberta Wind Energy Corp./Mainstream Renewable Power,Windy Point Wind Farm,AB,Energy,Private,Clean Electricity,Yes,1,0,0,0,0,1,$100M - $499M
21,2020,Champion Iron Limited,Kamistiatusset (Kami),NL,Mining,Private,Base Metal,No,1,0,0,0,0,0,"$1,000M - $4,999M"
27,2020,Alta Energy Corp.,Lower Wood River Hydropower Project,BC,Energy,Private,Clean Electricity,Yes,1,0,0,1,0,1,$100M - $499M
36,2020,Alterra Power Corporation,Bute Inlet Hydroelectric Project,BC,Energy,Private,Clean Electricity,Yes,1,0,0,0,0,1,"$1,000M - $4,999M"
37,2020,"Woodside, Chevron",Kitimat LNG Terminal,BC,Energy,Private,Oil & Gas - Downstream,No,1,0,0,0,0,1,"$1,000M - $4,999M"
52,2020,Brion Energy Corporation,Dover (PetroChina),AB,Energy,Private,Oil & Gas - Upstream,No,1,0,0,0,0,1,"$5,000M+"
67,2020,BC Hydro,Peace River Site C Hydro-electric project,BC,Energy,Public,Clean Electricity,Yes,1,0,0,0,0,0,"$5,000M+"
68,2020,BC Hydro,John Hart Replacement,BC,Energy,Public,Clean Electricity,Yes,1,0,1,0,1,0,"$1,000M - $4,999M"
73,2020,BHP,Jansen Stage 1,SK,Mining,Private,Other,No,1,0,0,0,0,0,"$1,000M - $4,999M"
75,2020,IPC Canada Ltd.,Blackrod,AB,Energy,Private,Oil & Gas - Upstream,No,1,0,0,0,1,1,"$1,000M - $4,999M"
76,2020,Blue Fuel Energy Corp.,Clean Methanol Plant,BC,Energy,Private,Low Carbon Fuels,Yes,1,0,0,0,0,1,"$1,000M - $4,999M"
83,2020,Talisker Resources Ltd.,Bralorne Mine/King/ Pioneer Mines,BC,Mining,Private,Precious Metal,No,0,1,0,0,0,0,$100M - $499M
88,2020,"Canadian Kailuan Dehua Mines Co., Ltd.",Gething Coal Project,BC,Mining,Private,Coal,No,1,0,0,0,1,1,"$1,000M - $4,999M"
89,2020,Canadian Natural Resources Limited,Grouse,AB,Energy,Private,Oil & Gas - Upstream,No,1,0,0,0,0,1,"$1,000M - $4,999M"
90,2020,Canadian Natural Resources Ltd. (CNRL),Horizon (Mining),AB,Energy,Private,Oil & Gas - Upstream,No,1,0,0,0,0,1,"$5,000M+"
91,2020,Canadian Natural Resources Ltd. (CNRL),Kirby South,AB,Energy,Private,Oil & Gas - Upstream,No,1,0,0,0,0,0,$500M - $999M
92,2020,NorZinc,Prairie Creek,NT,Mining,Private,Critical Mineral,Yes,1,0,0,1,0,1,$100M - $499M
94,2020,Canagold Resources Ltd.,New Polaris Gold Mine,BC,Mining,Private,Other,No,0,1,0,0,0,1,<$100M
100,2020,Alamos Gold Inc.,Lynn Lake (Gordon site),MB,Mining,Private,Precious Metal,No,1,0,0,0,0,1,$100M - $499M
107,2020,Cenovus Energy,Narrows Lake,AB,Energy,Private,Clean Electricity,Yes,1,0,0,0,0,0,"$1,000M - $4,999M"
109,2020,"Exxon Mobil Corp., Imperial Oil Ltd., Statoil, Chevron, Repsol, Husky",Oil and Gas Exploration,NL,Energy,Private,Oil & Gas - Upstream,No,1,0,0,1,0,1,"$1,000M - $4,999M"
114,2020,NWP Coal Canada Ltd.,Crown Mountain Coal Project,BC,Mining,Private,Coal,No,1,0,0,0,0,1,$100M - $499M
126,2020,Connacher Oil & Gas Ltd.,Great Divide,AB,Energy,Private,Oil & Gas - Upstream,No,1,0,0,0,0,1,$500M - $999M
128,2020,Copper Fox Metals - Teck Resources Limited,Schaft Creek Porphyry Copper-Gold Mine,BC,Mining,Private,Precious Metal,No,0,1,0,0,0,1,"$1,000M - $4,999M"
130,2020,Corporation Lithium Elements Critiques,Rose Lithium-Tantalum Mine,QC,Mining,Private,Critical Mineral,Yes,1,0,0,0,0,1,$100M - $499M
131,2020,Covanta/Green Island Energy Ltd./Covanta Holding Corporation,Gold River Power Project,BC,Energy,Private,Other,Yes,0,1,0,0,0,1,$500M - $999M
140,2020,Canadian Natural Resources Limited,Pike (Formely Kirby),AB,Energy,Private,Oil & Gas - Upstream,No,1,0,0,0,0,1,"$5,000M+"
162,2020,Enhance Energy Inc.,CO2 Pipeline (Alberta Carbon Trunk Line),AB,Energy,Private,CCUS,Yes,1,0,1,0,0,0,$500M - $999M
165,2020,WindRiver Power Corp.,Kinskuch Hydroelectric Project,BC,Energy,Private,Clean Electricity,Yes,1,0,0,0,0,1,$100M - $499M
177,2020,Finavera Wind Energy Inc.,Bullmoose Wind Energy Project,BC,Energy,Private,Clean Electricity,Yes,0,1,0,0,0,1,$100M - $499M
186,2020,Fortune Minerals Limited,NICO Cobalt-Gold-Bismuth Mine,NT,Mining,Private,Precious Metal,No,1,0,0,0,0,1,$500M - $999M
187,2020,Fortune Minerals Ltd.,Saskatchewan Metals Processing Plant,SK,Mining,Private,Critical Mineral,Yes,1,0,0,0,0,1,$100M - $499M
188,2020,Fosthall Creek Power LP,Fosthall Creek Hydropower Project,BC,Energy,Private,Clean Electricity,Yes,1,0,0,0,0,1,<$100M
204,2020,Grizzly Oil Sands ULC,May River,AB,Energy,Private,Oil & Gas - Upstream,No,1,0,0,0,0,1,$100M - $499M
205,2020,Giga Metals Corp. & Mitsubishi Corporation,Turnagain Project,BC,Mining,Private,Critical Mineral,Yes,0,1,0,0,0,1,"$1,000M - $4,999M"
207,2020,Harvest Operations Corp.,BlackGold Oil Sands Project,AB,Energy,Private,Oil & Gas - Upstream,No,1,0,0,0,0,1,$500M - $999M
208,2020,Hawkeye Energy Corp.,Hawkeye Green Energy Grid Project,BC,Energy,Private,Trans & Distr,No,1,0,0,0,0,1,$100M - $499M
209,2020,HD Mining International Ltd.,Murray River Coal Project,BC,Mining,Private,Coal,No,1,0,0,0,0,1,$500M - $999M
213,2020,Hurley River Hydro LP,Hurley River Hydroelectric Project,BC,Energy,Public,Clean Electricity,Yes,0,1,0,0,0,1,$100M - $499M
214,2020,Husky Energy,caribou lake,AB,Energy,Private,Clean Electricity,Yes,0,1,0,0,0,1,Unknown
219,2020,Hydro-Quebec,Complexe hydroao lectrique La Romaine,QC,Energy,Public,Clean Electricity,Yes,1,0,0,0,0,0,"$5,000M+"
220,2020,Hydro-Quebec,Renovation de groupes a la centrale electrique Beauharnois,QC,Energy,Public,Clean Electricity,Yes,1,0,0,0,1,0,"$1,000M - $4,999M"
238,2020,Karnalyte Resources Inc,Wynyard Potash Project,SK,Mining,Private,Precious Metal,No,0,1,0,0,1,1,$500M - $999M
241,2020,Keyera Facilities Income Fund (Keyera),NGL Storage Facility Expansion,AB,Energy,Private,"DER, Storage, EV",Yes,1,0,1,0,0,0,<$100M
242,2020,Kinder Morgan,Trans Mountain Pipeline Expansion (TMX),Multi,Energy,Private,Trans & Distr,No,1,0,0,0,0,0,"$5,000M+"
245,2020,Kitamaat Renewable Energy Corporation,Crab/Europa Hydroelectric Project,BC,Energy,Private,Clean Electricity,Yes,1,0,0,0,1,1,$100M - $499M
247,2020,Koch Industries,Muskwa,AB,Energy,Private,Other,Yes,1,0,0,0,0,1,$500M - $999M
256,2020,NorthWest Copper,Lorraine-Jayjay Copper Mine,BC,Mining,Private,Base Metal,No,0,1,0,0,0,1,$100M - $499M
261,2020,Manitoba Hydro,Keeyask Generating Station,MB,Energy,Public,Other,Yes,1,0,0,0,0,0,"$5,000M+"
269,2020,Meadow Lake Tribal Council,Biomass Generator,SK,Energy,Private,Waste Biomass,Yes,1,0,0,0,1,0,<$100M
273,2020,Mao taux BlackRock Inc.,Black Rock,QC,Mining,Private,Critical Mineral,Yes,1,0,0,0,1,1,$500M - $999M
276,2020,Mine Arnaud Inc.,Arnaud Apatite Mine,QC,Mining,Private,Precious Metal,No,1,0,0,0,0,0,$500M - $999M
281,2020,Mosaic Potash,Potash Mine Expansion,SK,Mining,Private,Precious Metal,No,1,0,1,1,0,0,"$1,000M - $4,999M"
283,2020,Mount Hays Wind Farm Limited Partnership,Mount Hays Wind Farm,BC,Energy,Private,Clean Electricity,Yes,1,0,0,0,0,0,Unknown
290,2020,Nalcor Energy,Muskrat Falls Hydroelectric Generating Station and Labrador Transmission Assets,NL,Energy,Private,Trans & Distr,No,1,0,0,1,0,0,"$5,000M+"
292,2020,Natural Resources Canada,Port Granby Long-Term Low-Level Radioactive Waste Management,ON,Energy,Private,Waste Biomass,Yes,1,0,0,0,1,0,$100M - $499M
293,2020,Capstone Infrastructure Corporation,Wild Rose' Wind Farm (Phase 2),AB,Energy,Private,Clean Electricity,Yes,1,0,0,0,1,1,$100M - $499M
294,2020,NB Power,Mactaquac Dam upgrades,NB,Energy,Public,Clean Electricity,Yes,1,0,0,0,0,1,"$1,000M - $4,999M"
298,2020,NB Power and Partners,Smart Grid Investments Phase,NB,Energy,Public,Trans & Distr,No,1,0,0,0,0,1,$100M - $499M
299,2020,Nemaska Lithium inc.,Whabouchi,QC,Mining,Private,Critical Mineral,Yes,1,0,1,0,0,0,$500M - $999M
306,2020,BluEarth Renewables,Hand Hills' Wind Farm (78MW),AB,Energy,Private,Clean Electricity,Yes,1,0,0,0,0,1,$100M - $499M
309,2020,Nomis Power Corp - Rupert Peace Power Corp,Nahwitti Wind Farm,BC,Energy,Private,Clean Electricity,Yes,0,1,0,0,0,1,$100M - $499M
314,2020,Ring of Fire Metals Pty Ltd.,Eagle's Nest (McFaulds Lake),ON,Mining,Private,Critical Mineral,Yes,1,0,0,0,0,1,$500M - $999M
315,2020,North American Palladium,Lac des Iles palladium mine (expansion),ON,Mining,Private,Precious Metal,No,1,0,0,0,0,1,<$100M
329,2020,Northcliff Resources (HDI Mining),Sisson Project,NB,Mining,Private,Other,No,1,0,0,0,0,1,$500M - $999M
333,2020,Ontario Power Generation,Darlington Refurbishment Project,ON,Energy,Public,Clean Electricity,Yes,1,0,0,0,0,0,"$5,000M+"
334,2020,Ontario Power Generation,The Deep Geologic Repository Project,ON,Energy,Public,Clean Electricity,Yes,1,0,0,0,1,0,"$1,000M - $4,999M"
340,2020,Oceanic Iron Ore Company,Hopes Advance Iron Mine (Ungava Bay),QC,Mining,Private,Base Metal,No,0,1,0,1,0,1,"$1,000M - $4,999M"
341,2020,Osum Oil Sands Corp.,Taiga,AB,Energy,Private,Oil & Gas - Upstream,No,1,0,0,0,0,1,"$1,000M - $4,999M"
345,2020,Greengen Holdings Ltd,Bremner Creek Hydro Project,BC,Energy,Private,Clean Electricity,Yes,1,0,0,0,0,0,<$100M
346,2020,"Woodside, Chevron (Kitimat LNG)",Pacific Trail Pipeline,BC,Energy,Private,Trans & Distr,No,1,0,0,0,1,1,"$1,000M - $4,999M"
347,2020,Pacific Booker Minerals Inc.,Morrison Copper Gold Project,BC,Mining,Private,Precious Metal,No,0,1,0,0,0,1,$500M - $999M
371,2020,Metaux Torngat ltee,Strange Lake / B-Zone,QC,Mining,Private,Other,No,1,0,0,0,0,1,"$1,000M - $4,999M"
376,2020,Magneto Investments Limited Partnership,Dumont,QC,Mining,Private,Critical Mineral,Yes,1,0,0,0,0,1,"$1,000M - $4,999M"
381,2020,Ryan River Joint Venture Regional Power,Ryan River Hydro Project,BC,Energy,Private,Clean Electricity,Yes,1,0,0,0,0,1,$100M - $499M
382,2020,Evolution Mining,Bateman Gold,ON,Mining,Private,Precious Metal,No,0,1,0,0,0,1,$100M - $499M
387,2020,"Sea Breeze Pacific Juan de Fuca Cable, LP",Juan de Fuca Power Cable,BC,Energy,Private,Trans & Distr,No,1,0,0,0,0,1,$100M - $499M
389,2020,B2Gold Corp.,Back River Gold Project,NU,Mining,Private,Precious Metal,No,1,0,0,0,0,0,$100M - $499M
390,2020,Seabridge Gold Inc.,Kerr-Sulphurets-Mitchell (KSM),BC,Mining,Private,Precious Metal,No,1,0,0,0,1,1,"$5,000M+"
392,2020,Selkirk Power Company Ltd.,Beaver River Hydroelectric Project,BC,Energy,Private,Clean Electricity,Yes,1,0,0,0,0,1,$100M - $499M
397,2020,"LNG Canada (Shell Canada Limited, PETRONAS, Korea Gas Corporation (KOGAS), Mitsubishi Corporation, and PetroChina Company Limited)",LNG Canada Phase 1,BC,Energy,Private,Oil & Gas - Downstream,No,1,0,0,0,0,0,"$5,000M+"
399,2020,Canadian Natural Resources Limited,AOSP Jackpine,AB,Energy,Private,Other,Yes,1,0,0,0,1,1,"$5,000M+"
402,2020,Minco,Lundberg Zone Base Metals,NL,Mining,Private,Critical Mineral,Yes,1,0,0,0,0,0,$100M - $499M
403,2020,Shore Gold Inc.,Star-Orion Diamond Project,SK,Mining,Private,Precious Metal,No,1,0,0,1,0,1,"$1,000M - $4,999M"
405,2020,Skyline Gold Corporation,Bronson Slope Hydropower Projects,BC,Energy,Private,Clean Electricity,Yes,1,0,0,0,0,1,$100M - $499M
406,2020,Skyline Gold Corporation,Bronson Slope Copper/Gold/Silver/Molybdenum Mine,BC,Mining,Private,Precious Metal,No,0,1,0,0,0,1,$100M - $499M
411,2020,Callinex Mines Inc.,Nash Creek,NB,Mining,Private,Other,No,0,1,0,0,0,1,$100M - $499M
413,2020,Spanish Mountain Gold Ltd.,Spanish Mountain Copper-Gold Mines,BC,Mining,Private,Precious Metal,No,0,1,0,0,0,1,$500M - $999M
415,2020,BluEarth Renewables,Stlixwim Renewable Energy Initiative-Ramona 3/Chickwat Creek/CC Creek/Narrows Inlet Hydro Project,BC,Energy,Private,Clean Electricity,Yes,1,0,1,0,0,0,$100M - $499M
417,2020,Generation Mining Ltd.,Marathon PGM Copper Mine,ON,Mining,Private,Other,No,0,1,0,0,0,1,$100M - $499M
418,2020,Strata Oil & Gas Inc.,Cadotte (Strata),AB,Energy,Private,Oil & Gas - Upstream,No,1,0,0,0,0,0,$100M - $499M
422,2020,Suncor Energy Inc.,Lewis,AB,Energy,Private,Clean Electricity,Yes,0,1,0,1,0,1,Unknown
423,2020,Suncor Energy Inc.,Firebag,AB,Energy,Private,Clean Electricity,Yes,1,0,0,0,0,1,"$1,000M - $4,999M"
425,2020,"Suncor, ExxonMobil, Statoil, Husky Energy , Murphy Oil, Chevron, Mosbacher",Terra Nova (Asset Life Extension),NL,Energy,Private,Other,Yes,1,0,0,0,0,1,$100M - $499M
426,2020,Sunshine Oilsands,Legend Lake,AB,Energy,Private,Oil & Gas - Upstream,No,1,0,0,0,0,1,"$1,000M - $4,999M"
427,2020,Sunshine Oilsands Ltd.,Thickwood (Sunshine),AB,Energy,Private,Waste Biomass,Yes,1,0,0,0,0,1,"$1,000M - $4,999M"
429,2020,Sunshine Oilsands Ltd.,West Ells,AB,Energy,Private,Oil & Gas - Upstream,No,1,0,0,0,0,1,"$1,000M - $4,999M"
430,2020,Superior Laminated Lumber Corporation,construction of a new laminated veneer lumber manufacturing plant,ON,Forest,Private,Lumber,No,1,0,0,0,0,1,<$100M
436,2020,Syntaris Power Corp.,Jade Lake Power Project,BC,Energy,Private,Low Carbon Fuels,Yes,1,0,0,0,0,1,$100M - $499M
440,2020,Taseko Mines Ltd.,New Prosperity,BC,Mining,Private,Other,No,0,1,0,0,0,1,"$1,000M - $4,999M"
441,2020,Taseko Mines Ltd.,Harmony Gold Mine,BC,Mining,Private,Precious Metal,No,0,1,0,0,0,1,<$100M
443,2020,Teck Coal Ltd.,Line Creek Coal Mine,BC,Mining,Private,Coal,No,1,0,0,0,0,1,<$100M
445,2020,Teck Resources Ltd.,Frontier and Equinox,AB,Energy,Private,Other,Yes,1,0,0,0,0,0,"$5,000M+"
460,2020,GoldMining Inc,Yellowknife Gold,NT,Mining,Private,Precious Metal,No,0,1,0,1,0,1,$100M - $499M
467,2020,Vale,Copper Cliff Deep project,ON,Mining,Private,Base Metal,No,1,0,0,0,0,0,$500M - $999M
473,2020,Value Creation Inc.,Tristar' SAGD Pilot Project,AB,Energy,Private,Oil & Gas - Upstream,No,0,1,0,0,1,1,Unknown
477,2020,Victoria Gold Corporation,Dublin Gulch (Eagle Gold),YK,Mining,Private,Precious Metal,No,1,0,0,0,0,0,$100M - $499M
484,2020,Conuma Coal Resources Ltd.,Belcourt/Saxon Coal Mines,BC,Mining,Private,Coal,No,0,1,0,0,1,1,$100M - $499M
485,2020,Conuma Coal Resources Ltd.,Wolverine Coal Mine (Hermann Deposit),BC,Mining,Private,Coal,No,0,1,0,0,0,1,<$100M
488,2020,Western Copper and Gold Corporation,Casino Mine,YK,Mining,Private,Precious Metal,No,1,0,0,0,0,1,"$1,000M - $4,999M"
490,2020,Western Potash,Milestone,SK,Mining,Private,Critical Mineral,Yes,1,0,0,0,0,0,<$100M
499,2020,Taseko Mines Ltd.,Yellowhead (formerly Harper Creek),BC,Mining,Private,Other,No,0,1,0,0,1,1,$500M - $999M
503,2020,Alcoa,Modernisation d'aluminerie,QC,Mining,Private,Other,No,1,0,1,0,0,0,<$100M
515,2020,Athabasca Oil Corporation,Dover West Clastics,AB,Energy,Private,Oil & Gas - Upstream,No,1,0,0,0,0,1,$500M - $999M
516,2020,Centerra Gold Inc.,Kemess Underground Copper-Gold Mine,BC,Mining,Private,Precious Metal,No,1,0,0,0,0,1,$500M - $999M
519,2020,BC Hydro,"Surrey Area Substation Project (formerly Fleetwood Substation Project and Fraser Valley West Reinforcements),",BC,Energy,Public,Trans & Distr,No,1,0,1,0,0,0,<$100M
522,2020,BURNCO Rock Products Ltd.,BURNCO Aggregate Project (McNab Creek),BC,Mining,Private,Other,No,1,0,0,0,0,1,<$100M
524,2020,Canadian Natural Resources Ltd. (CNRL),Kirby North,AB,Energy,Private,Oil & Gas - Upstream,No,1,0,1,0,0,0,"$1,000M - $4,999M"
528,2020,Cardero Coal Ltd.,Carbon Creek Coal Mine,BC,Mining,Private,Coal,No,0,1,0,0,0,1,$100M - $499M
529,2020,Cavalier Energy Inc.,Hoole (Paramount),AB,Energy,Private,Clean Electricity,Yes,1,0,0,0,0,1,$100M - $499M
530,2020,Centermount Coal Limited,Bingay Main Metallurgical Coal,BC,Mining,Private,Coal,No,1,0,0,0,0,1,$100M - $499M
533,2020,Granite Creek Copper,Carmacks Copper Project,YK,Mining,Private,Base Metal,No,1,0,0,0,0,1,$100M - $499M
536,2020,ecoTECH Energy Group (Canada) Inc,Biomass Project - McBride,BC,Energy,Private,Waste Biomass,Yes,1,0,0,0,0,1,$100M - $499M
542,2020,Encanto Potash / Muskowekwan Resources Ltd.,Muskowekwan Potash Mine,SK,Mining,Private,Precious Metal,No,1,0,0,0,0,1,"$1,000M - $4,999M"
545,2020,Holmes Hydro,Robson Valley Hydroelectric Project,BC,Energy,Public,Clean Electricity,Yes,1,0,0,0,0,1,$100M - $499M
546,2020,Imperial Metals Corporation,Huckleberry Copper/Silver/Molybdenum Mine,BC,Mining,Private,Precious Metal,No,0,1,0,0,0,0,$100M - $499M
547,2020,Hydro-Quebec,Raccordement du complexe de La Romaine au reseau de transport,QC,Energy,Public,Clean Electricity,Yes,1,0,0,0,1,0,"$1,000M - $4,999M"
566,2020,MEG Energy Corp.,Surmont (MEG),AB,Energy,Private,Clean Electricity,Yes,1,0,0,0,1,1,"$5,000M+"
573,2020,Nalcor Energy,Labrador-Island Transmission Link,NL,Energy,Private,Trans & Distr,No,1,0,0,0,0,0,"$1,000M - $4,999M"
574,2020,Naturener Energy Canada,Wild Rose' Wind Farm Phase 2 (162MW),AB,Energy,Private,Clean Electricity,Yes,1,0,0,0,1,1,$100M - $499M
575,2020,Artemis Gold Inc,Blackwater Gold Project,BC,Mining,Private,Precious Metal,No,1,0,0,0,0,1,"$1,000M - $4,999M"
578,2020,Oak Point Energy Ltd.,Lewis Steepbank (Oak Point),AB,Energy,Private,Clean Electricity,Yes,1,0,0,0,0,0,<$100M
582,2020,Pieridae Energy,Goldboro LNG Export facility,NS,Energy,Private,Oil & Gas - Downstream,No,1,0,0,1,0,1,"$5,000M+"
583,2020,Wellgreen Platinum Ltd.,Wellgreen,YK,Mining,Private,Other,No,1,0,0,0,0,0,$500M - $999M
584,2020,Quicksilver Resources/ Kohlberg Kravis Roberts & Co. L.P. (KKR),Fortune Creek Gas Plant,BC,Energy,Private,Oil & Gas - Downstream,No,1,0,0,1,0,1,$500M - $999M
587,2020,Rio Tinto Alcan Inc.,Kemano Tunnel Project (T2),BC,Energy,Private,Other,Yes,1,0,0,0,0,0,$500M - $999M
588,2020,BridgePower,Rocky Creek Wind Energy Project,BC,Energy,Private,Clean Electricity,Yes,1,0,0,0,1,0,"$1,000M - $4,999M"
593,2020,Enbridge,Westcoast Connector Gas Transmission Project,BC,Energy,Private,Trans & Distr,No,1,0,0,1,0,1,"$5,000M+"
600,2020,TransCanada,Coastal GasLink Pipeline Project (TransCanada),BC,Energy,Private,Trans & Distr,No,1,0,0,0,0,0,"$1,000M - $4,999M"
604,2020,TransCanada Keystone Pipeline GP Ltd.,Keystone XL Oil Pipeline Project,Multi,Energy,Private,Trans & Distr,No,1,0,0,0,1,0,"$1,000M - $4,999M"
606,2020,Treasury Metals Inc.,Goliath Complex,ON,Mining,Private,Precious Metal,No,1,0,0,0,1,1,$100M - $499M
607,2020,Value Creation Inc.,TriStar Advanced (In Situ + Upgrader),AB,Energy,Private,Oil & Gas - Downstream,No,1,0,0,0,0,1,"$1,000M - $4,999M"
620,2020,KGHM International,Victoria Project,ON,Mining,Private,Other,No,1,0,0,0,0,1,$500M - $999M
623,2020,Argonaut Gold,Magino Mine,ON,Mining,Private,Precious Metal,No,1,0,0,0,0,1,$500M - $999M
626,2020,IAMGOLD Corp./Sumitomo Metal Mining,Cote Lake Project,ON,Mining,Private,Precious Metal,No,1,0,0,0,0,1,"$1,000M - $4,999M"
628,2020,Yancoal Canada Resources,Southey Potash Project,SK,Mining,Private,Other,No,1,0,0,0,0,1,"$1,000M - $4,999M"
629,2020,Sunshine Oilsands Ltd.,West Ells,AB,Energy,Private,Oil & Gas - Upstream,No,0,1,0,0,0,1,"$1,000M - $4,999M"
633,2020,Glencore plc,Sukunka Coal Mine,BC,Mining,Private,Coal,No,1,0,0,0,0,1,$100M - $499M
636,2020,Arianne Phosphate inc.,Lac a Paul Phosphate/Apatite mine,QC,Mining,Private,Precious Metal,No,1,0,0,0,0,1,"$1,000M - $4,999M"
637,2020,Commerce Resources corp.,Eldor Rare Earth Project,QC,Mining,Private,Critical Mineral,Yes,1,0,0,0,0,1,$500M - $999M
643,2020,Search Minerals Inc.,Deep Fox + Foxtrot,NL,Mining,Private,Critical Mineral,Yes,1,0,0,0,0,1,$100M - $499M
648,2020,Northern Graphite,Bissett Creek,ON,Mining,Private,Critical Mineral,Yes,1,0,0,0,0,1,$100M - $499M
649,2020,Husky Oil Operations Ltd.,Saleski' Thermal Oil Sands Project Using CSS,AB,Energy,Private,Oil & Gas - Upstream,No,1,0,0,0,0,1,$100M - $499M
650,2020,TransCanada,Prince Rupert Gas Transmission Project,BC,Energy,Private,Trans & Distr,No,1,0,0,0,0,1,"$5,000M+"
651,2020,FortisBC Energy (Vancouver Island) Inc.,Eagle Mountain - Woodfibre LNG Gas Pipeline Projects,BC,Energy,Private,Trans & Distr,No,1,0,0,0,0,1,$100M - $499M
652,2020,Woodfibre LNG,Woodfibre LNG project,BC,Energy,Private,Oil & Gas - Downstream,No,1,0,0,0,0,1,"$1,000M - $4,999M"
654,2020,Bruce Power,Bruce Nuclear Refurbishment,ON,Energy,Private,Nuclear,Yes,1,0,0,0,0,0,"$5,000M+"
658,2020,TransCanada,Napanee Generating Station,ON,Energy,Private,Other,Yes,1,0,1,0,1,0,"$1,000M - $4,999M"
659,2020,TransCanada,Heartland Pipeline Project,AB,Energy,Private,Trans & Distr,No,1,0,0,0,0,1,$500M - $999M
660,2020,ATCO Pipelines,Urban Pipeline Replacement Project,AB,Energy,Private,Trans & Distr,No,1,0,0,0,0,0,$500M - $999M
662,2020,Prosper Petroleum,Rigel Oil Sands Project,AB,Energy,Private,Oil & Gas - Upstream,No,1,0,0,0,1,1,$100M - $499M
668,2020,Pteragen Canada,Peace Butte Wind Farm,AB,Energy,Private,Clean Electricity,Yes,1,0,0,0,0,1,$100M - $499M
684,2020,Osum Oil Sands Corp.,Sepiko Kesik Project,AB,Energy,Private,Oil & Gas - Upstream,No,1,0,0,0,0,1,"$1,000M - $4,999M"
685,2020,Resolute Forest Products,Plant Modernization,ON,Forest,Private,Other,Yes,1,0,0,0,0,1,Unknown
688,2020,Graymont Western Canada Inc.,Giscome Quarry and Lime Plant Project,BC,Mining,Private,Other,No,1,0,0,0,0,1,$100M - $499M
689,2020,Innergex Wind Energy Inc and Saik'uz First Nation,"Nulki Hills, 30 km south of Vanderhoof",BC,Energy,Private,Clean Electricity,Yes,1,0,0,0,0,1,<$100M
690,2020,Innergex Renewable Energy Inc.,Statlu Creek Hydroelectric Project,BC,Energy,Private,Clean Electricity,Yes,1,0,0,0,0,0,<$100M
692,2020,EDF Renouvelables,Taylor Wind Project,BC,Energy,Private,Clean Electricity,Yes,1,0,0,1,0,1,$500M - $999M
693,2020,Imperial Oil Limited,Aspen' oil sands project (SAGD),AB,Energy,Private,Oil & Gas - Upstream,No,1,0,1,0,0,0,"$5,000M+"
694,2020,Goldcorp,Cochenour Mine,ON,Mining,Private,Precious Metal,No,1,0,1,0,0,0,$100M - $499M
697,2020,"Husky Energy Inc., Suncor, Nalcor Energy",White Rose Expansion - White Rose West,NL,Energy,Private,Clean Electricity,Yes,1,0,0,0,0,0,"$1,000M - $4,999M"
703,2020,Ethanol Cellulosique Varennes s.e.c. (Recyclage Carbone Varennes),Usine de carburant a faible intensite carbone (inclut un electrolyseur),QC,Energy,Private,Low Carbon Fuels,Yes,1,0,0,0,1,1,$100M - $499M
706,2020,Quicksilver Resources Canada Inc.,Discovery LNG,BC,Energy,Private,Oil & Gas - Downstream,No,1,0,0,0,0,1,"$1,000M - $4,999M"
707,2020,Port Alberni Harbour Authority,Port Alberni LNG Export Facility,BC,Energy,Public,Oil & Gas - Downstream,No,0,1,0,0,0,1,"$1,000M - $4,999M"
712,2020,Sequoia Energy Inc.,Quottoon Cluster of Hydroelectric Projects,BC,Energy,Private,Clean Electricity,Yes,1,0,0,0,0,1,$100M - $499M
713,2020,NOVA Gas Transmission Ltd.,North Montney Mainline,BC,Energy,Private,Trans & Distr,No,1,0,0,0,0,1,"$1,000M - $4,999M"
718,2020,Kitimat Clean Ltd.,Kitimat Clean Oil Refinery,BC,Energy,Private,Oil & Gas - Downstream,No,1,0,0,0,0,1,"$5,000M+"
725,2020,Greater Vancouver Regional District,Capilano (Cleveland) Dam Power Plant,BC,Energy,Private,Clean Electricity,Yes,1,0,0,0,0,1,<$100M
753,2020,Kruger Energy Inc.,Maselpanik Creek Hydro Project,BC,Energy,Private,Clean Electricity,Yes,0,1,0,0,0,1,$100M - $499M
754,2020,Pacific Coastal Wave Energy Corp.,Wave Energy Project,BC,Energy,Private,Clean Electricity,Yes,1,0,0,0,0,1,<$100M
757,2020,Innergex Renewable Energy Inc.,Shovel Creek Hydroelectric Project,BC,Energy,Private,Clean Electricity,Yes,0,1,0,0,0,1,<$100M
758,2020,Pristine Power Inc./Cheslatta Forest Products,Cheslatta Green Energy Project,BC,Energy,Private,Clean Electricity,Yes,1,0,0,0,0,1,<$100M
759,2020,KMC Power,Tamihi Creek Hydro Project,BC,Energy,Private,Clean Electricity,Yes,1,0,0,0,0,1,<$100M
763,2020,Highwater Power Corporation,Kookipi Creek Water Power Project,BC,Energy,Private,Clean Electricity,Yes,1,0,0,0,0,1,<$100M
764,2020,Highwater Power Corporation Altagas Ltd.,Log Creek Water Power Project,BC,Energy,Private,Clean Electricity,Yes,1,0,0,0,0,1,<$100M
768,2020,Hiranandani Group / AC LNG,AC LNG,NS,Energy,Private,Oil & Gas - Downstream,No,1,0,0,0,0,0,"$1,000M - $4,999M"
770,2020,TransAlta,Sundance 7 Gas fired power plant,AB,Energy,Private,NG Power Gen,Yes,1,0,0,1,0,1,"$1,000M - $4,999M"
774,2020,Ironhead First Nations Partnership,Great Spirit Power Project,AB,Energy,Private,Low Carbon Fuels,Yes,1,0,0,0,0,1,"$1,000M - $4,999M"
775,2020,ATCO Power,ATCO Heartland Generating Station,AB,Energy,Private,Other,Yes,1,0,0,0,0,0,$500M - $999M
778,2020,West High Yield Resources,Record Ridge Magnesium Project,BC,Mining,Private,Critical Mineral,Yes,1,0,0,1,0,1,$500M - $999M
783,2020,First Mining Gold Corp.,Springpole Lake Gold Project,ON,Mining,Private,Precious Metal,No,1,0,0,0,0,1,$500M - $999M
785,2020,Greenstone Gold Mines LP (Equinox Gold Corp./Orion Mine Finance Group),Greenstone,ON,Mining,Private,Precious Metal,No,1,0,0,0,0,1,"$1,000M - $4,999M"
786,2020,Riversdale Resources,Grassy Mountain,AB,Mining,Private,Other,No,1,0,0,0,0,1,$100M - $499M
787,2020,Commerce Resources,Blue River (Upper Fir) Tantalum/Niobium Project,BC,Mining,Private,Other,No,1,0,0,0,0,1,$100M - $499M
794,2020,Ascot Resources Ltd,Premier Gold Project,BC,Mining,Private,Precious Metal,No,1,0,0,0,0,1,$100M - $499M
795,2020,Nouveau Monde Graphite inc.,Uatnan,QC,Mining,Private,Critical Mineral,Yes,1,0,0,0,0,0,$100M - $499M
798,2020,Paper Excellence,Restart of Pulp Mill and new Biomass Power Generation,SK,Forest,Private,Pulp & Paper,No,1,0,0,1,0,1,$100M - $499M
799,2020,Alton Natural Gas Storage,Natural Gas Storage Facility,NS,Energy,Private,"DER, Storage, EV",Yes,1,0,0,0,0,1,$100M - $499M
802,2020,Vulcan Materials Company,Black Point Aggregate Project,NS,Mining,Private,Other,No,1,0,0,0,0,1,<$100M
808,2020,Spartan Delta Inception Exploration Ltd.,Greenview Sour Gas plant,AB,Energy,Private,Oil & Gas - Downstream,No,1,0,0,0,0,1,<$100M
815,2020,Vanderwell Contractors,Bioenergy Project,AB,Forest,Private,Other,Yes,1,0,0,0,0,0,<$100M
818,2020,Athabasca Oil Corporation,Hangingstone Oil Sands,AB,Energy,Private,Oil & Gas - Upstream,No,0,1,0,0,1,1,$500M - $999M
819,2020,Ville de Quao bec,Centre de biomao thanisation de loNagglomao ration de Quao bec (CBAQ),QC,Energy,Private,Waste Biomass,Yes,1,0,0,0,0,0,$100M - $499M
825,2020,Val aoo sociao tao en commandite / Algonquin Power Trust,Parc ao olien Belle-RiviaoAEre,QC,Energy,Private,Clean Electricity,Yes,1,0,0,0,1,0,<$100M
834,2020,MEG Energy Corp.,Christina Lake SAGD Project,AB,Energy,Private,Oil & Gas - Upstream,No,1,0,1,0,1,0,$500M - $999M
838,2020,Pembina Pipeline Corp.,Canadian Diluent Hub,AB,Energy,Private,Oil & Gas - Upstream,No,1,0,0,0,0,0,$100M - $499M
841,2020,Canadian Natural Resources Limited,Jackfish,AB,Energy,Private,Oil & Gas - Upstream,No,1,0,0,0,1,1,"$1,000M - $4,999M"
846,2020,ENMAX Energy Corp. / Capital Power Corp,Genesee Generating Units 4 and 5,AB,Energy,Private,Other,Yes,1,0,0,0,0,1,"$1,000M - $4,999M"
847,2020,Cenovus Energy Inc.,Pelican Lake,AB,Energy,Private,Clean Electricity,Yes,1,0,0,0,0,1,"$1,000M - $4,999M"
848,2020,Gascana AB Energy,LNG Production Plant and other facilities,AB,Energy,Private,Oil & Gas - Downstream,No,1,0,0,0,0,1,"$1,000M - $4,999M"
850,2020,Syncrude Canada Ltd.,Stage 4a - MLX-W,AB,Energy,Private,Other,Yes,1,0,0,0,0,1,"$1,000M - $4,999M"
854,2020,ATCO Pipelines,Calgary Urban Pipeline Replacement Project,AB,Energy,Private,Trans & Distr,No,1,0,0,0,0,0,$100M - $499M
857,2020,Bear Head Energy,Bear Head Energy,NS,Energy,Private,Oil & Gas - Downstream,No,1,0,0,0,1,1,"$5,000M+"
858,2020,ConocoPhillips Canada,Surmont (ConocoPhillips),AB,Energy,Private,Oil & Gas - Upstream,No,0,1,0,0,0,1,"$5,000M+"
862,2020,Taseko Mines Ltd.,Aley Niobium Project,BC,Mining,Private,Critical Mineral,Yes,1,0,0,0,0,1,$500M - $999M
863,2020,aonergie Saguenay GNL Quao bec inc.,aonergie Saguenay LNG,QC,Energy,Private,Oil & Gas - Downstream,No,1,0,0,0,0,1,"$5,000M+"
865,2020,Imperial Metals Corporation,Ruddock Creek Zinc-Lead Mine Development Project,BC,Mining,Private,Base Metal,No,1,0,0,0,0,0,$100M - $499M
868,2020,Teck Coal Ltd.,Baldy Ridge Extension Project,BC,Mining,Private,Coal,No,1,0,0,1,0,1,"$1,000M - $4,999M"
869,2020,BC Hydro,Cheakamus Unit 1 and Unit 2 Generator Replacement,BC,Energy,Public,Clean Electricity,Yes,1,0,1,0,0,0,<$100M
882,2020,ExxonMobil Canada Ltd./Imperial Oil Resources Limited,WCC LNG Ltd.,BC,Energy,Private,Oil & Gas - Downstream,No,1,0,0,0,0,0,"$5,000M+"
885,2020,Pacific Northern Gas Ltd.,Pacific Northern Gas Pipeline Looping Project,BC,Energy,Private,Trans & Distr,No,1,0,0,1,0,1,$100M - $499M
891,2020,Arctic Canadian Diamond Corp,Ekati (Misery Deep),NT,Mining,Private,Other,No,1,0,0,0,0,0,<$100M
892,2020,Rio Tinto and Dominion Diamond Corporation,A-21 Kimberlite Pipe Development,NT,Mining,Private,Critical Mineral,Yes,1,0,1,1,0,0,$100M - $499M
893,2020,PRISM Diversifed Ltd.,Clear Hills Project,AB,Mining,Private,Other,No,1,0,0,0,0,1,$100M - $499M
894,2020,Newmont Goldcorp Corp.,Coffee Gold Mine,YK,Mining,Private,Precious Metal,No,1,0,0,0,0,1,$100M - $499M
900,2020,Hydro-Quebec,Projet Chamouchouane-BDI & Poste Judith-Jasmin,QC,Energy,Public,Clean Electricity,Yes,1,0,0,0,0,0,"$1,000M - $4,999M"
903,2020,Osum Oil Sands Corp.,Orion,AB,Energy,Private,Oil & Gas - Upstream,No,1,0,0,0,1,0,$100M - $499M
906,2020,Northern Blizzard Resources Inc.,Pirtuk,AB,Energy,Private,Other,Yes,1,0,0,1,0,1,$100M - $499M
918,2020,Northern Cross Ltd.,Eagle Plains Oil and Gas Exploration,YK,Energy,Private,Oil & Gas - Upstream,No,1,0,0,0,0,1,$100M - $499M
919,2020,ATAC Resources Ltd.,Rackla Gold Project (Tiger Deposit),YK,Mining,Private,Precious Metal,No,1,0,0,0,0,1,$100M - $499M
928,2020,Interfor Corporation,Mill upgrade,BC,Forest,Private,Pulp & Paper,No,1,0,0,0,0,0,<$100M
936,2020,Mines Agnico Eagle ltee,Akasaba West Copper-Gold Mine,QC,Mining,Private,Precious Metal,No,1,0,0,0,1,1,<$100M
937,2020,"Canada Stewart Energy Group Ltd. (Northwest World Energy Services, Great United Petroleum Holding Co. Ltd.)",Canada Stewart Energy LNG Project,BC,Energy,Private,Oil & Gas - Downstream,No,1,0,0,0,0,1,Unknown
938,2020,Cedar LNG (partnership between Pembina Pipeline Corporation and Haisla Nation),Cedar LNG,BC,Energy,Private,Oil & Gas - Downstream,No,1,0,0,0,0,1,Unknown
939,2020,NewTimes Energy Ltd.,NewTimes Energy,BC,Energy,Private,Clean Electricity,Yes,1,0,0,0,0,1,Unknown
942,2020,Watson Island LNG Corporation,Watson Island LNG,BC,Energy,Private,Oil & Gas - Downstream,No,1,0,0,0,0,1,Unknown
943,2020,"Tilbury Jetty Marine Partnership (Fortis, Seaspan, Shell)",Tilbury Marine Jetty,BC,Energy,Private,Oil & Gas - Downstream,No,1,0,0,0,0,1,$100M - $499M
944,2020,Vale Newfoundland and Labrador Limited,Underground Mine Development,NL,Mining,Private,Precious Metal,No,1,0,0,0,0,0,"$1,000M - $4,999M"
951,2020,Dominion Diamonds Corp.,Ekati Diamond Mine Expansion - Jay Pipe,NT,Mining,Private,Precious Metal,No,1,0,0,0,1,0,$500M - $999M
952,2020,Glencore,Raglan(phase 2),QC,Mining,Private,Other,No,1,0,0,1,0,1,"$1,000M - $4,999M"
954,2020,AltaGas Ltd.,Fort St. John Liquids Hub,BC,Energy,Private,Other,Yes,1,0,1,0,0,0,$100M - $499M
956,2020,Altalink,Chapel Rock to Pincher Creek Area Transmission Development,AB,Energy,Private,Trans & Distr,No,1,0,0,0,0,1,$500M - $999M
957,2020,Atrum Coal,Groundhog Project Anthracite Coal Mine,BC,Mining,Private,Coal,No,1,0,0,0,0,1,$100M - $499M
958,2020,BC Hydro,Tofino and Ahousaht LongTerm Power Supply,BC,Energy,Public,Trans & Distr,No,1,0,0,0,0,0,<$100M
964,2020,BC Hydro,Fort St. John and Taylor Electrical Supply,BC,Energy,Public,Clean Electricity,Yes,1,0,0,0,1,0,<$100M
965,2020,BC Hydro,G.M. Shrum Units 1 to 10 Control Systems Upgrade Project,BC,Energy,Public,Other,Yes,1,0,0,0,1,0,<$100M
966,2020,BC Hydro,Horne Payne Substation Project,BC,Energy,Public,Trans & Distr,No,1,0,1,0,1,0,<$100M
970,2020,Creative Energy Vancouver Platforms Inc.,Creative Energy Plant,BC,Energy,Private,Clean Electricity,Yes,1,0,0,0,0,1,$100M - $499M
972,2020,Eagle Spirit Energy Holdings Ltd./Aquilini Group,ESE Synthetic Crude Pipeline,BC,Energy,Private,Trans & Distr,No,1,0,0,0,0,1,"$5,000M+"
974,2020,Enbridge/ Borealis Inc./ Kitselas First Nation,Lakelse Geothermal Power Plant,BC,Energy,Private,Clean Electricity,Yes,1,0,0,0,0,1,<$100M
979,2020,Kitsault Energy Ltd. of Canada,Kitsault LNG Facility,BC,Energy,Private,Oil & Gas - Downstream,No,1,0,0,0,0,1,Unknown
980,2020,Kruger Energy Inc.,Isle Pierre Wind Farm,BC,Energy,Private,Clean Electricity,Yes,1,0,0,0,0,1,$100M - $499M
983,2020,Red Willow Wind LP,Red Willow Wind Farm,BC,Energy,Private,Clean Electricity,Yes,1,0,0,0,0,1,$100M - $499M
984,2020,Terasen Gas/Kelowna City,Kelowna City Centre Renewable Energy System,BC,Energy,Private,Clean Electricity,Yes,1,0,0,0,0,0,<$100M
988,2020,Zero Emission Energy Developments Inc.,Septimus Creek Wind Power Project,BC,Energy,Private,Clean Electricity,Yes,1,0,1,1,0,0,<$100M
996,2020,"AltaLink, ATCO",Central East Area Transmission Development,AB,Energy,Private,Trans & Distr,No,1,0,0,0,0,1,<$100M
1000,2020,AltaLink,Fort McMurray West 500 kV Transmission Project,AB,Energy,Private,Trans & Distr,No,1,0,1,0,0,0,"$1,000M - $4,999M"
1002,2020,"Ministere du developpement durable, de l'environnement et des parcs",Refection du barrage des Quinze,QC,Energy,Private,Other,Yes,1,0,0,0,0,0,<$100M
1003,2020,Churchill Falls (Labrador) Corporation,Electric Utility Capital Expenditures,NL,Energy,Private,Other,Yes,1,0,0,0,1,0,<$100M
1004,2020,Manitoba Hydro,ManitobaoNMinnesota Transmission Project,MB,Energy,Public,Trans & Distr,No,1,0,0,0,1,0,$100M - $499M
1010,2020,Newfoundland Power Inc.,Electric Utility Capital Program,NL,Energy,Private,Clean Electricity,Yes,1,0,0,1,0,0,<$100M
1012,2020,Kahnawake Sustainable Energies (KSE),Parc ao olien Saint-Cyprien,QC,Energy,Private,Other,Yes,1,0,0,0,1,0,<$100M
1015,2020,Newfoundland and Labrador Hydro,Various (2016 Capital Program),NL,Energy,Public,Clean Electricity,Yes,1,0,0,1,0,0,$100M - $499M
1017,2020,AltaLink,Red Deer Transmission Development,AB,Energy,Private,Trans & Distr,No,1,0,1,0,1,0,$100M - $499M
1018,2020,AltaLink,South and West of Edmonton Transmission Development,AB,Energy,Private,Trans & Distr,No,1,0,0,0,0,0,$100M - $499M
1023,2020,Nukik Corp.,Kivalliq Hydro Fibre Link,Multi,Energy,Public,Clean Electricity,Yes,1,0,0,1,0,1,$500M - $999M
1024,2020,NextBridge,East-West Tie Transmission Project,ON,Energy,Private,Trans & Distr,No,1,0,0,0,0,0,$500M - $999M
1026,2020,Hydro-Quebec,Rehabilitation de la centrale Robert-Bourassa,QC,Energy,Public,Clean Electricity,Yes,1,0,0,0,1,0,Unknown
1028,2020,Alamos Gold Inc.,Island Gold Expansion,ON,Mining,Private,Precious Metal,No,1,0,0,0,1,0,<$100M
1029,2020,Dominion Diamonds Corp.,Sable,NT,Mining,Private,Other,No,1,0,1,0,1,0,$100M - $499M
1030,2020,Rockhaven Resources Ltd.,Klaza,YK,Mining,Private,Other,No,1,0,0,0,0,0,$100M - $499M
1034,2020,Fission Uranium Corp.,Patterson Lake South,SK,Mining,Private,Critical Mineral,Yes,0,1,0,1,0,1,"$1,000M - $4,999M"
1036,2020,Enbridge Pipelines Inc.,Line 3 Replacement Project,Multi,Energy,Private,Trans & Distr,No,1,0,0,0,0,0,"$1,000M - $4,999M"
1039,2020,Daishowa Marubeni Intl Ltd.,Steeper Energy - HydrofactionTM Oil from wood,AB,Forest,Private,Other,Yes,1,0,0,0,1,1,<$100M
1041,2020,"Energie hydroelectrique Pessamit, Societe en commandite",Centrale hydroelectrique des chutes du six milles,QC,Energy,Public,Clean Electricity,Yes,1,0,0,0,0,1,<$100M
1042,2020,BMC Minerals Ltd.,Kudz Ze Kayah,YK,Mining,Private,Other,No,1,0,0,0,0,1,$100M - $499M
1045,2020,Northern Energy Solutions (NES),NES Wood Pellet Plant,NB,Forest,Private,Other,Yes,1,0,0,0,0,1,<$100M
1048,2020,9139-3991 Quao bec Inc (Les Industries JPB),Centrale de cogao nao ration Valleyfied,QC,Energy,Private,Other,Yes,1,0,0,0,0,0,Unknown
1049,2020,"Energie hydroelectrique Pessamit, Societe en commandite",Centrale hydroelectrique de la chute du quatre milles,QC,Energy,Public,Clean Electricity,Yes,1,0,0,0,1,1,<$100M
1050,2020,"Manouane Sipi, Societe en commandite",Centrale hydroelectrique Manouane Sipi (Dam B),QC,Energy,Private,Clean Electricity,Yes,1,0,0,0,0,1,<$100M
1052,2020,Howse Minerals Limited,Howse Property Direct Shipping Ore Mine,NL,Mining,Private,Precious Metal,No,1,0,0,0,0,1,$100M - $499M
1056,2020,FPInnovations et Bioao nergie La Tuque,Vision La Tuque 2023,QC,Forest,Private,Other,Yes,1,0,0,0,0,1,$500M - $999M
1057,2020,Pacific Future Energy,Pacific Future Energy Oil Refinery,BC,Energy,Private,Oil & Gas - Downstream,No,1,0,0,0,0,1,"$5,000M+"
1058,2020,Protocol Biomass,Pellet Plant,ON,Forest,Private,Other,Yes,1,0,0,0,0,1,<$100M
1061,2020,Tembec (General Partnership),Specialty Cellulose Upgrade (digesters change),QC,Forest,Private,Pulp & Paper,No,1,0,0,0,0,1,$100M - $499M
1063,2020,NTPC,Taltson Hydroelectricity Expansion Project (Phase 1),NT,Energy,Private,Clean Electricity,Yes,1,0,0,0,0,1,"$1,000M - $4,999M"
1067,2020,Sayona Quebec inc.,Authier,QC,Mining,Private,Other,No,1,0,0,0,0,1,<$100M
1073,2020,Husky Energy Inc.,Rush Lake,SK,Energy,Private,Clean Electricity,Yes,1,0,1,0,0,0,Unknown
1074,2020,Athabasca Oil Sands Corporation,Kai Kos Dehseh,AB,Energy,Private,Oil & Gas - Upstream,No,1,0,0,0,0,1,Unknown
1076,2020,OSum Oil Sands Corp.,Orion,AB,Energy,Private,Oil & Gas - Upstream,No,1,0,0,0,0,1,Unknown
1077,2020,Cenovus Energy Inc.,Christina Lake,AB,Energy,Private,Other,Yes,1,0,0,0,0,1,$500M - $999M
1078,2020,ConocoPhillips Canada Limited,Surmont 2,AB,Energy,Private,Oil & Gas - Upstream,No,1,0,0,0,0,1,"$1,000M - $4,999M"
1079,2020,Japan Canada Oil Sands Limited (JACOS),Hangingstone,AB,Energy,Private,Oil & Gas - Upstream,No,1,0,0,0,0,1,"$1,000M - $4,999M"
1080,2020,Suncor Energy Inc.,Meadow Creek,AB,Energy,Private,Clean Electricity,Yes,1,0,0,0,0,1,Unknown
1081,2020,Sunshine Oilsands Ltd.,Thickwood,AB,Energy,Private,Waste Biomass,Yes,1,0,0,0,0,1,Unknown
1082,2020,Cenovus Energy Inc.,Narrows Lake,AB,Energy,Private,Clean Electricity,Yes,1,0,0,0,0,1,"$1,000M - $4,999M"
1083,2020,Value Creation Inc.,Heartland Upgrader,AB,Energy,Private,Oil & Gas - Downstream,No,1,0,0,0,0,1,Unknown
1084,2020,Penn West,Seal,AB,Energy,Private,Other,Yes,1,0,0,0,0,1,Unknown
1085,2020,Andora Energy Corporation,Sawn Lake,AB,Energy,Private,Clean Electricity,Yes,1,0,0,0,0,0,Unknown
1086,2020,ConocoPhillips Canada Limited,Surmont,AB,Energy,Private,Oil & Gas - Upstream,No,1,0,0,1,0,1,Unknown
1087,2020,Husky Energy Inc.,Dee Valley,SK,Energy,Private,Clean Electricity,Yes,1,0,1,0,0,0,$100M - $499M
1088,2020,Husky Energy Inc.,Spruce Lake Central,SK,Energy,Private,Clean Electricity,Yes,1,0,0,0,0,0,$100M - $499M
1089,2020,Husky Energy Inc.,Spruce Lake North,SK,Energy,Private,Clean Electricity,Yes,1,0,0,0,1,0,$100M - $499M
1090,2020,Value Creation Inc.,Heartland Upgrader,AB,Energy,Private,Oil & Gas - Downstream,No,1,0,0,0,1,1,Unknown
1091,2020,PTTEP Canada Limited,Mariana,AB,Energy,Private,Other,Yes,1,0,0,0,0,1,Unknown
1092,2020,Imperial Oil Ltd.,Cold Lake SAGD,AB,Energy,Private,Oil & Gas - Upstream,No,1,0,0,0,0,1,Unknown
1093,2020,Athabasca Oil Sands Corporation,Hangingstone,AB,Energy,Private,Oil & Gas - Upstream,No,1,0,0,0,0,1,Unknown
1094,2020,Imperial Oil Limited,Syncrude Mildred Lake Extension,AB,Energy,Private,Oil & Gas - Upstream,No,1,0,0,0,0,1,Unknown
1095,2020,MEG Energy Corp.,May River,AB,Energy,Private,Clean Electricity,Yes,1,0,0,0,0,1,"$5,000M+"
1096,2020,BP Plc,Terre De Grace,AB,Energy,Private,Other,Yes,1,0,0,0,0,1,Unknown
1097,2020,Canadian Natural Resources Limited,CCS Follow UP,AB,Energy,Private,"DER, Storage, EV",Yes,1,0,0,0,0,1,Unknown
1098,2020,Lacrina Energy,Saleski JV (Laricina/Osum),AB,Energy,Private,Clean Electricity,Yes,1,0,0,0,0,1,Unknown
1099,2020,Nexxen,Long Lake,AB,Energy,Private,Other,Yes,1,0,0,0,0,0,Unknown
2000,2020,E-T Energy Ltd.,Popular Creek,AB,Energy,Private,Clean Electricity,Yes,1,0,0,0,1,1,Unknown
2001,2020,Sunshine Oilsands Ltd.,Thickwood (Sunshine),AB,Energy,Private,Waste Biomass,Yes,1,0,0,0,0,1,Unknown
2002,2020,Sunshine Oilsands Ltd.,Harper,AB,Energy,Private,Oil & Gas - Upstream,No,1,0,0,0,0,1,Unknown
2003,2020,Devon Oil Canada,Pike (Formely Kirby),AB,Energy,Private,Oil & Gas - Upstream,No,1,0,0,0,0,1,Unknown
2004,2020,Husky Energy Inc.,Mcmullin,AB,Energy,Private,Clean Electricity,Yes,1,0,0,0,0,1,Unknown
2005,2020,Cenovus Energy Inc.,Ravin Ridge and Wallace Creek,AB,Energy,Private,Clean Electricity,Yes,1,0,0,0,0,1,Unknown
2006,2020,Strata Oil & Gas Inc.,Cadotte,AB,Energy,Private,Oil & Gas - Upstream,No,1,0,0,0,0,0,Unknown
2007,2020,Lacrina Energy,Burnt Lakes,AB,Energy,Private,Clean Electricity,Yes,1,0,0,1,0,1,Unknown
2008,2020,Lacrina Energy,"Conn Creek, Germain and Popular Creek",AB,Energy,Private,Clean Electricity,Yes,1,0,0,0,0,1,Unknown
2009,2020,Athabasca Oil Sands Corporation,Dover West Carbonites and Clastics,AB,Energy,Private,Oil & Gas - Upstream,No,1,0,0,0,0,1,Unknown
2014,2020,Goldcorp Inc.,Borden,ON,Mining,Private,Precious Metal,No,1,0,1,0,0,0,Unknown
2016,2020,Goldcorp Inc.,Musselwhite Materials Handling Project,ON,Mining,Private,Precious Metal,No,1,0,0,0,0,0,$100M - $499M
2017,2020,Swift River LP,North Bala Small Hydro Project,ON,Energy,Private,Clean Electricity,Yes,1,0,1,0,1,0,<$100M
2018,2020,Peeshoo Energy Limited Partnership,Peeshoo Project,ON,Energy,Private,Clean Electricity,Yes,1,0,0,0,0,0,<$100M
2019,2020,Horizon Hydro LP,Trout Lake River Hydroelectric Project,ON,Energy,Public,Clean Electricity,Yes,1,0,0,1,0,0,<$100M
2020,2020,PEI Energy Corporation,PEIEC Wind Farm #5,ON,Energy,Private,Clean Electricity,Yes,1,0,0,1,0,1,<$100M
2022,2020,Neeskah Energy Limited Partnership,Neeskah Project,ON,Energy,Private,Clean Electricity,Yes,1,0,0,0,0,0,#N/A
2023,2020,Wapoose Energy Limited Partnership,Wapoose Project,ON,Energy,Private,Clean Electricity,Yes,1,0,0,1,0,0,#N/A
2045,2020,Henvey Inlet Wind LP,Nigig Power Corporation,ON,Energy,Private,Clean Electricity,Yes,1,0,1,1,0,0,$500M - $999M
2048,2020,Nation Rise Wind Farm Limited Partnership,Nation Rise Wind,ON,Energy,Private,Clean Electricity,Yes,1,0,0,0,0,0,$100M - $499M
2051,2020,Romney Energy Centre Limited Partnership,Romney Wind Energy Centre,ON,Energy,Private,Clean Electricity,Yes,1,0,1,0,1,0,$100M - $499M
2059,2020,Aeolis / Boralex,Hackney Hills Wind Park (Aeolis / Boralex),BC,Energy,Private,Other,Yes,1,0,1,0,0,0,<$100M
2060,2020,Pacific Future Energy,Pacific Future Energy Refinery Project,BC,Energy,Private,Clean Electricity,Yes,1,0,0,0,0,0,<$100M
2061,2020,Manitoba Hydro,Manitoba-Saskatchewan Transmission Projecct,MB,Energy,Public,Trans & Distr,No,1,0,0,0,1,0,<$100M
2062,2020,Manitoba Hydro,Pine Falls Units 1-4 Major Overhauls,MB,Energy,Public,Clean Electricity,Yes,1,0,0,0,1,0,<$100M
2064,2020,Manitoba Hydro,Letellier - St. Vital 230kV Transmission,MB,Energy,Public,Trans & Distr,No,1,0,0,0,1,1,<$100M
2065,2020,Manitoba Hydro,Transmission Line Upgrades for Improved Clearance,MB,Energy,Public,Trans & Distr,No,1,0,0,0,0,0,<$100M
2066,2020,Manitoba Hydro,Steinbach Area 230-66kV Capacity Enhancements,MB,Energy,Public,Other,Yes,1,0,0,0,1,0,<$100M
2068,2020,Manitoba Hydro,Dawson Road Station - 66/24kV,MB,Energy,Public,Clean Electricity,Yes,1,0,1,0,1,0,<$100M
2069,2020,Manitoba Hydro,New Adelaide Station - 66/12kV,MB,Energy,Public,Clean Electricity,Yes,1,0,1,0,0,0,<$100M
2072,2020,Baffinland Iron Mines Corporation,Mary River Iron Ore project,NU,Mining,Private,Base Metal,No,1,0,0,0,0,1,"$1,000M - $4,999M"
2074,2020,Agnico-Eagle Mines Limited,Amaruq,NU,Mining,Private,Other,No,1,0,1,0,0,0,$100M - $499M
2075,2020,FireFly Metals Ltd. (previously owned by Rambler Mining and Metals),Green Bay Copper-Gold Project (formerly Ming Mine),NL,Mining,Private,Other,No,1,0,1,0,0,0,<$100M
2076,2020,Nalcor Energy,Labrador Transmission Assets,NL,Energy,Private,Trans & Distr,No,1,0,0,0,0,0,$500M - $999M
2078,2020,Algonquin Power & Utilities Corp.,Wind Project,SK,Energy,Private,Clean Electricity,Yes,1,0,0,0,1,1,$100M - $499M
2081,2020,SaskPower,Chinook Natural Gas Power Station,SK,Energy,Public,NG Power Gen,No,1,0,1,0,0,0,$500M - $999M
2083,2020,Ressources Falco ltee,Horne 5,QC,Mining,Private,Other,No,1,0,0,0,0,1,$500M - $999M
2087,2020,Canadian Malartic GP,Canadian Malartic,QC,Mining,Private,Other,No,1,0,0,0,0,0,$100M - $499M
2092,2020,Miniere Osisko Inc.,Lac Windfall,QC,Mining,Private,Other,No,1,0,0,0,1,1,$100M - $499M
2093,2020,Nouveau Monde Graphite inc.,Matawinie,QC,Mining,Private,Other,No,1,0,0,0,0,1,$100M - $499M
2108,2020,White Birch Paper,Fiber extraction for bioplastics,QC,Forest,Private,Other,Yes,1,0,0,0,0,0,<$100M
2110,2020,"Nation Innue, RES et Boralex",Apuiat,QC,Energy,Private,Other,Yes,1,0,0,0,1,1,$500M - $999M
2111,2020,Finaxo Canada inc.,Cogao nao ration Bedford,QC,Energy,Private,Other,Yes,1,0,0,0,0,1,Unknown
2113,2020,"aonergie LSQ, S.E.C.",aonergie LSQ,QC,Energy,Private,Other,Yes,1,0,0,0,0,1,Unknown
2114,2020,Chantiers Chibougamau inc.,Centrale de cogeneration Assinica,QC,Energy,Private,Other,Yes,1,0,0,0,0,1,Unknown
2115,2020,Cogeneration Val-d'Or,Cogeneration Val-d'Or,QC,Energy,Private,Other,Yes,1,0,0,0,0,1,<$100M
2116,2020,Cenovus Energy,Christina Lake,AB,Energy,Private,Other,Yes,1,0,1,0,0,0,"$1,000M - $4,999M"
2118,2020,Pembina Pipeline Corp. and Petrochemical Industries Company,Propylene and Polypropylene Facility,AB,Energy,Private,Oil & Gas - Upstream,No,1,0,0,0,0,1,"$1,000M - $4,999M"
2119,2020,Inter Pipeline,Propane Dehydrogenation (PDH) Facility,AB,Energy,Private,Clean Electricity,Yes,1,0,0,0,0,0,"$1,000M - $4,999M"
2120,2020,Wahpeestan Energy Limited Partnership,Wahpeestan Project,ON,Energy,Private,Clean Electricity,Yes,1,0,0,0,1,0,<$100M
2121,2020,Ainsworth Energy Co. Ltd.,Anahim Lake Bioenergy Project,BC,Energy,Private,Waste Biomass,Yes,1,0,0,1,0,1,<$100M
2122,2020,Yun Ka Whu'ten Holdings,Biomass Project - Anahim Lake,BC,Energy,Private,Waste Biomass,Yes,1,0,0,0,0,1,<$100M
2123,2020,Ainsworth Energy Co. Ltd.,Tumbler Ridge Bioenergy Project,BC,Energy,Private,Waste Biomass,Yes,1,0,0,0,0,1,<$100M
2124,2020,Nations Energy Corp.,Biomass Project - Kamloops,BC,Energy,Private,Waste Biomass,Yes,1,0,0,0,0,1,<$100M
2126,2020,CNRL / NRC / Pond Biofuels,Algae Carbon Conversion Pilot Project,AB,Energy,Private,CCUS,Yes,1,0,0,0,0,1,<$100M
3002,2020,La Granaduiere,Pellet Plant,QC,Forest,Private,Other,Yes,1,0,0,0,0,1,<$100M
3004,2020,FPInnovations and Resolute Forest Products,TMP-Bio,ON,Forest,Private,Other,Yes,1,0,0,0,0,0,<$100M
3008,2020,Fortress Global Enterprises,Bioproduct mill,QC,Forest,Private,Pulp & Paper,No,1,0,0,1,0,0,$100M - $499M
3100,2020,CST Group Ltd,Grande Cache,AB,Mining,Private,Other,No,1,0,1,1,0,0,<$100M
3101,2020,Frontier Lithium Inc.,Pakeagama Lake,ON,Mining,Private,Critical Mineral,Yes,1,0,0,0,0,1,$100M - $499M
3102,2020,Tacora Resources Inc,Scully,NL,Mining,Private,Other,No,1,0,1,0,0,0,$100M - $499M
3103,2020,Goldcorp Inc.,Porcupine (Century),ON,Mining,Private,Precious Metal,No,1,0,0,0,0,1,"$1,000M - $4,999M"
3104,2020,Gensource Potash Corp,Vanguard,SK,Mining,Private,Other,No,1,0,0,0,0,1,$100M - $499M
3105,2020,Ram River Coal,Aries,AB,Mining,Private,Coal,No,1,0,0,0,0,1,"$1,000M - $4,999M"
3106,2020,Glencore plc,Onaping Depth,ON,Mining,Private,Other,No,1,0,0,0,0,0,$500M - $999M
3200,2020,Innergex Renewable Energy Inc.,Big Creek Hydroelectric,BC,Energy,Private,Clean Electricity,Yes,1,0,0,0,1,1,Unknown
3202,2020,BC Hydro,BC Hydro Upgrade Alberni/Long Beach Transmission Line,BC,Energy,Public,Clean Electricity,Yes,1,0,0,0,0,1,Unknown
3204,2020,Canadian Nuclear Laboratories,Port Hope Long-Term Waste Management Facility for Low-Level Radioactive Waste,ON,Energy,Private,Waste Biomass,Yes,1,0,0,0,0,0,Unknown
3205,2020,NB Power,Fundy Isles Transmission Power Line Project,NB,Energy,Public,Trans & Distr,No,1,0,1,0,1,0,<$100M
3206,2020,Hydro-Quebec,New England Clean Energy Connect (NECEC) project,QC,Energy,Public,Clean Electricity,Yes,1,0,0,0,0,1,$500M - $999M
3208,2020,"Transmission Developers Inc. (TDI),",Transmission Line - Champlain Hudson Power Express,QC,Energy,Private,Trans & Distr,No,1,0,0,0,0,1,"$1,000M - $4,999M"
3211,2020,Dahl Creek Hydro Power Limited Partnership,Dahl Creek Hydroelectric Project,BC,Energy,Private,Clean Electricity,Yes,1,0,0,0,0,1,Unknown
3215,2020,Dokie Phase II Wind Power Project,0,BC,Energy,Private,Clean Electricity,Yes,1,0,0,0,0,1,$100M - $499M
3400,2020,Nova Chemicals,Polyethylene Facility and Corunna Cracker Expansion,ON,Energy,Private,Oil & Gas - Downstream,No,1,0,0,0,0,0,"$1,000M - $4,999M"
3401,2020,Dow Chemical,Expansion of Fort Saskatchewan Facility,AB,Energy,Private,Other,Yes,1,0,0,0,1,1,$100M - $499M
3402,2020,Dow Chemical Canada,Dow Net-Zero Polyethylene and Ethylene Derivatives Facility,AB,Energy,Private,Clean Electricity,Yes,1,0,0,0,0,1,"$5,000M+"
3501,2020,Husky Energy Inc.,Husky Energy Exploration Drilling Project,NL,Energy,Private,Oil & Gas - Upstream,No,1,0,0,0,0,1,$100M - $499M
3502,2020,BP Canada,Newfoundland Orphan Basin Exploration Drilling Project,NL,Energy,Private,Oil & Gas - Upstream,No,1,0,0,0,0,1,$100M - $499M
3503,2020,Nexen,Nexen Energy Flemish Pass Exploration Drilling Project,NL,Energy,Private,Oil & Gas - Upstream,No,1,0,0,0,0,1,$100M - $499M
3504,2020,Statoil Canada,Flemish Pass Exploration Drilling Project,NL,Energy,Private,Oil & Gas - Upstream,No,1,0,0,0,0,1,$500M - $999M
3506,2020,Materiaux Blanchet,Modernization,QC,Forest,Private,Other,Yes,1,0,0,0,0,0,<$100M
3507,2020,Resolute,Capacity increase,QC,Forest,Private,Pulp & Paper,No,1,0,0,1,0,1,<$100M
3508,2020,Skeena Sawmills,Pellet Plant,BC,Forest,Private,Other,Yes,1,0,0,0,0,0,<$100M
3509,2020,Wataynikaneyap Power,Wataynikaneyap Transmission Project,ON,Energy,Private,Trans & Distr,No,1,0,0,1,0,0,"$1,000M - $4,999M"
3600,2020,Fibre Pontiac,Fibre Pontiac (The Biomass Conversion Centre),QC,Energy,Private,Waste Biomass,Yes,1,0,0,0,1,1,$100M - $499M
3601,2020,PEI Energy Corporation,Slemon Park Micro-Grid Project,PE,Energy,Private,Trans & Distr,No,1,0,0,0,0,1,<$100M
3603,2020,Maritime Resources Corp.,Hammerdown (Green Bay),NL,Mining,Private,Precious Metal,No,1,0,0,0,0,1,<$100M
3604,2020,AuMEGA (previously Matador Mining Limited),Cape Ray,NL,Mining,Private,Other,No,1,0,0,0,0,1,<$100M
3610,2020,Telkwa Mining Ltd.,Tenas Project,BC,Mining,Private,Coal,No,1,0,0,0,0,1,<$100M
3615,2020,NB Power,Advanced Meter Infrastructure,NB,Energy,Public,Waste Biomass,Yes,0,1,0,0,0,1,<$100M
3616,2020,NB Power,Point Lepreau Nuclear Generating Station Major Outage and Inspections,NB,Energy,Public,Nuclear,Yes,1,0,1,0,0,0,<$100M
3617,2020,St Barbara Ltd.,Beaver Dam Gold Project,NS,Mining,Private,Other,No,1,0,0,0,0,1,$100M - $499M
3618,2020,Keyera Corp.,Wapiti Gas Plant Phase 1,AB,Energy,Private,Oil & Gas - Downstream,No,1,0,1,0,0,0,$100M - $499M
3619,2020,Keyera Corp.,Wapiti Gas Plant Phase 2,AB,Energy,Private,Oil & Gas - Downstream,No,1,0,1,0,0,0,$100M - $499M
3621,2020,Greengate Power Corporation,Travers Solar Project,AB,Energy,Private,Clean Electricity,Yes,1,0,0,0,0,1,$500M - $999M
3622,2020,CVW Cleantech,Titanium and Zircon Extraction Facility,AB,Mining,Private,Critical Mineral,Yes,1,0,0,0,0,1,$100M - $499M
3625,2020,Pembina Pipelines Corp.,Peace Pipeline Expansion,AB,Energy,Private,Trans & Distr,No,1,0,1,0,0,0,$100M - $499M
3626,2020,Pembina Pipelines Corp.,Duvernay II,AB,Energy,Private,Oil & Gas - Upstream,No,1,0,1,0,0,0,$100M - $499M
3627,2020,Pembina Pipelines Corp.,Empress Extraction Plant Fractionation and Terminalling Facilities,AB,Energy,Private,Oil & Gas - Upstream,No,1,0,0,0,0,0,$100M - $499M
3628,2020,EPCOR,EL Smith Solar Farm,AB,Energy,Private,Clean Electricity,Yes,1,0,0,0,1,1,<$100M
3629,2020,NOVA Gas Transmission Ltd.,2019 NOVA NGTL Expansion (Montney and Duvernay Basins),AB,Energy,Private,Other,Yes,1,0,0,0,0,0,"$1,000M - $4,999M"
3630,2020,Field Upgrading,CleanSEAS Demonstration Plant,AB,Energy,Private,Waste Biomass,Yes,1,0,0,0,1,1,$100M - $499M
3631,2020,Gen III Oil Corp.,Bowden Re-refinery,AB,Energy,Private,Oil & Gas - Downstream,No,1,0,0,0,0,1,<$100M
3632,2020,Old Elm Wind Farm,Alberta Wind Energy Corp.,AB,Energy,Private,Clean Electricity,Yes,1,0,0,0,0,1,$100M - $499M
3633,2020,Tidewater Midstream,Dimsdale Gas Project,AB,Energy,Private,Other,Yes,1,0,0,0,0,1,$100M - $499M
3634,2020,Capital Power,Whitla Wind Facility,AB,Energy,Private,Clean Electricity,Yes,1,0,1,0,0,0,$100M - $499M
3635,2020,Tidewater Midstream/TransAlta,Tidewater/TransAlta Gas Pipeline,AB,Energy,Private,Trans & Distr,No,1,0,0,0,0,1,$100M - $499M
3636,2020,Imperial Oil Ltd.,Kearl Debottlenecking Expansion,AB,Energy,Private,Other,Yes,1,0,0,0,0,1,$500M - $999M
3637,2020,Keyera Corp.,North Wapiti Pipeline System,AB,Energy,Private,Trans & Distr,No,1,0,0,0,0,1,$100M - $499M
3638,2020,Kirkland Lake Gold Ltd.,Macassa Expansion,ON,Mining,Private,Other,No,1,0,0,0,0,0,$100M - $499M
3640,2020,Manitoba Hydro,Winnipeg-Brandon Transmission System Improvements,MB,Energy,Public,Trans & Distr,No,1,0,1,0,1,0,<$100M
3641,2020,Manitoba Hydro,Laverendrye-St.Vital 230kV Line & Breakers,MB,Energy,Public,Trans & Distr,No,1,0,0,0,0,0,<$100M
3642,2020,Manitoba Hydro,Reenders Station,MB,Energy,Public,Clean Electricity,Yes,1,0,0,0,1,0,<$100M
3643,2020,Manitoba Hydro,Dorsey Synchronous Condenser Refurbishment,MB,Energy,Public,Clean Electricity,Yes,1,0,0,0,1,0,<$100M
3644,2020,Manitoba Hydro,HVDC Transformer Sustainment,MB,Energy,Public,Trans & Distr,No,1,0,0,0,1,0,$100M - $499M
3645,2020,Equinor Canada,Bay du Nord offshore oil site,NL,Energy,Private,Oil & Gas - Upstream,No,1,0,0,0,1,1,"$5,000M+"
4000,2020,Hydro One,Northwest Bulk Transmission Line Waasigan Transmission Line,ON,Energy,Public,Trans & Distr,No,1,0,0,0,0,1,Unknown
4001,2020,Hydro One,Hawthorne to Merivale transmission upgrades (Planned),ON,Energy,Public,Trans & Distr,No,0,1,0,0,0,1,<$100M
4002,2020,Hydro One,Clarington Transformer Station (In-service),ON,Energy,Public,Clean Electricity,Yes,1,0,1,0,0,0,$100M - $499M
4004,2020,ITC Holdings Corp. (subsidiary of Fortis),ITC Lake Erie Connector LLC,ON,Energy,Private,Other,Yes,1,0,0,0,0,1,"$1,000M - $4,999M"
4006,2020,Mines Agnico Eagle ltee,Wasamac,QC,Mining,Private,Precious Metal,No,1,0,0,0,0,1,$100M - $499M
4007,2020,NexGen Energy Ltd.,Rook I,SK,Mining,Private,Other,No,1,0,0,0,0,1,"$1,000M - $4,999M"
4008,2020,Denison Mines Corp.,Wheeler River - Phoenix,SK,Mining,Private,Other,No,1,0,0,0,0,1,$500M - $999M
4011,2020,Canadian Metals,Langis,QC,Mining,Private,Other,No,1,0,0,0,0,1,$100M - $499M
4012,2020,Lepidico Ltd.,L-Max Plant,ON,Mining,Private,Other,No,1,0,0,0,0,0,<$100M
4013,2020,Rio Tinto,Vaudreuil alumina refinery,QC,Mining,Private,Critical Mineral,Yes,1,0,0,1,0,1,$100M - $499M
4014,2020,Alcoa/Rio Tinto,The Elysis joint venture,QC,Mining,Private,Critical Mineral,Yes,1,0,0,0,0,1,$500M - $999M
4015,2020,Signal Gold Inc. (formerly Anaconda Mining),Goldboro Gold,NS,Mining,Private,Precious Metal,No,1,0,0,0,0,0,<$100M
4016,2020,Allkem Limited,James Bay Lithium,QC,Mining,Private,Critical Mineral,Yes,1,0,0,1,0,1,Unknown
4018,2020,San Group (Coulson Manufacturing Ltd.),Lumber mill,BC,Forest,Private,Lumber,No,1,0,0,0,0,0,<$100M
4019,2020,Kalesnikoff Lumber,Glulam beams and CLT,BC,Forest,Private,EWP,Yes,1,0,0,1,0,1,<$100M
4020,2020,Kruger,New tissue manufacturing facility,QC,Forest,Private,Pulp & Paper,No,1,0,0,0,0,0,$500M - $999M
4021,2020,Tolko,Mill upgrade,BC,Forest,Private,Pulp & Paper,No,1,0,0,0,1,1,<$100M
4022,2020,Skeena Sawmills,Mill upgrade,BC,Forest,Private,Pulp & Paper,No,1,0,0,0,0,1,<$100M
4024,2020,Active Energy Group,New advanced pellet plant,NL,Forest,Private,Other,Yes,1,0,0,0,0,1,<$100M
4025,2020,Barette-Chapais,Pellet plant,QC,Forest,Private,Other,Yes,1,0,0,0,0,0,<$100M
4026,2020,Resolute,Mill upgrade,ON,Forest,Private,Pulp & Paper,No,1,0,0,1,0,0,<$100M
4028,2020,Bois d'oeuvre Cedrico,Sawmill upgrade,QC,Forest,Private,Lumber,No,1,0,0,0,1,1,<$100M
4029,2020,Rayonier Advanced Materials,Sawmill upgrade,QC,Forest,Private,Lumber,No,1,0,0,0,0,1,<$100M
4030,2020,Gitxsan Development Corp and Airex Energy,Torrefied pellet plant,BC,Forest,Private,Other,Yes,1,0,0,0,0,1,<$100M
4031,2020,Uniboard,Mill upgrade,QC,Forest,Private,Pulp & Paper,No,1,0,0,0,0,1,<$100M
4032,2020,Kruger,Upgrade packaging plant,QC,Forest,Private,Other,Yes,1,0,0,0,0,1,<$100M
4033,2020,Hibernia Management and Development Company,Hibernia West Project,NL,Energy,Private,Other,Yes,1,0,0,0,0,1,"$1,000M - $4,999M"
4034,2020,NGTL,NGTL 2021 Expansion,AB,Energy,Private,Other,Yes,1,0,0,0,0,1,"$1,000M - $4,999M"
4035,2020,NGTL,NGTL 2022 Expansion (North Corridor and Edson Mainline),AB,Energy,Private,Trans & Distr,No,1,0,0,0,0,1,"$1,000M - $4,999M"
4036,2020,VanadiumCorp Resource inc.,Lac Dorao Vanadium,QC,Mining,Private,Critical Mineral,Yes,1,0,0,0,0,1,$100M - $499M
4037,2020,Les Ressources Yorbeau inc.,Lac scott,QC,Mining,Private,Other,No,1,0,0,0,0,1,$100M - $499M
4038,2020,SOQUEM-Focus graphite,Kwyjibo,QC,Mining,Private,Critical Mineral,Yes,1,0,0,0,0,1,$500M - $999M
4039,2020,Eastmain Resources,Eau Claire,QC,Mining,Private,Other,No,1,0,0,0,0,1,$100M - $499M
4040,2020,CRB Innovations,0,QC,Forest,Private,Other,Yes,1,0,0,0,0,1,Unknown
4041,2020,Gazoduq inc.,Gazoduq,Multi,Energy,Private,Other,Yes,1,0,0,0,0,1,"$1,000M - $4,999M"
4042,2020,Enel Green Power North America,Riverview Wind Farm (115 MW),AB,Energy,Private,Clean Electricity,Yes,1,0,0,0,0,0,$100M - $499M
4043,2020,Enel Green Power North America,Castle Rock Ridge Wind Power Plant Phase 2 (31 MW),AB,Energy,Private,Clean Electricity,Yes,1,0,0,1,0,0,Unknown
4044,2020,EDF Renewables Canada Inc.,Cypress Wind Power Project,AB,Energy,Private,Clean Electricity,Yes,1,0,0,1,0,1,Unknown
4045,2020,Potentia Renewables Inc.,Stirling Wind Power Project,AB,Energy,Private,Clean Electricity,Yes,1,0,0,0,0,1,Unknown
4046,2020,Capstone Infrastructure Corporation,Buffalo Atlee Wind Farm 1 -3,AB,Energy,Private,Clean Electricity,Yes,1,0,0,0,0,1,Unknown
4047,2020,TransAlta Corporation,Windrise Wind (207 MW),AB,Energy,Private,Clean Electricity,Yes,1,0,0,0,0,1,$100M - $499M
4048,2020,Potentia Renewables Inc.,Jenner Wind Power Project 1 and 2,AB,Energy,Private,Clean Electricity,Yes,1,0,0,0,0,1,Unknown
4049,2020,Innogy/Solar Krafte Utilities Inc,Prairie Sunlight II and III (30 MW and 27 MW),AB,Energy,Private,Clean Electricity,Yes,1,0,0,0,0,0,<$100M
4050,2020,Canadian Solar,Three solar farms,AB,Energy,Private,Clean Electricity,Yes,1,0,0,1,0,1,$100M - $499M
4051,2020,Canadian Solar,Suffield bi-facial solar Project,AB,Energy,Private,Clean Electricity,Yes,1,0,0,0,0,0,<$100M
4052,2020,Cascade Power,Cascade Natural Gas Project,AB,Energy,Private,NG Power Gen,No,1,0,0,0,1,1,"$1,000M - $4,999M"
4053,2020,Fengate Capital Management,Central Utility Block for Heartland Petrochemical Complex,AB,Energy,Private,Oil & Gas - Downstream,No,1,0,0,0,0,0,$500M - $999M
4054,2020,University of Alberta,South Campus District Energy System,AB,Energy,Private,Clean Heat,Yes,1,0,0,0,1,1,<$100M
4055,2020,Kineticor Resource Corp,Three Creeks Power Plant,AB,Energy,Private,NG Power Gen,Yes,1,0,0,0,0,1,$100M - $499M
4056,2020,Vanderwell Contractors,Vanderwell Sawmill bioenergy plant (3.6 MW),AB,Energy,Private,Waste Biomass,Yes,1,0,0,0,0,0,<$100M
4057,2020,EDF Renewables Canada,Vulcan Solar Project,AB,Energy,Private,Clean Electricity,Yes,1,0,0,1,0,1,$100M - $499M
4058,2020,Solar Krafte,Cassils Solar Project,AB,Energy,Private,Clean Electricity,Yes,1,0,1,0,0,0,<$100M
4059,2020,Solar Krafte,Prairie Sunlight I,AB,Energy,Private,Clean Electricity,Yes,1,0,0,0,0,0,$100M - $499M
4060,2020,Solar Krafte,Wrentham Solar Project,AB,Energy,Private,Clean Electricity,Yes,1,0,0,1,0,1,<$100M
4061,2020,Solar Krafte,Spring Coulle Solar Project,AB,Energy,Private,Clean Electricity,Yes,1,0,0,0,0,0,<$100M
4062,2020,Solar Krafte,Strathmore Solar Farm,AB,Energy,Private,Clean Electricity,Yes,1,0,0,0,1,1,<$100M
4063,2020,Suncor,Forty Mile Wind Power Project,AB,Energy,Private,Clean Electricity,Yes,1,0,0,0,0,1,Unknown
4064,2020,NGTL,NGTL Westpath Delivery project,AB,Energy,Private,Other,Yes,1,0,0,0,0,0,$100M - $499M
4066,2020,Westcoast,T South Expansion and Reliability Project,BC,Energy,Private,Other,Yes,1,0,0,1,0,1,$100M - $499M
4067,2020,Global First Power,Micro Modular Reactor demonstration project at Chalk River Laboratories,ON,Energy,Private,Nuclear,Yes,1,0,0,0,0,1,Unknown
4072,2020,PEI Energy Corporation,Borden Battery Park,PE,Energy,Public,"DER, Storage, EV",Yes,0,1,0,0,0,1,<$100M
4073,2020,PEI Energy Corporation,Western PEI Transmission Upgrade,PE,Energy,Private,Trans & Distr,No,1,0,0,0,0,1,<$100M
4077,2020,Synex Energy Resources Ltd.,Victoria Lake Hydro Project,BC,Energy,Private,Clean Electricity,Yes,1,0,0,0,0,1,<$100M
4079,2020,BC Hydro,Mica 600V Circuit Breaker Upgrades Project,BC,Energy,Public,Clean Electricity,Yes,1,0,0,0,0,0,<$100M
4080,2020,Pacific Greengen Power Inc.,Fries Creek Hydroelectric Project,BC,Energy,Private,Clean Electricity,Yes,1,0,0,0,1,1,<$100M
4081,2020,BC Hydro,Cheakamus Recoat Units 1 & 2 Penstock Project,BC,Energy,Public,Clean Electricity,Yes,1,0,0,0,0,0,<$100M
4082,2020,BC Hydro,Tilbury System Improvements Project,BC,Energy,Public,Clean Electricity,Yes,0,1,0,0,1,0,<$100M
4084,2020,BC Hydro,Bridge River 2 - Strip and Recoat Penstock 1 Interior Project,BC,Energy,Public,Clean Electricity,Yes,1,0,1,0,1,0,<$100M
4091,2020,Moose Lake Wind LP,Moose Lake Wind Project,BC,Energy,Private,Clean Electricity,Yes,1,0,0,0,0,0,<$100M
4092,2020,BC Hydro,G.M. Shrum Spillway Gate Upgrade Project,BC,Energy,Public,Other,Yes,1,0,0,1,0,0,<$100M
4093,2020,BC Hydro,Mica Modernize Controls (Digital) Project,BC,Energy,Public,Clean Electricity,Yes,1,0,0,0,1,0,<$100M
4094,2020,BC Hydro,Barnard Substation 50/60 Feeder Section Replacement Project,BC,Energy,Public,Trans & Distr,No,1,0,0,0,1,0,<$100M
4096,2020,Boralex,Babcock Ridge Wind Farm,BC,Energy,Private,Clean Electricity,Yes,1,0,0,0,1,1,<$100M
4097,2020,Sukunka Wind Project LP,Sukunka Wind Energy Project,BC,Energy,Private,Clean Electricity,Yes,1,0,0,0,0,1,<$100M
4098,2020,Zonnebeke Wind Project LP,Zonnebeke Wind Energy Project,BC,Energy,Private,Clean Electricity,Yes,1,0,0,0,0,1,<$100M
4101,2020,BC Hydro,UBC Load Increase Stage 2 Project,BC,Energy,Public,Other,Yes,1,0,0,0,0,0,<$100M
4104,2020,Canfor Corporation/Licella,Biofuel Facility,BC,Energy,Private,Low Carbon Fuels,Yes,1,0,0,0,1,1,<$100M
4105,2020,BC Hydro,South Fraser Transmission Relocation Project,BC,Energy,Public,Trans & Distr,No,1,0,0,0,0,0,<$100M
4106,2020,BC Hydro,Downtown Vancouver Electricity Supply - West End Strategic Property Purchase,BC,Energy,Public,Clean Electricity,Yes,1,0,0,0,1,0,<$100M
4107,2020,BC Hydro,Mica Replace Units 1-4 Transformers Project,BC,Energy,Public,Clean Electricity,Yes,1,0,0,0,1,0,<$100M
4108,2020,BCHydro,LNG Canada Load Interconnection Project,BC,Energy,Public,Trans & Distr,No,1,0,0,0,1,0,<$100M
4109,2020,BC Hydro,Bridge River 2 Units 5 and 6 Upgrade Project,BC,Energy,Public,Other,Yes,1,0,0,0,1,0,<$100M
4111,2020,Borealis Geopower,Canoe Reach Geothermal Energy Project,BC,Energy,Private,Clean Electricity,Yes,1,0,0,1,0,1,$100M - $499M
4112,2020,Western Bioenergy Inc. (subsidiary of Dalkia Canada),Ditni Yoh Green Energy Project,BC,Energy,Private,Clean Electricity,Yes,1,0,0,0,0,0,$100M - $499M
4114,2020,WindRiver Power Corp.,Kinskuch Hydroelectric Project,BC,Energy,Private,Clean Electricity,Yes,1,0,0,1,0,1,$100M - $499M
4115,2020,Pembina Pipeline Corp.,Watson Island Propane Export Terminal,BC,Energy,Private,Oil & Gas - Downstream,No,1,0,0,0,0,1,$100M - $499M
4116,2020,Alcan Aluminum Ltd. and the Province of BC,Kenney Dam Cold Water Release Facility,BC,Energy,Public,Clean Electricity,Yes,0,1,0,0,0,1,$100M - $499M
4117,2020,BC Hydro,Peace Region Electricity Supply Project,BC,Energy,Public,Clean Electricity,Yes,1,0,0,0,0,0,$100M - $499M
4119,2020,AltaGas / Vopak Development Canada Inc.,Ridley Island Energy Export Facility (REEF),BC,Energy,Private,"DER, Storage, EV",Yes,1,0,0,0,1,1,$500M - $999M
4122,2020,Teck Resources/NGEx Resources,GJ Kinaskan Lake Copper-Gold Project,BC,Mining,Private,Precious Metal,No,0,1,0,0,0,1,Unknown
4123,2020,Fortis BC Inc.,Nicola Lake Hydro Project,BC,Energy,Private,Clean Electricity,Yes,0,1,0,0,0,1,Unknown
4124,2020,Selkirk Metals Corp.,Gold Mine,BC,Mining,Private,Precious Metal,No,1,0,0,0,0,1,Unknown
4125,2020,Nisgaa Nation,Nisgaa LNG,BC,Energy,Private,Oil & Gas - Downstream,No,1,0,0,0,0,1,Unknown
4126,2020,Devon Energy Corporation/ BP JV,Pike,AB,Energy,Private,Clean Electricity,Yes,1,0,0,0,0,1,"$1,000M - $4,999M"
4128,2020,Gibson Energy Inc.,Hardisty Terminal Expansion,AB,Energy,Private,Oil & Gas - Downstream,No,1,0,0,0,0,0,$100M - $499M
4129,2020,Pembina Pipelines Corp.,Peace Pipeline Expansion,AB,Energy,Private,Trans & Distr,No,1,0,0,0,1,0,$500M - $999M
4130,2020,Pembina Pipelines Corp.,Peace Pipeline Expansion,AB,Energy,Private,Trans & Distr,No,1,0,0,0,1,1,$500M - $999M
4131,2020,Pembina Pipinelines Corp. / NuVista JV,Hythe Development,AB,Energy,Private,Clean Electricity,Yes,1,0,0,0,0,0,$100M - $499M
4132,2020,Pembina Pipinelines Corp. / NuVista JV,Duvernay III,AB,Energy,Private,Clean Electricity,Yes,1,0,0,0,1,0,$100M - $499M
4133,2020,SinoCan Global,SinoCan Global Upgrader and Petrochemical Facility,AB,Energy,Private,Oil & Gas - Downstream,No,1,0,0,0,1,1,"$5,000M+"
4134,2020,Nauticol Energy,Nauticol Methanol Plant,AB,Energy,Private,Low Carbon Fuels,Yes,1,0,0,0,0,1,"$1,000M - $4,999M"
4135,2020,Fengate Capital Management,Central Utility Block (for Heartland Petrochemical Complex),AB,Energy,Private,Oil & Gas - Downstream,No,1,0,0,0,0,0,$500M - $999M
4136,2020,Inter Pipeline Corp,Acrylic Acid Plant,AB,Energy,Private,Waste Biomass,Yes,1,0,0,0,1,1,$500M - $999M
4137,2020,Wapahki Energy /CN Rail JV,Canapux Bitumen Processing Facility,AB,Energy,Private,Oil & Gas - Upstream,No,1,0,0,0,0,1,<$100M
4138,2020,DP Energy,South Calgary Solar Facility,AB,Energy,Private,Clean Electricity,Yes,1,0,0,0,0,1,<$100M
4143,2020,Calibre Mining (previously Marathon Gold Corporation),Valentine Gold Mine,NL,Mining,Private,Precious Metal,No,1,0,0,0,0,1,$100M - $499M
4146,2020,Newfoundland & Labrador,Regional Assessment of Offshore Oil and Gas Exploratory Drilling East of Newfoundland and Labrador,NL,Energy,Public,Oil & Gas - Upstream,No,1,0,0,0,0,1,Unknown
4147,2020,Pure Gold Mining Inc.,Madsen,ON,Mining,Private,Precious Metal,No,1,0,0,0,0,0,<$100M
4148,2020,Ontario Power Generation,Ranney Falls Expansion,ON,Energy,Public,Other,Yes,1,0,0,0,1,0,<$100M
4151,2020,TransCanada Pipelines,Maple Compressor Expansion Project,ON,Energy,Private,Other,Yes,1,0,1,0,1,0,$100M - $499M
4152,2020,Corporation AurifaoAEres Monarques,Croinor,QC,Mining,Private,Other,No,1,0,0,0,0,0,<$100M
4153,2020,DP Energy Limited (Haligonia Tidal Energy Ltd. / Rio Fundo Operations Canada Ltd.),Uisce Tapa In-Stream Tidal Energy Project,NS,Energy,Private,Clean Electricity,Yes,1,0,0,1,0,1,$100M - $499M
4154,2020,Sustane Technologies,Sustane Chester,NS,Energy,Private,Other,Yes,1,0,0,0,0,0,<$100M
4155,2020,Eagle Hill Energy LP /Kwanlin Dn First Nation,Haeckel Hill Wind Farm,YK,Energy,Private,Clean Electricity,Yes,1,0,0,0,1,1,<$100M
4156,2020,SaskPower,Birtle Tantallon line,SK,Energy,Public,Trans & Distr,No,1,0,0,0,0,0,Unknown
4157,2020,SaskPower,Golden South Wind Energy Facility,SK,Energy,Public,Clean Electricity,Yes,1,0,0,1,0,1,Unknown
4158,2020,EDF Renewables,Sharp Hills wind farm (248 MW),AB,Energy,Private,Clean Electricity,Yes,1,0,0,0,0,0,$500M - $999M
4159,2020,Noront Resources Ltd.,Ferrochrome Processing Facility,ON,Mining,Private,Other,No,1,0,0,0,1,1,"$1,000M - $4,999M"
4160,2020,Resolute Forest Products,New cellulose filament plant,QC,Forest,Private,Other,Yes,0,1,0,0,0,1,<$100M
4161,2020,Pinnacle and Tolko,High Level Wood Pellet Plant,AB,Forest,Private,Other,Yes,0,1,0,0,0,0,<$100M
4162,2020,Waroona Energy Inc.,Superior Lake (formerly Pick Lake/Winston Lake Zinc Project),ON,Mining,Private,Other,No,0,1,0,0,1,1,$100M - $499M
4163,2020,Canadian Premium Sand,Wanipigow,MB,Mining,Private,Other,No,0,1,0,0,0,1,$100M - $499M
4164,2020,Copper Mountain Mining Corp.,New Ingerbelle,BC,Mining,Private,Critical Mineral,Yes,0,1,0,0,0,1,<$100M
4166,2020,Foran Mining Corp.,McIlvenna Bay,SK,Mining,Private,Other,No,0,1,0,0,0,1,$100M - $499M
4167,2020,Electra Battery Materials Corp.,Cobalt Refinery Complex,ON,Mining,Private,Critical Mineral,Yes,0,1,0,0,0,0,<$100M
4168,2020,Alliance Magnesium,Alliance Magnesium Plant,QC,Mining,Private,Critical Mineral,Yes,0,1,0,0,1,0,$100M - $499M
4169,2020,Allegiance Coal,Telkwa (Delete same project as Tenas Project (ID3610),BC,Mining,Private,Coal,No,0,1,0,0,1,1,<$100M
4170,2020,FortisBC,Tilbury Phase 2 LNG Expansion,BC,Energy,Private,Oil & Gas - Downstream,No,0,1,0,0,0,1,Unknown
4171,2020,FortisBC,Tilbury 1A and 1B Marine Terminal,BC,Energy,Private,Oil & Gas - Downstream,No,0,1,0,0,0,1,Unknown
4172,2020,NGTL,NGTL Westpath Delivery project 2023,AB,Energy,Private,Other,Yes,0,1,0,0,0,1,"$1,000M - $4,999M"
4173,2020,SJ Energy,Burchill Wind Energy,NB,Energy,Private,Clean Electricity,Yes,0,1,0,0,0,1,<$100M
4174,2020,Kahnawake Sustainable Energies (KSE) et Kruger,Des cultures,QC,Energy,Private,Other,Yes,0,1,0,0,0,1,<$100M
4175,2020,Parc aoolien Dune-du-Nord,Dune-du-Nord,QC,Energy,Private,Other,Yes,0,1,0,0,0,0,<$100M
4176,2020,Innergex et corporation fonciaoAEre Pituvik,Centrale hydroao lectrique Innavik,QC,Energy,Private,Clean Electricity,Yes,0,1,0,0,1,1,$100M - $499M
4177,2020,Gibson Energy Inc. & US Development Group,Hardisty Diluent Recovery Unit (DRU),AB,Energy,Private,Clean Electricity,Yes,0,1,0,0,0,0,$500M - $999M
4178,2020,Suncor Energy Inc.,Suncor Power Cogeneration Units,AB,Energy,Private,NG Power Gen,No,0,1,0,0,1,1,"$1,000M - $4,999M"
4179,2020,Cenovus Energy Inc.,Christina Lake Phase H Expansion,AB,Energy,Private,Other,Yes,0,1,0,0,0,1,"$1,000M - $4,999M"
4180,2020,TC Energy Corporation,2023 NGTL Intra-Basin System Expansion,AB,Energy,Private,Other,Yes,0,1,0,0,0,1,$500M - $999M
4181,2020,Nova Gas Transmission,Edson Mainline Expansion Project,AB,Energy,Private,Trans & Distr,No,0,1,0,0,0,1,$500M - $999M
4182,2020,Imperial Oil Ltd.,Cold Lake Thermal Project Enhancements,AB,Energy,Private,Oil & Gas - Upstream,No,0,1,0,0,0,1,$100M - $499M
4183,2020,TC Energy Corporation,Alberta XPress Expansion Project,AB,Energy,Private,Other,Yes,0,1,0,0,0,1,$100M - $499M
4184,2020,Dow Chemical Canada,Dow Ethylene Plant Expansion,AB,Energy,Private,Other,Yes,0,1,0,0,0,1,$100M - $499M
4185,2020,ATCO Pipelines,Pembina Keephills Transmission Project,AB,Energy,Private,Trans & Distr,No,0,1,0,0,0,0,$100M - $499M
4186,2020,Berkshire Hathaway Energy Canada,Rattlesnake Ridge Wind Project,AB,Energy,Private,Clean Electricity,Yes,0,1,0,0,1,1,$100M - $499M
4188,2020,Alpin Sun,Airport City Solar,AB,Energy,Private,Clean Electricity,Yes,0,1,0,0,0,1,$100M - $499M
4189,2020,Capital Power,Whitla Wind Power Project - Phase 2,AB,Energy,Private,Clean Electricity,Yes,0,1,0,0,0,1,$100M - $499M
4190,2020,Pembina Pipeline Corporation,Empress Cogeneration Power Facility,AB,Energy,Private,NG Power Gen,No,0,1,0,0,0,1,$100M - $499M
4192,2020,SemCams and TransAlta,Kaybob South #3 Cogeneration Plant,AB,Energy,Private,NG Power Gen,No,0,1,0,0,0,0,$100M - $499M
4194,2020,Pembina Pipeline Corporation,Peace Pipeline Expansion Phase 9,AB,Energy,Private,Trans & Distr,No,0,1,0,0,1,1,$100M - $499M
4195,2020,Capital Power,Whitla Wind Power Project - Phase 3,AB,Energy,Private,Clean Electricity,Yes,0,1,0,0,0,1,<$100M
4197,2020,Canadian Natural Resources Ltd. (CNRL),Scotford Upgrader Expansion,AB,Energy,Private,Oil & Gas - Downstream,No,0,1,0,0,0,1,<$100M
4198,2020,Climate Transition Development Corporation,Greenview Geothermal Power Plant (Alberta No. 1),AB,Energy,Private,Clean Electricity,Yes,0,1,0,0,0,1,<$100M
4199,2020,City of Calgary,Bonnybrook WWTP Cogeneration Expansion,AB,Energy,Public,NG Power Gen,No,0,1,0,0,0,0,<$100M
4200,2020,Elemental Energy,Brooks Solar 2 Power Plant,AB,Energy,Private,Clean Electricity,Yes,0,1,0,0,1,1,<$100M
4201,2020,Manitoba Hydro,Portage Area Capacity Enhancements,MB,Energy,Public,Other,Yes,0,1,0,0,0,1,$100M - $499M
4202,2020,Spicer,PempaoNq In-stream Tidal Energy Project,NS,Energy,Private,Clean Electricity,Yes,0,1,0,0,0,1,$100M - $499M
4203,2020,Big Moon Power,Tidal power demonstration facility,NS,Energy,Private,Clean Electricity,Yes,0,1,0,0,0,1,<$100M
4204,2020,Jupiter Hydro,In-Stream Tidal Demonstration Project,NS,Energy,Public,Clean Electricity,Yes,0,1,0,0,0,1,<$100M
4205,2020,Nova Innovation,The Nova Tidal Array (Petit Passage),NS,Energy,Private,Clean Electricity,Yes,0,1,0,0,0,1,<$100M
4208,2020,Alton Natural Gas Pipeline,0,NS,Energy,Private,Oil & Gas - Upstream,No,0,1,0,0,0,1,Unknown
4209,2020,Enbridge,Windsor Line Replacement,ON,Energy,Private,Trans & Distr,No,0,1,0,0,0,0,$100M - $499M
4210,2020,Enbridge,Owen Sound Reinforcement,ON,Energy,Private,Clean Electricity,Yes,0,1,0,0,1,0,<$100M
4211,2020,Enbridge,2021 Dawn Parkway Expansion Project - Kirkwall-Hamilton Project,ON,Energy,Private,Other,Yes,0,1,0,0,1,1,$100M - $499M
4212,2020,Northeast Midstream,Nipigon LNG and North Shore Gas Distribution Project,ON,Energy,Private,Oil & Gas - Downstream,No,0,1,0,0,0,1,<$100M
4213,2020,EPCOR Utilities Inc.,Southern Bruce Natural Gas Project,ON,Energy,Private,NG Power Gen,No,0,1,0,0,0,0,<$100M
4214,2020,Imperial Oil Ltd.,Waterdown to Finch Project,ON,Energy,Private,Oil & Gas - Upstream,No,0,1,0,0,1,1,$100M - $499M
4215,2020,Hydro One,Lakeshore Transmission Stations Project Leamington Area Transmission Reinforcement (Lakeshore Transmission Station & Chatham to Lakeshore Line),ON,Energy,Public,Trans & Distr,No,0,1,0,0,0,1,$100M - $499M
4216,2020,NRStor and Six Nations of the Grand River Development Corporation Oneida Energy Storage LP,Oneida Energy Storage,ON,Energy,Private,"DER, Storage, EV",Yes,0,1,0,0,0,1,Unknown
4217,2020,Cenovus Energy Inc.,Spruce Lake East Lloyd,SK,Energy,Private,Clean Electricity,Yes,0,1,0,0,0,0,Unknown
4218,2020,North American Helium,Helium Purification Plant,SK,Energy,Private,Other,Yes,0,1,0,0,1,0,<$100M
4219,2020,Yukon Energy Corporation,Grid-Scale Battery Storage,YK,Energy,Public,"DER, Storage, EV",Yes,0,1,0,0,1,1,<$100M
4220,2020,Port Hawkesbury Paper,Goose Harbour Lake Wind Farm (formerly Pirate Harbour),NS,Energy,Private,Clean Electricity,Yes,0,1,0,0,0,1,$100M - $499M
4221,2020,City of Summerside / Republic of KoreaoNs Samsung Renewable Energy,City of Summerside Solar Farm,PE,Energy,Public,Clean Electricity,Yes,0,1,0,0,0,1,<$100M
4222,2020,TransAlta,Windcharger Battery Storage,AB,Energy,Private,"DER, Storage, EV",Yes,0,1,0,0,0,0,<$100M
4223,2020,Potentia Renewables Inc.,Jenner Wind Power Project 3,AB,Energy,Private,Clean Electricity,Yes,0,1,0,0,1,1,Unknown
4224,2020,WindRiver Power Corp. & TC Energy,Canyon Creek Hydro Power Project (storage),AB,Energy,Private,Clean Electricity,Yes,0,1,0,0,0,1,$100M - $499M
4226,2020,Greengate Power Corporation,Wheatland Wind Project,AB,Energy,Private,Clean Electricity,Yes,0,1,0,0,0,1,$100M - $499M
4227,2020,Element5,New cross-laminated timber plant,ON,Forest,Private,EWP,Yes,0,1,0,0,0,1,<$100M
4230,2020,JD Irving,Mill modernization and upgrade,NB,Forest,Private,Pulp & Paper,No,0,1,0,0,0,1,<$100M
4231,2020,Enbridge Frontier Inc.,Frontier NGL Plant and Pipeline Project,BC,Energy,Private,Trans & Distr,No,0,1,0,0,0,1,"$1,000M - $4,999M"
4232,2020,West Coast Olefins Ltd.,West Coast Olefins Ethylene Plant,BC,Energy,Private,Waste Biomass,Yes,0,1,0,0,0,1,"$5,000M+"
8258,2020,Pinnacle and Tolko,Thermal Energy Plant at High Level Pellet Plant,AB,Forest,Private,Other,Yes,0,1,0,0,0,0,<$100M
0,2021,"Bighorn Mining, LTD",Vista Coal Project (Expansion Projects),AB,Mining,Private,Coal,No,1,0,0,0,1,1,$500M - $999M
2,2021,0887572 B.C. Ltd.,Campbell River Power Enterprises,BC,Energy,Private,Waste Biomass,Yes,1,0,0,0,0,1,$100M - $499M
10,2021,Aeolis Wind Power Corporation,Hackney Hills Wind Park,BC,Energy,Private,Clean Electricity,Yes,1,0,0,0,0,1,$100M - $499M
19,2021,Alberta Wind Energy Corp./Mainstream Renewable Power,Windy Point Wind Farm,AB,Energy,Private,Clean Electricity,Yes,1,0,0,0,0,0,$100M - $499M
22,2021,Kinross Gold Corp. (formerly Rockcliff Metals Corp.),Snow Lake,MB,Mining,Private,Critical Mineral,Yes,0,1,0,1,0,1,<$100M
26,2021,Alouette,Expansion d'usine (aluminium),QC,Mining,Private,Base Metal,No,0,1,0,0,0,0,"$1,000M - $4,999M"
27,2021,Alta Energy Corp.,Lower Wood River Hydropower Project,BC,Energy,Private,Clean Electricity,Yes,1,0,0,0,1,1,$100M - $499M
36,2021,Alterra Power Corporation,Bute Inlet Hydroelectric Project,BC,Energy,Private,Clean Electricity,Yes,1,0,0,0,0,0,"$1,000M - $4,999M"
37,2021,"Woodside, Chevron",Kitimat LNG Terminal,BC,Energy,Private,Oil & Gas - Downstream,No,1,0,0,1,0,1,"$1,000M - $4,999M"
52,2021,Brion Energy Corporation,Dover (PetroChina),AB,Energy,Private,Oil & Gas - Upstream,No,1,0,0,0,0,1,"$5,000M+"
67,2021,BC Hydro,Peace River Site C Hydro-electric project,BC,Energy,Public,Clean Electricity,Yes,1,0,0,0,0,0,"$5,000M+"
73,2021,BHP,Jansen Stage 1,SK,Mining,Private,Other,No,1,0,0,0,1,0,"$1,000M - $4,999M"
75,2021,IPC Canada Ltd.,Blackrod,AB,Energy,Private,Oil & Gas - Upstream,No,1,0,0,0,1,1,"$1,000M - $4,999M"
76,2021,Blue Fuel Energy Corp.,Clean Methanol Plant,BC,Energy,Private,Low Carbon Fuels,Yes,1,0,0,0,0,1,"$1,000M - $4,999M"
83,2021,Talisker Resources Ltd.,Bralorne Mine/King/ Pioneer Mines,BC,Mining,Private,Precious Metal,No,1,0,1,0,0,0,$100M - $499M
88,2021,"Canadian Kailuan Dehua Mines Co., Ltd.",Gething Coal Project,BC,Mining,Private,Coal,No,1,0,0,0,0,1,"$1,000M - $4,999M"
89,2021,Canadian Natural Resources Limited,Grouse,AB,Energy,Private,Oil & Gas - Upstream,No,1,0,0,0,0,1,"$1,000M - $4,999M"
90,2021,Canadian Natural Resources Ltd. (CNRL),Horizon (Mining),AB,Energy,Private,Oil & Gas - Upstream,No,1,0,0,0,0,1,"$5,000M+"
92,2021,NorZinc,Prairie Creek,NT,Mining,Private,Critical Mineral,Yes,1,0,0,0,0,1,$100M - $499M
94,2021,Canagold Resources Ltd.,New Polaris Gold Mine,BC,Mining,Private,Other,No,1,0,0,0,0,0,<$100M
100,2021,Alamos Gold Inc.,Lynn Lake (Gordon site),MB,Mining,Private,Precious Metal,No,1,0,0,1,0,1,$100M - $499M
109,2021,"Exxon Mobil Corp., Imperial Oil Ltd., Statoil, Chevron, Repsol, Husky",Oil and Gas Exploration,NL,Energy,Private,Oil & Gas - Upstream,No,1,0,0,0,0,0,"$1,000M - $4,999M"
114,2021,NWP Coal Canada Ltd.,Crown Mountain Coal Project,BC,Mining,Private,Coal,No,1,0,0,1,0,1,$100M - $499M
126,2021,Connacher Oil & Gas Ltd.,Great Divide,AB,Energy,Private,Oil & Gas - Upstream,No,1,0,0,0,0,1,$500M - $999M
128,2021,Copper Fox Metals - Teck Resources Limited,Schaft Creek Porphyry Copper-Gold Mine,BC,Mining,Private,Precious Metal,No,1,0,0,0,0,1,"$1,000M - $4,999M"
130,2021,Corporation Lithium Elements Critiques,Rose Lithium-Tantalum Mine,QC,Mining,Private,Critical Mineral,Yes,1,0,0,0,0,1,$100M - $499M
131,2021,Covanta/Green Island Energy Ltd./Covanta Holding Corporation,Gold River Power Project,BC,Energy,Private,Other,Yes,1,0,0,0,0,1,$500M - $999M
138,2021,Agnico Eagle Mines Limited,Detour Lake open pit expansion and underground development,ON,Mining,Private,Precious Metal,No,0,1,0,0,0,1,<$100M
140,2021,Canadian Natural Resources Limited,Pike (Formely Kirby),AB,Energy,Private,Oil & Gas - Upstream,No,1,0,0,0,0,1,"$5,000M+"
142,2021,Dokie Wind Energy inc.,Wartenbe Wind Energy Project,BC,Energy,Private,Clean Electricity,Yes,0,1,0,0,0,1,$100M - $499M
165,2021,WindRiver Power Corp.,Kinskuch Hydroelectric Project,BC,Energy,Private,Clean Electricity,Yes,1,0,0,0,0,1,$100M - $499M
177,2021,Finavera Wind Energy Inc.,Bullmoose Wind Energy Project,BC,Energy,Private,Clean Electricity,Yes,1,0,0,0,0,0,$100M - $499M
186,2021,Fortune Minerals Limited,NICO Cobalt-Gold-Bismuth Mine,NT,Mining,Private,Precious Metal,No,1,0,0,1,0,1,$500M - $999M
187,2021,Fortune Minerals Ltd.,Saskatchewan Metals Processing Plant,SK,Mining,Private,Critical Mineral,Yes,1,0,0,0,0,1,$100M - $499M
188,2021,Fosthall Creek Power LP,Fosthall Creek Hydropower Project,BC,Energy,Private,Clean Electricity,Yes,1,0,0,0,0,1,<$100M
204,2021,Grizzly Oil Sands ULC,May River,AB,Energy,Private,Oil & Gas - Upstream,No,1,0,0,0,0,1,$100M - $499M
205,2021,Giga Metals Corp. & Mitsubishi Corporation,Turnagain Project,BC,Mining,Private,Critical Mineral,Yes,1,0,0,0,0,1,"$1,000M - $4,999M"
207,2021,Harvest Operations Corp.,BlackGold Oil Sands Project,AB,Energy,Private,Oil & Gas - Upstream,No,1,0,0,0,0,1,$500M - $999M
208,2021,Hawkeye Energy Corp.,Hawkeye Green Energy Grid Project,BC,Energy,Private,Trans & Distr,No,1,0,0,0,0,1,$100M - $499M
209,2021,HD Mining International Ltd.,Murray River Coal Project,BC,Mining,Private,Coal,No,1,0,0,0,0,1,$500M - $999M
211,2021,HudBay Minerals,Lalor,MB,Mining,Private,Other,No,0,1,0,0,0,1,$100M - $499M
213,2021,Hurley River Hydro LP,Hurley River Hydroelectric Project,BC,Energy,Public,Clean Electricity,Yes,1,0,0,0,0,1,$100M - $499M
214,2021,Husky Energy,caribou lake,AB,Energy,Private,Clean Electricity,Yes,1,0,0,0,0,1,Unknown
219,2021,Hydro-Quebec,Complexe hydroao lectrique La Romaine,QC,Energy,Public,Clean Electricity,Yes,1,0,0,0,0,0,"$5,000M+"
220,2021,Hydro-Quebec,Renovation de groupes a la centrale electrique Beauharnois,QC,Energy,Public,Clean Electricity,Yes,1,0,0,0,1,0,"$1,000M - $4,999M"
238,2021,Karnalyte Resources Inc,Wynyard Potash Project,SK,Mining,Private,Precious Metal,No,1,0,0,0,1,1,$500M - $999M
241,2021,Keyera Facilities Income Fund (Keyera),NGL Storage Facility Expansion,AB,Energy,Private,"DER, Storage, EV",Yes,0,1,0,0,0,0,<$100M
242,2021,Kinder Morgan,Trans Mountain Pipeline Expansion (TMX),Multi,Energy,Private,Trans & Distr,No,1,0,0,0,1,0,"$5,000M+"
245,2021,Kitamaat Renewable Energy Corporation,Crab/Europa Hydroelectric Project,BC,Energy,Private,Clean Electricity,Yes,1,0,0,0,1,0,$100M - $499M
247,2021,Koch Industries,Muskwa,AB,Energy,Private,Other,Yes,1,0,0,1,0,1,$500M - $999M
256,2021,NorthWest Copper,Lorraine-Jayjay Copper Mine,BC,Mining,Private,Base Metal,No,1,0,0,0,0,0,$100M - $499M
261,2021,Manitoba Hydro,Keeyask Generating Station,MB,Energy,Public,Other,Yes,1,0,0,1,0,0,"$5,000M+"
269,2021,Meadow Lake Tribal Council,Biomass Generator,SK,Energy,Private,Waste Biomass,Yes,1,0,0,0,1,0,<$100M
273,2021,Mao taux BlackRock Inc.,Black Rock,QC,Mining,Private,Critical Mineral,Yes,1,0,0,0,1,1,$500M - $999M
281,2021,Mosaic Potash,Potash Mine Expansion,SK,Mining,Private,Precious Metal,No,0,1,0,0,0,0,"$1,000M - $4,999M"
283,2021,Mount Hays Wind Farm Limited Partnership,Mount Hays Wind Farm,BC,Energy,Private,Clean Electricity,Yes,0,1,0,0,1,1,Unknown
290,2021,Nalcor Energy,Muskrat Falls Hydroelectric Generating Station and Labrador Transmission Assets,NL,Energy,Private,Trans & Distr,No,1,0,1,0,0,0,"$5,000M+"
292,2021,Natural Resources Canada,Port Granby Long-Term Low-Level Radioactive Waste Management,ON,Energy,Private,Waste Biomass,Yes,1,0,0,0,0,0,$100M - $499M
293,2021,Capstone Infrastructure Corporation,Wild Rose' Wind Farm (Phase 2),AB,Energy,Private,Clean Electricity,Yes,1,0,0,0,1,1,$100M - $499M
294,2021,NB Power,Mactaquac Dam upgrades,NB,Energy,Public,Clean Electricity,Yes,1,0,0,0,0,1,"$1,000M - $4,999M"
298,2021,NB Power and Partners,Smart Grid Investments Phase,NB,Energy,Public,Trans & Distr,No,1,0,0,0,0,0,$100M - $499M
306,2021,BluEarth Renewables,Hand Hills' Wind Farm (78MW),AB,Energy,Private,Clean Electricity,Yes,1,0,0,0,1,1,$100M - $499M
308,2021,Agnico-Eagle Mines Limited,Hope Bay Gold (Doris North and Hope Bay Belt),NU,Mining,Private,Precious Metal,No,0,1,0,0,0,1,$500M - $999M
309,2021,Nomis Power Corp - Rupert Peace Power Corp,Nahwitti Wind Farm,BC,Energy,Private,Clean Electricity,Yes,1,0,0,0,0,1,$100M - $499M
314,2021,Ring of Fire Metals Pty Ltd.,Eagle's Nest (McFaulds Lake),ON,Mining,Private,Critical Mineral,Yes,1,0,0,0,0,1,$500M - $999M
315,2021,North American Palladium,Lac des Iles palladium mine (expansion),ON,Mining,Private,Precious Metal,No,1,0,0,0,0,0,<$100M
329,2021,Northcliff Resources (HDI Mining),Sisson Project,NB,Mining,Private,Other,No,1,0,0,0,1,1,$500M - $999M
333,2021,Ontario Power Generation,Darlington Refurbishment Project,ON,Energy,Public,Clean Electricity,Yes,1,0,0,0,0,0,"$5,000M+"
340,2021,Oceanic Iron Ore Company,Hopes Advance Iron Mine (Ungava Bay),QC,Mining,Private,Base Metal,No,1,0,0,0,1,1,"$1,000M - $4,999M"
341,2021,Osum Oil Sands Corp.,Taiga,AB,Energy,Private,Oil & Gas - Upstream,No,1,0,0,0,0,1,"$1,000M - $4,999M"
344,2021,Agnico Eagle Mines Limited,Hammond Reef,ON,Mining,Private,Other,No,0,1,0,0,0,1,"$1,000M - $4,999M"
345,2021,Greengen Holdings Ltd,Bremner Creek Hydro Project,BC,Energy,Private,Clean Electricity,Yes,1,0,0,0,0,0,<$100M
346,2021,"Woodside, Chevron (Kitimat LNG)",Pacific Trail Pipeline,BC,Energy,Private,Trans & Distr,No,1,0,0,0,1,1,"$1,000M - $4,999M"
347,2021,Pacific Booker Minerals Inc.,Morrison Copper Gold Project,BC,Mining,Private,Precious Metal,No,1,0,0,0,0,0,$500M - $999M
371,2021,Metaux Torngat ltee,Strange Lake / B-Zone,QC,Mining,Private,Other,No,1,0,0,1,0,1,"$1,000M - $4,999M"
376,2021,Magneto Investments Limited Partnership,Dumont,QC,Mining,Private,Critical Mineral,Yes,1,0,0,0,0,1,"$1,000M - $4,999M"
381,2021,Ryan River Joint Venture Regional Power,Ryan River Hydro Project,BC,Energy,Private,Clean Electricity,Yes,1,0,0,0,0,1,$100M - $499M
382,2021,Evolution Mining,Bateman Gold,ON,Mining,Private,Precious Metal,No,1,0,0,0,0,0,$100M - $499M
387,2021,"Sea Breeze Pacific Juan de Fuca Cable, LP",Juan de Fuca Power Cable,BC,Energy,Private,Trans & Distr,No,1,0,0,0,1,1,$100M - $499M
389,2021,B2Gold Corp.,Back River Gold Project,NU,Mining,Private,Precious Metal,No,1,0,0,0,0,0,$100M - $499M
390,2021,Seabridge Gold Inc.,Kerr-Sulphurets-Mitchell (KSM),BC,Mining,Private,Precious Metal,No,1,0,0,0,1,1,"$5,000M+"
392,2021,Selkirk Power Company Ltd.,Beaver River Hydroelectric Project,BC,Energy,Private,Clean Electricity,Yes,1,0,0,0,0,1,$100M - $499M
397,2021,"LNG Canada (Shell Canada Limited, PETRONAS, Korea Gas Corporation (KOGAS), Mitsubishi Corporation, and PetroChina Company Limited)",LNG Canada Phase 1,BC,Energy,Private,Oil & Gas - Downstream,No,1,0,0,0,0,0,"$5,000M+"
399,2021,Canadian Natural Resources Limited,AOSP Jackpine,AB,Energy,Private,Other,Yes,1,0,0,0,1,1,"$5,000M+"
403,2021,Shore Gold Inc.,Star-Orion Diamond Project,SK,Mining,Private,Precious Metal,No,1,0,0,0,0,1,"$1,000M - $4,999M"
404,2021,Skygold Ventures Inc.,Spanish Mountain Copper-Gold Mines,BC,Mining,Private,Precious Metal,No,0,1,0,0,0,1,Unknown
405,2021,Skyline Gold Corporation,Bronson Slope Hydropower Projects,BC,Energy,Private,Clean Electricity,Yes,1,0,0,0,0,1,$100M - $499M
406,2021,Skyline Gold Corporation,Bronson Slope Copper/Gold/Silver/Molybdenum Mine,BC,Mining,Private,Precious Metal,No,1,0,0,0,0,1,$100M - $499M
411,2021,Callinex Mines Inc.,Nash Creek,NB,Mining,Private,Other,No,1,0,0,0,0,0,$100M - $499M
413,2021,Spanish Mountain Gold Ltd.,Spanish Mountain Copper-Gold Mines,BC,Mining,Private,Precious Metal,No,1,0,0,1,0,1,$500M - $999M
417,2021,Generation Mining Ltd.,Marathon PGM Copper Mine,ON,Mining,Private,Other,No,1,0,0,0,0,1,$100M - $499M
422,2021,Suncor Energy Inc.,Lewis,AB,Energy,Private,Clean Electricity,Yes,1,0,0,0,0,1,Unknown
423,2021,Suncor Energy Inc.,Firebag,AB,Energy,Private,Clean Electricity,Yes,1,0,0,0,0,1,"$1,000M - $4,999M"
425,2021,"Suncor, ExxonMobil, Statoil, Husky Energy , Murphy Oil, Chevron, Mosbacher",Terra Nova (Asset Life Extension),NL,Energy,Private,Other,Yes,1,0,0,0,0,1,$100M - $499M
426,2021,Sunshine Oilsands,Legend Lake,AB,Energy,Private,Oil & Gas - Upstream,No,1,0,0,0,0,1,"$1,000M - $4,999M"
427,2021,Sunshine Oilsands Ltd.,Thickwood (Sunshine),AB,Energy,Private,Waste Biomass,Yes,1,0,0,0,0,1,"$1,000M - $4,999M"
429,2021,Sunshine Oilsands Ltd.,West Ells,AB,Energy,Private,Oil & Gas - Upstream,No,1,0,0,0,0,1,"$1,000M - $4,999M"
430,2021,Superior Laminated Lumber Corporation,construction of a new laminated veneer lumber manufacturing plant,ON,Forest,Private,Lumber,No,1,0,0,0,0,0,<$100M
436,2021,Syntaris Power Corp.,Jade Lake Power Project,BC,Energy,Private,Low Carbon Fuels,Yes,1,0,0,1,0,1,$100M - $499M
439,2021,Osisko Metals Inc/Appian,Pine Point,NT,Mining,Private,Other,No,0,1,0,0,0,1,$500M - $999M
440,2021,Taseko Mines Ltd.,New Prosperity,BC,Mining,Private,Other,No,1,0,0,0,0,0,"$1,000M - $4,999M"
441,2021,Taseko Mines Ltd.,Harmony Gold Mine,BC,Mining,Private,Precious Metal,No,1,0,0,1,0,0,<$100M
443,2021,Teck Coal Ltd.,Line Creek Coal Mine,BC,Mining,Private,Coal,No,1,0,0,1,0,1,<$100M
460,2021,GoldMining Inc,Yellowknife Gold,NT,Mining,Private,Precious Metal,No,1,0,0,0,0,1,$100M - $499M
467,2021,Vale,Copper Cliff Deep project,ON,Mining,Private,Base Metal,No,1,0,0,0,0,0,$500M - $999M
473,2021,Value Creation Inc.,Tristar' SAGD Pilot Project,AB,Energy,Private,Oil & Gas - Upstream,No,1,0,0,0,1,1,Unknown
477,2021,Victoria Gold Corporation,Dublin Gulch (Eagle Gold),YK,Mining,Private,Precious Metal,No,1,0,1,0,0,0,$100M - $499M
484,2021,Conuma Coal Resources Ltd.,Belcourt/Saxon Coal Mines,BC,Mining,Private,Coal,No,1,0,0,0,0,1,$100M - $499M
485,2021,Conuma Coal Resources Ltd.,Wolverine Coal Mine (Hermann Deposit),BC,Mining,Private,Coal,No,1,0,0,0,0,1,<$100M
488,2021,Western Copper and Gold Corporation,Casino Mine,YK,Mining,Private,Precious Metal,No,1,0,0,0,0,1,"$1,000M - $4,999M"
490,2021,Western Potash,Milestone,SK,Mining,Private,Critical Mineral,Yes,1,0,0,0,0,0,<$100M
499,2021,Taseko Mines Ltd.,Yellowhead (formerly Harper Creek),BC,Mining,Private,Other,No,1,0,0,0,1,1,$500M - $999M
515,2021,Athabasca Oil Corporation,Dover West Clastics,AB,Energy,Private,Oil & Gas - Upstream,No,1,0,0,0,0,1,$500M - $999M
516,2021,Centerra Gold Inc.,Kemess Underground Copper-Gold Mine,BC,Mining,Private,Precious Metal,No,1,0,0,0,0,1,$500M - $999M
522,2021,BURNCO Rock Products Ltd.,BURNCO Aggregate Project (McNab Creek),BC,Mining,Private,Other,No,1,0,0,0,0,1,<$100M
528,2021,Cardero Coal Ltd.,Carbon Creek Coal Mine,BC,Mining,Private,Coal,No,1,0,0,0,0,0,$100M - $499M
529,2021,Cavalier Energy Inc.,Hoole (Paramount),AB,Energy,Private,Clean Electricity,Yes,1,0,0,1,0,1,$100M - $499M
530,2021,Centermount Coal Limited,Bingay Main Metallurgical Coal,BC,Mining,Private,Coal,No,1,0,0,0,0,1,$100M - $499M
533,2021,Granite Creek Copper,Carmacks Copper Project,YK,Mining,Private,Base Metal,No,1,0,0,0,0,0,$100M - $499M
536,2021,ecoTECH Energy Group (Canada) Inc,Biomass Project - McBride,BC,Energy,Private,Waste Biomass,Yes,1,0,0,1,0,1,$100M - $499M
542,2021,Encanto Potash / Muskowekwan Resources Ltd.,Muskowekwan Potash Mine,SK,Mining,Private,Precious Metal,No,1,0,0,0,0,1,"$1,000M - $4,999M"
545,2021,Holmes Hydro,Robson Valley Hydroelectric Project,BC,Energy,Public,Clean Electricity,Yes,1,0,0,0,0,1,$100M - $499M
546,2021,Imperial Metals Corporation,Huckleberry Copper/Silver/Molybdenum Mine,BC,Mining,Private,Precious Metal,No,1,0,1,0,0,0,$100M - $499M
547,2021,Hydro-Quebec,Raccordement du complexe de La Romaine au reseau de transport,QC,Energy,Public,Clean Electricity,Yes,1,0,0,0,0,0,"$1,000M - $4,999M"
566,2021,MEG Energy Corp.,Surmont (MEG),AB,Energy,Private,Clean Electricity,Yes,1,0,0,0,1,1,"$5,000M+"
573,2021,Nalcor Energy,Labrador-Island Transmission Link,NL,Energy,Private,Trans & Distr,No,1,0,1,0,0,0,"$1,000M - $4,999M"
574,2021,Naturener Energy Canada,Wild Rose' Wind Farm Phase 2 (162MW),AB,Energy,Private,Clean Electricity,Yes,1,0,0,0,0,1,$100M - $499M
575,2021,Artemis Gold Inc,Blackwater Gold Project,BC,Mining,Private,Precious Metal,No,1,0,0,0,0,1,"$1,000M - $4,999M"
582,2021,Pieridae Energy,Goldboro LNG Export facility,NS,Energy,Private,Oil & Gas - Downstream,No,1,0,0,0,0,0,"$5,000M+"
584,2021,Quicksilver Resources/ Kohlberg Kravis Roberts & Co. L.P. (KKR),Fortune Creek Gas Plant,BC,Energy,Private,Oil & Gas - Downstream,No,1,0,0,1,0,1,$500M - $999M
587,2021,Rio Tinto Alcan Inc.,Kemano Tunnel Project (T2),BC,Energy,Private,Other,Yes,1,0,0,0,0,0,$500M - $999M
593,2021,Enbridge,Westcoast Connector Gas Transmission Project,BC,Energy,Private,Trans & Distr,No,1,0,0,0,1,1,"$5,000M+"
600,2021,TransCanada,Coastal GasLink Pipeline Project (TransCanada),BC,Energy,Private,Trans & Distr,No,1,0,0,0,0,0,"$1,000M - $4,999M"
604,2021,TransCanada Keystone Pipeline GP Ltd.,Keystone XL Oil Pipeline Project,Multi,Energy,Private,Trans & Distr,No,1,0,1,0,1,0,"$1,000M - $4,999M"
606,2021,Treasury Metals Inc.,Goliath Complex,ON,Mining,Private,Precious Metal,No,1,0,0,0,0,1,$100M - $499M
607,2021,Value Creation Inc.,TriStar Advanced (In Situ + Upgrader),AB,Energy,Private,Oil & Gas - Downstream,No,1,0,0,0,0,1,"$1,000M - $4,999M"
611,2021,Atlantic Gold Corporation,Moose River Consolidated Project,NS,Mining,Private,Precious Metal,No,0,1,0,0,0,1,$100M - $499M
615,2021,Labrador Iron Mines Holdings Ltd.,Direct Shipping Iron Ore (DSO) Houston Deposit,NL,Mining,Private,Base Metal,No,0,1,0,0,0,1,<$100M
620,2021,KGHM International,Victoria Project,ON,Mining,Private,Other,No,1,0,0,0,0,1,$500M - $999M
623,2021,Argonaut Gold,Magino Mine,ON,Mining,Private,Precious Metal,No,1,0,0,0,0,0,$500M - $999M
626,2021,IAMGOLD Corp./Sumitomo Metal Mining,Cote Lake Project,ON,Mining,Private,Precious Metal,No,1,0,0,0,1,0,"$1,000M - $4,999M"
628,2021,Yancoal Canada Resources,Southey Potash Project,SK,Mining,Private,Other,No,1,0,0,0,1,1,"$1,000M - $4,999M"
629,2021,Sunshine Oilsands Ltd.,West Ells,AB,Energy,Private,Oil & Gas - Upstream,No,1,0,0,0,0,1,"$1,000M - $4,999M"
633,2021,Glencore plc,Sukunka Coal Mine,BC,Mining,Private,Coal,No,1,0,0,0,0,1,$100M - $499M
636,2021,Arianne Phosphate inc.,Lac a Paul Phosphate/Apatite mine,QC,Mining,Private,Precious Metal,No,1,0,0,0,0,1,"$1,000M - $4,999M"
637,2021,Commerce Resources corp.,Eldor Rare Earth Project,QC,Mining,Private,Critical Mineral,Yes,1,0,0,0,0,1,$500M - $999M
638,2021,Moneta Porcupine,Golden Highway Gold Project,ON,Mining,Private,Precious Metal,No,0,1,0,0,0,1,$100M - $499M
640,2021,"Braveheart Resources Inc. , Canada",Thierry Copper/Nickel Mine,ON,Mining,Private,Critical Mineral,Yes,0,1,0,0,0,1,$100M - $499M
643,2021,Search Minerals Inc.,Deep Fox + Foxtrot,NL,Mining,Private,Critical Mineral,Yes,1,0,0,0,0,1,$100M - $499M
644,2021,Ontario Power Generation,New Nuclear Power Plant Darlington Small Modular Reactor Project,ON,Energy,Public,Nuclear,Yes,0,1,0,0,0,1,Unknown
648,2021,Northern Graphite,Bissett Creek,ON,Mining,Private,Critical Mineral,Yes,1,0,0,0,0,1,$100M - $499M
649,2021,Husky Oil Operations Ltd.,Saleski' Thermal Oil Sands Project Using CSS,AB,Energy,Private,Oil & Gas - Upstream,No,1,0,0,0,0,1,$100M - $499M
650,2021,TransCanada,Prince Rupert Gas Transmission Project,BC,Energy,Private,Trans & Distr,No,1,0,0,0,0,0,"$5,000M+"
651,2021,FortisBC Energy (Vancouver Island) Inc.,Eagle Mountain - Woodfibre LNG Gas Pipeline Projects,BC,Energy,Private,Trans & Distr,No,1,0,0,1,0,1,$100M - $499M
652,2021,Woodfibre LNG,Woodfibre LNG project,BC,Energy,Private,Oil & Gas - Downstream,No,1,0,0,0,0,1,"$1,000M - $4,999M"
654,2021,Bruce Power,Bruce Nuclear Refurbishment,ON,Energy,Private,Nuclear,Yes,1,0,0,0,0,0,"$5,000M+"
659,2021,TransCanada,Heartland Pipeline Project,AB,Energy,Private,Trans & Distr,No,1,0,0,0,1,1,$500M - $999M
660,2021,ATCO Pipelines,Urban Pipeline Replacement Project,AB,Energy,Private,Trans & Distr,No,1,0,0,0,0,0,$500M - $999M
662,2021,Prosper Petroleum,Rigel Oil Sands Project,AB,Energy,Private,Oil & Gas - Upstream,No,1,0,0,0,1,1,$100M - $499M
668,2021,Pteragen Canada,Peace Butte Wind Farm,AB,Energy,Private,Clean Electricity,Yes,1,0,0,0,0,0,$100M - $499M
684,2021,Osum Oil Sands Corp.,Sepiko Kesik Project,AB,Energy,Private,Oil & Gas - Upstream,No,1,0,0,1,0,1,"$1,000M - $4,999M"
685,2021,Resolute Forest Products,Plant Modernization,ON,Forest,Private,Other,Yes,1,0,0,0,0,0,Unknown
688,2021,Graymont Western Canada Inc.,Giscome Quarry and Lime Plant Project,BC,Mining,Private,Other,No,1,0,0,1,0,1,$100M - $499M
689,2021,Innergex Wind Energy Inc and Saik'uz First Nation,"Nulki Hills, 30 km south of Vanderhoof",BC,Energy,Private,Clean Electricity,Yes,1,0,0,0,0,1,<$100M
692,2021,EDF Renouvelables,Taylor Wind Project,BC,Energy,Private,Clean Electricity,Yes,1,0,0,0,0,1,$500M - $999M
697,2021,"Husky Energy Inc., Suncor, Nalcor Energy",White Rose Expansion - White Rose West,NL,Energy,Private,Clean Electricity,Yes,1,0,1,0,0,0,"$1,000M - $4,999M"
703,2021,Ethanol Cellulosique Varennes s.e.c. (Recyclage Carbone Varennes),Usine de carburant a faible intensite carbone (inclut un electrolyseur),QC,Energy,Private,Low Carbon Fuels,Yes,1,0,0,0,0,0,$100M - $499M
706,2021,Quicksilver Resources Canada Inc.,Discovery LNG,BC,Energy,Private,Oil & Gas - Downstream,No,1,0,0,0,1,1,"$1,000M - $4,999M"
707,2021,Port Alberni Harbour Authority,Port Alberni LNG Export Facility,BC,Energy,Public,Oil & Gas - Downstream,No,1,0,0,0,0,1,"$1,000M - $4,999M"
712,2021,Sequoia Energy Inc.,Quottoon Cluster of Hydroelectric Projects,BC,Energy,Private,Clean Electricity,Yes,1,0,0,0,0,1,$100M - $499M
713,2021,NOVA Gas Transmission Ltd.,North Montney Mainline,BC,Energy,Private,Trans & Distr,No,1,0,0,0,0,1,"$1,000M - $4,999M"
714,2021,Fortis Generation Inc.,Hydroelectric Dam,BC,Energy,Private,Clean Electricity,Yes,0,1,0,0,0,1,$100M - $499M
718,2021,Kitimat Clean Ltd.,Kitimat Clean Oil Refinery,BC,Energy,Private,Oil & Gas - Downstream,No,1,0,0,0,0,1,"$5,000M+"
725,2021,Greater Vancouver Regional District,Capilano (Cleveland) Dam Power Plant,BC,Energy,Private,Clean Electricity,Yes,1,0,0,0,0,1,<$100M
737,2021,BC Hydro,Capilano Substation Upgrade,BC,Energy,Public,Trans & Distr,No,0,1,0,0,0,0,<$100M
746,2021,Innergex Renewable Energy Inc.,Tipella Creek Hydropower Project,BC,Energy,Private,Clean Electricity,Yes,0,1,0,0,1,1,<$100M
753,2021,Kruger Energy Inc.,Maselpanik Creek Hydro Project,BC,Energy,Private,Clean Electricity,Yes,1,0,0,0,0,1,$100M - $499M
754,2021,Pacific Coastal Wave Energy Corp.,Wave Energy Project,BC,Energy,Private,Clean Electricity,Yes,1,0,0,0,0,1,<$100M
757,2021,Innergex Renewable Energy Inc.,Shovel Creek Hydroelectric Project,BC,Energy,Private,Clean Electricity,Yes,1,0,0,0,0,1,<$100M
758,2021,Pristine Power Inc./Cheslatta Forest Products,Cheslatta Green Energy Project,BC,Energy,Private,Clean Electricity,Yes,1,0,0,0,0,1,<$100M
759,2021,KMC Power,Tamihi Creek Hydro Project,BC,Energy,Private,Clean Electricity,Yes,1,0,0,0,0,1,<$100M
761,2021,TransAlta Corporation - Sorgente,Clemina Creek Hydro Project,BC,Energy,Private,Clean Electricity,Yes,0,1,0,0,0,0,<$100M
763,2021,Highwater Power Corporation,Kookipi Creek Water Power Project,BC,Energy,Private,Clean Electricity,Yes,1,0,0,0,1,0,<$100M
764,2021,Highwater Power Corporation Altagas Ltd.,Log Creek Water Power Project,BC,Energy,Private,Clean Electricity,Yes,1,0,0,1,0,1,<$100M
770,2021,TransAlta,Sundance 7 Gas fired power plant,AB,Energy,Private,NG Power Gen,Yes,1,0,0,0,0,0,"$1,000M - $4,999M"
774,2021,Ironhead First Nations Partnership,Great Spirit Power Project,AB,Energy,Private,Low Carbon Fuels,Yes,1,0,0,1,0,0,"$1,000M - $4,999M"
778,2021,West High Yield Resources,Record Ridge Magnesium Project,BC,Mining,Private,Critical Mineral,Yes,1,0,0,1,0,1,$500M - $999M
783,2021,First Mining Gold Corp.,Springpole Lake Gold Project,ON,Mining,Private,Precious Metal,No,1,0,0,0,0,1,$500M - $999M
785,2021,Greenstone Gold Mines LP (Equinox Gold Corp./Orion Mine Finance Group),Greenstone,ON,Mining,Private,Precious Metal,No,1,0,0,0,0,1,"$1,000M - $4,999M"
786,2021,Riversdale Resources,Grassy Mountain,AB,Mining,Private,Other,No,1,0,0,0,0,1,$100M - $499M
787,2021,Commerce Resources,Blue River (Upper Fir) Tantalum/Niobium Project,BC,Mining,Private,Other,No,1,0,0,0,0,0,$100M - $499M
794,2021,Ascot Resources Ltd,Premier Gold Project,BC,Mining,Private,Precious Metal,No,1,0,0,1,0,1,$100M - $499M
798,2021,Paper Excellence,Restart of Pulp Mill and new Biomass Power Generation,SK,Forest,Private,Pulp & Paper,No,1,0,0,0,0,1,$100M - $499M
799,2021,Alton Natural Gas Storage,Natural Gas Storage Facility,NS,Energy,Private,"DER, Storage, EV",Yes,1,0,0,0,0,1,$100M - $499M
800,2021,Joyce Direct Iron Inc.,Joyce Lake DSO (the Attikamagen Project),NL,Mining,Private,Other,No,0,1,0,0,0,1,$100M - $499M
802,2021,Vulcan Materials Company,Black Point Aggregate Project,NS,Mining,Private,Other,No,1,0,0,0,0,1,<$100M
808,2021,Spartan Delta Inception Exploration Ltd.,Greenview Sour Gas plant,AB,Energy,Private,Oil & Gas - Downstream,No,1,0,0,0,0,1,<$100M
815,2021,Vanderwell Contractors,Bioenergy Project,AB,Forest,Private,Other,Yes,1,0,1,0,0,0,<$100M
818,2021,Athabasca Oil Corporation,Hangingstone Oil Sands,AB,Energy,Private,Oil & Gas - Upstream,No,1,0,0,0,0,1,$500M - $999M
819,2021,Ville de Quao bec,Centre de biomao thanisation de loNagglomao ration de Quao bec (CBAQ),QC,Energy,Private,Waste Biomass,Yes,1,0,0,0,0,0,$100M - $499M
825,2021,Val aoo sociao tao en commandite / Algonquin Power Trust,Parc ao olien Belle-RiviaoAEre,QC,Energy,Private,Clean Electricity,Yes,1,0,0,0,1,0,<$100M
838,2021,Pembina Pipeline Corp.,Canadian Diluent Hub,AB,Energy,Private,Oil & Gas - Upstream,No,1,0,1,0,1,0,$100M - $499M
841,2021,Canadian Natural Resources Limited,Jackfish,AB,Energy,Private,Oil & Gas - Upstream,No,1,0,0,0,0,1,"$1,000M - $4,999M"
846,2021,ENMAX Energy Corp. / Capital Power Corp,Genesee Generating Units 4 and 5,AB,Energy,Private,Other,Yes,1,0,0,0,0,0,"$1,000M - $4,999M"
847,2021,Cenovus Energy Inc.,Pelican Lake,AB,Energy,Private,Clean Electricity,Yes,1,0,0,1,0,1,"$1,000M - $4,999M"
848,2021,Gascana AB Energy,LNG Production Plant and other facilities,AB,Energy,Private,Oil & Gas - Downstream,No,1,0,0,0,0,1,"$1,000M - $4,999M"
850,2021,Syncrude Canada Ltd.,Stage 4a - MLX-W,AB,Energy,Private,Other,Yes,1,0,0,0,0,1,"$1,000M - $4,999M"
854,2021,ATCO Pipelines,Calgary Urban Pipeline Replacement Project,AB,Energy,Private,Trans & Distr,No,1,0,0,0,0,0,$100M - $499M
857,2021,Bear Head Energy,Bear Head Energy,NS,Energy,Private,Oil & Gas - Downstream,No,1,0,0,0,1,1,"$5,000M+"
858,2021,ConocoPhillips Canada,Surmont (ConocoPhillips),AB,Energy,Private,Oil & Gas - Upstream,No,1,0,0,0,0,1,"$5,000M+"
862,2021,Taseko Mines Ltd.,Aley Niobium Project,BC,Mining,Private,Critical Mineral,Yes,1,0,0,0,0,1,$500M - $999M
863,2021,aonergie Saguenay GNL Quao bec inc.,aonergie Saguenay LNG,QC,Energy,Private,Oil & Gas - Downstream,No,1,0,0,0,0,0,"$5,000M+"
868,2021,Teck Coal Ltd.,Baldy Ridge Extension Project,BC,Mining,Private,Coal,No,1,0,0,1,0,1,"$1,000M - $4,999M"
873,2021,Orca LNG Ltd.,Orca LNG,BC,Energy,Private,Oil & Gas - Downstream,No,0,1,0,0,0,1,Unknown
885,2021,Pacific Northern Gas Ltd.,Pacific Northern Gas Pipeline Looping Project,BC,Energy,Private,Trans & Distr,No,1,0,0,0,0,1,$100M - $499M
893,2021,PRISM Diversifed Ltd.,Clear Hills Project,AB,Mining,Private,Other,No,1,0,0,0,0,0,$100M - $499M
894,2021,Newmont Goldcorp Corp.,Coffee Gold Mine,YK,Mining,Private,Precious Metal,No,1,0,0,1,0,1,$100M - $499M
900,2021,Hydro-Quebec,Projet Chamouchouane-BDI & Poste Judith-Jasmin,QC,Energy,Public,Clean Electricity,Yes,1,0,1,0,0,0,"$1,000M - $4,999M"
906,2021,Northern Blizzard Resources Inc.,Pirtuk,AB,Energy,Private,Other,Yes,1,0,0,0,0,1,$100M - $499M
918,2021,Northern Cross Ltd.,Eagle Plains Oil and Gas Exploration,YK,Energy,Private,Oil & Gas - Upstream,No,1,0,0,0,0,0,$100M - $499M
919,2021,ATAC Resources Ltd.,Rackla Gold Project (Tiger Deposit),YK,Mining,Private,Precious Metal,No,1,0,0,1,0,1,$100M - $499M
928,2021,Interfor Corporation,Mill upgrade,BC,Forest,Private,Pulp & Paper,No,1,0,0,0,0,0,<$100M
936,2021,Mines Agnico Eagle ltee,Akasaba West Copper-Gold Mine,QC,Mining,Private,Precious Metal,No,1,0,0,0,1,1,<$100M
937,2021,"Canada Stewart Energy Group Ltd. (Northwest World Energy Services, Great United Petroleum Holding Co. Ltd.)",Canada Stewart Energy LNG Project,BC,Energy,Private,Oil & Gas - Downstream,No,1,0,0,0,0,1,Unknown
938,2021,Cedar LNG (partnership between Pembina Pipeline Corporation and Haisla Nation),Cedar LNG,BC,Energy,Private,Oil & Gas - Downstream,No,1,0,0,0,0,1,Unknown
939,2021,NewTimes Energy Ltd.,NewTimes Energy,BC,Energy,Private,Clean Electricity,Yes,1,0,0,0,0,1,Unknown
942,2021,Watson Island LNG Corporation,Watson Island LNG,BC,Energy,Private,Oil & Gas - Downstream,No,1,0,0,0,0,1,Unknown
943,2021,"Tilbury Jetty Marine Partnership (Fortis, Seaspan, Shell)",Tilbury Marine Jetty,BC,Energy,Private,Oil & Gas - Downstream,No,1,0,0,0,0,1,$100M - $499M
944,2021,Vale Newfoundland and Labrador Limited,Underground Mine Development,NL,Mining,Private,Precious Metal,No,1,0,1,0,0,0,"$1,000M - $4,999M"
952,2021,Glencore,Raglan(phase 2),QC,Mining,Private,Other,No,1,0,0,0,0,0,"$1,000M - $4,999M"
956,2021,Altalink,Chapel Rock to Pincher Creek Area Transmission Development,AB,Energy,Private,Trans & Distr,No,1,0,0,0,1,1,$500M - $999M
957,2021,Atrum Coal,Groundhog Project Anthracite Coal Mine,BC,Mining,Private,Coal,No,1,0,0,0,0,1,$100M - $499M
958,2021,BC Hydro,Tofino and Ahousaht LongTerm Power Supply,BC,Energy,Public,Trans & Distr,No,1,0,1,0,0,0,<$100M
964,2021,BC Hydro,Fort St. John and Taylor Electrical Supply,BC,Energy,Public,Clean Electricity,Yes,1,0,1,0,0,0,<$100M
965,2021,BC Hydro,G.M. Shrum Units 1 to 10 Control Systems Upgrade Project,BC,Energy,Public,Other,Yes,1,0,0,0,0,0,<$100M
970,2021,Creative Energy Vancouver Platforms Inc.,Creative Energy Plant,BC,Energy,Private,Clean Electricity,Yes,1,0,0,0,1,1,$100M - $499M
972,2021,Eagle Spirit Energy Holdings Ltd./Aquilini Group,ESE Synthetic Crude Pipeline,BC,Energy,Private,Trans & Distr,No,1,0,0,0,0,1,"$5,000M+"
974,2021,Enbridge/ Borealis Inc./ Kitselas First Nation,Lakelse Geothermal Power Plant,BC,Energy,Private,Clean Electricity,Yes,1,0,0,0,0,1,<$100M
979,2021,Kitsault Energy Ltd. of Canada,Kitsault LNG Facility,BC,Energy,Private,Oil & Gas - Downstream,No,1,0,0,0,0,1,Unknown
980,2021,Kruger Energy Inc.,Isle Pierre Wind Farm,BC,Energy,Private,Clean Electricity,Yes,1,0,0,0,0,1,$100M - $499M
983,2021,Red Willow Wind LP,Red Willow Wind Farm,BC,Energy,Private,Clean Electricity,Yes,1,0,0,0,0,1,$100M - $499M
996,2021,"AltaLink, ATCO",Central East Area Transmission Development,AB,Energy,Private,Trans & Distr,No,1,0,0,0,0,1,<$100M
1002,2021,"Ministere du developpement durable, de l'environnement et des parcs",Refection du barrage des Quinze,QC,Energy,Private,Other,Yes,1,0,0,0,0,0,<$100M
1003,2021,Churchill Falls (Labrador) Corporation,Electric Utility Capital Expenditures,NL,Energy,Private,Other,Yes,1,0,0,0,1,0,<$100M
1010,2021,Newfoundland Power Inc.,Electric Utility Capital Program,NL,Energy,Private,Clean Electricity,Yes,1,0,0,0,1,0,<$100M
1015,2021,Newfoundland and Labrador Hydro,Various (2016 Capital Program),NL,Energy,Public,Clean Electricity,Yes,1,0,0,0,1,0,$100M - $499M
1023,2021,Nukik Corp.,Kivalliq Hydro Fibre Link,Multi,Energy,Public,Clean Electricity,Yes,1,0,0,0,1,1,$500M - $999M
1024,2021,NextBridge,East-West Tie Transmission Project,ON,Energy,Private,Trans & Distr,No,1,0,0,0,0,0,$500M - $999M
1026,2021,Hydro-Quebec,Rehabilitation de la centrale Robert-Bourassa,QC,Energy,Public,Clean Electricity,Yes,1,0,0,0,1,0,Unknown
1028,2021,Alamos Gold Inc.,Island Gold Expansion,ON,Mining,Private,Precious Metal,No,1,0,0,0,1,0,<$100M
1034,2021,Fission Uranium Corp.,Patterson Lake South,SK,Mining,Private,Critical Mineral,Yes,1,0,0,0,1,1,"$1,000M - $4,999M"
1036,2021,Enbridge Pipelines Inc.,Line 3 Replacement Project,Multi,Energy,Private,Trans & Distr,No,1,0,1,0,0,0,"$1,000M - $4,999M"
1037,2021,"Western LNG, Nisga'a Nation, Rockies LNG Partners",Ksi Lisims LNG,BC,Energy,Private,Oil & Gas - Downstream,No,0,1,0,0,0,1,Unknown
1039,2021,Daishowa Marubeni Intl Ltd.,Steeper Energy - HydrofactionTM Oil from wood,AB,Forest,Private,Other,Yes,1,0,0,0,0,0,<$100M
1041,2021,"Energie hydroelectrique Pessamit, Societe en commandite",Centrale hydroelectrique des chutes du six milles,QC,Energy,Public,Clean Electricity,Yes,1,0,0,1,0,0,<$100M
1042,2021,BMC Minerals Ltd.,Kudz Ze Kayah,YK,Mining,Private,Other,No,1,0,0,0,1,1,$100M - $499M
1045,2021,Northern Energy Solutions (NES),NES Wood Pellet Plant,NB,Forest,Private,Other,Yes,1,0,0,0,0,1,<$100M
1048,2021,9139-3991 Quao bec Inc (Les Industries JPB),Centrale de cogao nao ration Valleyfied,QC,Energy,Private,Other,Yes,1,0,0,0,0,0,Unknown
1049,2021,"Energie hydroelectrique Pessamit, Societe en commandite",Centrale hydroelectrique de la chute du quatre milles,QC,Energy,Public,Clean Electricity,Yes,1,0,0,0,1,1,<$100M
1050,2021,"Manouane Sipi, Societe en commandite",Centrale hydroelectrique Manouane Sipi (Dam B),QC,Energy,Private,Clean Electricity,Yes,1,0,0,0,0,1,<$100M
1052,2021,Howse Minerals Limited,Howse Property Direct Shipping Ore Mine,NL,Mining,Private,Precious Metal,No,1,0,0,0,0,0,$100M - $499M
1056,2021,FPInnovations et Bioao nergie La Tuque,Vision La Tuque 2023,QC,Forest,Private,Other,Yes,1,0,0,1,0,1,$500M - $999M
1057,2021,Pacific Future Energy,Pacific Future Energy Oil Refinery,BC,Energy,Private,Oil & Gas - Downstream,No,1,0,0,0,0,1,"$5,000M+"
1058,2021,Protocol Biomass,Pellet Plant,ON,Forest,Private,Other,Yes,1,0,0,0,0,0,<$100M
1061,2021,Tembec (General Partnership),Specialty Cellulose Upgrade (digesters change),QC,Forest,Private,Pulp & Paper,No,1,0,0,1,0,1,$100M - $499M
1063,2021,NTPC,Taltson Hydroelectricity Expansion Project (Phase 1),NT,Energy,Private,Clean Electricity,Yes,1,0,0,0,0,1,"$1,000M - $4,999M"
1067,2021,Sayona Quebec inc.,Authier,QC,Mining,Private,Other,No,1,0,0,0,0,1,<$100M
1074,2021,Athabasca Oil Sands Corporation,Kai Kos Dehseh,AB,Energy,Private,Oil & Gas - Upstream,No,1,0,0,0,0,1,Unknown
1076,2021,OSum Oil Sands Corp.,Orion,AB,Energy,Private,Oil & Gas - Upstream,No,1,0,0,0,0,1,Unknown
1077,2021,Cenovus Energy Inc.,Christina Lake,AB,Energy,Private,Other,Yes,1,0,0,0,0,1,$500M - $999M
1078,2021,ConocoPhillips Canada Limited,Surmont 2,AB,Energy,Private,Oil & Gas - Upstream,No,1,0,0,0,0,1,"$1,000M - $4,999M"
1079,2021,Japan Canada Oil Sands Limited (JACOS),Hangingstone,AB,Energy,Private,Oil & Gas - Upstream,No,1,0,0,0,0,1,"$1,000M - $4,999M"
1080,2021,Suncor Energy Inc.,Meadow Creek,AB,Energy,Private,Clean Electricity,Yes,1,0,0,0,0,1,Unknown
1081,2021,Sunshine Oilsands Ltd.,Thickwood,AB,Energy,Private,Waste Biomass,Yes,1,0,0,0,0,1,Unknown
1082,2021,Cenovus Energy Inc.,Narrows Lake,AB,Energy,Private,Clean Electricity,Yes,1,0,0,0,0,1,"$1,000M - $4,999M"
1083,2021,Value Creation Inc.,Heartland Upgrader,AB,Energy,Private,Oil & Gas - Downstream,No,1,0,0,0,0,1,Unknown
1084,2021,Penn West,Seal,AB,Energy,Private,Other,Yes,1,0,0,0,0,1,Unknown
1086,2021,ConocoPhillips Canada Limited,Surmont,AB,Energy,Private,Oil & Gas - Upstream,No,1,0,0,0,0,1,Unknown
1088,2021,Husky Energy Inc.,Spruce Lake Central,SK,Energy,Private,Clean Electricity,Yes,1,0,0,0,0,0,$100M - $499M
1089,2021,Husky Energy Inc.,Spruce Lake North,SK,Energy,Private,Clean Electricity,Yes,1,0,0,0,1,0,$100M - $499M
1090,2021,Value Creation Inc.,Heartland Upgrader,AB,Energy,Private,Oil & Gas - Downstream,No,1,0,0,0,1,1,Unknown
1091,2021,PTTEP Canada Limited,Mariana,AB,Energy,Private,Other,Yes,1,0,0,0,0,1,Unknown
1092,2021,Imperial Oil Ltd.,Cold Lake SAGD,AB,Energy,Private,Oil & Gas - Upstream,No,1,0,0,0,0,1,Unknown
1093,2021,Athabasca Oil Sands Corporation,Hangingstone,AB,Energy,Private,Oil & Gas - Upstream,No,1,0,0,0,0,1,Unknown
1094,2021,Imperial Oil Limited,Syncrude Mildred Lake Extension,AB,Energy,Private,Oil & Gas - Upstream,No,1,0,0,0,0,1,Unknown
1095,2021,MEG Energy Corp.,May River,AB,Energy,Private,Clean Electricity,Yes,1,0,0,0,0,1,"$5,000M+"
1096,2021,BP Plc,Terre De Grace,AB,Energy,Private,Other,Yes,1,0,0,0,0,1,Unknown
1097,2021,Canadian Natural Resources Limited,CCS Follow UP,AB,Energy,Private,"DER, Storage, EV",Yes,1,0,0,0,0,1,Unknown
1098,2021,Lacrina Energy,Saleski JV (Laricina/Osum),AB,Energy,Private,Clean Electricity,Yes,1,0,0,0,0,1,Unknown
1099,2021,Nexxen,Long Lake,AB,Energy,Private,Other,Yes,1,0,0,0,0,0,Unknown
2000,2021,E-T Energy Ltd.,Popular Creek,AB,Energy,Private,Clean Electricity,Yes,1,0,0,0,1,1,Unknown
2001,2021,Sunshine Oilsands Ltd.,Thickwood (Sunshine),AB,Energy,Private,Waste Biomass,Yes,1,0,0,0,0,1,Unknown
2002,2021,Sunshine Oilsands Ltd.,Harper,AB,Energy,Private,Oil & Gas - Upstream,No,1,0,0,0,0,1,Unknown
2003,2021,Devon Oil Canada,Pike (Formely Kirby),AB,Energy,Private,Oil & Gas - Upstream,No,1,0,0,0,0,1,Unknown
2004,2021,Husky Energy Inc.,Mcmullin,AB,Energy,Private,Clean Electricity,Yes,1,0,0,0,0,1,Unknown
2005,2021,Cenovus Energy Inc.,Ravin Ridge and Wallace Creek,AB,Energy,Private,Clean Electricity,Yes,1,0,0,0,0,1,Unknown
2007,2021,Lacrina Energy,Burnt Lakes,AB,Energy,Private,Clean Electricity,Yes,1,0,0,0,0,1,Unknown
2008,2021,Lacrina Energy,"Conn Creek, Germain and Popular Creek",AB,Energy,Private,Clean Electricity,Yes,1,0,0,0,0,1,Unknown
2009,2021,Athabasca Oil Sands Corporation,Dover West Carbonites and Clastics,AB,Energy,Private,Oil & Gas - Upstream,No,1,0,0,0,0,1,Unknown
2016,2021,Goldcorp Inc.,Musselwhite Materials Handling Project,ON,Mining,Private,Precious Metal,No,1,0,1,0,0,0,$100M - $499M
2020,2021,PEI Energy Corporation,PEIEC Wind Farm #5,ON,Energy,Private,Clean Electricity,Yes,1,0,0,0,0,1,<$100M
2048,2021,Nation Rise Wind Farm Limited Partnership,Nation Rise Wind,ON,Energy,Private,Clean Electricity,Yes,1,0,0,0,0,0,$100M - $499M
2059,2021,Aeolis / Boralex,Hackney Hills Wind Park (Aeolis / Boralex),BC,Energy,Private,Other,Yes,0,1,0,0,1,1,<$100M
2060,2021,Pacific Future Energy,Pacific Future Energy Refinery Project,BC,Energy,Private,Clean Electricity,Yes,1,0,0,0,0,0,<$100M
2061,2021,Manitoba Hydro,Manitoba-Saskatchewan Transmission Projecct,MB,Energy,Public,Trans & Distr,No,1,0,1,0,1,0,<$100M
2062,2021,Manitoba Hydro,Pine Falls Units 1-4 Major Overhauls,MB,Energy,Public,Clean Electricity,Yes,1,0,0,0,0,0,<$100M
2064,2021,Manitoba Hydro,Letellier - St. Vital 230kV Transmission,MB,Energy,Public,Trans & Distr,No,1,0,0,0,1,0,<$100M
2065,2021,Manitoba Hydro,Transmission Line Upgrades for Improved Clearance,MB,Energy,Public,Trans & Distr,No,1,0,0,0,1,0,<$100M
2066,2021,Manitoba Hydro,Steinbach Area 230-66kV Capacity Enhancements,MB,Energy,Public,Other,Yes,1,0,1,0,1,0,<$100M
2072,2021,Baffinland Iron Mines Corporation,Mary River Iron Ore project,NU,Mining,Private,Base Metal,No,1,0,0,0,0,1,"$1,000M - $4,999M"
2076,2021,Nalcor Energy,Labrador Transmission Assets,NL,Energy,Private,Trans & Distr,No,1,0,1,0,0,0,$500M - $999M
2078,2021,Algonquin Power & Utilities Corp.,Wind Project,SK,Energy,Private,Clean Electricity,Yes,1,0,0,0,0,0,$100M - $499M
2082,2021,SaskPower,Proposed Natural Gas Power Station,SK,Energy,Public,NG Power Gen,No,0,1,0,0,1,0,$500M - $999M
2083,2021,Ressources Falco ltee,Horne 5,QC,Mining,Private,Other,No,1,0,0,0,1,1,$500M - $999M
2087,2021,Canadian Malartic GP,Canadian Malartic,QC,Mining,Private,Other,No,1,0,0,0,0,0,$100M - $499M
2092,2021,Miniere Osisko Inc.,Lac Windfall,QC,Mining,Private,Other,No,1,0,0,0,1,1,$100M - $499M
2093,2021,Nouveau Monde Graphite inc.,Matawinie,QC,Mining,Private,Other,No,1,0,0,0,0,1,$100M - $499M
2108,2021,White Birch Paper,Fiber extraction for bioplastics,QC,Forest,Private,Other,Yes,1,0,0,0,0,0,<$100M
2110,2021,"Nation Innue, RES et Boralex",Apuiat,QC,Energy,Private,Other,Yes,1,0,0,0,1,1,$500M - $999M
2111,2021,Finaxo Canada inc.,Cogao nao ration Bedford,QC,Energy,Private,Other,Yes,1,0,0,0,0,1,Unknown
2113,2021,"aonergie LSQ, S.E.C.",aonergie LSQ,QC,Energy,Private,Other,Yes,1,0,0,0,0,1,Unknown
2114,2021,Chantiers Chibougamau inc.,Centrale de cogeneration Assinica,QC,Energy,Private,Other,Yes,1,0,0,0,0,0,Unknown
2115,2021,Cogeneration Val-d'Or,Cogeneration Val-d'Or,QC,Energy,Private,Other,Yes,1,0,0,0,1,1,<$100M
2118,2021,Pembina Pipeline Corp. and Petrochemical Industries Company,Propylene and Polypropylene Facility,AB,Energy,Private,Oil & Gas - Upstream,No,1,0,0,0,0,0,"$1,000M - $4,999M"
2119,2021,Inter Pipeline,Propane Dehydrogenation (PDH) Facility,AB,Energy,Private,Clean Electricity,Yes,1,0,0,1,0,0,"$1,000M - $4,999M"
2121,2021,Ainsworth Energy Co. Ltd.,Anahim Lake Bioenergy Project,BC,Energy,Private,Waste Biomass,Yes,1,0,0,0,1,1,<$100M
2122,2021,Yun Ka Whu'ten Holdings,Biomass Project - Anahim Lake,BC,Energy,Private,Waste Biomass,Yes,1,0,0,0,0,1,<$100M
2123,2021,Ainsworth Energy Co. Ltd.,Tumbler Ridge Bioenergy Project,BC,Energy,Private,Waste Biomass,Yes,1,0,0,0,0,1,<$100M
2124,2021,Nations Energy Corp.,Biomass Project - Kamloops,BC,Energy,Private,Waste Biomass,Yes,1,0,0,0,0,1,<$100M
2126,2021,CNRL / NRC / Pond Biofuels,Algae Carbon Conversion Pilot Project,AB,Energy,Private,CCUS,Yes,1,0,0,0,0,1,<$100M
3002,2021,La Granaduiere,Pellet Plant,QC,Forest,Private,Other,Yes,1,0,0,0,0,0,<$100M
3101,2021,Frontier Lithium Inc.,Pakeagama Lake,ON,Mining,Private,Critical Mineral,Yes,1,0,0,0,1,1,$100M - $499M
3103,2021,Goldcorp Inc.,Porcupine (Century),ON,Mining,Private,Precious Metal,No,1,0,0,0,0,0,"$1,000M - $4,999M"
3104,2021,Gensource Potash Corp,Vanguard,SK,Mining,Private,Other,No,1,0,0,1,0,1,$100M - $499M
3105,2021,Ram River Coal,Aries,AB,Mining,Private,Coal,No,1,0,0,0,0,1,"$1,000M - $4,999M"
3106,2021,Glencore plc,Onaping Depth,ON,Mining,Private,Other,No,1,0,0,0,0,0,$500M - $999M
3200,2021,Innergex Renewable Energy Inc.,Big Creek Hydroelectric,BC,Energy,Private,Clean Electricity,Yes,1,0,0,0,1,0,Unknown
3202,2021,BC Hydro,BC Hydro Upgrade Alberni/Long Beach Transmission Line,BC,Energy,Public,Clean Electricity,Yes,1,0,0,1,0,1,Unknown
3204,2021,Canadian Nuclear Laboratories,Port Hope Long-Term Waste Management Facility for Low-Level Radioactive Waste,ON,Energy,Private,Waste Biomass,Yes,1,0,0,0,0,0,Unknown
3206,2021,Hydro-Quebec,New England Clean Energy Connect (NECEC) project,QC,Energy,Public,Clean Electricity,Yes,1,0,0,0,1,1,$500M - $999M
3208,2021,"Transmission Developers Inc. (TDI),",Transmission Line - Champlain Hudson Power Express,QC,Energy,Private,Trans & Distr,No,1,0,0,0,0,1,"$1,000M - $4,999M"
3211,2021,Dahl Creek Hydro Power Limited Partnership,Dahl Creek Hydroelectric Project,BC,Energy,Private,Clean Electricity,Yes,1,0,0,0,0,1,Unknown
3215,2021,Dokie Phase II Wind Power Project,0,BC,Energy,Private,Clean Electricity,Yes,1,0,0,0,0,0,$100M - $499M
3400,2021,Nova Chemicals,Polyethylene Facility and Corunna Cracker Expansion,ON,Energy,Private,Oil & Gas - Downstream,No,1,0,0,1,0,0,"$1,000M - $4,999M"
3401,2021,Dow Chemical,Expansion of Fort Saskatchewan Facility,AB,Energy,Private,Other,Yes,1,0,0,0,1,0,$100M - $499M
3402,2021,Dow Chemical Canada,Dow Net-Zero Polyethylene and Ethylene Derivatives Facility,AB,Energy,Private,Clean Electricity,Yes,1,0,0,1,0,1,"$5,000M+"
3501,2021,Husky Energy Inc.,Husky Energy Exploration Drilling Project,NL,Energy,Private,Oil & Gas - Upstream,No,1,0,0,0,0,1,$100M - $499M
3502,2021,BP Canada,Newfoundland Orphan Basin Exploration Drilling Project,NL,Energy,Private,Oil & Gas - Upstream,No,1,0,0,0,0,1,$100M - $499M
3503,2021,Nexen,Nexen Energy Flemish Pass Exploration Drilling Project,NL,Energy,Private,Oil & Gas - Upstream,No,1,0,0,0,0,1,$100M - $499M
3504,2021,Statoil Canada,Flemish Pass Exploration Drilling Project,NL,Energy,Private,Oil & Gas - Upstream,No,1,0,0,0,0,0,$500M - $999M
3507,2021,Resolute,Capacity increase,QC,Forest,Private,Pulp & Paper,No,1,0,0,1,0,1,<$100M
3509,2021,Wataynikaneyap Power,Wataynikaneyap Transmission Project,ON,Energy,Private,Trans & Distr,No,1,0,0,0,0,0,"$1,000M - $4,999M"
3600,2021,Fibre Pontiac,Fibre Pontiac (The Biomass Conversion Centre),QC,Energy,Private,Waste Biomass,Yes,1,0,0,0,1,1,$100M - $499M
3601,2021,PEI Energy Corporation,Slemon Park Micro-Grid Project,PE,Energy,Private,Trans & Distr,No,1,0,0,0,0,1,<$100M
3603,2021,Maritime Resources Corp.,Hammerdown (Green Bay),NL,Mining,Private,Precious Metal,No,1,0,0,0,0,1,<$100M
3604,2021,AuMEGA (previously Matador Mining Limited),Cape Ray,NL,Mining,Private,Other,No,1,0,0,0,0,1,<$100M
3610,2021,Telkwa Mining Ltd.,Tenas Project,BC,Mining,Private,Coal,No,1,0,0,0,0,1,<$100M
3615,2021,NB Power,Advanced Meter Infrastructure,NB,Energy,Public,Waste Biomass,Yes,1,0,0,0,0,1,<$100M
3617,2021,St Barbara Ltd.,Beaver Dam Gold Project,NS,Mining,Private,Other,No,1,0,0,0,0,1,$100M - $499M
3621,2021,Greengate Power Corporation,Travers Solar Project,AB,Energy,Private,Clean Electricity,Yes,1,0,0,0,0,0,$500M - $999M
3622,2021,CVW Cleantech,Titanium and Zircon Extraction Facility,AB,Mining,Private,Critical Mineral,Yes,1,0,0,0,1,1,$100M - $499M
3627,2021,Pembina Pipelines Corp.,Empress Extraction Plant Fractionation and Terminalling Facilities,AB,Energy,Private,Oil & Gas - Upstream,No,1,0,1,0,0,0,$100M - $499M
3628,2021,EPCOR,EL Smith Solar Farm,AB,Energy,Private,Clean Electricity,Yes,1,0,0,0,0,1,<$100M
3629,2021,NOVA Gas Transmission Ltd.,2019 NOVA NGTL Expansion (Montney and Duvernay Basins),AB,Energy,Private,Other,Yes,1,0,1,0,0,0,"$1,000M - $4,999M"
3630,2021,Field Upgrading,CleanSEAS Demonstration Plant,AB,Energy,Private,Waste Biomass,Yes,1,0,0,0,0,1,$100M - $499M
3631,2021,Gen III Oil Corp.,Bowden Re-refinery,AB,Energy,Private,Oil & Gas - Downstream,No,1,0,0,0,0,1,<$100M
3632,2021,Old Elm Wind Farm,Alberta Wind Energy Corp.,AB,Energy,Private,Clean Electricity,Yes,1,0,0,0,0,1,$100M - $499M
3633,2021,Tidewater Midstream,Dimsdale Gas Project,AB,Energy,Private,Other,Yes,1,0,0,0,0,0,$100M - $499M
3635,2021,Tidewater Midstream/TransAlta,Tidewater/TransAlta Gas Pipeline,AB,Energy,Private,Trans & Distr,No,1,0,0,1,0,0,$100M - $499M
3636,2021,Imperial Oil Ltd.,Kearl Debottlenecking Expansion,AB,Energy,Private,Other,Yes,1,0,0,1,0,0,$500M - $999M
3637,2021,Keyera Corp.,North Wapiti Pipeline System,AB,Energy,Private,Trans & Distr,No,1,0,0,1,0,0,$100M - $499M
3638,2021,Kirkland Lake Gold Ltd.,Macassa Expansion,ON,Mining,Private,Other,No,1,0,0,1,0,0,$100M - $499M
3639,2021,Harte Gold Corp.,Sugar Zone,ON,Mining,Private,Precious Metal,No,0,1,0,0,1,1,$100M - $499M
3641,2021,Manitoba Hydro,Laverendrye-St.Vital 230kV Line & Breakers,MB,Energy,Public,Trans & Distr,No,1,0,0,0,0,0,<$100M
3642,2021,Manitoba Hydro,Reenders Station,MB,Energy,Public,Clean Electricity,Yes,1,0,0,0,1,0,<$100M
3643,2021,Manitoba Hydro,Dorsey Synchronous Condenser Refurbishment,MB,Energy,Public,Clean Electricity,Yes,1,0,0,0,1,0,<$100M
3644,2021,Manitoba Hydro,HVDC Transformer Sustainment,MB,Energy,Public,Trans & Distr,No,1,0,0,0,1,0,$100M - $499M
3645,2021,Equinor Canada,Bay du Nord offshore oil site,NL,Energy,Private,Oil & Gas - Upstream,No,1,0,0,0,1,1,"$5,000M+"
4000,2021,Hydro One,Northwest Bulk Transmission Line Waasigan Transmission Line,ON,Energy,Public,Trans & Distr,No,1,0,0,0,0,1,Unknown
4001,2021,Hydro One,Hawthorne to Merivale transmission upgrades (Planned),ON,Energy,Public,Trans & Distr,No,1,0,0,0,0,1,<$100M
4004,2021,ITC Holdings Corp. (subsidiary of Fortis),ITC Lake Erie Connector LLC,ON,Energy,Private,Other,Yes,1,0,0,0,0,1,"$1,000M - $4,999M"
4006,2021,Mines Agnico Eagle ltee,Wasamac,QC,Mining,Private,Precious Metal,No,1,0,0,0,0,1,$100M - $499M
4007,2021,NexGen Energy Ltd.,Rook I,SK,Mining,Private,Other,No,1,0,0,0,0,1,"$1,000M - $4,999M"
4008,2021,Denison Mines Corp.,Wheeler River - Phoenix,SK,Mining,Private,Other,No,1,0,0,0,0,1,$500M - $999M
4011,2021,Canadian Metals,Langis,QC,Mining,Private,Other,No,1,0,0,0,0,0,$100M - $499M
4013,2021,Rio Tinto,Vaudreuil alumina refinery,QC,Mining,Private,Critical Mineral,Yes,1,0,0,1,0,1,$100M - $499M
4014,2021,Alcoa/Rio Tinto,The Elysis joint venture,QC,Mining,Private,Critical Mineral,Yes,1,0,0,0,0,1,$500M - $999M
4016,2021,Allkem Limited,James Bay Lithium,QC,Mining,Private,Critical Mineral,Yes,1,0,0,0,0,1,Unknown
4019,2021,Kalesnikoff Lumber,Glulam beams and CLT,BC,Forest,Private,EWP,Yes,1,0,0,0,0,0,<$100M
4020,2021,Kruger,New tissue manufacturing facility,QC,Forest,Private,Pulp & Paper,No,1,0,1,1,0,0,$500M - $999M
4021,2021,Tolko,Mill upgrade,BC,Forest,Private,Pulp & Paper,No,1,0,0,0,0,1,<$100M
4022,2021,Skeena Sawmills,Mill upgrade,BC,Forest,Private,Pulp & Paper,No,1,0,0,0,0,0,<$100M
4024,2021,Active Energy Group,New advanced pellet plant,NL,Forest,Private,Other,Yes,1,0,0,1,0,1,<$100M
4026,2021,Resolute,Mill upgrade,ON,Forest,Private,Pulp & Paper,No,1,0,0,0,0,0,<$100M
4028,2021,Bois d'oeuvre Cedrico,Sawmill upgrade,QC,Forest,Private,Lumber,No,1,0,0,0,1,1,<$100M
4029,2021,Rayonier Advanced Materials,Sawmill upgrade,QC,Forest,Private,Lumber,No,1,0,0,0,0,0,<$100M
4030,2021,Gitxsan Development Corp and Airex Energy,Torrefied pellet plant,BC,Forest,Private,Other,Yes,1,0,0,0,1,1,<$100M
4031,2021,Uniboard,Mill upgrade,QC,Forest,Private,Pulp & Paper,No,1,0,0,0,0,0,<$100M
4032,2021,Kruger,Upgrade packaging plant,QC,Forest,Private,Other,Yes,1,0,0,1,0,0,<$100M
4033,2021,Hibernia Management and Development Company,Hibernia West Project,NL,Energy,Private,Other,Yes,1,0,0,1,0,0,"$1,000M - $4,999M"
4034,2021,NGTL,NGTL 2021 Expansion,AB,Energy,Private,Other,Yes,1,0,0,1,0,0,"$1,000M - $4,999M"
4035,2021,NGTL,NGTL 2022 Expansion (North Corridor and Edson Mainline),AB,Energy,Private,Trans & Distr,No,1,0,0,0,1,1,"$1,000M - $4,999M"
4036,2021,VanadiumCorp Resource inc.,Lac Dorao Vanadium,QC,Mining,Private,Critical Mineral,Yes,1,0,0,0,0,0,$100M - $499M
4037,2021,Les Ressources Yorbeau inc.,Lac scott,QC,Mining,Private,Other,No,1,0,0,1,0,1,$100M - $499M
4038,2021,SOQUEM-Focus graphite,Kwyjibo,QC,Mining,Private,Critical Mineral,Yes,1,0,0,0,0,0,$500M - $999M
4039,2021,Eastmain Resources,Eau Claire,QC,Mining,Private,Other,No,1,0,0,1,0,1,$100M - $499M
4040,2021,CRB Innovations,0,QC,Forest,Private,Other,Yes,1,0,0,0,0,0,Unknown
4041,2021,Gazoduq inc.,Gazoduq,Multi,Energy,Private,Other,Yes,1,0,0,1,0,0,"$1,000M - $4,999M"
4044,2021,EDF Renewables Canada Inc.,Cypress Wind Power Project,AB,Energy,Private,Clean Electricity,Yes,1,0,0,1,0,0,Unknown
4045,2021,Potentia Renewables Inc.,Stirling Wind Power Project,AB,Energy,Private,Clean Electricity,Yes,1,0,0,1,0,1,Unknown
4046,2021,Capstone Infrastructure Corporation,Buffalo Atlee Wind Farm 1 -3,AB,Energy,Private,Clean Electricity,Yes,1,0,0,0,0,1,Unknown
4047,2021,TransAlta Corporation,Windrise Wind (207 MW),AB,Energy,Private,Clean Electricity,Yes,1,0,0,0,0,0,$100M - $499M
4048,2021,Potentia Renewables Inc.,Jenner Wind Power Project 1 and 2,AB,Energy,Private,Clean Electricity,Yes,1,0,0,0,1,1,Unknown
4050,2021,Canadian Solar,Three solar farms,AB,Energy,Private,Clean Electricity,Yes,1,0,0,0,0,0,$100M - $499M
4051,2021,Canadian Solar,Suffield bi-facial solar Project,AB,Energy,Private,Clean Electricity,Yes,1,0,1,0,1,0,<$100M
4052,2021,Cascade Power,Cascade Natural Gas Project,AB,Energy,Private,NG Power Gen,No,1,0,0,0,0,0,"$1,000M - $4,999M"
4053,2021,Fengate Capital Management,Central Utility Block for Heartland Petrochemical Complex,AB,Energy,Private,Oil & Gas - Downstream,No,1,0,1,0,1,0,$500M - $999M
4054,2021,University of Alberta,South Campus District Energy System,AB,Energy,Private,Clean Heat,Yes,1,0,0,0,0,0,<$100M
4055,2021,Kineticor Resource Corp,Three Creeks Power Plant,AB,Energy,Private,NG Power Gen,Yes,1,0,0,1,0,0,$100M - $499M
4057,2021,EDF Renewables Canada,Vulcan Solar Project,AB,Energy,Private,Clean Electricity,Yes,1,0,0,1,0,1,$100M - $499M
4060,2021,Solar Krafte,Wrentham Solar Project,AB,Energy,Private,Clean Electricity,Yes,1,0,0,0,0,0,<$100M
4061,2021,Solar Krafte,Spring Coulle Solar Project,AB,Energy,Private,Clean Electricity,Yes,1,0,1,1,0,0,<$100M
4062,2021,Solar Krafte,Strathmore Solar Farm,AB,Energy,Private,Clean Electricity,Yes,1,0,0,0,0,0,<$100M
4063,2021,Suncor,Forty Mile Wind Power Project,AB,Energy,Private,Clean Electricity,Yes,1,0,0,0,1,0,Unknown
4066,2021,Westcoast,T South Expansion and Reliability Project,BC,Energy,Private,Other,Yes,1,0,0,0,1,1,$100M - $499M
4067,2021,Global First Power,Micro Modular Reactor demonstration project at Chalk River Laboratories,ON,Energy,Private,Nuclear,Yes,1,0,0,0,0,1,Unknown
4072,2021,PEI Energy Corporation,Borden Battery Park,PE,Energy,Public,"DER, Storage, EV",Yes,1,0,0,0,0,1,<$100M
4073,2021,PEI Energy Corporation,Western PEI Transmission Upgrade,PE,Energy,Private,Trans & Distr,No,1,0,0,0,0,1,<$100M
4077,2021,Synex Energy Resources Ltd.,Victoria Lake Hydro Project,BC,Energy,Private,Clean Electricity,Yes,1,0,0,0,0,1,<$100M
4079,2021,BC Hydro,Mica 600V Circuit Breaker Upgrades Project,BC,Energy,Public,Clean Electricity,Yes,1,0,0,0,0,0,<$100M
4080,2021,Pacific Greengen Power Inc.,Fries Creek Hydroelectric Project,BC,Energy,Private,Clean Electricity,Yes,1,0,0,0,1,1,<$100M
4081,2021,BC Hydro,Cheakamus Recoat Units 1 & 2 Penstock Project,BC,Energy,Public,Clean Electricity,Yes,1,0,0,0,0,0,<$100M
4082,2021,BC Hydro,Tilbury System Improvements Project,BC,Energy,Public,Clean Electricity,Yes,1,0,1,0,1,0,<$100M
4084,2021,BC Hydro,Bridge River 2 - Strip and Recoat Penstock 1 Interior Project,BC,Energy,Public,Clean Electricity,Yes,0,1,0,0,0,0,<$100M
4092,2021,BC Hydro,G.M. Shrum Spillway Gate Upgrade Project,BC,Energy,Public,Other,Yes,1,0,1,0,1,0,<$100M
4093,2021,BC Hydro,Mica Modernize Controls (Digital) Project,BC,Energy,Public,Clean Electricity,Yes,1,0,0,0,0,0,<$100M
4094,2021,BC Hydro,Barnard Substation 50/60 Feeder Section Replacement Project,BC,Energy,Public,Trans & Distr,No,1,0,0,0,1,0,<$100M
4096,2021,Boralex,Babcock Ridge Wind Farm,BC,Energy,Private,Clean Electricity,Yes,1,0,0,0,1,1,<$100M
4097,2021,Sukunka Wind Project LP,Sukunka Wind Energy Project,BC,Energy,Private,Clean Electricity,Yes,1,0,0,0,0,1,<$100M
4098,2021,Zonnebeke Wind Project LP,Zonnebeke Wind Energy Project,BC,Energy,Private,Clean Electricity,Yes,1,0,0,0,0,1,<$100M
4101,2021,BC Hydro,UBC Load Increase Stage 2 Project,BC,Energy,Public,Other,Yes,1,0,1,0,0,0,<$100M
4104,2021,Canfor Corporation/Licella,Biofuel Facility,BC,Energy,Private,Low Carbon Fuels,Yes,1,0,0,0,0,1,<$100M
4105,2021,BC Hydro,South Fraser Transmission Relocation Project,BC,Energy,Public,Trans & Distr,No,1,0,0,0,0,0,<$100M
4106,2021,BC Hydro,Downtown Vancouver Electricity Supply - West End Strategic Property Purchase,BC,Energy,Public,Clean Electricity,Yes,1,0,0,0,1,0,<$100M
4107,2021,BC Hydro,Mica Replace Units 1-4 Transformers Project,BC,Energy,Public,Clean Electricity,Yes,1,0,0,0,1,0,<$100M
4108,2021,BCHydro,LNG Canada Load Interconnection Project,BC,Energy,Public,Trans & Distr,No,1,0,0,0,1,0,<$100M
4111,2021,Borealis Geopower,Canoe Reach Geothermal Energy Project,BC,Energy,Private,Clean Electricity,Yes,1,0,0,0,1,1,$100M - $499M
4114,2021,WindRiver Power Corp.,Kinskuch Hydroelectric Project,BC,Energy,Private,Clean Electricity,Yes,1,0,0,0,0,1,$100M - $499M
4115,2021,Pembina Pipeline Corp.,Watson Island Propane Export Terminal,BC,Energy,Private,Oil & Gas - Downstream,No,1,0,0,0,0,1,$100M - $499M
4116,2021,Alcan Aluminum Ltd. and the Province of BC,Kenney Dam Cold Water Release Facility,BC,Energy,Public,Clean Electricity,Yes,1,0,0,0,0,1,$100M - $499M
4117,2021,BC Hydro,Peace Region Electricity Supply Project,BC,Energy,Public,Clean Electricity,Yes,1,0,0,0,0,0,$100M - $499M
4119,2021,AltaGas / Vopak Development Canada Inc.,Ridley Island Energy Export Facility (REEF),BC,Energy,Private,"DER, Storage, EV",Yes,1,0,0,0,1,1,$500M - $999M
4122,2021,Teck Resources/NGEx Resources,GJ Kinaskan Lake Copper-Gold Project,BC,Mining,Private,Precious Metal,No,1,0,0,0,0,1,Unknown
4123,2021,Fortis BC Inc.,Nicola Lake Hydro Project,BC,Energy,Private,Clean Electricity,Yes,1,0,0,0,0,1,Unknown
4124,2021,Selkirk Metals Corp.,Gold Mine,BC,Mining,Private,Precious Metal,No,1,0,0,0,0,1,Unknown
4125,2021,Nisgaa Nation,Nisgaa LNG,BC,Energy,Private,Oil & Gas - Downstream,No,1,0,0,0,0,1,Unknown
4126,2021,Devon Energy Corporation/ BP JV,Pike,AB,Energy,Private,Clean Electricity,Yes,1,0,0,0,0,1,"$1,000M - $4,999M"
4128,2021,Gibson Energy Inc.,Hardisty Terminal Expansion,AB,Energy,Private,Oil & Gas - Downstream,No,1,0,0,0,0,0,$100M - $499M
4129,2021,Pembina Pipelines Corp.,Peace Pipeline Expansion,AB,Energy,Private,Trans & Distr,No,1,0,0,0,1,0,$500M - $999M
4130,2021,Pembina Pipelines Corp.,Peace Pipeline Expansion,AB,Energy,Private,Trans & Distr,No,1,0,0,0,1,1,$500M - $999M
4131,2021,Pembina Pipinelines Corp. / NuVista JV,Hythe Development,AB,Energy,Private,Clean Electricity,Yes,1,0,1,0,0,0,$100M - $499M
4132,2021,Pembina Pipinelines Corp. / NuVista JV,Duvernay III,AB,Energy,Private,Clean Electricity,Yes,1,0,1,0,0,0,$100M - $499M
4133,2021,SinoCan Global,SinoCan Global Upgrader and Petrochemical Facility,AB,Energy,Private,Oil & Gas - Downstream,No,1,0,0,0,0,1,"$5,000M+"
4134,2021,Nauticol Energy,Nauticol Methanol Plant,AB,Energy,Private,Low Carbon Fuels,Yes,1,0,0,0,0,1,"$1,000M - $4,999M"
4135,2021,Fengate Capital Management,Central Utility Block (for Heartland Petrochemical Complex),AB,Energy,Private,Oil & Gas - Downstream,No,1,0,1,0,0,0,$500M - $999M
4136,2021,Inter Pipeline Corp,Acrylic Acid Plant,AB,Energy,Private,Waste Biomass,Yes,1,0,0,0,0,0,$500M - $999M
4137,2021,Wapahki Energy /CN Rail JV,Canapux Bitumen Processing Facility,AB,Energy,Private,Oil & Gas - Upstream,No,1,0,0,1,0,1,<$100M
4138,2021,DP Energy,South Calgary Solar Facility,AB,Energy,Private,Clean Electricity,Yes,1,0,0,0,0,1,<$100M
4143,2021,Calibre Mining (previously Marathon Gold Corporation),Valentine Gold Mine,NL,Mining,Private,Precious Metal,No,1,0,0,0,0,1,$100M - $499M
4146,2021,Newfoundland & Labrador,Regional Assessment of Offshore Oil and Gas Exploratory Drilling East of Newfoundland and Labrador,NL,Energy,Public,Oil & Gas - Upstream,No,1,0,0,0,0,1,Unknown
4147,2021,Pure Gold Mining Inc.,Madsen,ON,Mining,Private,Precious Metal,No,1,0,0,0,0,0,<$100M
4148,2021,Ontario Power Generation,Ranney Falls Expansion,ON,Energy,Public,Other,Yes,1,0,0,0,1,0,<$100M
4153,2021,DP Energy Limited (Haligonia Tidal Energy Ltd. / Rio Fundo Operations Canada Ltd.),Uisce Tapa In-Stream Tidal Energy Project,NS,Energy,Private,Clean Electricity,Yes,1,0,0,0,1,1,$100M - $499M
4154,2021,Sustane Technologies,Sustane Chester,NS,Energy,Private,Other,Yes,1,0,0,0,0,0,<$100M
4155,2021,Eagle Hill Energy LP /Kwanlin Dn First Nation,Haeckel Hill Wind Farm,YK,Energy,Private,Clean Electricity,Yes,1,0,0,0,1,1,<$100M
4157,2021,SaskPower,Golden South Wind Energy Facility,SK,Energy,Public,Clean Electricity,Yes,1,0,0,0,0,0,Unknown
4158,2021,EDF Renewables,Sharp Hills wind farm (248 MW),AB,Energy,Private,Clean Electricity,Yes,1,0,0,0,1,1,$500M - $999M
4159,2021,Noront Resources Ltd.,Ferrochrome Processing Facility,ON,Mining,Private,Other,No,1,0,0,0,0,1,"$1,000M - $4,999M"
4160,2021,Resolute Forest Products,New cellulose filament plant,QC,Forest,Private,Other,Yes,1,0,0,0,0,1,<$100M
4161,2021,Pinnacle and Tolko,High Level Wood Pellet Plant,AB,Forest,Private,Other,Yes,1,0,1,0,0,0,<$100M
4162,2021,Waroona Energy Inc.,Superior Lake (formerly Pick Lake/Winston Lake Zinc Project),ON,Mining,Private,Other,No,1,0,0,0,0,1,$100M - $499M
4163,2021,Canadian Premium Sand,Wanipigow,MB,Mining,Private,Other,No,1,0,0,0,0,1,$100M - $499M
4164,2021,Copper Mountain Mining Corp.,New Ingerbelle,BC,Mining,Private,Critical Mineral,Yes,1,0,0,0,0,1,<$100M
4166,2021,Foran Mining Corp.,McIlvenna Bay,SK,Mining,Private,Other,No,1,0,0,0,0,1,$100M - $499M
4167,2021,Electra Battery Materials Corp.,Cobalt Refinery Complex,ON,Mining,Private,Critical Mineral,Yes,1,0,0,0,0,0,<$100M
4168,2021,Alliance Magnesium,Alliance Magnesium Plant,QC,Mining,Private,Critical Mineral,Yes,1,0,0,0,1,0,$100M - $499M
4169,2021,Allegiance Coal,Telkwa (Delete same project as Tenas Project (ID3610),BC,Mining,Private,Coal,No,1,0,0,0,1,1,<$100M
4170,2021,FortisBC,Tilbury Phase 2 LNG Expansion,BC,Energy,Private,Oil & Gas - Downstream,No,1,0,0,0,0,1,Unknown
4171,2021,FortisBC,Tilbury 1A and 1B Marine Terminal,BC,Energy,Private,Oil & Gas - Downstream,No,1,0,0,0,0,1,Unknown
4172,2021,NGTL,NGTL Westpath Delivery project 2023,AB,Energy,Private,Other,Yes,1,0,0,0,0,1,"$1,000M - $4,999M"
4173,2021,SJ Energy,Burchill Wind Energy,NB,Energy,Private,Clean Electricity,Yes,1,0,0,0,0,1,<$100M
4174,2021,Kahnawake Sustainable Energies (KSE) et Kruger,Des cultures,QC,Energy,Private,Other,Yes,1,0,0,0,0,0,<$100M
4175,2021,Parc aoolien Dune-du-Nord,Dune-du-Nord,QC,Energy,Private,Other,Yes,1,0,0,0,1,0,<$100M
4176,2021,Innergex et corporation fonciaoAEre Pituvik,Centrale hydroao lectrique Innavik,QC,Energy,Private,Clean Electricity,Yes,1,0,0,0,1,1,$100M - $499M
4177,2021,Gibson Energy Inc. & US Development Group,Hardisty Diluent Recovery Unit (DRU),AB,Energy,Private,Clean Electricity,Yes,1,0,1,0,0,0,$500M - $999M
4178,2021,Suncor Energy Inc.,Suncor Power Cogeneration Units,AB,Energy,Private,NG Power Gen,No,1,0,0,0,0,0,"$1,000M - $4,999M"
4179,2021,Cenovus Energy Inc.,Christina Lake Phase H Expansion,AB,Energy,Private,Other,Yes,1,0,0,0,1,1,"$1,000M - $4,999M"
4180,2021,TC Energy Corporation,2023 NGTL Intra-Basin System Expansion,AB,Energy,Private,Other,Yes,1,0,0,0,0,1,$500M - $999M
4181,2021,Nova Gas Transmission,Edson Mainline Expansion Project,AB,Energy,Private,Trans & Distr,No,1,0,0,0,0,1,$500M - $999M
4182,2021,Imperial Oil Ltd.,Cold Lake Thermal Project Enhancements,AB,Energy,Private,Oil & Gas - Upstream,No,1,0,0,0,0,1,$100M - $499M
4183,2021,TC Energy Corporation,Alberta XPress Expansion Project,AB,Energy,Private,Other,Yes,1,0,0,0,0,1,$100M - $499M
4184,2021,Dow Chemical Canada,Dow Ethylene Plant Expansion,AB,Energy,Private,Other,Yes,1,0,0,0,0,0,$100M - $499M
4185,2021,ATCO Pipelines,Pembina Keephills Transmission Project,AB,Energy,Private,Trans & Distr,No,1,0,1,1,0,0,$100M - $499M
4186,2021,Berkshire Hathaway Energy Canada,Rattlesnake Ridge Wind Project,AB,Energy,Private,Clean Electricity,Yes,1,0,0,0,0,0,$100M - $499M
4188,2021,Alpin Sun,Airport City Solar,AB,Energy,Private,Clean Electricity,Yes,1,0,0,0,1,1,$100M - $499M
4189,2021,Capital Power,Whitla Wind Power Project - Phase 2,AB,Energy,Private,Clean Electricity,Yes,1,0,0,0,0,0,$100M - $499M
4190,2021,Pembina Pipeline Corporation,Empress Cogeneration Power Facility,AB,Energy,Private,NG Power Gen,No,1,0,0,0,1,0,$100M - $499M
4192,2021,SemCams and TransAlta,Kaybob South #3 Cogeneration Plant,AB,Energy,Private,NG Power Gen,No,1,0,0,0,1,0,$100M - $499M
4194,2021,Pembina Pipeline Corporation,Peace Pipeline Expansion Phase 9,AB,Energy,Private,Trans & Distr,No,1,0,0,0,1,1,$100M - $499M
4195,2021,Capital Power,Whitla Wind Power Project - Phase 3,AB,Energy,Private,Clean Electricity,Yes,1,0,0,0,0,0,<$100M
4197,2021,Canadian Natural Resources Ltd. (CNRL),Scotford Upgrader Expansion,AB,Energy,Private,Oil & Gas - Downstream,No,1,0,0,0,1,0,<$100M
4198,2021,Climate Transition Development Corporation,Greenview Geothermal Power Plant (Alberta No. 1),AB,Energy,Private,Clean Electricity,Yes,1,0,0,1,0,1,<$100M
4199,2021,City of Calgary,Bonnybrook WWTP Cogeneration Expansion,AB,Energy,Public,NG Power Gen,No,1,0,0,0,0,0,<$100M
4200,2021,Elemental Energy,Brooks Solar 2 Power Plant,AB,Energy,Private,Clean Electricity,Yes,1,0,0,0,1,0,<$100M
4201,2021,Manitoba Hydro,Portage Area Capacity Enhancements,MB,Energy,Public,Other,Yes,1,0,0,0,1,1,$100M - $499M
4202,2021,Spicer,PempaoNq In-stream Tidal Energy Project,NS,Energy,Private,Clean Electricity,Yes,1,0,0,0,0,1,$100M - $499M
4203,2021,Big Moon Power,Tidal power demonstration facility,NS,Energy,Private,Clean Electricity,Yes,1,0,0,0,0,1,<$100M
4204,2021,Jupiter Hydro,In-Stream Tidal Demonstration Project,NS,Energy,Public,Clean Electricity,Yes,1,0,0,0,0,1,<$100M
4205,2021,Nova Innovation,The Nova Tidal Array (Petit Passage),NS,Energy,Private,Clean Electricity,Yes,1,0,0,0,0,1,<$100M
4208,2021,Alton Natural Gas Pipeline,0,NS,Energy,Private,Oil & Gas - Upstream,No,1,0,0,0,0,1,Unknown
4209,2021,Enbridge,Windsor Line Replacement,ON,Energy,Private,Trans & Distr,No,1,0,0,0,0,0,$100M - $499M
4210,2021,Enbridge,Owen Sound Reinforcement,ON,Energy,Private,Clean Electricity,Yes,1,0,1,0,1,0,<$100M
4211,2021,Enbridge,2021 Dawn Parkway Expansion Project - Kirkwall-Hamilton Project,ON,Energy,Private,Other,Yes,1,0,0,0,0,0,$100M - $499M
4212,2021,Northeast Midstream,Nipigon LNG and North Shore Gas Distribution Project,ON,Energy,Private,Oil & Gas - Downstream,No,1,0,0,1,0,1,<$100M
4213,2021,EPCOR Utilities Inc.,Southern Bruce Natural Gas Project,ON,Energy,Private,NG Power Gen,No,1,0,0,0,0,0,<$100M
4214,2021,Imperial Oil Ltd.,Waterdown to Finch Project,ON,Energy,Private,Oil & Gas - Upstream,No,1,0,0,0,1,0,$100M - $499M
4215,2021,Hydro One,Lakeshore Transmission Stations Project Leamington Area Transmission Reinforcement (Lakeshore Transmission Station & Chatham to Lakeshore Line),ON,Energy,Public,Trans & Distr,No,1,0,0,0,1,1,$100M - $499M
4216,2021,NRStor and Six Nations of the Grand River Development Corporation Oneida Energy Storage LP,Oneida Energy Storage,ON,Energy,Private,"DER, Storage, EV",Yes,1,0,0,0,0,1,Unknown
4217,2021,Cenovus Energy Inc.,Spruce Lake East Lloyd,SK,Energy,Private,Clean Electricity,Yes,1,0,0,0,0,0,Unknown
4218,2021,North American Helium,Helium Purification Plant,SK,Energy,Private,Other,Yes,1,0,0,0,1,0,<$100M
4219,2021,Yukon Energy Corporation,Grid-Scale Battery Storage,YK,Energy,Public,"DER, Storage, EV",Yes,1,0,0,0,1,1,<$100M
4220,2021,Port Hawkesbury Paper,Goose Harbour Lake Wind Farm (formerly Pirate Harbour),NS,Energy,Private,Clean Electricity,Yes,1,0,0,0,0,1,$100M - $499M
4221,2021,City of Summerside / Republic of KoreaoNs Samsung Renewable Energy,City of Summerside Solar Farm,PE,Energy,Public,Clean Electricity,Yes,1,0,0,0,0,0,<$100M
4222,2021,TransAlta,Windcharger Battery Storage,AB,Energy,Private,"DER, Storage, EV",Yes,1,0,1,0,1,0,<$100M
4223,2021,Potentia Renewables Inc.,Jenner Wind Power Project 3,AB,Energy,Private,Clean Electricity,Yes,1,0,0,0,0,1,Unknown
4224,2021,WindRiver Power Corp. & TC Energy,Canyon Creek Hydro Power Project (storage),AB,Energy,Private,Clean Electricity,Yes,1,0,0,0,0,1,$100M - $499M
4226,2021,Greengate Power Corporation,Wheatland Wind Project,AB,Energy,Private,Clean Electricity,Yes,1,0,0,0,0,1,$100M - $499M
4227,2021,Element5,New cross-laminated timber plant,ON,Forest,Private,EWP,Yes,1,0,0,0,0,0,<$100M
4230,2021,JD Irving,Mill modernization and upgrade,NB,Forest,Private,Pulp & Paper,No,1,0,0,1,0,0,<$100M
4231,2021,Enbridge Frontier Inc.,Frontier NGL Plant and Pipeline Project,BC,Energy,Private,Trans & Distr,No,1,0,0,0,1,1,"$1,000M - $4,999M"
4232,2021,West Coast Olefins Ltd.,West Coast Olefins Ethylene Plant,BC,Energy,Private,Waste Biomass,Yes,1,0,0,0,0,1,"$5,000M+"
5000,2021,CanWhite Sands Corporation,DEN prooperty,MB,Mining,Private,Other,No,0,1,0,0,0,1,Unknown
5001,2021,CanWhite Sands Corporation,VIVIAN Sand Facility Project,MB,Mining,Private,Other,No,0,1,0,0,0,1,Unknown
5002,2021,Inuvialuit Petroleum Corporation,Inuvialuit Energy Security Project,NT,Energy,Private,Clean Electricity,Yes,0,1,0,0,0,1,Unknown
5003,2021,Arctic Canadian Diamond Corp,Ekati Diamond Mine Expansion - Point Lake,NT,Mining,Private,Precious Metal,No,0,1,0,0,0,1,Unknown
5004,2021,CanWhite Sands Corporation,BRU property,MB,Mining,Private,Other,No,0,1,0,0,0,1,Unknown
5006,2021,Skidegate Band Council,Haida Gwaii Clean Energy Project,BC,Energy,Private,Clean Electricity,Yes,0,1,0,0,0,1,<$100M
5007,2021,NTPC,The Inuvik Wind Generation Project,NT,Energy,Private,Clean Electricity,Yes,0,1,0,0,0,1,<$100M
5010,2021,Deh Tai GP Ltd,Clarke Lake Geothermal Development,BC,Energy,Private,Clean Electricity,Yes,0,1,0,0,0,1,$100M - $499M
5014,2021,"Nisga'a Nation, Western LNG, Rockies LNG Partners",Ksi Lisims LNG,BC,Energy,Private,Oil & Gas - Downstream,No,0,1,0,0,0,1,Unknown
5015,2021,Pace Canada LP,Youngstown Solar Project,AB,Energy,Private,Clean Electricity,Yes,0,1,0,0,0,1,<$100M
5016,2021,Pace Canada LP,Caroline Solar Project,AB,Energy,Private,Clean Electricity,Yes,0,1,0,0,0,1,<$100M
5017,2021,Pace Canada LP,Hannah Sheerness Solar Project,AB,Energy,Private,Clean Electricity,Yes,0,1,0,0,0,1,<$100M
5018,2021,Tlingit Homeland Energy Limited Partnership (THELP),Atlin Hydro Expansion project,BC,Energy,Private,Clean Electricity,Yes,0,1,0,0,0,1,Unknown
5019,2021,AWP Industrial Park,"pellet mill, sawmill, biomass power plant and logistics",NT,Forest,Private,Lumber,No,0,1,0,0,0,1,<$100M
5021,2021,Capstone Infrastructure,Kneehill Solar Project,AB,Energy,Private,Clean Electricity,Yes,0,1,0,0,0,1,<$100M
5022,2021,Capstone Infrastructure,Michichi Solar Generation Facility,AB,Energy,Private,Clean Electricity,Yes,0,1,0,0,0,1,<$100M
5024,2021,Elemental Energy,East Strathmore Solar Project,AB,Energy,Private,Clean Electricity,Yes,0,1,0,0,0,0,<$100M
5025,2021,Interfor Corporation,Mill improvement,BC,Forest,Private,Pulp & Paper,No,0,1,0,0,1,1,<$100M
5026,2021,FutEra Power,South Swan Hills Hybrid Power Project,AB,Energy,Private,Low Carbon Fuels,Yes,0,1,0,0,0,0,<$100M
5027,2021,Osisko Development Corp.,Cariboo Gold Project,BC,Mining,Private,Precious Metal,No,0,1,0,0,1,1,$100M - $499M
5028,2021,St Barbara Ltd.,Moose River Consolidated (15 Mile Stream Mine),NS,Mining,Private,Precious Metal,No,0,1,0,0,0,1,$100M - $499M
5029,2021,Kruger,Brompton paper upgrade,QC,Forest,Private,Pulp & Paper,No,0,1,0,0,0,1,$100M - $499M
5033,2021,Capital Power,Enchant Solar Project,AB,Energy,Private,Clean Electricity,Yes,0,1,0,0,0,1,$100M - $499M
5034,2021,Greengate Power Corporation,Lathom Solar Project,AB,Energy,Private,Clean Electricity,Yes,0,1,0,0,0,1,$100M - $499M
5035,2021,Pace Canada LP,Joffre Solar Power Project,AB,Energy,Private,Clean Electricity,Yes,0,1,0,0,0,1,<$100M
5036,2021,TC Energy Corporation,Saddlebrook Solar and Storage Project,AB,Energy,Private,"DER, Storage, EV",Yes,0,1,0,0,0,1,$100M - $499M
5037,2021,TransAlta Renewables,Garden Plain Wind Project,AB,Energy,Private,Clean Electricity,Yes,0,1,0,0,0,1,$100M - $499M
5038,2021,TransAlta Renewables,Tempest Wind Power Project,AB,Energy,Private,Clean Electricity,Yes,0,1,0,0,0,1,$100M - $499M
5039,2021,Montem Resources,Tent Mountain (Chinook),AB,Mining,Private,Other,No,0,1,0,0,0,1,$100M - $499M
5040,2021,Prairie Sunlight,Vauxhall Solar Farm,AB,Energy,Private,Clean Electricity,Yes,0,1,0,0,0,1,$100M - $499M
5041,2021,AltaLink,Provost to Edgerton and Nilrem to Vermilion (PENV) Transmission Development,AB,Energy,Private,Trans & Distr,No,0,1,0,0,0,1,$100M - $499M
5043,2021,BowArk Energy Ltd.,Lanfine North Wind Power Project,AB,Energy,Private,Clean Electricity,Yes,0,1,0,0,0,1,$100M - $499M
5044,2021,Enel Green Power,Grizzly Bear Wind Power Project,AB,Energy,Private,Clean Electricity,Yes,0,1,0,0,0,1,$100M - $499M
5045,2021,Carbon Clean Energy Inc.,Project Wheatland BioFuel Facility,AB,Energy,Private,Low Carbon Fuels,Yes,0,1,0,0,0,1,$100M - $499M
5047,2021,Air Products,Canada Net-zero Hydrogen Energy Complex,AB,Energy,Private,Clean Electricity,Yes,0,1,0,0,0,1,"$1,000M - $4,999M"
5048,2021,Ascent Energy Partners,Dunmore Solar Project,AB,Energy,Private,Clean Electricity,Yes,0,1,0,0,0,1,$100M - $499M
5049,2021,Wolf Midstream,NGL North Integrated Energy Infrastructure System,AB,Energy,Private,Clean Electricity,Yes,0,1,0,0,0,1,$100M - $499M
5050,2021,Copenhagen Infrastructure Parteners ABO Wind Canada Ltd.,Buffalo Plains Wind Farm,AB,Energy,Private,Clean Electricity,Yes,0,1,0,0,0,1,$500M - $999M
5053,2021,Alberta BioBoard,MDF and Fuel Pellet Plant,AB,Energy,Private,Waste Biomass,Yes,0,1,0,0,0,1,$500M - $999M
5054,2021,Siemens Energy,Siemens Energy Waste Heat-to-Power Pilot,AB,Energy,Private,Clean Heat,Yes,0,1,0,0,0,1,Unknown
5055,2021,Suncor ATCO JV,Suncor ATCO Hydrogen Project,AB,Energy,Private,Low Carbon Fuels,Yes,0,1,0,0,0,1,Unknown
5056,2021,Capital Power,Genesee Power Plant Natural Gas Conversion,AB,Energy,Private,NG Power Gen,No,0,1,0,0,0,1,$500M - $999M
5058,2021,TBD,Southern Lakes Transmission Network,YK,Energy,Private,Trans & Distr,No,0,1,0,0,0,1,Unknown
5059,2021,TBD,Moon Lake Pumped Storage,YK,Energy,Private,"DER, Storage, EV",Yes,0,1,0,0,0,1,Unknown
5060,2021,Fortis,Tilbury LNG Phase 1B,BC,Energy,Private,Oil & Gas - Downstream,No,0,1,0,0,0,1,Unknown
5061,2021,Manitoba Hydro,Kettle Unit 6 Minor Overhaul,MB,Energy,Public,Clean Electricity,Yes,0,1,0,0,0,1,<$100M
5062,2021,Manitoba Hydro,Kettle Unit 10 Minor Overhaul,MB,Energy,Public,Clean Electricity,Yes,0,1,0,0,0,1,<$100M
5063,2021,Manitoba Hydro,Kettle Unit 5 Minor Overhaul,MB,Energy,Public,Clean Electricity,Yes,0,1,0,0,0,0,<$100M
5064,2021,Manitoba Hydro,Southwest Wpg 115kV Tsfrmr Improv-Phase2,MB,Energy,Public,Clean Electricity,Yes,0,1,0,0,1,0,<$100M
5066,2021,Ontario Power Generation,Redevelopment of the Calabogie site,ON,Energy,Public,Clean Electricity,Yes,0,1,0,0,1,0,$100M - $499M
5067,2021,Ontario Power Generation,Redevelopment of Coniston station,ON,Energy,Public,Clean Electricity,Yes,0,1,0,0,1,1,<$100M
5068,2021,Lakeshore Natural Gas,Certarus and North Shore Distribution project,ON,Energy,Private,Other,Yes,0,1,0,0,0,1,<$100M
5075,2021,Avalon Advanced Materials Inc.,Separation Rapids,ON,Mining,Private,Other,No,0,1,0,0,0,1,<$100M
5076,2021,Resolve Energie,Usine de production d'ethanol cellulosique,QC,Energy,Private,Oil & Gas - Upstream,No,0,1,0,0,0,1,$100M - $499M
5077,2021,Greenfield Global,Agrandissement usine d'ethanol a Varennes,QC,Energy,Private,Low Carbon Fuels,Yes,0,1,0,0,0,1,$100M - $499M
5080,2021,Capstone Infrastructure Corporation,Riverhurst Wind,SK,Energy,Private,Clean Electricity,Yes,0,1,0,0,0,0,Unknown
5081,2021,Saturn Power,Highfield Solar,SK,Energy,Private,Clean Electricity,Yes,0,1,0,0,1,1,Unknown
5082,2021,Elemental Energy,Awasis Solar,SK,Energy,Private,Clean Electricity,Yes,0,1,0,0,0,1,Unknown
5083,2021,Natural Forces,Pesakastew Solar,SK,Energy,Private,Clean Electricity,Yes,0,1,0,0,0,1,Unknown
5084,2021,Kruger Energy Inc.,Foxtail Grove Solar,SK,Energy,Private,Clean Electricity,Yes,0,1,0,0,0,1,Unknown
5085,2021,Prairie Green Renewable Energy Inc.,Prairie Green Renewable Energy,SK,Energy,Private,Clean Electricity,Yes,0,1,0,0,0,1,Unknown
5086,2021,DEEP,DEEP Geothermal,SK,Energy,Private,Clean Electricity,Yes,0,1,0,0,0,1,Unknown
5087,2021,Innagreen Investments and Awasis Nehiyawewini Energy Development,Bekevar Wind Energy Project,SK,Energy,Private,Clean Electricity,Yes,0,1,0,0,0,1,Unknown
5089,2021,Independent Energy Corp.,Kerrobert Crude Oil Processing Facility,SK,Energy,Private,Oil & Gas - Upstream,No,0,1,0,0,0,0,<$100M
8258,2021,Pinnacle and Tolko,Thermal Energy Plant at High Level Pellet Plant,AB,Forest,Private,Other,Yes,1,0,1,0,1,0,<$100M
0,2022,"Bighorn Mining, LTD",Vista Coal Project (Expansion Projects),AB,Mining,Private,Coal,No,1,0,0,0,0,1,$500M - $999M
2,2022,0887572 B.C. Ltd.,Campbell River Power Enterprises,BC,Energy,Private,Waste Biomass,Yes,1,0,0,0,0,1,$100M - $499M
10,2022,Aeolis Wind Power Corporation,Hackney Hills Wind Park,BC,Energy,Private,Clean Electricity,Yes,1,0,0,0,0,1,$100M - $499M
21,2022,Champion Iron Limited,Kamistiatusset (Kami),NL,Mining,Private,Base Metal,No,0,1,0,0,0,1,"$1,000M - $4,999M"
22,2022,Kinross Gold Corp. (formerly Rockcliff Metals Corp.),Snow Lake,MB,Mining,Private,Critical Mineral,Yes,1,0,0,0,0,1,<$100M
26,2022,Alouette,Expansion d'usine (aluminium),QC,Mining,Private,Base Metal,No,1,0,1,0,0,0,"$1,000M - $4,999M"
27,2022,Alta Energy Corp.,Lower Wood River Hydropower Project,BC,Energy,Private,Clean Electricity,Yes,1,0,0,0,0,1,$100M - $499M
37,2022,"Woodside, Chevron",Kitimat LNG Terminal,BC,Energy,Private,Oil & Gas - Downstream,No,1,0,0,0,0,0,"$1,000M - $4,999M"
52,2022,Brion Energy Corporation,Dover (PetroChina),AB,Energy,Private,Oil & Gas - Upstream,No,1,0,0,1,0,0,"$5,000M+"
67,2022,BC Hydro,Peace River Site C Hydro-electric project,BC,Energy,Public,Clean Electricity,Yes,1,0,0,1,0,0,"$5,000M+"
73,2022,BHP,Jansen Stage 1,SK,Mining,Private,Other,No,1,0,0,0,1,0,"$1,000M - $4,999M"
75,2022,IPC Canada Ltd.,Blackrod,AB,Energy,Private,Oil & Gas - Upstream,No,1,0,0,0,1,1,"$1,000M - $4,999M"
76,2022,Blue Fuel Energy Corp.,Clean Methanol Plant,BC,Energy,Private,Low Carbon Fuels,Yes,1,0,0,0,0,1,"$1,000M - $4,999M"
88,2022,"Canadian Kailuan Dehua Mines Co., Ltd.",Gething Coal Project,BC,Mining,Private,Coal,No,1,0,0,0,0,1,"$1,000M - $4,999M"
89,2022,Canadian Natural Resources Limited,Grouse,AB,Energy,Private,Oil & Gas - Upstream,No,1,0,0,0,0,1,"$1,000M - $4,999M"
90,2022,Canadian Natural Resources Ltd. (CNRL),Horizon (Mining),AB,Energy,Private,Oil & Gas - Upstream,No,1,0,0,0,0,1,"$5,000M+"
92,2022,NorZinc,Prairie Creek,NT,Mining,Private,Critical Mineral,Yes,1,0,0,0,0,1,$100M - $499M
98,2022,Kutcho Copper Corp.,Kutcho Creek,BC,Mining,Private,Critical Mineral,Yes,0,1,0,0,0,1,$100M - $499M
100,2022,Alamos Gold Inc.,Lynn Lake (Gordon site),MB,Mining,Private,Precious Metal,No,1,0,0,0,0,1,$100M - $499M
114,2022,NWP Coal Canada Ltd.,Crown Mountain Coal Project,BC,Mining,Private,Coal,No,1,0,0,0,0,1,$100M - $499M
126,2022,Connacher Oil & Gas Ltd.,Great Divide,AB,Energy,Private,Oil & Gas - Upstream,No,1,0,0,0,0,1,$500M - $999M
128,2022,Copper Fox Metals - Teck Resources Limited,Schaft Creek Porphyry Copper-Gold Mine,BC,Mining,Private,Precious Metal,No,1,0,0,0,0,1,"$1,000M - $4,999M"
130,2022,Corporation Lithium Elements Critiques,Rose Lithium-Tantalum Mine,QC,Mining,Private,Critical Mineral,Yes,1,0,0,0,0,1,$100M - $499M
131,2022,Covanta/Green Island Energy Ltd./Covanta Holding Corporation,Gold River Power Project,BC,Energy,Private,Other,Yes,1,0,0,0,0,1,$500M - $999M
138,2022,Agnico Eagle Mines Limited,Detour Lake open pit expansion and underground development,ON,Mining,Private,Precious Metal,No,1,0,0,0,0,1,<$100M
140,2022,Canadian Natural Resources Limited,Pike (Formely Kirby),AB,Energy,Private,Oil & Gas - Upstream,No,1,0,0,0,0,1,"$5,000M+"
142,2022,Dokie Wind Energy inc.,Wartenbe Wind Energy Project,BC,Energy,Private,Clean Electricity,Yes,1,0,0,0,0,1,$100M - $499M
165,2022,WindRiver Power Corp.,Kinskuch Hydroelectric Project,BC,Energy,Private,Clean Electricity,Yes,1,0,0,0,0,1,$100M - $499M
186,2022,Fortune Minerals Limited,NICO Cobalt-Gold-Bismuth Mine,NT,Mining,Private,Precious Metal,No,1,0,0,0,0,1,$500M - $999M
187,2022,Fortune Minerals Ltd.,Saskatchewan Metals Processing Plant,SK,Mining,Private,Critical Mineral,Yes,1,0,0,0,0,0,$100M - $499M
188,2022,Fosthall Creek Power LP,Fosthall Creek Hydropower Project,BC,Energy,Private,Clean Electricity,Yes,1,0,0,1,0,1,<$100M
204,2022,Grizzly Oil Sands ULC,May River,AB,Energy,Private,Oil & Gas - Upstream,No,1,0,0,0,0,1,$100M - $499M
205,2022,Giga Metals Corp. & Mitsubishi Corporation,Turnagain Project,BC,Mining,Private,Critical Mineral,Yes,1,0,0,0,0,1,"$1,000M - $4,999M"
207,2022,Harvest Operations Corp.,BlackGold Oil Sands Project,AB,Energy,Private,Oil & Gas - Upstream,No,1,0,0,0,0,1,$500M - $999M
208,2022,Hawkeye Energy Corp.,Hawkeye Green Energy Grid Project,BC,Energy,Private,Trans & Distr,No,1,0,0,0,0,1,$100M - $499M
209,2022,HD Mining International Ltd.,Murray River Coal Project,BC,Mining,Private,Coal,No,1,0,0,0,0,1,$500M - $999M
211,2022,HudBay Minerals,Lalor,MB,Mining,Private,Other,No,1,0,0,0,0,1,$100M - $499M
213,2022,Hurley River Hydro LP,Hurley River Hydroelectric Project,BC,Energy,Public,Clean Electricity,Yes,1,0,0,0,0,1,$100M - $499M
214,2022,Husky Energy,caribou lake,AB,Energy,Private,Clean Electricity,Yes,1,0,0,0,0,1,Unknown
219,2022,Hydro-Quebec,Complexe hydroao lectrique La Romaine,QC,Energy,Public,Clean Electricity,Yes,1,0,0,0,0,0,"$5,000M+"
220,2022,Hydro-Quebec,Renovation de groupes a la centrale electrique Beauharnois,QC,Energy,Public,Clean Electricity,Yes,1,0,0,0,1,0,"$1,000M - $4,999M"
238,2022,Karnalyte Resources Inc,Wynyard Potash Project,SK,Mining,Private,Precious Metal,No,1,0,0,0,1,1,$500M - $999M
241,2022,Keyera Facilities Income Fund (Keyera),NGL Storage Facility Expansion,AB,Energy,Private,"DER, Storage, EV",Yes,1,0,0,0,0,0,<$100M
242,2022,Kinder Morgan,Trans Mountain Pipeline Expansion (TMX),Multi,Energy,Private,Trans & Distr,No,1,0,0,0,1,0,"$5,000M+"
247,2022,Koch Industries,Muskwa,AB,Energy,Private,Other,Yes,1,0,0,0,1,1,$500M - $999M
261,2022,Manitoba Hydro,Keeyask Generating Station,MB,Energy,Public,Other,Yes,1,0,0,0,0,0,"$5,000M+"
269,2022,Meadow Lake Tribal Council,Biomass Generator,SK,Energy,Private,Waste Biomass,Yes,1,0,0,0,1,0,<$100M
273,2022,Mao taux BlackRock Inc.,Black Rock,QC,Mining,Private,Critical Mineral,Yes,1,0,0,0,1,1,$500M - $999M
281,2022,Mosaic Potash,Potash Mine Expansion,SK,Mining,Private,Precious Metal,No,1,0,0,0,0,0,"$1,000M - $4,999M"
283,2022,Mount Hays Wind Farm Limited Partnership,Mount Hays Wind Farm,BC,Energy,Private,Clean Electricity,Yes,1,0,0,0,1,1,Unknown
292,2022,Natural Resources Canada,Port Granby Long-Term Low-Level Radioactive Waste Management,ON,Energy,Private,Waste Biomass,Yes,1,0,0,0,0,0,$100M - $499M
293,2022,Capstone Infrastructure Corporation,Wild Rose' Wind Farm (Phase 2),AB,Energy,Private,Clean Electricity,Yes,1,0,0,0,1,1,$100M - $499M
294,2022,NB Power,Mactaquac Dam upgrades,NB,Energy,Public,Clean Electricity,Yes,1,0,0,0,0,1,"$1,000M - $4,999M"
298,2022,NB Power and Partners,Smart Grid Investments Phase,NB,Energy,Public,Trans & Distr,No,1,0,0,0,0,0,$100M - $499M
299,2022,Nemaska Lithium inc.,Whabouchi,QC,Mining,Private,Critical Mineral,Yes,0,1,0,0,1,1,$500M - $999M
306,2022,BluEarth Renewables,Hand Hills' Wind Farm (78MW),AB,Energy,Private,Clean Electricity,Yes,1,0,0,0,0,0,$100M - $499M
308,2022,Agnico-Eagle Mines Limited,Hope Bay Gold (Doris North and Hope Bay Belt),NU,Mining,Private,Precious Metal,No,1,0,0,0,1,1,$500M - $999M
309,2022,Nomis Power Corp - Rupert Peace Power Corp,Nahwitti Wind Farm,BC,Energy,Private,Clean Electricity,Yes,1,0,0,0,0,1,$100M - $499M
314,2022,Ring of Fire Metals Pty Ltd.,Eagle's Nest (McFaulds Lake),ON,Mining,Private,Critical Mineral,Yes,1,0,0,0,0,1,$500M - $999M
315,2022,North American Palladium,Lac des Iles palladium mine (expansion),ON,Mining,Private,Precious Metal,No,1,0,1,0,0,0,<$100M
329,2022,Northcliff Resources (HDI Mining),Sisson Project,NB,Mining,Private,Other,No,1,0,0,0,0,1,$500M - $999M
333,2022,Ontario Power Generation,Darlington Refurbishment Project,ON,Energy,Public,Clean Electricity,Yes,1,0,0,0,0,0,"$5,000M+"
340,2022,Oceanic Iron Ore Company,Hopes Advance Iron Mine (Ungava Bay),QC,Mining,Private,Base Metal,No,1,0,0,0,1,1,"$1,000M - $4,999M"
341,2022,Osum Oil Sands Corp.,Taiga,AB,Energy,Private,Oil & Gas - Upstream,No,1,0,0,0,0,1,"$1,000M - $4,999M"
344,2022,Agnico Eagle Mines Limited,Hammond Reef,ON,Mining,Private,Other,No,1,0,0,0,0,1,"$1,000M - $4,999M"
345,2022,Greengen Holdings Ltd,Bremner Creek Hydro Project,BC,Energy,Private,Clean Electricity,Yes,1,0,0,0,0,0,<$100M
346,2022,"Woodside, Chevron (Kitimat LNG)",Pacific Trail Pipeline,BC,Energy,Private,Trans & Distr,No,1,0,0,0,1,0,"$1,000M - $4,999M"
371,2022,Metaux Torngat ltee,Strange Lake / B-Zone,QC,Mining,Private,Other,No,1,0,0,1,0,1,"$1,000M - $4,999M"
376,2022,Magneto Investments Limited Partnership,Dumont,QC,Mining,Private,Critical Mineral,Yes,1,0,0,0,0,1,"$1,000M - $4,999M"
381,2022,Ryan River Joint Venture Regional Power,Ryan River Hydro Project,BC,Energy,Private,Clean Electricity,Yes,1,0,0,0,0,1,$100M - $499M
382,2022,Evolution Mining,Bateman Gold,ON,Mining,Private,Precious Metal,No,1,0,0,0,0,0,$100M - $499M
387,2022,"Sea Breeze Pacific Juan de Fuca Cable, LP",Juan de Fuca Power Cable,BC,Energy,Private,Trans & Distr,No,1,0,0,0,1,1,$100M - $499M
389,2022,B2Gold Corp.,Back River Gold Project,NU,Mining,Private,Precious Metal,No,1,0,0,0,0,0,$100M - $499M
390,2022,Seabridge Gold Inc.,Kerr-Sulphurets-Mitchell (KSM),BC,Mining,Private,Precious Metal,No,1,0,0,0,1,1,"$5,000M+"
392,2022,Selkirk Power Company Ltd.,Beaver River Hydroelectric Project,BC,Energy,Private,Clean Electricity,Yes,1,0,0,0,0,1,$100M - $499M
397,2022,"LNG Canada (Shell Canada Limited, PETRONAS, Korea Gas Corporation (KOGAS), Mitsubishi Corporation, and PetroChina Company Limited)",LNG Canada Phase 1,BC,Energy,Private,Oil & Gas - Downstream,No,1,0,0,0,0,0,"$5,000M+"
399,2022,Canadian Natural Resources Limited,AOSP Jackpine,AB,Energy,Private,Other,Yes,1,0,0,0,1,1,"$5,000M+"
403,2022,Shore Gold Inc.,Star-Orion Diamond Project,SK,Mining,Private,Precious Metal,No,1,0,0,0,0,1,"$1,000M - $4,999M"
404,2022,Skygold Ventures Inc.,Spanish Mountain Copper-Gold Mines,BC,Mining,Private,Precious Metal,No,1,0,0,0,0,0,Unknown
405,2022,Skyline Gold Corporation,Bronson Slope Hydropower Projects,BC,Energy,Private,Clean Electricity,Yes,1,0,0,1,0,1,$100M - $499M
406,2022,Skyline Gold Corporation,Bronson Slope Copper/Gold/Silver/Molybdenum Mine,BC,Mining,Private,Precious Metal,No,1,0,0,0,0,1,$100M - $499M
413,2022,Spanish Mountain Gold Ltd.,Spanish Mountain Copper-Gold Mines,BC,Mining,Private,Precious Metal,No,1,0,0,0,0,1,$500M - $999M
417,2022,Generation Mining Ltd.,Marathon PGM Copper Mine,ON,Mining,Private,Other,No,1,0,0,0,0,1,$100M - $499M
422,2022,Suncor Energy Inc.,Lewis,AB,Energy,Private,Clean Electricity,Yes,1,0,0,0,0,1,Unknown
423,2022,Suncor Energy Inc.,Firebag,AB,Energy,Private,Clean Electricity,Yes,1,0,0,0,0,1,"$1,000M - $4,999M"
425,2022,"Suncor, ExxonMobil, Statoil, Husky Energy , Murphy Oil, Chevron, Mosbacher",Terra Nova (Asset Life Extension),NL,Energy,Private,Other,Yes,1,0,0,0,0,1,$100M - $499M
426,2022,Sunshine Oilsands,Legend Lake,AB,Energy,Private,Oil & Gas - Upstream,No,1,0,0,0,0,1,"$1,000M - $4,999M"
427,2022,Sunshine Oilsands Ltd.,Thickwood (Sunshine),AB,Energy,Private,Waste Biomass,Yes,1,0,0,0,0,1,"$1,000M - $4,999M"
429,2022,Sunshine Oilsands Ltd.,West Ells,AB,Energy,Private,Oil & Gas - Upstream,No,1,0,0,0,0,1,"$1,000M - $4,999M"
436,2022,Syntaris Power Corp.,Jade Lake Power Project,BC,Energy,Private,Low Carbon Fuels,Yes,1,0,0,0,0,1,$100M - $499M
439,2022,Osisko Metals Inc/Appian,Pine Point,NT,Mining,Private,Other,No,1,0,0,0,0,1,$500M - $999M
443,2022,Teck Coal Ltd.,Line Creek Coal Mine,BC,Mining,Private,Coal,No,1,0,0,0,0,1,<$100M
460,2022,GoldMining Inc,Yellowknife Gold,NT,Mining,Private,Precious Metal,No,1,0,0,0,0,1,$100M - $499M
467,2022,Vale,Copper Cliff Deep project,ON,Mining,Private,Base Metal,No,1,0,0,0,0,0,$500M - $999M
473,2022,Value Creation Inc.,Tristar' SAGD Pilot Project,AB,Energy,Private,Oil & Gas - Upstream,No,1,0,0,0,1,1,Unknown
484,2022,Conuma Coal Resources Ltd.,Belcourt/Saxon Coal Mines,BC,Mining,Private,Coal,No,1,0,0,0,0,0,$100M - $499M
485,2022,Conuma Coal Resources Ltd.,Wolverine Coal Mine (Hermann Deposit),BC,Mining,Private,Coal,No,1,0,0,1,0,1,<$100M
488,2022,Western Copper and Gold Corporation,Casino Mine,YK,Mining,Private,Precious Metal,No,1,0,0,0,0,1,"$1,000M - $4,999M"
490,2022,Western Potash,Milestone,SK,Mining,Private,Critical Mineral,Yes,1,0,1,0,0,0,<$100M
499,2022,Taseko Mines Ltd.,Yellowhead (formerly Harper Creek),BC,Mining,Private,Other,No,1,0,0,0,0,1,$500M - $999M
515,2022,Athabasca Oil Corporation,Dover West Clastics,AB,Energy,Private,Oil & Gas - Upstream,No,1,0,0,0,0,1,$500M - $999M
516,2022,Centerra Gold Inc.,Kemess Underground Copper-Gold Mine,BC,Mining,Private,Precious Metal,No,1,0,0,0,0,1,$500M - $999M
522,2022,BURNCO Rock Products Ltd.,BURNCO Aggregate Project (McNab Creek),BC,Mining,Private,Other,No,1,0,0,0,0,1,<$100M
528,2022,Cardero Coal Ltd.,Carbon Creek Coal Mine,BC,Mining,Private,Coal,No,0,1,0,0,0,1,$100M - $499M
529,2022,Cavalier Energy Inc.,Hoole (Paramount),AB,Energy,Private,Clean Electricity,Yes,1,0,0,0,0,1,$100M - $499M
530,2022,Centermount Coal Limited,Bingay Main Metallurgical Coal,BC,Mining,Private,Coal,No,1,0,0,0,0,1,$100M - $499M
536,2022,ecoTECH Energy Group (Canada) Inc,Biomass Project - McBride,BC,Energy,Private,Waste Biomass,Yes,1,0,0,0,0,1,$100M - $499M
542,2022,Encanto Potash / Muskowekwan Resources Ltd.,Muskowekwan Potash Mine,SK,Mining,Private,Precious Metal,No,1,0,0,0,0,0,"$1,000M - $4,999M"
545,2022,Holmes Hydro,Robson Valley Hydroelectric Project,BC,Energy,Public,Clean Electricity,Yes,1,0,0,1,0,1,$100M - $499M
546,2022,Imperial Metals Corporation,Huckleberry Copper/Silver/Molybdenum Mine,BC,Mining,Private,Precious Metal,No,0,1,0,0,0,0,$100M - $499M
547,2022,Hydro-Quebec,Raccordement du complexe de La Romaine au reseau de transport,QC,Energy,Public,Clean Electricity,Yes,1,0,0,0,1,0,"$1,000M - $4,999M"
566,2022,MEG Energy Corp.,Surmont (MEG),AB,Energy,Private,Clean Electricity,Yes,1,0,0,0,1,1,"$5,000M+"
574,2022,Naturener Energy Canada,Wild Rose' Wind Farm Phase 2 (162MW),AB,Energy,Private,Clean Electricity,Yes,1,0,0,0,0,0,$100M - $499M
575,2022,Artemis Gold Inc,Blackwater Gold Project,BC,Mining,Private,Precious Metal,No,1,0,0,1,0,1,"$1,000M - $4,999M"
584,2022,Quicksilver Resources/ Kohlberg Kravis Roberts & Co. L.P. (KKR),Fortune Creek Gas Plant,BC,Energy,Private,Oil & Gas - Downstream,No,1,0,0,0,0,0,$500M - $999M
587,2022,Rio Tinto Alcan Inc.,Kemano Tunnel Project (T2),BC,Energy,Private,Other,Yes,1,0,0,1,0,0,$500M - $999M
593,2022,Enbridge,Westcoast Connector Gas Transmission Project,BC,Energy,Private,Trans & Distr,No,1,0,0,0,1,1,"$5,000M+"
600,2022,TransCanada,Coastal GasLink Pipeline Project (TransCanada),BC,Energy,Private,Trans & Distr,No,1,0,0,0,0,0,"$1,000M - $4,999M"
606,2022,Treasury Metals Inc.,Goliath Complex,ON,Mining,Private,Precious Metal,No,1,0,0,0,1,1,$100M - $499M
607,2022,Value Creation Inc.,TriStar Advanced (In Situ + Upgrader),AB,Energy,Private,Oil & Gas - Downstream,No,1,0,0,0,0,1,"$1,000M - $4,999M"
611,2022,Atlantic Gold Corporation,Moose River Consolidated Project,NS,Mining,Private,Precious Metal,No,1,0,0,0,0,1,$100M - $499M
615,2022,Labrador Iron Mines Holdings Ltd.,Direct Shipping Iron Ore (DSO) Houston Deposit,NL,Mining,Private,Base Metal,No,1,0,0,0,0,1,<$100M
620,2022,KGHM International,Victoria Project,ON,Mining,Private,Other,No,1,0,0,0,0,1,$500M - $999M
623,2022,Argonaut Gold,Magino Mine,ON,Mining,Private,Precious Metal,No,1,0,0,0,0,0,$500M - $999M
626,2022,IAMGOLD Corp./Sumitomo Metal Mining,Cote Lake Project,ON,Mining,Private,Precious Metal,No,1,0,0,0,1,0,"$1,000M - $4,999M"
628,2022,Yancoal Canada Resources,Southey Potash Project,SK,Mining,Private,Other,No,1,0,0,0,1,0,"$1,000M - $4,999M"
629,2022,Sunshine Oilsands Ltd.,West Ells,AB,Energy,Private,Oil & Gas - Upstream,No,1,0,0,1,0,1,"$1,000M - $4,999M"
633,2022,Glencore plc,Sukunka Coal Mine,BC,Mining,Private,Coal,No,1,0,0,0,0,1,$100M - $499M
636,2022,Arianne Phosphate inc.,Lac a Paul Phosphate/Apatite mine,QC,Mining,Private,Precious Metal,No,1,0,0,0,0,1,"$1,000M - $4,999M"
637,2022,Commerce Resources corp.,Eldor Rare Earth Project,QC,Mining,Private,Critical Mineral,Yes,1,0,0,0,0,1,$500M - $999M
638,2022,Moneta Porcupine,Golden Highway Gold Project,ON,Mining,Private,Precious Metal,No,1,0,0,0,0,1,$100M - $499M
640,2022,"Braveheart Resources Inc. , Canada",Thierry Copper/Nickel Mine,ON,Mining,Private,Critical Mineral,Yes,1,0,0,0,0,1,$100M - $499M
643,2022,Search Minerals Inc.,Deep Fox + Foxtrot,NL,Mining,Private,Critical Mineral,Yes,1,0,0,0,0,1,$100M - $499M
644,2022,Ontario Power Generation,New Nuclear Power Plant Darlington Small Modular Reactor Project,ON,Energy,Public,Nuclear,Yes,1,0,0,0,0,1,Unknown
648,2022,Northern Graphite,Bissett Creek,ON,Mining,Private,Critical Mineral,Yes,1,0,0,0,0,1,$100M - $499M
649,2022,Husky Oil Operations Ltd.,Saleski' Thermal Oil Sands Project Using CSS,AB,Energy,Private,Oil & Gas - Upstream,No,1,0,0,0,0,1,$100M - $499M
650,2022,TransCanada,Prince Rupert Gas Transmission Project,BC,Energy,Private,Trans & Distr,No,0,1,0,0,0,1,"$5,000M+"
651,2022,FortisBC Energy (Vancouver Island) Inc.,Eagle Mountain - Woodfibre LNG Gas Pipeline Projects,BC,Energy,Private,Trans & Distr,No,1,0,0,0,0,1,$100M - $499M
652,2022,Woodfibre LNG,Woodfibre LNG project,BC,Energy,Private,Oil & Gas - Downstream,No,1,0,0,0,0,1,"$1,000M - $4,999M"
654,2022,Bruce Power,Bruce Nuclear Refurbishment,ON,Energy,Private,Nuclear,Yes,1,0,0,0,0,0,"$5,000M+"
659,2022,TransCanada,Heartland Pipeline Project,AB,Energy,Private,Trans & Distr,No,1,0,0,0,1,0,$500M - $999M
660,2022,ATCO Pipelines,Urban Pipeline Replacement Project,AB,Energy,Private,Trans & Distr,No,1,0,1,1,0,0,$500M - $999M
662,2022,Prosper Petroleum,Rigel Oil Sands Project,AB,Energy,Private,Oil & Gas - Upstream,No,1,0,0,0,0,1,$100M - $499M
684,2022,Osum Oil Sands Corp.,Sepiko Kesik Project,AB,Energy,Private,Oil & Gas - Upstream,No,1,0,0,0,0,1,"$1,000M - $4,999M"
688,2022,Graymont Western Canada Inc.,Giscome Quarry and Lime Plant Project,BC,Mining,Private,Other,No,1,0,0,0,0,0,$100M - $499M
689,2022,Innergex Wind Energy Inc and Saik'uz First Nation,"Nulki Hills, 30 km south of Vanderhoof",BC,Energy,Private,Clean Electricity,Yes,1,0,0,1,0,1,<$100M
692,2022,EDF Renouvelables,Taylor Wind Project,BC,Energy,Private,Clean Electricity,Yes,1,0,0,0,0,1,$500M - $999M
703,2022,Ethanol Cellulosique Varennes s.e.c. (Recyclage Carbone Varennes),Usine de carburant a faible intensite carbone (inclut un electrolyseur),QC,Energy,Private,Low Carbon Fuels,Yes,1,0,0,0,0,0,$100M - $499M
706,2022,Quicksilver Resources Canada Inc.,Discovery LNG,BC,Energy,Private,Oil & Gas - Downstream,No,1,0,0,0,1,0,"$1,000M - $4,999M"
707,2022,Port Alberni Harbour Authority,Port Alberni LNG Export Facility,BC,Energy,Public,Oil & Gas - Downstream,No,1,0,0,1,0,0,"$1,000M - $4,999M"
712,2022,Sequoia Energy Inc.,Quottoon Cluster of Hydroelectric Projects,BC,Energy,Private,Clean Electricity,Yes,1,0,0,1,0,1,$100M - $499M
713,2022,NOVA Gas Transmission Ltd.,North Montney Mainline,BC,Energy,Private,Trans & Distr,No,1,0,0,0,0,1,"$1,000M - $4,999M"
714,2022,Fortis Generation Inc.,Hydroelectric Dam,BC,Energy,Private,Clean Electricity,Yes,1,0,0,0,0,1,$100M - $499M
718,2022,Kitimat Clean Ltd.,Kitimat Clean Oil Refinery,BC,Energy,Private,Oil & Gas - Downstream,No,1,0,0,0,0,1,"$5,000M+"
725,2022,Greater Vancouver Regional District,Capilano (Cleveland) Dam Power Plant,BC,Energy,Private,Clean Electricity,Yes,1,0,0,0,0,1,<$100M
737,2022,BC Hydro,Capilano Substation Upgrade,BC,Energy,Public,Trans & Distr,No,1,0,0,0,0,0,<$100M
746,2022,Innergex Renewable Energy Inc.,Tipella Creek Hydropower Project,BC,Energy,Private,Clean Electricity,Yes,1,0,0,0,1,1,<$100M
753,2022,Kruger Energy Inc.,Maselpanik Creek Hydro Project,BC,Energy,Private,Clean Electricity,Yes,1,0,0,0,0,1,$100M - $499M
754,2022,Pacific Coastal Wave Energy Corp.,Wave Energy Project,BC,Energy,Private,Clean Electricity,Yes,1,0,0,0,0,1,<$100M
757,2022,Innergex Renewable Energy Inc.,Shovel Creek Hydroelectric Project,BC,Energy,Private,Clean Electricity,Yes,1,0,0,0,0,1,<$100M
758,2022,Pristine Power Inc./Cheslatta Forest Products,Cheslatta Green Energy Project,BC,Energy,Private,Clean Electricity,Yes,1,0,0,0,0,1,<$100M
759,2022,KMC Power,Tamihi Creek Hydro Project,BC,Energy,Private,Clean Electricity,Yes,1,0,0,0,0,1,<$100M
761,2022,TransAlta Corporation - Sorgente,Clemina Creek Hydro Project,BC,Energy,Private,Clean Electricity,Yes,1,0,0,0,0,0,<$100M
764,2022,Highwater Power Corporation Altagas Ltd.,Log Creek Water Power Project,BC,Energy,Private,Clean Electricity,Yes,1,0,0,0,1,1,<$100M
778,2022,West High Yield Resources,Record Ridge Magnesium Project,BC,Mining,Private,Critical Mineral,Yes,1,0,0,0,0,1,$500M - $999M
783,2022,First Mining Gold Corp.,Springpole Lake Gold Project,ON,Mining,Private,Precious Metal,No,1,0,0,0,0,1,$500M - $999M
785,2022,Greenstone Gold Mines LP (Equinox Gold Corp./Orion Mine Finance Group),Greenstone,ON,Mining,Private,Precious Metal,No,1,0,0,0,0,0,"$1,000M - $4,999M"
786,2022,Riversdale Resources,Grassy Mountain,AB,Mining,Private,Other,No,1,0,0,0,1,0,$100M - $499M
794,2022,Ascot Resources Ltd,Premier Gold Project,BC,Mining,Private,Precious Metal,No,1,0,0,1,0,1,$100M - $499M
798,2022,Paper Excellence,Restart of Pulp Mill and new Biomass Power Generation,SK,Forest,Private,Pulp & Paper,No,1,0,0,0,0,1,$100M - $499M
799,2022,Alton Natural Gas Storage,Natural Gas Storage Facility,NS,Energy,Private,"DER, Storage, EV",Yes,1,0,0,0,0,0,$100M - $499M
800,2022,Joyce Direct Iron Inc.,Joyce Lake DSO (the Attikamagen Project),NL,Mining,Private,Other,No,1,0,0,1,0,1,$100M - $499M
802,2022,Vulcan Materials Company,Black Point Aggregate Project,NS,Mining,Private,Other,No,1,0,0,0,0,1,<$100M
808,2022,Spartan Delta Inception Exploration Ltd.,Greenview Sour Gas plant,AB,Energy,Private,Oil & Gas - Downstream,No,1,0,0,0,0,1,<$100M
818,2022,Athabasca Oil Corporation,Hangingstone Oil Sands,AB,Energy,Private,Oil & Gas - Upstream,No,1,0,0,0,0,1,$500M - $999M
819,2022,Ville de Quao bec,Centre de biomao thanisation de loNagglomao ration de Quao bec (CBAQ),QC,Energy,Private,Waste Biomass,Yes,1,0,0,0,0,0,$100M - $499M
825,2022,Val aoo sociao tao en commandite / Algonquin Power Trust,Parc ao olien Belle-RiviaoAEre,QC,Energy,Private,Clean Electricity,Yes,1,0,1,0,1,0,<$100M
841,2022,Canadian Natural Resources Limited,Jackfish,AB,Energy,Private,Oil & Gas - Upstream,No,1,0,0,0,0,1,"$1,000M - $4,999M"
847,2022,Cenovus Energy Inc.,Pelican Lake,AB,Energy,Private,Clean Electricity,Yes,1,0,0,0,0,1,"$1,000M - $4,999M"
848,2022,Gascana AB Energy,LNG Production Plant and other facilities,AB,Energy,Private,Oil & Gas - Downstream,No,1,0,0,0,0,0,"$1,000M - $4,999M"
850,2022,Syncrude Canada Ltd.,Stage 4a - MLX-W,AB,Energy,Private,Other,Yes,1,0,0,1,0,1,"$1,000M - $4,999M"
854,2022,ATCO Pipelines,Calgary Urban Pipeline Replacement Project,AB,Energy,Private,Trans & Distr,No,1,0,1,0,0,0,$100M - $499M
857,2022,Bear Head Energy,Bear Head Energy,NS,Energy,Private,Oil & Gas - Downstream,No,1,0,0,0,0,0,"$5,000M+"
858,2022,ConocoPhillips Canada,Surmont (ConocoPhillips),AB,Energy,Private,Oil & Gas - Upstream,No,1,0,0,1,0,1,"$5,000M+"
862,2022,Taseko Mines Ltd.,Aley Niobium Project,BC,Mining,Private,Critical Mineral,Yes,1,0,0,0,0,1,$500M - $999M
865,2022,Imperial Metals Corporation,Ruddock Creek Zinc-Lead Mine Development Project,BC,Mining,Private,Base Metal,No,0,1,0,0,0,1,$100M - $499M
868,2022,Teck Coal Ltd.,Baldy Ridge Extension Project,BC,Mining,Private,Coal,No,1,0,0,0,0,1,"$1,000M - $4,999M"
873,2022,Orca LNG Ltd.,Orca LNG,BC,Energy,Private,Oil & Gas - Downstream,No,1,0,0,0,0,0,Unknown
885,2022,Pacific Northern Gas Ltd.,Pacific Northern Gas Pipeline Looping Project,BC,Energy,Private,Trans & Distr,No,1,0,0,1,0,0,$100M - $499M
891,2022,Arctic Canadian Diamond Corp,Ekati (Misery Deep),NT,Mining,Private,Other,No,0,1,0,1,0,1,<$100M
893,2022,PRISM Diversifed Ltd.,Clear Hills Project,AB,Mining,Private,Other,No,0,1,0,0,0,1,$100M - $499M
894,2022,Newmont Goldcorp Corp.,Coffee Gold Mine,YK,Mining,Private,Precious Metal,No,1,0,0,0,0,1,$100M - $499M
906,2022,Northern Blizzard Resources Inc.,Pirtuk,AB,Energy,Private,Other,Yes,1,0,0,0,0,1,$100M - $499M
919,2022,ATAC Resources Ltd.,Rackla Gold Project (Tiger Deposit),YK,Mining,Private,Precious Metal,No,1,0,0,0,0,0,$100M - $499M
928,2022,Interfor Corporation,Mill upgrade,BC,Forest,Private,Pulp & Paper,No,1,0,0,1,0,0,<$100M
936,2022,Mines Agnico Eagle ltee,Akasaba West Copper-Gold Mine,QC,Mining,Private,Precious Metal,No,1,0,0,0,1,0,<$100M
937,2022,"Canada Stewart Energy Group Ltd. (Northwest World Energy Services, Great United Petroleum Holding Co. Ltd.)",Canada Stewart Energy LNG Project,BC,Energy,Private,Oil & Gas - Downstream,No,1,0,0,1,0,0,Unknown
938,2022,Cedar LNG (partnership between Pembina Pipeline Corporation and Haisla Nation),Cedar LNG,BC,Energy,Private,Oil & Gas - Downstream,No,1,0,0,1,0,1,Unknown
939,2022,NewTimes Energy Ltd.,NewTimes Energy,BC,Energy,Private,Clean Electricity,Yes,1,0,0,0,0,0,Unknown
942,2022,Watson Island LNG Corporation,Watson Island LNG,BC,Energy,Private,Oil & Gas - Downstream,No,1,0,0,1,0,0,Unknown
943,2022,"Tilbury Jetty Marine Partnership (Fortis, Seaspan, Shell)",Tilbury Marine Jetty,BC,Energy,Private,Oil & Gas - Downstream,No,1,0,0,1,0,1,$100M - $499M
952,2022,Glencore,Raglan(phase 2),QC,Mining,Private,Other,No,1,0,0,0,0,0,"$1,000M - $4,999M"
956,2022,Altalink,Chapel Rock to Pincher Creek Area Transmission Development,AB,Energy,Private,Trans & Distr,No,1,0,0,0,1,1,$500M - $999M
957,2022,Atrum Coal,Groundhog Project Anthracite Coal Mine,BC,Mining,Private,Coal,No,1,0,0,0,0,1,$100M - $499M
965,2022,BC Hydro,G.M. Shrum Units 1 to 10 Control Systems Upgrade Project,BC,Energy,Public,Other,Yes,1,0,0,0,0,0,<$100M
970,2022,Creative Energy Vancouver Platforms Inc.,Creative Energy Plant,BC,Energy,Private,Clean Electricity,Yes,1,0,0,0,1,1,$100M - $499M
972,2022,Eagle Spirit Energy Holdings Ltd./Aquilini Group,ESE Synthetic Crude Pipeline,BC,Energy,Private,Trans & Distr,No,1,0,0,0,0,1,"$5,000M+"
974,2022,Enbridge/ Borealis Inc./ Kitselas First Nation,Lakelse Geothermal Power Plant,BC,Energy,Private,Clean Electricity,Yes,1,0,0,0,0,1,<$100M
979,2022,Kitsault Energy Ltd. of Canada,Kitsault LNG Facility,BC,Energy,Private,Oil & Gas - Downstream,No,1,0,0,0,0,0,Unknown
980,2022,Kruger Energy Inc.,Isle Pierre Wind Farm,BC,Energy,Private,Clean Electricity,Yes,1,0,0,1,0,1,$100M - $499M
983,2022,Red Willow Wind LP,Red Willow Wind Farm,BC,Energy,Private,Clean Electricity,Yes,1,0,0,0,0,1,$100M - $499M
996,2022,"AltaLink, ATCO",Central East Area Transmission Development,AB,Energy,Private,Trans & Distr,No,1,0,0,0,0,1,<$100M
1002,2022,"Ministere du developpement durable, de l'environnement et des parcs",Refection du barrage des Quinze,QC,Energy,Private,Other,Yes,1,0,0,0,0,0,<$100M
1003,2022,Churchill Falls (Labrador) Corporation,Electric Utility Capital Expenditures,NL,Energy,Private,Other,Yes,1,0,0,0,1,0,<$100M
1010,2022,Newfoundland Power Inc.,Electric Utility Capital Program,NL,Energy,Private,Clean Electricity,Yes,1,0,0,0,1,0,<$100M
1015,2022,Newfoundland and Labrador Hydro,Various (2016 Capital Program),NL,Energy,Public,Clean Electricity,Yes,1,0,0,0,1,0,$100M - $499M
1023,2022,Nukik Corp.,Kivalliq Hydro Fibre Link,Multi,Energy,Public,Clean Electricity,Yes,1,0,0,0,1,1,$500M - $999M
1024,2022,NextBridge,East-West Tie Transmission Project,ON,Energy,Private,Trans & Distr,No,1,0,1,0,0,0,$500M - $999M
1026,2022,Hydro-Quebec,Rehabilitation de la centrale Robert-Bourassa,QC,Energy,Public,Clean Electricity,Yes,1,0,0,0,0,0,Unknown
1028,2022,Alamos Gold Inc.,Island Gold Expansion,ON,Mining,Private,Precious Metal,No,1,0,0,0,1,0,<$100M
1034,2022,Fission Uranium Corp.,Patterson Lake South,SK,Mining,Private,Critical Mineral,Yes,1,0,0,0,1,1,"$1,000M - $4,999M"
1037,2022,"Western LNG, Nisga'a Nation, Rockies LNG Partners",Ksi Lisims LNG,BC,Energy,Private,Oil & Gas - Downstream,No,1,0,0,0,0,1,Unknown
1041,2022,"Energie hydroelectrique Pessamit, Societe en commandite",Centrale hydroelectrique des chutes du six milles,QC,Energy,Public,Clean Electricity,Yes,1,0,0,0,0,1,<$100M
1042,2022,BMC Minerals Ltd.,Kudz Ze Kayah,YK,Mining,Private,Other,No,1,0,0,0,0,1,$100M - $499M
1045,2022,Northern Energy Solutions (NES),NES Wood Pellet Plant,NB,Forest,Private,Other,Yes,1,0,0,0,0,1,<$100M
1048,2022,9139-3991 Quao bec Inc (Les Industries JPB),Centrale de cogao nao ration Valleyfied,QC,Energy,Private,Other,Yes,1,0,1,0,0,0,Unknown
1049,2022,"Energie hydroelectrique Pessamit, Societe en commandite",Centrale hydroelectrique de la chute du quatre milles,QC,Energy,Public,Clean Electricity,Yes,1,0,0,0,0,1,<$100M
1050,2022,"Manouane Sipi, Societe en commandite",Centrale hydroelectrique Manouane Sipi (Dam B),QC,Energy,Private,Clean Electricity,Yes,1,0,0,0,0,1,<$100M
1056,2022,FPInnovations et Bioao nergie La Tuque,Vision La Tuque 2023,QC,Forest,Private,Other,Yes,1,0,0,0,0,1,$500M - $999M
1057,2022,Pacific Future Energy,Pacific Future Energy Oil Refinery,BC,Energy,Private,Oil & Gas - Downstream,No,1,0,0,0,0,1,"$5,000M+"
1061,2022,Tembec (General Partnership),Specialty Cellulose Upgrade (digesters change),QC,Forest,Private,Pulp & Paper,No,1,0,0,0,0,1,$100M - $499M
1063,2022,NTPC,Taltson Hydroelectricity Expansion Project (Phase 1),NT,Energy,Private,Clean Electricity,Yes,1,0,0,0,0,1,"$1,000M - $4,999M"
1067,2022,Sayona Quebec inc.,Authier,QC,Mining,Private,Other,No,1,0,0,0,0,1,<$100M
1074,2022,Athabasca Oil Sands Corporation,Kai Kos Dehseh,AB,Energy,Private,Oil & Gas - Upstream,No,1,0,0,0,0,1,Unknown
1076,2022,OSum Oil Sands Corp.,Orion,AB,Energy,Private,Oil & Gas - Upstream,No,1,0,0,0,0,1,Unknown
1077,2022,Cenovus Energy Inc.,Christina Lake,AB,Energy,Private,Other,Yes,1,0,0,0,0,1,$500M - $999M
1078,2022,ConocoPhillips Canada Limited,Surmont 2,AB,Energy,Private,Oil & Gas - Upstream,No,1,0,0,0,0,1,"$1,000M - $4,999M"
1079,2022,Japan Canada Oil Sands Limited (JACOS),Hangingstone,AB,Energy,Private,Oil & Gas - Upstream,No,1,0,0,0,0,1,"$1,000M - $4,999M"
1080,2022,Suncor Energy Inc.,Meadow Creek,AB,Energy,Private,Clean Electricity,Yes,1,0,0,0,0,1,Unknown
1081,2022,Sunshine Oilsands Ltd.,Thickwood,AB,Energy,Private,Waste Biomass,Yes,1,0,0,0,0,1,Unknown
1082,2022,Cenovus Energy Inc.,Narrows Lake,AB,Energy,Private,Clean Electricity,Yes,1,0,0,0,0,1,"$1,000M - $4,999M"
1083,2022,Value Creation Inc.,Heartland Upgrader,AB,Energy,Private,Oil & Gas - Downstream,No,1,0,0,0,0,1,Unknown
1084,2022,Penn West,Seal,AB,Energy,Private,Other,Yes,1,0,0,0,0,1,Unknown
1086,2022,ConocoPhillips Canada Limited,Surmont,AB,Energy,Private,Oil & Gas - Upstream,No,1,0,0,0,0,1,Unknown
1088,2022,Husky Energy Inc.,Spruce Lake Central,SK,Energy,Private,Clean Electricity,Yes,1,0,0,0,0,0,$100M - $499M
1089,2022,Husky Energy Inc.,Spruce Lake North,SK,Energy,Private,Clean Electricity,Yes,1,0,0,0,1,0,$100M - $499M
1090,2022,Value Creation Inc.,Heartland Upgrader,AB,Energy,Private,Oil & Gas - Downstream,No,1,0,0,0,1,1,Unknown
1091,2022,PTTEP Canada Limited,Mariana,AB,Energy,Private,Other,Yes,1,0,0,0,0,1,Unknown
1092,2022,Imperial Oil Ltd.,Cold Lake SAGD,AB,Energy,Private,Oil & Gas - Upstream,No,1,0,0,0,0,1,Unknown
1093,2022,Athabasca Oil Sands Corporation,Hangingstone,AB,Energy,Private,Oil & Gas - Upstream,No,1,0,0,0,0,1,Unknown
1094,2022,Imperial Oil Limited,Syncrude Mildred Lake Extension,AB,Energy,Private,Oil & Gas - Upstream,No,1,0,0,0,0,1,Unknown
1095,2022,MEG Energy Corp.,May River,AB,Energy,Private,Clean Electricity,Yes,1,0,0,0,0,1,"$5,000M+"
1096,2022,BP Plc,Terre De Grace,AB,Energy,Private,Other,Yes,1,0,0,0,0,1,Unknown
1097,2022,Canadian Natural Resources Limited,CCS Follow UP,AB,Energy,Private,"DER, Storage, EV",Yes,1,0,0,0,0,1,Unknown
1098,2022,Lacrina Energy,Saleski JV (Laricina/Osum),AB,Energy,Private,Clean Electricity,Yes,1,0,0,0,0,1,Unknown
1099,2022,Nexxen,Long Lake,AB,Energy,Private,Other,Yes,1,0,1,0,0,0,Unknown
2000,2022,E-T Energy Ltd.,Popular Creek,AB,Energy,Private,Clean Electricity,Yes,1,0,0,0,0,1,Unknown
2001,2022,Sunshine Oilsands Ltd.,Thickwood (Sunshine),AB,Energy,Private,Waste Biomass,Yes,1,0,0,0,0,1,Unknown
2002,2022,Sunshine Oilsands Ltd.,Harper,AB,Energy,Private,Oil & Gas - Upstream,No,1,0,0,0,0,1,Unknown
2003,2022,Devon Oil Canada,Pike (Formely Kirby),AB,Energy,Private,Oil & Gas - Upstream,No,1,0,0,0,0,1,Unknown
2004,2022,Husky Energy Inc.,Mcmullin,AB,Energy,Private,Clean Electricity,Yes,1,0,0,0,0,1,Unknown
2005,2022,Cenovus Energy Inc.,Ravin Ridge and Wallace Creek,AB,Energy,Private,Clean Electricity,Yes,1,0,0,0,0,1,Unknown
2007,2022,Lacrina Energy,Burnt Lakes,AB,Energy,Private,Clean Electricity,Yes,1,0,0,0,0,1,Unknown
2008,2022,Lacrina Energy,"Conn Creek, Germain and Popular Creek",AB,Energy,Private,Clean Electricity,Yes,1,0,0,0,0,1,Unknown
2009,2022,Athabasca Oil Sands Corporation,Dover West Carbonites and Clastics,AB,Energy,Private,Oil & Gas - Upstream,No,1,0,0,0,0,1,Unknown
2020,2022,PEI Energy Corporation,PEIEC Wind Farm #5,ON,Energy,Private,Clean Electricity,Yes,1,0,0,0,0,1,<$100M
2048,2022,Nation Rise Wind Farm Limited Partnership,Nation Rise Wind,ON,Energy,Private,Clean Electricity,Yes,1,0,1,0,0,0,$100M - $499M
2059,2022,Aeolis / Boralex,Hackney Hills Wind Park (Aeolis / Boralex),BC,Energy,Private,Other,Yes,1,0,0,0,0,1,<$100M
2060,2022,Pacific Future Energy,Pacific Future Energy Refinery Project,BC,Energy,Private,Clean Electricity,Yes,1,0,0,0,0,0,<$100M
2062,2022,Manitoba Hydro,Pine Falls Units 1-4 Major Overhauls,MB,Energy,Public,Clean Electricity,Yes,1,0,0,0,1,0,<$100M
2064,2022,Manitoba Hydro,Letellier - St. Vital 230kV Transmission,MB,Energy,Public,Trans & Distr,No,1,0,0,0,1,0,<$100M
2065,2022,Manitoba Hydro,Transmission Line Upgrades for Improved Clearance,MB,Energy,Public,Trans & Distr,No,1,0,0,0,1,0,<$100M
2072,2022,Baffinland Iron Mines Corporation,Mary River Iron Ore project,NU,Mining,Private,Base Metal,No,1,0,0,0,1,1,"$1,000M - $4,999M"
2078,2022,Algonquin Power & Utilities Corp.,Wind Project,SK,Energy,Private,Clean Electricity,Yes,1,0,1,0,0,0,$100M - $499M
2082,2022,SaskPower,Proposed Natural Gas Power Station,SK,Energy,Public,NG Power Gen,No,1,0,0,0,0,0,$500M - $999M
2083,2022,Ressources Falco ltee,Horne 5,QC,Mining,Private,Other,No,1,0,0,0,1,1,$500M - $999M
2087,2022,Canadian Malartic GP,Canadian Malartic,QC,Mining,Private,Other,No,1,0,1,0,0,0,$100M - $499M
2092,2022,Miniere Osisko Inc.,Lac Windfall,QC,Mining,Private,Other,No,1,0,0,0,0,1,$100M - $499M
2093,2022,Nouveau Monde Graphite inc.,Matawinie,QC,Mining,Private,Other,No,1,0,0,0,0,1,$100M - $499M
2108,2022,White Birch Paper,Fiber extraction for bioplastics,QC,Forest,Private,Other,Yes,1,0,0,0,0,0,<$100M
2110,2022,"Nation Innue, RES et Boralex",Apuiat,QC,Energy,Private,Other,Yes,1,0,0,0,1,1,$500M - $999M
2111,2022,Finaxo Canada inc.,Cogao nao ration Bedford,QC,Energy,Private,Other,Yes,1,0,0,0,0,1,Unknown
2113,2022,"aonergie LSQ, S.E.C.",aonergie LSQ,QC,Energy,Private,Other,Yes,1,0,0,0,0,1,Unknown
2114,2022,Chantiers Chibougamau inc.,Centrale de cogeneration Assinica,QC,Energy,Private,Other,Yes,1,0,0,0,0,1,Unknown
2115,2022,Cogeneration Val-d'Or,Cogeneration Val-d'Or,QC,Energy,Private,Other,Yes,1,0,0,0,0,1,<$100M
2119,2022,Inter Pipeline,Propane Dehydrogenation (PDH) Facility,AB,Energy,Private,Clean Electricity,Yes,1,0,1,0,0,0,"$1,000M - $4,999M"
2121,2022,Ainsworth Energy Co. Ltd.,Anahim Lake Bioenergy Project,BC,Energy,Private,Waste Biomass,Yes,1,0,0,0,0,1,<$100M
2122,2022,Yun Ka Whu'ten Holdings,Biomass Project - Anahim Lake,BC,Energy,Private,Waste Biomass,Yes,1,0,0,0,0,1,<$100M
2123,2022,Ainsworth Energy Co. Ltd.,Tumbler Ridge Bioenergy Project,BC,Energy,Private,Waste Biomass,Yes,1,0,0,0,0,1,<$100M
2124,2022,Nations Energy Corp.,Biomass Project - Kamloops,BC,Energy,Private,Waste Biomass,Yes,1,0,0,0,0,1,<$100M
2126,2022,CNRL / NRC / Pond Biofuels,Algae Carbon Conversion Pilot Project,AB,Energy,Private,CCUS,Yes,1,0,0,0,0,1,<$100M
3002,2022,La Granaduiere,Pellet Plant,QC,Forest,Private,Other,Yes,1,0,1,0,0,0,<$100M
3101,2022,Frontier Lithium Inc.,Pakeagama Lake,ON,Mining,Private,Critical Mineral,Yes,1,0,0,0,0,1,$100M - $499M
3104,2022,Gensource Potash Corp,Vanguard,SK,Mining,Private,Other,No,1,0,0,0,0,1,$100M - $499M
3105,2022,Ram River Coal,Aries,AB,Mining,Private,Coal,No,1,0,0,0,0,1,"$1,000M - $4,999M"
3106,2022,Glencore plc,Onaping Depth,ON,Mining,Private,Other,No,1,0,0,0,0,0,$500M - $999M
3202,2022,BC Hydro,BC Hydro Upgrade Alberni/Long Beach Transmission Line,BC,Energy,Public,Clean Electricity,Yes,1,0,0,0,1,1,Unknown
3204,2022,Canadian Nuclear Laboratories,Port Hope Long-Term Waste Management Facility for Low-Level Radioactive Waste,ON,Energy,Private,Waste Biomass,Yes,1,0,1,0,0,0,Unknown
3206,2022,Hydro-Quebec,New England Clean Energy Connect (NECEC) project,QC,Energy,Public,Clean Electricity,Yes,1,0,0,0,0,1,$500M - $999M
3208,2022,"Transmission Developers Inc. (TDI),",Transmission Line - Champlain Hudson Power Express,QC,Energy,Private,Trans & Distr,No,1,0,0,0,0,1,"$1,000M - $4,999M"
3211,2022,Dahl Creek Hydro Power Limited Partnership,Dahl Creek Hydroelectric Project,BC,Energy,Private,Clean Electricity,Yes,1,0,0,0,0,1,Unknown
3400,2022,Nova Chemicals,Polyethylene Facility and Corunna Cracker Expansion,ON,Energy,Private,Oil & Gas - Downstream,No,1,0,0,0,0,0,"$1,000M - $4,999M"
3402,2022,Dow Chemical Canada,Dow Net-Zero Polyethylene and Ethylene Derivatives Facility,AB,Energy,Private,Clean Electricity,Yes,1,0,0,0,1,1,"$5,000M+"
3501,2022,Husky Energy Inc.,Husky Energy Exploration Drilling Project,NL,Energy,Private,Oil & Gas - Upstream,No,1,0,0,0,0,1,$100M - $499M
3502,2022,BP Canada,Newfoundland Orphan Basin Exploration Drilling Project,NL,Energy,Private,Oil & Gas - Upstream,No,1,0,0,0,0,1,$100M - $499M
3503,2022,Nexen,Nexen Energy Flemish Pass Exploration Drilling Project,NL,Energy,Private,Oil & Gas - Upstream,No,1,0,0,0,0,0,$100M - $499M
3507,2022,Resolute,Capacity increase,QC,Forest,Private,Pulp & Paper,No,1,0,0,1,0,1,<$100M
3509,2022,Wataynikaneyap Power,Wataynikaneyap Transmission Project,ON,Energy,Private,Trans & Distr,No,1,0,0,0,0,0,"$1,000M - $4,999M"
3600,2022,Fibre Pontiac,Fibre Pontiac (The Biomass Conversion Centre),QC,Energy,Private,Waste Biomass,Yes,1,0,0,0,1,1,$100M - $499M
3601,2022,PEI Energy Corporation,Slemon Park Micro-Grid Project,PE,Energy,Private,Trans & Distr,No,1,0,0,0,0,1,<$100M
3603,2022,Maritime Resources Corp.,Hammerdown (Green Bay),NL,Mining,Private,Precious Metal,No,1,0,0,0,0,1,<$100M
3604,2022,AuMEGA (previously Matador Mining Limited),Cape Ray,NL,Mining,Private,Other,No,1,0,0,0,0,1,<$100M
3610,2022,Telkwa Mining Ltd.,Tenas Project,BC,Mining,Private,Coal,No,1,0,0,0,0,1,<$100M
3615,2022,NB Power,Advanced Meter Infrastructure,NB,Energy,Public,Waste Biomass,Yes,1,0,0,0,0,1,<$100M
3617,2022,St Barbara Ltd.,Beaver Dam Gold Project,NS,Mining,Private,Other,No,1,0,0,0,0,0,$100M - $499M
3621,2022,Greengate Power Corporation,Travers Solar Project,AB,Energy,Private,Clean Electricity,Yes,1,0,0,1,0,0,$500M - $999M
3622,2022,CVW Cleantech,Titanium and Zircon Extraction Facility,AB,Mining,Private,Critical Mineral,Yes,1,0,0,0,1,1,$100M - $499M
3628,2022,EPCOR,EL Smith Solar Farm,AB,Energy,Private,Clean Electricity,Yes,1,0,0,0,0,0,<$100M
3630,2022,Field Upgrading,CleanSEAS Demonstration Plant,AB,Energy,Private,Waste Biomass,Yes,1,0,0,0,1,0,$100M - $499M
3631,2022,Gen III Oil Corp.,Bowden Re-refinery,AB,Energy,Private,Oil & Gas - Downstream,No,1,0,0,0,1,0,<$100M
3632,2022,Old Elm Wind Farm,Alberta Wind Energy Corp.,AB,Energy,Private,Clean Electricity,Yes,1,0,0,1,0,0,$100M - $499M
3638,2022,Kirkland Lake Gold Ltd.,Macassa Expansion,ON,Mining,Private,Other,No,1,0,0,1,0,0,$100M - $499M
3639,2022,Harte Gold Corp.,Sugar Zone,ON,Mining,Private,Precious Metal,No,1,0,0,0,1,1,$100M - $499M
3641,2022,Manitoba Hydro,Laverendrye-St.Vital 230kV Line & Breakers,MB,Energy,Public,Trans & Distr,No,1,0,0,0,0,0,<$100M
3642,2022,Manitoba Hydro,Reenders Station,MB,Energy,Public,Clean Electricity,Yes,1,0,0,0,1,0,<$100M
3643,2022,Manitoba Hydro,Dorsey Synchronous Condenser Refurbishment,MB,Energy,Public,Clean Electricity,Yes,1,0,0,0,1,0,<$100M
3644,2022,Manitoba Hydro,HVDC Transformer Sustainment,MB,Energy,Public,Trans & Distr,No,1,0,0,0,1,0,$100M - $499M
3645,2022,Equinor Canada,Bay du Nord offshore oil site,NL,Energy,Private,Oil & Gas - Upstream,No,1,0,0,0,1,1,"$5,000M+"
4000,2022,Hydro One,Northwest Bulk Transmission Line Waasigan Transmission Line,ON,Energy,Public,Trans & Distr,No,1,0,0,0,0,1,Unknown
4001,2022,Hydro One,Hawthorne to Merivale transmission upgrades (Planned),ON,Energy,Public,Trans & Distr,No,1,0,0,0,0,0,<$100M
4004,2022,ITC Holdings Corp. (subsidiary of Fortis),ITC Lake Erie Connector LLC,ON,Energy,Private,Other,Yes,1,0,0,0,1,1,"$1,000M - $4,999M"
4006,2022,Mines Agnico Eagle ltee,Wasamac,QC,Mining,Private,Precious Metal,No,1,0,0,0,0,1,$100M - $499M
4007,2022,NexGen Energy Ltd.,Rook I,SK,Mining,Private,Other,No,1,0,0,0,0,1,"$1,000M - $4,999M"
4008,2022,Denison Mines Corp.,Wheeler River - Phoenix,SK,Mining,Private,Other,No,1,0,0,0,0,1,$500M - $999M
4013,2022,Rio Tinto,Vaudreuil alumina refinery,QC,Mining,Private,Critical Mineral,Yes,1,0,0,0,0,1,$100M - $499M
4014,2022,Alcoa/Rio Tinto,The Elysis joint venture,QC,Mining,Private,Critical Mineral,Yes,1,0,0,0,0,1,$500M - $999M
4015,2022,Signal Gold Inc. (formerly Anaconda Mining),Goldboro Gold,NS,Mining,Private,Precious Metal,No,0,1,0,0,0,1,<$100M
4016,2022,Allkem Limited,James Bay Lithium,QC,Mining,Private,Critical Mineral,Yes,1,0,0,0,0,1,Unknown
4021,2022,Tolko,Mill upgrade,BC,Forest,Private,Pulp & Paper,No,1,0,0,0,0,1,<$100M
4024,2022,Active Energy Group,New advanced pellet plant,NL,Forest,Private,Other,Yes,1,0,0,0,0,1,<$100M
4026,2022,Resolute,Mill upgrade,ON,Forest,Private,Pulp & Paper,No,1,0,0,0,0,0,<$100M
4028,2022,Bois d'oeuvre Cedrico,Sawmill upgrade,QC,Forest,Private,Lumber,No,1,0,0,0,1,1,<$100M
4029,2022,Rayonier Advanced Materials,Sawmill upgrade,QC,Forest,Private,Lumber,No,1,0,0,0,0,0,<$100M
4030,2022,Gitxsan Development Corp and Airex Energy,Torrefied pellet plant,BC,Forest,Private,Other,Yes,1,0,0,0,1,1,<$100M
4034,2022,NGTL,NGTL 2021 Expansion,AB,Energy,Private,Other,Yes,1,0,1,0,0,0,"$1,000M - $4,999M"
4035,2022,NGTL,NGTL 2022 Expansion (North Corridor and Edson Mainline),AB,Energy,Private,Trans & Distr,No,1,0,0,0,0,0,"$1,000M - $4,999M"
4037,2022,Les Ressources Yorbeau inc.,Lac scott,QC,Mining,Private,Other,No,1,0,0,0,1,1,$100M - $499M
4039,2022,Eastmain Resources,Eau Claire,QC,Mining,Private,Other,No,1,0,0,0,0,1,$100M - $499M
4041,2022,Gazoduq inc.,Gazoduq,Multi,Energy,Private,Other,Yes,0,1,0,0,0,1,"$1,000M - $4,999M"
4044,2022,EDF Renewables Canada Inc.,Cypress Wind Power Project,AB,Energy,Private,Clean Electricity,Yes,0,1,0,0,0,0,Unknown
4045,2022,Potentia Renewables Inc.,Stirling Wind Power Project,AB,Energy,Private,Clean Electricity,Yes,1,0,0,0,1,1,Unknown
4046,2022,Capstone Infrastructure Corporation,Buffalo Atlee Wind Farm 1 -3,AB,Energy,Private,Clean Electricity,Yes,1,0,0,0,0,0,Unknown
4047,2022,TransAlta Corporation,Windrise Wind (207 MW),AB,Energy,Private,Clean Electricity,Yes,1,0,1,0,1,0,$100M - $499M
4048,2022,Potentia Renewables Inc.,Jenner Wind Power Project 1 and 2,AB,Energy,Private,Clean Electricity,Yes,1,0,0,0,0,0,Unknown
4050,2022,Canadian Solar,Three solar farms,AB,Energy,Private,Clean Electricity,Yes,1,0,0,0,1,0,$100M - $499M
4052,2022,Cascade Power,Cascade Natural Gas Project,AB,Energy,Private,NG Power Gen,No,1,0,0,0,1,0,"$1,000M - $4,999M"
4057,2022,EDF Renewables Canada,Vulcan Solar Project,AB,Energy,Private,Clean Electricity,Yes,1,0,0,0,1,1,$100M - $499M
4062,2022,Solar Krafte,Strathmore Solar Farm,AB,Energy,Private,Clean Electricity,Yes,1,0,1,0,0,0,<$100M
4063,2022,Suncor,Forty Mile Wind Power Project,AB,Energy,Private,Clean Electricity,Yes,1,0,0,0,0,0,Unknown
4066,2022,Westcoast,T South Expansion and Reliability Project,BC,Energy,Private,Other,Yes,1,0,0,0,1,0,$100M - $499M
4067,2022,Global First Power,Micro Modular Reactor demonstration project at Chalk River Laboratories,ON,Energy,Private,Nuclear,Yes,1,0,0,1,0,1,Unknown
4072,2022,PEI Energy Corporation,Borden Battery Park,PE,Energy,Public,"DER, Storage, EV",Yes,1,0,0,0,0,1,<$100M
4073,2022,PEI Energy Corporation,Western PEI Transmission Upgrade,PE,Energy,Private,Trans & Distr,No,1,0,0,0,0,1,<$100M
4077,2022,Synex Energy Resources Ltd.,Victoria Lake Hydro Project,BC,Energy,Private,Clean Electricity,Yes,1,0,0,0,0,1,<$100M
4079,2022,BC Hydro,Mica 600V Circuit Breaker Upgrades Project,BC,Energy,Public,Clean Electricity,Yes,1,0,0,0,0,0,<$100M
4080,2022,Pacific Greengen Power Inc.,Fries Creek Hydroelectric Project,BC,Energy,Private,Clean Electricity,Yes,1,0,0,0,1,1,<$100M
4081,2022,BC Hydro,Cheakamus Recoat Units 1 & 2 Penstock Project,BC,Energy,Public,Clean Electricity,Yes,1,0,0,0,0,0,<$100M
4084,2022,BC Hydro,Bridge River 2 - Strip and Recoat Penstock 1 Interior Project,BC,Energy,Public,Clean Electricity,Yes,1,0,0,0,1,0,<$100M
4093,2022,BC Hydro,Mica Modernize Controls (Digital) Project,BC,Energy,Public,Clean Electricity,Yes,1,0,0,0,1,0,<$100M
4094,2022,BC Hydro,Barnard Substation 50/60 Feeder Section Replacement Project,BC,Energy,Public,Trans & Distr,No,1,0,0,0,1,0,<$100M
4096,2022,Boralex,Babcock Ridge Wind Farm,BC,Energy,Private,Clean Electricity,Yes,1,0,0,0,1,1,<$100M
4097,2022,Sukunka Wind Project LP,Sukunka Wind Energy Project,BC,Energy,Private,Clean Electricity,Yes,1,0,0,0,0,1,<$100M
4098,2022,Zonnebeke Wind Project LP,Zonnebeke Wind Energy Project,BC,Energy,Private,Clean Electricity,Yes,1,0,0,0,0,1,<$100M
4104,2022,Canfor Corporation/Licella,Biofuel Facility,BC,Energy,Private,Low Carbon Fuels,Yes,1,0,0,0,0,1,<$100M
4105,2022,BC Hydro,South Fraser Transmission Relocation Project,BC,Energy,Public,Trans & Distr,No,1,0,0,0,0,0,<$100M
4106,2022,BC Hydro,Downtown Vancouver Electricity Supply - West End Strategic Property Purchase,BC,Energy,Public,Clean Electricity,Yes,1,0,0,0,1,0,<$100M
4107,2022,BC Hydro,Mica Replace Units 1-4 Transformers Project,BC,Energy,Public,Clean Electricity,Yes,1,0,0,0,1,0,<$100M
4108,2022,BCHydro,LNG Canada Load Interconnection Project,BC,Energy,Public,Trans & Distr,No,1,0,0,0,1,0,<$100M
4111,2022,Borealis Geopower,Canoe Reach Geothermal Energy Project,BC,Energy,Private,Clean Electricity,Yes,1,0,0,0,1,1,$100M - $499M
4114,2022,WindRiver Power Corp.,Kinskuch Hydroelectric Project,BC,Energy,Private,Clean Electricity,Yes,1,0,0,0,0,1,$100M - $499M
4115,2022,Pembina Pipeline Corp.,Watson Island Propane Export Terminal,BC,Energy,Private,Oil & Gas - Downstream,No,1,0,0,0,0,1,$100M - $499M
4116,2022,Alcan Aluminum Ltd. and the Province of BC,Kenney Dam Cold Water Release Facility,BC,Energy,Public,Clean Electricity,Yes,1,0,0,0,0,1,$100M - $499M
4117,2022,BC Hydro,Peace Region Electricity Supply Project,BC,Energy,Public,Clean Electricity,Yes,1,0,0,0,0,0,$100M - $499M
4119,2022,AltaGas / Vopak Development Canada Inc.,Ridley Island Energy Export Facility (REEF),BC,Energy,Private,"DER, Storage, EV",Yes,1,0,0,0,1,1,$500M - $999M
4122,2022,Teck Resources/NGEx Resources,GJ Kinaskan Lake Copper-Gold Project,BC,Mining,Private,Precious Metal,No,1,0,0,0,0,1,Unknown
4123,2022,Fortis BC Inc.,Nicola Lake Hydro Project,BC,Energy,Private,Clean Electricity,Yes,1,0,0,0,0,1,Unknown
4124,2022,Selkirk Metals Corp.,Gold Mine,BC,Mining,Private,Precious Metal,No,1,0,0,0,0,1,Unknown
4125,2022,Nisgaa Nation,Nisgaa LNG,BC,Energy,Private,Oil & Gas - Downstream,No,1,0,0,0,0,0,Unknown
4126,2022,Devon Energy Corporation/ BP JV,Pike,AB,Energy,Private,Clean Electricity,Yes,1,0,0,1,0,1,"$1,000M - $4,999M"
4128,2022,Gibson Energy Inc.,Hardisty Terminal Expansion,AB,Energy,Private,Oil & Gas - Downstream,No,1,0,1,0,0,0,$100M - $499M
4129,2022,Pembina Pipelines Corp.,Peace Pipeline Expansion,AB,Energy,Private,Trans & Distr,No,1,0,0,0,0,0,$500M - $999M
4130,2022,Pembina Pipelines Corp.,Peace Pipeline Expansion,AB,Energy,Private,Trans & Distr,No,1,0,0,0,1,1,$500M - $999M
4133,2022,SinoCan Global,SinoCan Global Upgrader and Petrochemical Facility,AB,Energy,Private,Oil & Gas - Downstream,No,1,0,0,0,0,1,"$5,000M+"
4134,2022,Nauticol Energy,Nauticol Methanol Plant,AB,Energy,Private,Low Carbon Fuels,Yes,1,0,0,0,0,1,"$1,000M - $4,999M"
4137,2022,Wapahki Energy /CN Rail JV,Canapux Bitumen Processing Facility,AB,Energy,Private,Oil & Gas - Upstream,No,1,0,0,0,0,1,<$100M
4138,2022,DP Energy,South Calgary Solar Facility,AB,Energy,Private,Clean Electricity,Yes,1,0,0,0,0,0,<$100M
4143,2022,Calibre Mining (previously Marathon Gold Corporation),Valentine Gold Mine,NL,Mining,Private,Precious Metal,No,1,0,0,0,1,1,$100M - $499M
4146,2022,Newfoundland & Labrador,Regional Assessment of Offshore Oil and Gas Exploratory Drilling East of Newfoundland and Labrador,NL,Energy,Public,Oil & Gas - Upstream,No,1,0,0,0,0,0,Unknown
4147,2022,Pure Gold Mining Inc.,Madsen,ON,Mining,Private,Precious Metal,No,1,0,1,1,0,0,<$100M
4148,2022,Ontario Power Generation,Ranney Falls Expansion,ON,Energy,Public,Other,Yes,1,0,0,0,0,0,<$100M
4153,2022,DP Energy Limited (Haligonia Tidal Energy Ltd. / Rio Fundo Operations Canada Ltd.),Uisce Tapa In-Stream Tidal Energy Project,NS,Energy,Private,Clean Electricity,Yes,1,0,0,0,1,1,$100M - $499M
4154,2022,Sustane Technologies,Sustane Chester,NS,Energy,Private,Other,Yes,1,0,0,0,0,0,<$100M
4155,2022,Eagle Hill Energy LP /Kwanlin Dn First Nation,Haeckel Hill Wind Farm,YK,Energy,Private,Clean Electricity,Yes,1,0,0,0,1,0,<$100M
4157,2022,SaskPower,Golden South Wind Energy Facility,SK,Energy,Public,Clean Electricity,Yes,1,0,1,0,1,0,Unknown
4158,2022,EDF Renewables,Sharp Hills wind farm (248 MW),AB,Energy,Private,Clean Electricity,Yes,1,0,0,0,0,1,$500M - $999M
4159,2022,Noront Resources Ltd.,Ferrochrome Processing Facility,ON,Mining,Private,Other,No,1,0,0,0,0,1,"$1,000M - $4,999M"
4160,2022,Resolute Forest Products,New cellulose filament plant,QC,Forest,Private,Other,Yes,1,0,0,0,0,1,<$100M
4162,2022,Waroona Energy Inc.,Superior Lake (formerly Pick Lake/Winston Lake Zinc Project),ON,Mining,Private,Other,No,1,0,0,0,0,1,$100M - $499M
4163,2022,Canadian Premium Sand,Wanipigow,MB,Mining,Private,Other,No,1,0,0,0,0,1,$100M - $499M
4164,2022,Copper Mountain Mining Corp.,New Ingerbelle,BC,Mining,Private,Critical Mineral,Yes,1,0,0,0,0,0,<$100M
4166,2022,Foran Mining Corp.,McIlvenna Bay,SK,Mining,Private,Other,No,1,0,0,1,0,1,$100M - $499M
4167,2022,Electra Battery Materials Corp.,Cobalt Refinery Complex,ON,Mining,Private,Critical Mineral,Yes,1,0,0,0,0,0,<$100M
4168,2022,Alliance Magnesium,Alliance Magnesium Plant,QC,Mining,Private,Critical Mineral,Yes,1,0,0,0,1,0,$100M - $499M
4169,2022,Allegiance Coal,Telkwa (Delete same project as Tenas Project (ID3610),BC,Mining,Private,Coal,No,1,0,0,0,1,1,<$100M
4170,2022,FortisBC,Tilbury Phase 2 LNG Expansion,BC,Energy,Private,Oil & Gas - Downstream,No,1,0,0,0,0,1,Unknown
4171,2022,FortisBC,Tilbury 1A and 1B Marine Terminal,BC,Energy,Private,Oil & Gas - Downstream,No,1,0,0,0,0,0,Unknown
4172,2022,NGTL,NGTL Westpath Delivery project 2023,AB,Energy,Private,Other,Yes,1,0,0,1,0,1,"$1,000M - $4,999M"
4173,2022,SJ Energy,Burchill Wind Energy,NB,Energy,Private,Clean Electricity,Yes,1,0,0,0,0,1,<$100M
4174,2022,Kahnawake Sustainable Energies (KSE) et Kruger,Des cultures,QC,Energy,Private,Other,Yes,1,0,0,0,0,0,<$100M
4175,2022,Parc aoolien Dune-du-Nord,Dune-du-Nord,QC,Energy,Private,Other,Yes,1,0,1,0,1,0,<$100M
4176,2022,Innergex et corporation fonciaoAEre Pituvik,Centrale hydroao lectrique Innavik,QC,Energy,Private,Clean Electricity,Yes,1,0,0,0,0,1,$100M - $499M
4178,2022,Suncor Energy Inc.,Suncor Power Cogeneration Units,AB,Energy,Private,NG Power Gen,No,1,0,0,0,0,0,"$1,000M - $4,999M"
4179,2022,Cenovus Energy Inc.,Christina Lake Phase H Expansion,AB,Energy,Private,Other,Yes,1,0,0,0,1,1,"$1,000M - $4,999M"
4180,2022,TC Energy Corporation,2023 NGTL Intra-Basin System Expansion,AB,Energy,Private,Other,Yes,1,0,0,0,0,1,$500M - $999M
4181,2022,Nova Gas Transmission,Edson Mainline Expansion Project,AB,Energy,Private,Trans & Distr,No,1,0,0,0,0,0,$500M - $999M
4182,2022,Imperial Oil Ltd.,Cold Lake Thermal Project Enhancements,AB,Energy,Private,Oil & Gas - Upstream,No,1,0,0,0,1,1,$100M - $499M
4183,2022,TC Energy Corporation,Alberta XPress Expansion Project,AB,Energy,Private,Other,Yes,1,0,0,0,0,0,$100M - $499M
4186,2022,Berkshire Hathaway Energy Canada,Rattlesnake Ridge Wind Project,AB,Energy,Private,Clean Electricity,Yes,1,0,0,0,1,0,$100M - $499M
4188,2022,Alpin Sun,Airport City Solar,AB,Energy,Private,Clean Electricity,Yes,1,0,0,0,1,1,$100M - $499M
4189,2022,Capital Power,Whitla Wind Power Project - Phase 2,AB,Energy,Private,Clean Electricity,Yes,1,0,1,0,0,0,$100M - $499M
4190,2022,Pembina Pipeline Corporation,Empress Cogeneration Power Facility,AB,Energy,Private,NG Power Gen,No,1,0,1,0,0,0,$100M - $499M
4192,2022,SemCams and TransAlta,Kaybob South #3 Cogeneration Plant,AB,Energy,Private,NG Power Gen,No,1,0,1,0,0,0,$100M - $499M
4194,2022,Pembina Pipeline Corporation,Peace Pipeline Expansion Phase 9,AB,Energy,Private,Trans & Distr,No,1,0,0,0,0,0,$100M - $499M
4195,2022,Capital Power,Whitla Wind Power Project - Phase 3,AB,Energy,Private,Clean Electricity,Yes,1,0,1,0,1,0,<$100M
4198,2022,Climate Transition Development Corporation,Greenview Geothermal Power Plant (Alberta No. 1),AB,Energy,Private,Clean Electricity,Yes,1,0,0,0,0,1,<$100M
4199,2022,City of Calgary,Bonnybrook WWTP Cogeneration Expansion,AB,Energy,Public,NG Power Gen,No,1,0,1,0,0,0,<$100M
4200,2022,Elemental Energy,Brooks Solar 2 Power Plant,AB,Energy,Private,Clean Electricity,Yes,1,0,1,0,0,0,<$100M
4201,2022,Manitoba Hydro,Portage Area Capacity Enhancements,MB,Energy,Public,Other,Yes,1,0,0,0,0,1,$100M - $499M
4202,2022,Spicer,PempaoNq In-stream Tidal Energy Project,NS,Energy,Private,Clean Electricity,Yes,1,0,0,0,0,1,$100M - $499M
4203,2022,Big Moon Power,Tidal power demonstration facility,NS,Energy,Private,Clean Electricity,Yes,1,0,0,0,0,1,<$100M
4204,2022,Jupiter Hydro,In-Stream Tidal Demonstration Project,NS,Energy,Public,Clean Electricity,Yes,1,0,0,0,0,1,<$100M
4205,2022,Nova Innovation,The Nova Tidal Array (Petit Passage),NS,Energy,Private,Clean Electricity,Yes,1,0,0,0,0,0,<$100M
4208,2022,Alton Natural Gas Pipeline,0,NS,Energy,Private,Oil & Gas - Upstream,No,1,0,0,0,1,0,Unknown
4209,2022,Enbridge,Windsor Line Replacement,ON,Energy,Private,Trans & Distr,No,1,0,1,1,0,0,$100M - $499M
4212,2022,Northeast Midstream,Nipigon LNG and North Shore Gas Distribution Project,ON,Energy,Private,Oil & Gas - Downstream,No,1,0,0,0,0,0,<$100M
4213,2022,EPCOR Utilities Inc.,Southern Bruce Natural Gas Project,ON,Energy,Private,NG Power Gen,No,1,0,1,1,0,0,<$100M
4214,2022,Imperial Oil Ltd.,Waterdown to Finch Project,ON,Energy,Private,Oil & Gas - Upstream,No,1,0,0,0,0,0,$100M - $499M
4215,2022,Hydro One,Lakeshore Transmission Stations Project Leamington Area Transmission Reinforcement (Lakeshore Transmission Station & Chatham to Lakeshore Line),ON,Energy,Public,Trans & Distr,No,1,0,0,0,1,1,$100M - $499M
4216,2022,NRStor and Six Nations of the Grand River Development Corporation Oneida Energy Storage LP,Oneida Energy Storage,ON,Energy,Private,"DER, Storage, EV",Yes,1,0,0,0,0,1,Unknown
4217,2022,Cenovus Energy Inc.,Spruce Lake East Lloyd,SK,Energy,Private,Clean Electricity,Yes,1,0,0,0,0,0,Unknown
4218,2022,North American Helium,Helium Purification Plant,SK,Energy,Private,Other,Yes,1,0,0,0,1,0,<$100M
4219,2022,Yukon Energy Corporation,Grid-Scale Battery Storage,YK,Energy,Public,"DER, Storage, EV",Yes,1,0,0,0,1,0,<$100M
4220,2022,Port Hawkesbury Paper,Goose Harbour Lake Wind Farm (formerly Pirate Harbour),NS,Energy,Private,Clean Electricity,Yes,1,0,0,0,1,1,$100M - $499M
4221,2022,City of Summerside / Republic of KoreaoNs Samsung Renewable Energy,City of Summerside Solar Farm,PE,Energy,Public,Clean Electricity,Yes,1,0,0,0,0,0,<$100M
4223,2022,Potentia Renewables Inc.,Jenner Wind Power Project 3,AB,Energy,Private,Clean Electricity,Yes,1,0,0,0,1,0,Unknown
4224,2022,WindRiver Power Corp. & TC Energy,Canyon Creek Hydro Power Project (storage),AB,Energy,Private,Clean Electricity,Yes,1,0,0,0,1,1,$100M - $499M
4226,2022,Greengate Power Corporation,Wheatland Wind Project,AB,Energy,Private,Clean Electricity,Yes,1,0,0,0,0,0,$100M - $499M
4230,2022,JD Irving,Mill modernization and upgrade,NB,Forest,Private,Pulp & Paper,No,1,0,0,0,1,0,<$100M
4231,2022,Enbridge Frontier Inc.,Frontier NGL Plant and Pipeline Project,BC,Energy,Private,Trans & Distr,No,1,0,0,0,1,1,"$1,000M - $4,999M"
4232,2022,West Coast Olefins Ltd.,West Coast Olefins Ethylene Plant,BC,Energy,Private,Waste Biomass,Yes,1,0,0,0,0,0,"$5,000M+"
5000,2022,CanWhite Sands Corporation,DEN prooperty,MB,Mining,Private,Other,No,1,0,0,1,0,1,Unknown
5001,2022,CanWhite Sands Corporation,VIVIAN Sand Facility Project,MB,Mining,Private,Other,No,1,0,0,0,0,1,Unknown
5002,2022,Inuvialuit Petroleum Corporation,Inuvialuit Energy Security Project,NT,Energy,Private,Clean Electricity,Yes,1,0,0,0,0,1,Unknown
5003,2022,Arctic Canadian Diamond Corp,Ekati Diamond Mine Expansion - Point Lake,NT,Mining,Private,Precious Metal,No,1,0,0,0,0,0,Unknown
5004,2022,CanWhite Sands Corporation,BRU property,MB,Mining,Private,Other,No,1,0,0,1,0,1,Unknown
5006,2022,Skidegate Band Council,Haida Gwaii Clean Energy Project,BC,Energy,Private,Clean Electricity,Yes,1,0,0,0,0,1,<$100M
5007,2022,NTPC,The Inuvik Wind Generation Project,NT,Energy,Private,Clean Electricity,Yes,1,0,0,0,0,0,<$100M
5010,2022,Deh Tai GP Ltd,Clarke Lake Geothermal Development,BC,Energy,Private,Clean Electricity,Yes,1,0,0,0,1,1,$100M - $499M
5014,2022,"Nisga'a Nation, Western LNG, Rockies LNG Partners",Ksi Lisims LNG,BC,Energy,Private,Oil & Gas - Downstream,No,1,0,0,0,0,0,Unknown
5015,2022,Pace Canada LP,Youngstown Solar Project,AB,Energy,Private,Clean Electricity,Yes,1,0,0,1,0,1,<$100M
5016,2022,Pace Canada LP,Caroline Solar Project,AB,Energy,Private,Clean Electricity,Yes,1,0,0,0,0,1,<$100M
5017,2022,Pace Canada LP,Hannah Sheerness Solar Project,AB,Energy,Private,Clean Electricity,Yes,1,0,0,0,0,1,<$100M
5018,2022,Tlingit Homeland Energy Limited Partnership (THELP),Atlin Hydro Expansion project,BC,Energy,Private,Clean Electricity,Yes,1,0,0,0,0,1,Unknown
5019,2022,AWP Industrial Park,"pellet mill, sawmill, biomass power plant and logistics",NT,Forest,Private,Lumber,No,1,0,0,0,0,1,<$100M
5021,2022,Capstone Infrastructure,Kneehill Solar Project,AB,Energy,Private,Clean Electricity,Yes,1,0,0,0,0,1,<$100M
5022,2022,Capstone Infrastructure,Michichi Solar Generation Facility,AB,Energy,Private,Clean Electricity,Yes,1,0,0,0,0,1,<$100M
5024,2022,Elemental Energy,East Strathmore Solar Project,AB,Energy,Private,Clean Electricity,Yes,1,0,1,0,0,0,<$100M
5025,2022,Interfor Corporation,Mill improvement,BC,Forest,Private,Pulp & Paper,No,1,0,0,0,0,1,<$100M
5026,2022,FutEra Power,South Swan Hills Hybrid Power Project,AB,Energy,Private,Low Carbon Fuels,Yes,1,0,1,0,0,0,<$100M
5027,2022,Osisko Development Corp.,Cariboo Gold Project,BC,Mining,Private,Precious Metal,No,1,0,0,0,0,1,$100M - $499M
5028,2022,St Barbara Ltd.,Moose River Consolidated (15 Mile Stream Mine),NS,Mining,Private,Precious Metal,No,1,0,0,0,0,1,$100M - $499M
5029,2022,Kruger,Brompton paper upgrade,QC,Forest,Private,Pulp & Paper,No,1,0,0,0,0,1,$100M - $499M
5033,2022,Capital Power,Enchant Solar Project,AB,Energy,Private,Clean Electricity,Yes,1,0,0,0,0,0,$100M - $499M
5034,2022,Greengate Power Corporation,Lathom Solar Project,AB,Energy,Private,Clean Electricity,Yes,1,0,0,0,1,1,$100M - $499M
5035,2022,Pace Canada LP,Joffre Solar Power Project,AB,Energy,Private,Clean Electricity,Yes,1,0,0,0,0,1,<$100M
5036,2022,TC Energy Corporation,Saddlebrook Solar and Storage Project,AB,Energy,Private,"DER, Storage, EV",Yes,1,0,0,0,0,1,$100M - $499M
5037,2022,TransAlta Renewables,Garden Plain Wind Project,AB,Energy,Private,Clean Electricity,Yes,1,0,0,0,0,0,$100M - $499M
5038,2022,TransAlta Renewables,Tempest Wind Power Project,AB,Energy,Private,Clean Electricity,Yes,1,0,0,0,1,1,$100M - $499M
5039,2022,Montem Resources,Tent Mountain (Chinook),AB,Mining,Private,Other,No,1,0,0,0,0,1,$100M - $499M
5040,2022,Prairie Sunlight,Vauxhall Solar Farm,AB,Energy,Private,Clean Electricity,Yes,1,0,0,0,0,1,$100M - $499M
5041,2022,AltaLink,Provost to Edgerton and Nilrem to Vermilion (PENV) Transmission Development,AB,Energy,Private,Trans & Distr,No,1,0,0,0,0,1,$100M - $499M
5043,2022,BowArk Energy Ltd.,Lanfine North Wind Power Project,AB,Energy,Private,Clean Electricity,Yes,1,0,0,0,0,0,$100M - $499M
5044,2022,Enel Green Power,Grizzly Bear Wind Power Project,AB,Energy,Private,Clean Electricity,Yes,1,0,0,0,1,1,$100M - $499M
5045,2022,Carbon Clean Energy Inc.,Project Wheatland BioFuel Facility,AB,Energy,Private,Low Carbon Fuels,Yes,1,0,0,0,0,1,$100M - $499M
5047,2022,Air Products,Canada Net-zero Hydrogen Energy Complex,AB,Energy,Private,Clean Electricity,Yes,1,0,0,0,0,1,"$1,000M - $4,999M"
5048,2022,Ascent Energy Partners,Dunmore Solar Project,AB,Energy,Private,Clean Electricity,Yes,1,0,0,0,0,1,$100M - $499M
5049,2022,Wolf Midstream,NGL North Integrated Energy Infrastructure System,AB,Energy,Private,Clean Electricity,Yes,1,0,0,0,0,0,$100M - $499M
5050,2022,Copenhagen Infrastructure Parteners ABO Wind Canada Ltd.,Buffalo Plains Wind Farm,AB,Energy,Private,Clean Electricity,Yes,1,0,0,0,1,1,$500M - $999M
5052,2022,Fortis,Tilbury LNG Phase 2,BC,Energy,Private,Oil & Gas - Downstream,No,0,1,0,0,0,1,"$1,000M - $4,999M"
5053,2022,Alberta BioBoard,MDF and Fuel Pellet Plant,AB,Energy,Private,Waste Biomass,Yes,1,0,0,0,0,1,$500M - $999M
5054,2022,Siemens Energy,Siemens Energy Waste Heat-to-Power Pilot,AB,Energy,Private,Clean Heat,Yes,1,0,0,0,0,0,Unknown
5055,2022,Suncor ATCO JV,Suncor ATCO Hydrogen Project,AB,Energy,Private,Low Carbon Fuels,Yes,1,0,0,0,1,1,Unknown
5056,2022,Capital Power,Genesee Power Plant Natural Gas Conversion,AB,Energy,Private,NG Power Gen,No,1,0,0,0,0,0,$500M - $999M
5058,2022,TBD,Southern Lakes Transmission Network,YK,Energy,Private,Trans & Distr,No,1,0,0,0,1,1,Unknown
5059,2022,TBD,Moon Lake Pumped Storage,YK,Energy,Private,"DER, Storage, EV",Yes,1,0,0,0,0,1,Unknown
5060,2022,Fortis,Tilbury LNG Phase 1B,BC,Energy,Private,Oil & Gas - Downstream,No,1,0,0,0,0,1,Unknown
5061,2022,Manitoba Hydro,Kettle Unit 6 Minor Overhaul,MB,Energy,Public,Clean Electricity,Yes,1,0,0,0,0,1,<$100M
5062,2022,Manitoba Hydro,Kettle Unit 10 Minor Overhaul,MB,Energy,Public,Clean Electricity,Yes,1,0,0,0,0,1,<$100M
5063,2022,Manitoba Hydro,Kettle Unit 5 Minor Overhaul,MB,Energy,Public,Clean Electricity,Yes,1,0,0,0,0,0,<$100M
5064,2022,Manitoba Hydro,Southwest Wpg 115kV Tsfrmr Improv-Phase2,MB,Energy,Public,Clean Electricity,Yes,1,0,0,0,1,0,<$100M
5066,2022,Ontario Power Generation,Redevelopment of the Calabogie site,ON,Energy,Public,Clean Electricity,Yes,1,0,0,0,1,0,$100M - $499M
5067,2022,Ontario Power Generation,Redevelopment of Coniston station,ON,Energy,Public,Clean Electricity,Yes,1,0,0,0,1,1,<$100M
5068,2022,Lakeshore Natural Gas,Certarus and North Shore Distribution project,ON,Energy,Private,Other,Yes,1,0,0,0,0,1,<$100M
5075,2022,Avalon Advanced Materials Inc.,Separation Rapids,ON,Mining,Private,Other,No,1,0,0,0,0,1,<$100M
5076,2022,Resolve Energie,Usine de production d'ethanol cellulosique,QC,Energy,Private,Oil & Gas - Upstream,No,1,0,0,0,0,1,$100M - $499M
5077,2022,Greenfield Global,Agrandissement usine d'ethanol a Varennes,QC,Energy,Private,Low Carbon Fuels,Yes,1,0,0,0,0,1,$100M - $499M
5080,2022,Capstone Infrastructure Corporation,Riverhurst Wind,SK,Energy,Private,Clean Electricity,Yes,1,0,1,0,0,0,Unknown
5081,2022,Saturn Power,Highfield Solar,SK,Energy,Private,Clean Electricity,Yes,1,0,0,0,0,0,Unknown
5082,2022,Elemental Energy,Awasis Solar,SK,Energy,Private,Clean Electricity,Yes,1,0,0,1,0,0,Unknown
5083,2022,Natural Forces,Pesakastew Solar,SK,Energy,Private,Clean Electricity,Yes,1,0,0,0,1,0,Unknown
5084,2022,Kruger Energy Inc.,Foxtail Grove Solar,SK,Energy,Private,Clean Electricity,Yes,1,0,0,1,0,1,Unknown
5085,2022,Prairie Green Renewable Energy Inc.,Prairie Green Renewable Energy,SK,Energy,Private,Clean Electricity,Yes,1,0,0,0,0,1,Unknown
5086,2022,DEEP,DEEP Geothermal,SK,Energy,Private,Clean Electricity,Yes,1,0,0,0,0,1,Unknown
5087,2022,Innagreen Investments and Awasis Nehiyawewini Energy Development,Bekevar Wind Energy Project,SK,Energy,Private,Clean Electricity,Yes,1,0,0,0,0,1,Unknown
5089,2022,Independent Energy Corp.,Kerrobert Crude Oil Processing Facility,SK,Energy,Private,Oil & Gas - Upstream,No,1,0,0,0,0,0,<$100M
6001,2022,Pembina Pipeline Corporation and TC Energy,Alberta Carbon Grid,AB,Energy,Private,CCUS,Yes,0,1,0,0,1,1,Unknown
6002,2022,Highwood Organics Processing,Aldersyde Bioenergy Facility,AB,Energy,Private,Waste Biomass,Yes,0,1,0,0,0,1,<$100M
6003,2022,"Shell Canada Limited, ATCO Energy Solutions Ltd., and Suncor Energy Inc.",Atlas Carbon Sequestration Hub,AB,Energy,Private,CCUS,Yes,0,1,0,0,0,1,Unknown
6004,2022,City of St. Albert,Badger Lands Solar Farm,AB,Energy,Public,Clean Electricity,Yes,0,1,0,0,0,1,<$100M
6005,2022,BHP Billiton Petroleum,BHP Canada Exploration Drilling Project,NL,Energy,Private,Oil & Gas - Upstream,No,0,1,0,0,0,1,$500M - $999M
6006,2022,Recyclage carbone Varenne (Technologie d'Enerkem),Biofuel Facility,QC,Forest,Private,Other,Yes,0,1,0,0,0,1,$500M - $999M
6008,2022,McEwen Mining Inc.,Black Fox,ON,Mining,Private,Other,No,0,1,0,0,0,1,$100M - $499M
6009,2022,McEwen Mining Inc.,Black Fox Mine Froome Expansion,ON,Mining,Private,Other,No,0,1,0,0,0,1,$100M - $499M
6012,2022,Elemental Energy,Chappice Lake Solar Storage Project,AB,Energy,Private,"DER, Storage, EV",Yes,0,1,0,0,0,1,<$100M
6013,2022,Enbridge Inc.,Cherry to Bathurst NPS 20 Pipeline Replacement Project,ON,Energy,Private,Trans & Distr,No,0,1,0,0,0,0,$100M - $499M
6014,2022,Canadian Natural Resources Ltd. (CNRL),CNRL In-Pit Extraction Process Demonstration,AB,Energy,Private,Oil & Gas - Upstream,No,0,1,0,0,1,1,<$100M
6016,2022,Voltarix Group,Creekside Solar Project,AB,Energy,Private,Clean Electricity,Yes,0,1,0,0,0,1,<$100M
6017,2022,ATCO,Deerfoot Solar Project,AB,Energy,Private,Clean Electricity,Yes,0,1,0,0,0,1,<$100M
6018,2022,FortisBC,Eagle Mountain - Woodfibre Gas Pipeline,BC,Energy,Private,Trans & Distr,No,0,1,0,0,0,1,$100M - $499M
6019,2022,Skeena Resources Ltd.,Eskay Creek Mine,BC,Mining,Private,Precious Metal,No,0,1,0,0,0,1,$100M - $499M
6020,2022,NOVA Gas Transmission Ltd.,Foothills Zone 8 West Path Delivery 2022,BC,Energy,Private,Clean Electricity,Yes,0,1,0,0,0,0,<$100M
6021,2022,NOVA Gas Transmission Ltd.,Foothills Zone 8 West Path Delivery 2023,BC,Energy,Private,Clean Electricity,Yes,0,1,0,0,1,1,$100M - $499M
6022,2022,NTPC,Fort Providence and Kakisa Transmission Line,NT,Energy,Private,Trans & Distr,No,0,1,0,0,0,1,<$100M
6024,2022,FD Power,Genalta Flare Gas Bromhead,SK,Energy,Private,Other,Yes,0,1,0,0,0,1,Unknown
6026,2022,TransAlta Corporation,Ghost River WaterCharger Battery Energy Storage,AB,Energy,Private,"DER, Storage, EV",Yes,0,1,0,0,0,1,$100M - $499M
6027,2022,Entropy Inc.,Glacier Gas Plant CCS (Phase 1),AB,Energy,Private,Oil & Gas - Downstream,No,0,1,0,0,0,0,<$100M
6028,2022,TransAlta Corporation,Glacier Gas Plant CSS (Phase 2),AB,Energy,Private,Oil & Gas - Downstream,No,0,1,0,0,1,1,<$100M
6029,2022,LNG Newfoundland and Labrador,Grassy Point LNG,NL,Energy,Private,Oil & Gas - Downstream,No,0,1,0,0,0,1,"$5,000M+"
6030,2022,Capital Power,Halkirk Wind Project Phase 2,AB,Energy,Private,Clean Electricity,Yes,0,1,0,0,0,1,$100M - $499M
6031,2022,Diageo Canada Inc.,Implantation de mesures de reduction des emissions de GES et de conversion energetique,QC,Energy,Private,Waste Biomass,Yes,0,1,0,0,0,1,<$100M
6032,2022,BigMoon Canada Corporation,In-Stream Tidal Energy Project,NS,Energy,Private,Clean Electricity,Yes,0,1,0,0,0,1,<$100M
6033,2022,International Wood Industries,Integrated wood processing facility (sawmill and pellet plant),ON,Forest,Private,Lumber,No,0,1,0,0,0,1,Unknown
6034,2022,"ITOCHU Corporation, Petronas Canada, Interpipe (Brookfield Infrastructure)",ITOCHU/Petronas/Interpipe (Brookfield Infrastructure) Blue Ammonia Production Facility,AB,Energy,Private,Low Carbon Fuels,Yes,0,1,0,0,0,1,"$1,000M - $4,999M"
6036,2022,Imperial Oil,Kearl Oil Sand In-Pit Tailings Project,AB,Energy,Private,Oil & Gas - Upstream,No,0,1,0,0,0,0,$500M - $999M
6037,2022,Manitoba Hydro,Kettle Unit 8 Stator Overhaul,MB,Energy,Public,Clean Electricity,Yes,0,1,0,0,1,1,<$100M
6038,2022,Keyera Corp. and SemCAMS Midstream,Key Access Pipeline System Project,AB,Energy,Private,Trans & Distr,No,0,1,0,0,0,0,"$1,000M - $4,999M"
6040,2022,FD Power,Kopahawakenum,SK,Energy,Private,Other,Yes,0,1,0,0,1,1,<$100M
6042,2022,Mao taux Lomiko,La Loutre Graphite,QC,Mining,Private,Critical Mineral,Yes,0,1,0,0,0,1,$100M - $499M
6043,2022,Hydro One,Chatham to Lakeshore Transmission Line,ON,Energy,Public,Trans & Distr,No,0,1,0,0,0,1,$500M - $999M
6044,2022,Lafarge Canada Inc.,Landfill Fly Ash Beneficiation Project,AB,Energy,Private,Waste Biomass,Yes,0,1,0,0,0,1,<$100M
6045,2022,Manitoba Hydro,Limestone Units 1-3 & 5-10 Stator Re-Wedge,MB,Energy,Public,Clean Electricity,Yes,0,1,0,0,0,0,<$100M
6046,2022,"LNG Canada (Shell Canada Limited, PETRONAS, Korea Gas Corporation (KOGAS), Mitsubishi Corporation, and PetroChina Company Limited)",LNG Canada Phase 2,BC,Energy,Private,Oil & Gas - Downstream,No,0,1,0,0,1,1,Unknown
6047,2022,Manitoba Hydro,Long Spruce Generator Protection Replacement,MB,Energy,Public,Clean Electricity,Yes,0,1,0,0,0,0,<$100M
6048,2022,Canadian Malartic GP,Malartic extension project - Odyssey,QC,Mining,Private,Other,No,0,1,0,0,1,0,$500M - $999M
6049,2022,Mines Agnico Eagle ltee,Malartic Extension Project (Odyssey),QC,Mining,Private,Other,No,0,1,0,0,1,0,"$1,000M - $4,999M"
6052,2022,Bison Low Carbon Ventures Inc.,Meadowbrook Hub Project,AB,Energy,Private,Other,Yes,0,1,0,0,1,1,Unknown
6053,2022,TC Energy Corporation,Meaford Pumped Storage Project,ON,Energy,Private,"DER, Storage, EV",Yes,0,1,0,0,0,1,"$1,000M - $4,999M"
6054,2022,Mercer International,Mercer Peace River Fibre Procurement Project,AB,Forest,Private,Other,Yes,0,1,0,0,0,0,<$100M
6055,2022,Western Resources Corp.,Milestone,SK,Mining,Private,Other,No,0,1,0,0,1,1,Unknown
6056,2022,San Group,Mill and port upgrades,BC,Forest,Private,Pulp & Paper,No,0,1,0,0,0,1,$100M - $499M
6057,2022,Resolute,Mill modernization and new equipment,QC,Forest,Private,Pulp & Paper,No,0,1,0,0,0,1,<$100M
6058,2022,MAXIM Power Corp.,Milner 2 Combined Cycle Gas Turbine Power Project,AB,Energy,Private,NG Power Gen,No,0,1,0,0,0,0,$100M - $499M
6059,2022,"Mitsubishi Corporation, Shell Canada Limited",Mitsubishi/Shell Ammonia Project,AB,Energy,Private,Low Carbon Fuels,Yes,0,1,0,0,1,1,Unknown
6062,2022,Voltarix Group,Moon Lake Solar Project,AB,Energy,Private,Clean Electricity,Yes,0,1,0,0,0,1,<$100M
6063,2022,Northriver Midstream NEBC Connector GP Inc.,NEBC Connector Project,Multi,Energy,Private,Clean Electricity,Yes,0,1,0,0,0,1,$100M - $499M
6064,2022,One Sky Forest Products,New OSB Mill,SK,Forest,Private,EWP,No,0,1,0,0,0,1,$100M - $499M
6066,2022,NOVA Gas Transmission Ltd.,NGTL West Path Delivery 2022 Project,AB,Energy,Private,Clean Electricity,Yes,0,1,0,0,0,1,$100M - $499M
6067,2022,Northern Petrochemical Corp.,Northern Petrochemical Ammonia and Methanol Production Facility,AB,Energy,Private,Low Carbon Fuels,Yes,0,1,0,0,0,1,"$1,000M - $4,999M"
6068,2022,Ciment Quao bec,Nouvel atelier de broyage ciment,QC,Energy,Private,Other,Yes,0,1,0,0,0,0,$100M - $499M
6069,2022,Wawa OSB Inc,OSB Mill restart,ON,Forest,Private,EWP,Yes,0,1,0,0,1,1,$100M - $499M
6072,2022,Peak Renewables,Pellet Plant,BC,Forest,Private,Other,Yes,0,1,0,0,0,1,<$100M
6073,2022,Groupe Lebel,Pellet plant,QC,Forest,Private,Other,Yes,0,1,0,0,0,0,Unknown
6074,2022,Nihat Corp,Pellet plant,NWT,Forest,Private,Other,Yes,0,1,0,0,1,1,Unknown
6075,2022,Nairn Centre Wood Pellet Plant,Pellet plant,ON,Forest,Private,Other,Yes,0,1,0,0,0,1,Unknown
6076,2022,Whitesands First Nation,Pellet plant and biomass co-gen,ON,Forest,Private,Other,Yes,0,1,0,0,0,1,Unknown
6077,2022,Hydro One,Power Downtown Toronto,ON,Energy,Public,Trans & Distr,No,0,1,0,0,0,1,$100M - $499M
6079,2022,Heartland Generation,Rainbow Lake Generating Station Expansion,AB,Energy,Private,Other,Yes,0,1,0,0,0,1,<$100M
6081,2022,Newcrest Mining Ltd./Imperial Metals,Red Chris Block Cave Expansion,BC,Mining,Private,Precious Metal,No,0,1,0,0,0,1,"$1,000M - $4,999M"
6083,2022,Voltarix Group,Rocktree Solar Project,AB,Energy,Private,Clean Electricity,Yes,0,1,0,0,0,1,<$100M
6084,2022,DP Energy,Saamis Solar Farm,AB,Energy,Private,Clean Electricity,Yes,0,1,0,0,0,1,$100M - $499M
6085,2022,Dunkley Lumber,Saw Mill Expansion,SK,Forest,Private,Lumber,No,0,1,0,0,0,1,$100M - $499M
6086,2022,Silicon Ranch,Scottford Refinery Solar Farm,AB,Energy,Private,"DER, Storage, EV",Yes,0,1,0,0,0,1,$100M - $499M
6087,2022,Magna Mining Inc.,Shakespeare,ON,Mining,Private,Other,No,0,1,0,0,0,1,$100M - $499M
6088,2022,Expander Energy,Slave Lake Bio-Mass/Gas to Liquids Plant (Phase 1),AB,Energy,Private,Waste Biomass,Yes,0,1,0,0,0,1,<$100M
6089,2022,Hydro One,St.Clair Transmission Line,ON,Energy,Public,Trans & Distr,No,0,1,0,0,0,1,$100M - $499M
6090,2022,Imperial Oil Ltd.,Strathcona Refinery Renewable Diesel Expansion,AB,Energy,Private,Low Carbon Fuels,Yes,0,1,0,0,0,1,$500M - $999M
6091,2022,"ATCO, Suncor",Suncor and ATCO clean hydrogen project,AB,Energy,Private,Low Carbon Fuels,Yes,0,1,0,0,0,1,Unknown
6092,2022,Suncor Energy Inc.,Suncor PURE Demonstration Facility,AB,Energy,Private,Clean Electricity,Yes,0,1,0,0,0,1,<$100M
6093,2022,Enbridge Inc.,The Open Access Wabamun Carbon Hub,AB,Energy,Private,CCUS,Yes,0,1,0,0,0,1,Unknown
6094,2022,Enhance Energy Inc.,The Origins Project,AB,Energy,Private,Clean Electricity,Yes,0,1,0,0,0,1,Unknown
6095,2022,Suncor,Tilt Cove Exploration Drilling Project,NL,Energy,Private,Oil & Gas - Upstream,No,0,1,0,0,0,1,<$100M
6097,2022,Agnico Eagle Mines Limited,Upper Beaver,ON,Mining,Private,Other,No,0,1,0,0,0,1,$100M - $499M
6098,2022,Elkem Metal Canada,Usine de demonstration de fabrication de briquettes de biocarbone,QC,Energy,Private,Waste Biomass,Yes,0,1,0,0,0,0,<$100M
6101,2022,Ville de Quebec,Projet de valorisation de la vapeur de l'incinerateur pour le CHU de Quebec - Universite Laval,QC,Energy,Private,Other,Yes,0,1,0,0,1,1,<$100M
6102,2022,Galleon Gold Corp.,West Cache,ON,Mining,Private,Precious Metal,No,0,1,0,0,0,1,$100M - $499M
6103,2022,"Enbridge Inc., BG Group",Westcoast Connector Gas Transmission Project,BC,Energy,Private,Trans & Distr,No,0,1,0,0,0,1,"$5,000M+"
6104,2022,NTPC,Whati Transmission Line,NT,Energy,Private,Trans & Distr,No,0,1,0,0,0,1,<$100M
6105,2022,BluEarth Renewables,Wheatcrest Solar Project,AB,Energy,Private,Clean Electricity,Yes,0,1,0,0,0,1,$100M - $499M
6106,2022,Wolf Midstream,Wolf Midstream Carbon Hub,AB,Energy,Private,CCUS,Yes,0,1,0,0,0,1,Unknown
0,2023,"Bighorn Mining, LTD",Vista Coal Project (Expansion Projects),AB,Mining,Private,Coal,No,1,0,0,0,0,1,$500M - $999M
2,2023,0887572 B.C. Ltd.,Campbell River Power Enterprises,BC,Energy,Private,Waste Biomass,Yes,1,0,0,0,0,1,$100M - $499M
10,2023,Aeolis Wind Power Corporation,Hackney Hills Wind Park,BC,Energy,Private,Clean Electricity,Yes,1,0,0,0,0,0,$100M - $499M
21,2023,Champion Iron Limited,Kamistiatusset (Kami),NL,Mining,Private,Base Metal,No,1,0,0,1,0,1,"$1,000M - $4,999M"
22,2023,Kinross Gold Corp. (formerly Rockcliff Metals Corp.),Snow Lake,MB,Mining,Private,Critical Mineral,Yes,1,0,0,0,0,1,<$100M
27,2023,Alta Energy Corp.,Lower Wood River Hydropower Project,BC,Energy,Private,Clean Electricity,Yes,1,0,0,0,0,1,$100M - $499M
67,2023,BC Hydro,Peace River Site C Hydro-electric project,BC,Energy,Public,Clean Electricity,Yes,1,0,0,0,0,0,"$5,000M+"
73,2023,BHP,Jansen Stage 1,SK,Mining,Private,Other,No,1,0,0,0,1,0,"$1,000M - $4,999M"
75,2023,IPC Canada Ltd.,Blackrod,AB,Energy,Private,Oil & Gas - Upstream,No,1,0,0,0,1,1,"$1,000M - $4,999M"
76,2023,Blue Fuel Energy Corp.,Clean Methanol Plant,BC,Energy,Private,Low Carbon Fuels,Yes,1,0,0,0,0,1,"$1,000M - $4,999M"
88,2023,"Canadian Kailuan Dehua Mines Co., Ltd.",Gething Coal Project,BC,Mining,Private,Coal,No,1,0,0,0,0,1,"$1,000M - $4,999M"
89,2023,Canadian Natural Resources Limited,Grouse,AB,Energy,Private,Oil & Gas - Upstream,No,1,0,0,0,0,1,"$1,000M - $4,999M"
90,2023,Canadian Natural Resources Ltd. (CNRL),Horizon (Mining),AB,Energy,Private,Oil & Gas - Upstream,No,1,0,0,0,0,1,"$5,000M+"
92,2023,NorZinc,Prairie Creek,NT,Mining,Private,Critical Mineral,Yes,1,0,0,0,0,1,$100M - $499M
94,2023,Canagold Resources Ltd.,New Polaris Gold Mine,BC,Mining,Private,Other,No,0,1,0,0,0,1,<$100M
98,2023,Kutcho Copper Corp.,Kutcho Creek,BC,Mining,Private,Critical Mineral,Yes,1,0,0,0,0,1,$100M - $499M
100,2023,Alamos Gold Inc.,Lynn Lake (Gordon site),MB,Mining,Private,Precious Metal,No,1,0,0,0,0,1,$100M - $499M
106,2023,Cenovus Energy Inc./ConocoPhillips,Foster Creek,AB,Energy,Private,Clean Electricity,Yes,0,1,0,0,0,1,"$1,000M - $4,999M"
109,2023,"Exxon Mobil Corp., Imperial Oil Ltd., Statoil, Chevron, Repsol, Husky",Oil and Gas Exploration,NL,Energy,Private,Oil & Gas - Upstream,No,0,1,0,0,0,0,"$1,000M - $4,999M"
114,2023,NWP Coal Canada Ltd.,Crown Mountain Coal Project,BC,Mining,Private,Coal,No,1,0,0,0,1,1,$100M - $499M
126,2023,Connacher Oil & Gas Ltd.,Great Divide,AB,Energy,Private,Oil & Gas - Upstream,No,1,0,0,0,0,1,$500M - $999M
128,2023,Copper Fox Metals - Teck Resources Limited,Schaft Creek Porphyry Copper-Gold Mine,BC,Mining,Private,Precious Metal,No,1,0,0,0,0,1,"$1,000M - $4,999M"
130,2023,Corporation Lithium Elements Critiques,Rose Lithium-Tantalum Mine,QC,Mining,Private,Critical Mineral,Yes,1,0,0,0,0,1,$100M - $499M
131,2023,Covanta/Green Island Energy Ltd./Covanta Holding Corporation,Gold River Power Project,BC,Energy,Private,Other,Yes,1,0,0,0,0,1,$500M - $999M
138,2023,Agnico Eagle Mines Limited,Detour Lake open pit expansion and underground development,ON,Mining,Private,Precious Metal,No,1,0,0,0,0,0,<$100M
140,2023,Canadian Natural Resources Limited,Pike (Formely Kirby),AB,Energy,Private,Oil & Gas - Upstream,No,1,0,0,0,1,1,"$5,000M+"
142,2023,Dokie Wind Energy inc.,Wartenbe Wind Energy Project,BC,Energy,Private,Clean Electricity,Yes,1,0,0,0,0,1,$100M - $499M
165,2023,WindRiver Power Corp.,Kinskuch Hydroelectric Project,BC,Energy,Private,Clean Electricity,Yes,1,0,0,0,0,1,$100M - $499M
186,2023,Fortune Minerals Limited,NICO Cobalt-Gold-Bismuth Mine,NT,Mining,Private,Precious Metal,No,1,0,0,0,0,1,$500M - $999M
188,2023,Fosthall Creek Power LP,Fosthall Creek Hydropower Project,BC,Energy,Private,Clean Electricity,Yes,1,0,0,0,0,1,<$100M
204,2023,Grizzly Oil Sands ULC,May River,AB,Energy,Private,Oil & Gas - Upstream,No,1,0,0,0,0,0,$100M - $499M
205,2023,Giga Metals Corp. & Mitsubishi Corporation,Turnagain Project,BC,Mining,Private,Critical Mineral,Yes,1,0,0,1,0,1,"$1,000M - $4,999M"
207,2023,Harvest Operations Corp.,BlackGold Oil Sands Project,AB,Energy,Private,Oil & Gas - Upstream,No,1,0,0,0,0,0,$500M - $999M
208,2023,Hawkeye Energy Corp.,Hawkeye Green Energy Grid Project,BC,Energy,Private,Trans & Distr,No,1,0,0,0,1,1,$100M - $499M
209,2023,HD Mining International Ltd.,Murray River Coal Project,BC,Mining,Private,Coal,No,1,0,0,0,0,1,$500M - $999M
211,2023,HudBay Minerals,Lalor,MB,Mining,Private,Other,No,1,0,0,0,0,0,$100M - $499M
213,2023,Hurley River Hydro LP,Hurley River Hydroelectric Project,BC,Energy,Public,Clean Electricity,Yes,1,0,0,1,0,1,$100M - $499M
214,2023,Husky Energy,caribou lake,AB,Energy,Private,Clean Electricity,Yes,1,0,0,0,0,0,Unknown
219,2023,Hydro-Quebec,Complexe hydroao lectrique La Romaine,QC,Energy,Public,Clean Electricity,Yes,1,0,0,1,0,0,"$5,000M+"
220,2023,Hydro-Quebec,Renovation de groupes a la centrale electrique Beauharnois,QC,Energy,Public,Clean Electricity,Yes,1,0,0,0,1,0,"$1,000M - $4,999M"
238,2023,Karnalyte Resources Inc,Wynyard Potash Project,SK,Mining,Private,Precious Metal,No,1,0,0,0,1,1,$500M - $999M
241,2023,Keyera Facilities Income Fund (Keyera),NGL Storage Facility Expansion,AB,Energy,Private,"DER, Storage, EV",Yes,1,0,1,0,0,0,<$100M
242,2023,Kinder Morgan,Trans Mountain Pipeline Expansion (TMX),Multi,Energy,Private,Trans & Distr,No,1,0,0,0,0,0,"$5,000M+"
247,2023,Koch Industries,Muskwa,AB,Energy,Private,Other,Yes,1,0,0,0,1,1,$500M - $999M
261,2023,Manitoba Hydro,Keeyask Generating Station,MB,Energy,Public,Other,Yes,1,0,1,0,0,0,"$5,000M+"
269,2023,Meadow Lake Tribal Council,Biomass Generator,SK,Energy,Private,Waste Biomass,Yes,1,0,1,0,0,0,<$100M
273,2023,Mao taux BlackRock Inc.,Black Rock,QC,Mining,Private,Critical Mineral,Yes,1,0,0,0,0,1,$500M - $999M
281,2023,Mosaic Potash,Potash Mine Expansion,SK,Mining,Private,Precious Metal,No,1,0,1,0,0,0,"$1,000M - $4,999M"
283,2023,Mount Hays Wind Farm Limited Partnership,Mount Hays Wind Farm,BC,Energy,Private,Clean Electricity,Yes,1,0,0,0,0,1,Unknown
292,2023,Natural Resources Canada,Port Granby Long-Term Low-Level Radioactive Waste Management,ON,Energy,Private,Waste Biomass,Yes,1,0,1,0,0,0,$100M - $499M
293,2023,Capstone Infrastructure Corporation,Wild Rose' Wind Farm (Phase 2),AB,Energy,Private,Clean Electricity,Yes,1,0,0,0,0,1,$100M - $499M
294,2023,NB Power,Mactaquac Dam upgrades,NB,Energy,Public,Clean Electricity,Yes,1,0,0,0,0,1,"$1,000M - $4,999M"
298,2023,NB Power and Partners,Smart Grid Investments Phase,NB,Energy,Public,Trans & Distr,No,1,0,0,0,0,0,$100M - $499M
299,2023,Nemaska Lithium inc.,Whabouchi,QC,Mining,Private,Critical Mineral,Yes,1,0,0,0,1,0,$500M - $999M
306,2023,BluEarth Renewables,Hand Hills' Wind Farm (78MW),AB,Energy,Private,Clean Electricity,Yes,1,0,0,0,1,0,$100M - $499M
308,2023,Agnico-Eagle Mines Limited,Hope Bay Gold (Doris North and Hope Bay Belt),NU,Mining,Private,Precious Metal,No,1,0,0,0,1,0,$500M - $999M
309,2023,Nomis Power Corp - Rupert Peace Power Corp,Nahwitti Wind Farm,BC,Energy,Private,Clean Electricity,Yes,1,0,0,1,0,1,$100M - $499M
314,2023,Ring of Fire Metals Pty Ltd.,Eagle's Nest (McFaulds Lake),ON,Mining,Private,Critical Mineral,Yes,1,0,0,0,0,1,$500M - $999M
329,2023,Northcliff Resources (HDI Mining),Sisson Project,NB,Mining,Private,Other,No,1,0,0,0,0,1,$500M - $999M
333,2023,Ontario Power Generation,Darlington Refurbishment Project,ON,Energy,Public,Clean Electricity,Yes,1,0,0,0,0,0,"$5,000M+"
340,2023,Oceanic Iron Ore Company,Hopes Advance Iron Mine (Ungava Bay),QC,Mining,Private,Base Metal,No,1,0,0,0,1,0,"$1,000M - $4,999M"
341,2023,Osum Oil Sands Corp.,Taiga,AB,Energy,Private,Oil & Gas - Upstream,No,1,0,0,1,0,1,"$1,000M - $4,999M"
344,2023,Agnico Eagle Mines Limited,Hammond Reef,ON,Mining,Private,Other,No,1,0,0,0,0,1,"$1,000M - $4,999M"
345,2023,Greengen Holdings Ltd,Bremner Creek Hydro Project,BC,Energy,Private,Clean Electricity,Yes,1,0,1,0,0,0,<$100M
371,2023,Metaux Torngat ltee,Strange Lake / B-Zone,QC,Mining,Private,Other,No,1,0,0,0,0,1,"$1,000M - $4,999M"
376,2023,Magneto Investments Limited Partnership,Dumont,QC,Mining,Private,Critical Mineral,Yes,1,0,0,0,0,1,"$1,000M - $4,999M"
381,2023,Ryan River Joint Venture Regional Power,Ryan River Hydro Project,BC,Energy,Private,Clean Electricity,Yes,1,0,0,0,0,1,$100M - $499M
382,2023,Evolution Mining,Bateman Gold,ON,Mining,Private,Precious Metal,No,1,0,0,0,0,0,$100M - $499M
387,2023,"Sea Breeze Pacific Juan de Fuca Cable, LP",Juan de Fuca Power Cable,BC,Energy,Private,Trans & Distr,No,1,0,0,0,1,1,$100M - $499M
389,2023,B2Gold Corp.,Back River Gold Project,NU,Mining,Private,Precious Metal,No,1,0,0,0,0,0,$100M - $499M
390,2023,Seabridge Gold Inc.,Kerr-Sulphurets-Mitchell (KSM),BC,Mining,Private,Precious Metal,No,1,0,0,0,1,1,"$5,000M+"
392,2023,Selkirk Power Company Ltd.,Beaver River Hydroelectric Project,BC,Energy,Private,Clean Electricity,Yes,1,0,0,0,0,1,$100M - $499M
397,2023,"LNG Canada (Shell Canada Limited, PETRONAS, Korea Gas Corporation (KOGAS), Mitsubishi Corporation, and PetroChina Company Limited)",LNG Canada Phase 1,BC,Energy,Private,Oil & Gas - Downstream,No,1,0,0,0,0,0,"$5,000M+"
399,2023,Canadian Natural Resources Limited,AOSP Jackpine,AB,Energy,Private,Other,Yes,1,0,0,0,1,1,"$5,000M+"
403,2023,Shore Gold Inc.,Star-Orion Diamond Project,SK,Mining,Private,Precious Metal,No,1,0,0,0,0,0,"$1,000M - $4,999M"
405,2023,Skyline Gold Corporation,Bronson Slope Hydropower Projects,BC,Energy,Private,Clean Electricity,Yes,1,0,0,1,0,1,$100M - $499M
406,2023,Skyline Gold Corporation,Bronson Slope Copper/Gold/Silver/Molybdenum Mine,BC,Mining,Private,Precious Metal,No,1,0,0,0,0,1,$100M - $499M
413,2023,Spanish Mountain Gold Ltd.,Spanish Mountain Copper-Gold Mines,BC,Mining,Private,Precious Metal,No,1,0,0,0,0,1,$500M - $999M
417,2023,Generation Mining Ltd.,Marathon PGM Copper Mine,ON,Mining,Private,Other,No,1,0,0,0,0,1,$100M - $499M
422,2023,Suncor Energy Inc.,Lewis,AB,Energy,Private,Clean Electricity,Yes,1,0,0,0,0,0,Unknown
423,2023,Suncor Energy Inc.,Firebag,AB,Energy,Private,Clean Electricity,Yes,1,0,0,1,0,1,"$1,000M - $4,999M"
425,2023,"Suncor, ExxonMobil, Statoil, Husky Energy , Murphy Oil, Chevron, Mosbacher",Terra Nova (Asset Life Extension),NL,Energy,Private,Other,Yes,1,0,0,0,0,0,$100M - $499M
426,2023,Sunshine Oilsands,Legend Lake,AB,Energy,Private,Oil & Gas - Upstream,No,1,0,0,0,1,0,"$1,000M - $4,999M"
427,2023,Sunshine Oilsands Ltd.,Thickwood (Sunshine),AB,Energy,Private,Waste Biomass,Yes,1,0,0,1,0,1,"$1,000M - $4,999M"
429,2023,Sunshine Oilsands Ltd.,West Ells,AB,Energy,Private,Oil & Gas - Upstream,No,1,0,0,0,0,1,"$1,000M - $4,999M"
436,2023,Syntaris Power Corp.,Jade Lake Power Project,BC,Energy,Private,Low Carbon Fuels,Yes,1,0,0,0,0,1,$100M - $499M
439,2023,Osisko Metals Inc/Appian,Pine Point,NT,Mining,Private,Other,No,1,0,0,0,0,1,$500M - $999M
442,2023,Teck Resources Ltd.,Highland Valley Copper 2040 (HVC 2040),BC,Mining,Private,Base Metal,No,0,1,0,0,0,1,$500M - $999M
443,2023,Teck Coal Ltd.,Line Creek Coal Mine,BC,Mining,Private,Coal,No,1,0,0,0,0,1,<$100M
460,2023,GoldMining Inc,Yellowknife Gold,NT,Mining,Private,Precious Metal,No,1,0,0,0,0,1,$100M - $499M
467,2023,Vale,Copper Cliff Deep project,ON,Mining,Private,Base Metal,No,1,0,0,0,0,0,$500M - $999M
473,2023,Value Creation Inc.,Tristar' SAGD Pilot Project,AB,Energy,Private,Oil & Gas - Upstream,No,1,0,0,0,1,0,Unknown
485,2023,Conuma Coal Resources Ltd.,Wolverine Coal Mine (Hermann Deposit),BC,Mining,Private,Coal,No,1,0,0,1,0,1,<$100M
488,2023,Western Copper and Gold Corporation,Casino Mine,YK,Mining,Private,Precious Metal,No,1,0,0,0,0,1,"$1,000M - $4,999M"
490,2023,Western Potash,Milestone,SK,Mining,Private,Critical Mineral,Yes,0,1,0,0,0,0,<$100M
499,2023,Taseko Mines Ltd.,Yellowhead (formerly Harper Creek),BC,Mining,Private,Other,No,1,0,0,0,1,0,$500M - $999M
515,2023,Athabasca Oil Corporation,Dover West Clastics,AB,Energy,Private,Oil & Gas - Upstream,No,1,0,0,1,0,1,$500M - $999M
516,2023,Centerra Gold Inc.,Kemess Underground Copper-Gold Mine,BC,Mining,Private,Precious Metal,No,1,0,0,0,0,1,$500M - $999M
522,2023,BURNCO Rock Products Ltd.,BURNCO Aggregate Project (McNab Creek),BC,Mining,Private,Other,No,1,0,0,0,0,1,<$100M
528,2023,Cardero Coal Ltd.,Carbon Creek Coal Mine,BC,Mining,Private,Coal,No,1,0,0,0,0,1,$100M - $499M
529,2023,Cavalier Energy Inc.,Hoole (Paramount),AB,Energy,Private,Clean Electricity,Yes,1,0,0,0,0,1,$100M - $499M
530,2023,Centermount Coal Limited,Bingay Main Metallurgical Coal,BC,Mining,Private,Coal,No,1,0,0,0,0,1,$100M - $499M
533,2023,Granite Creek Copper,Carmacks Copper Project,YK,Mining,Private,Base Metal,No,0,1,0,0,0,1,$100M - $499M
536,2023,ecoTECH Energy Group (Canada) Inc,Biomass Project - McBride,BC,Energy,Private,Waste Biomass,Yes,1,0,0,0,0,1,$100M - $499M
545,2023,Holmes Hydro,Robson Valley Hydroelectric Project,BC,Energy,Public,Clean Electricity,Yes,1,0,0,0,0,1,$100M - $499M
546,2023,Imperial Metals Corporation,Huckleberry Copper/Silver/Molybdenum Mine,BC,Mining,Private,Precious Metal,No,1,0,1,0,0,0,$100M - $499M
547,2023,Hydro-Quebec,Raccordement du complexe de La Romaine au reseau de transport,QC,Energy,Public,Clean Electricity,Yes,1,0,0,0,0,0,"$1,000M - $4,999M"
564,2023,Value Creation Inc.,Birchwood SAGD Oil Sands Project,AB,Energy,Private,Oil & Gas - Upstream,No,0,1,0,0,1,1,$500M - $999M
566,2023,MEG Energy Corp.,Surmont (MEG),AB,Energy,Private,Clean Electricity,Yes,1,0,0,0,0,1,"$5,000M+"
575,2023,Artemis Gold Inc,Blackwater Gold Project,BC,Mining,Private,Precious Metal,No,1,0,0,0,0,1,"$1,000M - $4,999M"
584,2023,Quicksilver Resources/ Kohlberg Kravis Roberts & Co. L.P. (KKR),Fortune Creek Gas Plant,BC,Energy,Private,Oil & Gas - Downstream,No,0,1,0,0,0,1,$500M - $999M
587,2023,Rio Tinto Alcan Inc.,Kemano Tunnel Project (T2),BC,Energy,Private,Other,Yes,1,0,0,0,0,0,$500M - $999M
593,2023,Enbridge,Westcoast Connector Gas Transmission Project,BC,Energy,Private,Trans & Distr,No,1,0,0,0,1,1,"$5,000M+"
600,2023,TransCanada,Coastal GasLink Pipeline Project (TransCanada),BC,Energy,Private,Trans & Distr,No,1,0,0,0,0,0,"$1,000M - $4,999M"
606,2023,Treasury Metals Inc.,Goliath Complex,ON,Mining,Private,Precious Metal,No,1,0,0,0,1,1,$100M - $499M
607,2023,Value Creation Inc.,TriStar Advanced (In Situ + Upgrader),AB,Energy,Private,Oil & Gas - Downstream,No,1,0,0,0,0,1,"$1,000M - $4,999M"
611,2023,Atlantic Gold Corporation,Moose River Consolidated Project,NS,Mining,Private,Precious Metal,No,1,0,0,0,0,1,$100M - $499M
615,2023,Labrador Iron Mines Holdings Ltd.,Direct Shipping Iron Ore (DSO) Houston Deposit,NL,Mining,Private,Base Metal,No,1,0,0,0,0,0,<$100M
620,2023,KGHM International,Victoria Project,ON,Mining,Private,Other,No,1,0,0,1,0,0,$500M - $999M
623,2023,Argonaut Gold,Magino Mine,ON,Mining,Private,Precious Metal,No,1,0,0,0,1,0,$500M - $999M
626,2023,IAMGOLD Corp./Sumitomo Metal Mining,Cote Lake Project,ON,Mining,Private,Precious Metal,No,1,0,0,0,1,0,"$1,000M - $4,999M"
629,2023,Sunshine Oilsands Ltd.,West Ells,AB,Energy,Private,Oil & Gas - Upstream,No,1,0,0,0,1,1,"$1,000M - $4,999M"
633,2023,Glencore plc,Sukunka Coal Mine,BC,Mining,Private,Coal,No,1,0,0,0,0,0,$100M - $499M
636,2023,Arianne Phosphate inc.,Lac a Paul Phosphate/Apatite mine,QC,Mining,Private,Precious Metal,No,1,0,0,1,0,0,"$1,000M - $4,999M"
637,2023,Commerce Resources corp.,Eldor Rare Earth Project,QC,Mining,Private,Critical Mineral,Yes,1,0,0,1,0,0,$500M - $999M
638,2023,Moneta Porcupine,Golden Highway Gold Project,ON,Mining,Private,Precious Metal,No,1,0,0,1,0,1,$100M - $499M
640,2023,"Braveheart Resources Inc. , Canada",Thierry Copper/Nickel Mine,ON,Mining,Private,Critical Mineral,Yes,1,0,0,0,0,1,$100M - $499M
643,2023,Search Minerals Inc.,Deep Fox + Foxtrot,NL,Mining,Private,Critical Mineral,Yes,1,0,0,0,0,1,$100M - $499M
644,2023,Ontario Power Generation,New Nuclear Power Plant Darlington Small Modular Reactor Project,ON,Energy,Public,Nuclear,Yes,1,0,0,0,0,0,Unknown
648,2023,Northern Graphite,Bissett Creek,ON,Mining,Private,Critical Mineral,Yes,1,0,0,1,0,1,$100M - $499M
649,2023,Husky Oil Operations Ltd.,Saleski' Thermal Oil Sands Project Using CSS,AB,Energy,Private,Oil & Gas - Upstream,No,1,0,0,0,0,1,$100M - $499M
650,2023,TransCanada,Prince Rupert Gas Transmission Project,BC,Energy,Private,Trans & Distr,No,1,0,0,0,0,1,"$5,000M+"
651,2023,FortisBC Energy (Vancouver Island) Inc.,Eagle Mountain - Woodfibre LNG Gas Pipeline Projects,BC,Energy,Private,Trans & Distr,No,1,0,0,0,0,1,$100M - $499M
652,2023,Woodfibre LNG,Woodfibre LNG project,BC,Energy,Private,Oil & Gas - Downstream,No,1,0,0,0,0,1,"$1,000M - $4,999M"
654,2023,Bruce Power,Bruce Nuclear Refurbishment,ON,Energy,Private,Nuclear,Yes,1,0,0,0,0,0,"$5,000M+"
662,2023,Prosper Petroleum,Rigel Oil Sands Project,AB,Energy,Private,Oil & Gas - Upstream,No,1,0,0,0,1,0,$100M - $499M
684,2023,Osum Oil Sands Corp.,Sepiko Kesik Project,AB,Energy,Private,Oil & Gas - Upstream,No,1,0,0,1,0,1,"$1,000M - $4,999M"
688,2023,Graymont Western Canada Inc.,Giscome Quarry and Lime Plant Project,BC,Mining,Private,Other,No,0,1,0,0,0,1,$100M - $499M
689,2023,Innergex Wind Energy Inc and Saik'uz First Nation,"Nulki Hills, 30 km south of Vanderhoof",BC,Energy,Private,Clean Electricity,Yes,1,0,0,0,0,1,<$100M
692,2023,EDF Renouvelables,Taylor Wind Project,BC,Energy,Private,Clean Electricity,Yes,1,0,0,0,0,1,$500M - $999M
693,2023,Imperial Oil Limited,Aspen' oil sands project (SAGD),AB,Energy,Private,Oil & Gas - Upstream,No,0,1,0,0,0,1,"$5,000M+"
697,2023,"Husky Energy Inc., Suncor, Nalcor Energy",White Rose Expansion - White Rose West,NL,Energy,Private,Clean Electricity,Yes,0,1,0,0,0,0,"$1,000M - $4,999M"
703,2023,Ethanol Cellulosique Varennes s.e.c. (Recyclage Carbone Varennes),Usine de carburant a faible intensite carbone (inclut un electrolyseur),QC,Energy,Private,Low Carbon Fuels,Yes,1,0,0,0,1,0,$100M - $499M
712,2023,Sequoia Energy Inc.,Quottoon Cluster of Hydroelectric Projects,BC,Energy,Private,Clean Electricity,Yes,1,0,0,0,1,1,$100M - $499M
713,2023,NOVA Gas Transmission Ltd.,North Montney Mainline,BC,Energy,Private,Trans & Distr,No,1,0,0,0,0,0,"$1,000M - $4,999M"
714,2023,Fortis Generation Inc.,Hydroelectric Dam,BC,Energy,Private,Clean Electricity,Yes,1,0,0,1,0,1,$100M - $499M
718,2023,Kitimat Clean Ltd.,Kitimat Clean Oil Refinery,BC,Energy,Private,Oil & Gas - Downstream,No,1,0,0,0,0,1,"$5,000M+"
725,2023,Greater Vancouver Regional District,Capilano (Cleveland) Dam Power Plant,BC,Energy,Private,Clean Electricity,Yes,1,0,0,0,0,1,<$100M
737,2023,BC Hydro,Capilano Substation Upgrade,BC,Energy,Public,Trans & Distr,No,1,0,0,0,0,0,<$100M
746,2023,Innergex Renewable Energy Inc.,Tipella Creek Hydropower Project,BC,Energy,Private,Clean Electricity,Yes,1,0,0,0,1,1,<$100M
753,2023,Kruger Energy Inc.,Maselpanik Creek Hydro Project,BC,Energy,Private,Clean Electricity,Yes,1,0,0,0,0,1,$100M - $499M
754,2023,Pacific Coastal Wave Energy Corp.,Wave Energy Project,BC,Energy,Private,Clean Electricity,Yes,1,0,0,0,0,1,<$100M
757,2023,Innergex Renewable Energy Inc.,Shovel Creek Hydroelectric Project,BC,Energy,Private,Clean Electricity,Yes,1,0,0,0,0,1,<$100M
758,2023,Pristine Power Inc./Cheslatta Forest Products,Cheslatta Green Energy Project,BC,Energy,Private,Clean Electricity,Yes,1,0,0,0,0,1,<$100M
759,2023,KMC Power,Tamihi Creek Hydro Project,BC,Energy,Private,Clean Electricity,Yes,1,0,0,0,0,1,<$100M
761,2023,TransAlta Corporation - Sorgente,Clemina Creek Hydro Project,BC,Energy,Private,Clean Electricity,Yes,1,0,1,0,0,0,<$100M
764,2023,Highwater Power Corporation Altagas Ltd.,Log Creek Water Power Project,BC,Energy,Private,Clean Electricity,Yes,1,0,0,0,0,1,<$100M
778,2023,West High Yield Resources,Record Ridge Magnesium Project,BC,Mining,Private,Critical Mineral,Yes,1,0,0,0,0,1,$500M - $999M
783,2023,First Mining Gold Corp.,Springpole Lake Gold Project,ON,Mining,Private,Precious Metal,No,1,0,0,0,0,1,$500M - $999M
785,2023,Greenstone Gold Mines LP (Equinox Gold Corp./Orion Mine Finance Group),Greenstone,ON,Mining,Private,Precious Metal,No,1,0,0,0,0,0,"$1,000M - $4,999M"
794,2023,Ascot Resources Ltd,Premier Gold Project,BC,Mining,Private,Precious Metal,No,1,0,0,0,1,0,$100M - $499M
795,2023,Nouveau Monde Graphite inc.,Uatnan,QC,Mining,Private,Critical Mineral,Yes,0,1,0,0,1,1,$100M - $499M
798,2023,Paper Excellence,Restart of Pulp Mill and new Biomass Power Generation,SK,Forest,Private,Pulp & Paper,No,1,0,0,0,0,1,$100M - $499M
800,2023,Joyce Direct Iron Inc.,Joyce Lake DSO (the Attikamagen Project),NL,Mining,Private,Other,No,1,0,0,0,0,1,$100M - $499M
802,2023,Vulcan Materials Company,Black Point Aggregate Project,NS,Mining,Private,Other,No,1,0,0,0,0,1,<$100M
808,2023,Spartan Delta Inception Exploration Ltd.,Greenview Sour Gas plant,AB,Energy,Private,Oil & Gas - Downstream,No,1,0,0,0,0,1,<$100M
817,2023,Focus Graphite inc.,Lac Knife,QC,Mining,Private,Critical Mineral,Yes,0,1,0,0,0,1,$100M - $499M
818,2023,Athabasca Oil Corporation,Hangingstone Oil Sands,AB,Energy,Private,Oil & Gas - Upstream,No,1,0,0,0,0,1,$500M - $999M
819,2023,Ville de Quao bec,Centre de biomao thanisation de loNagglomao ration de Quao bec (CBAQ),QC,Energy,Private,Waste Biomass,Yes,1,0,0,0,0,0,$100M - $499M
841,2023,Canadian Natural Resources Limited,Jackfish,AB,Energy,Private,Oil & Gas - Upstream,No,1,0,0,0,1,1,"$1,000M - $4,999M"
847,2023,Cenovus Energy Inc.,Pelican Lake,AB,Energy,Private,Clean Electricity,Yes,1,0,0,0,0,0,"$1,000M - $4,999M"
850,2023,Syncrude Canada Ltd.,Stage 4a - MLX-W,AB,Energy,Private,Other,Yes,1,0,0,1,0,1,"$1,000M - $4,999M"
857,2023,Bear Head Energy,Bear Head Energy,NS,Energy,Private,Oil & Gas - Downstream,No,0,1,0,0,0,1,"$5,000M+"
858,2023,ConocoPhillips Canada,Surmont (ConocoPhillips),AB,Energy,Private,Oil & Gas - Upstream,No,1,0,0,0,0,1,"$5,000M+"
862,2023,Taseko Mines Ltd.,Aley Niobium Project,BC,Mining,Private,Critical Mineral,Yes,1,0,0,0,0,1,$500M - $999M
865,2023,Imperial Metals Corporation,Ruddock Creek Zinc-Lead Mine Development Project,BC,Mining,Private,Base Metal,No,1,0,0,0,0,1,$100M - $499M
868,2023,Teck Coal Ltd.,Baldy Ridge Extension Project,BC,Mining,Private,Coal,No,1,0,0,0,0,0,"$1,000M - $4,999M"
885,2023,Pacific Northern Gas Ltd.,Pacific Northern Gas Pipeline Looping Project,BC,Energy,Private,Trans & Distr,No,0,1,0,0,1,1,$100M - $499M
891,2023,Arctic Canadian Diamond Corp,Ekati (Misery Deep),NT,Mining,Private,Other,No,1,0,0,0,0,1,<$100M
893,2023,PRISM Diversifed Ltd.,Clear Hills Project,AB,Mining,Private,Other,No,1,0,0,0,0,1,$100M - $499M
894,2023,Newmont Goldcorp Corp.,Coffee Gold Mine,YK,Mining,Private,Precious Metal,No,1,0,0,0,0,1,$100M - $499M
906,2023,Northern Blizzard Resources Inc.,Pirtuk,AB,Energy,Private,Other,Yes,1,0,0,0,0,0,$100M - $499M
928,2023,Interfor Corporation,Mill upgrade,BC,Forest,Private,Pulp & Paper,No,1,0,0,1,0,0,<$100M
936,2023,Mines Agnico Eagle ltee,Akasaba West Copper-Gold Mine,QC,Mining,Private,Precious Metal,No,0,1,0,0,1,0,<$100M
938,2023,Cedar LNG (partnership between Pembina Pipeline Corporation and Haisla Nation),Cedar LNG,BC,Energy,Private,Oil & Gas - Downstream,No,1,0,0,0,1,1,Unknown
942,2023,Watson Island LNG Corporation,Watson Island LNG,BC,Energy,Private,Oil & Gas - Downstream,No,0,1,0,0,0,1,Unknown
943,2023,"Tilbury Jetty Marine Partnership (Fortis, Seaspan, Shell)",Tilbury Marine Jetty,BC,Energy,Private,Oil & Gas - Downstream,No,1,0,0,0,0,1,$100M - $499M
952,2023,Glencore,Raglan(phase 2),QC,Mining,Private,Other,No,1,0,1,0,0,0,"$1,000M - $4,999M"
956,2023,Altalink,Chapel Rock to Pincher Creek Area Transmission Development,AB,Energy,Private,Trans & Distr,No,1,0,0,0,0,1,$500M - $999M
957,2023,Atrum Coal,Groundhog Project Anthracite Coal Mine,BC,Mining,Private,Coal,No,1,0,0,0,0,0,$100M - $499M
965,2023,BC Hydro,G.M. Shrum Units 1 to 10 Control Systems Upgrade Project,BC,Energy,Public,Other,Yes,1,0,0,1,0,0,<$100M
970,2023,Creative Energy Vancouver Platforms Inc.,Creative Energy Plant,BC,Energy,Private,Clean Electricity,Yes,1,0,0,0,1,1,$100M - $499M
972,2023,Eagle Spirit Energy Holdings Ltd./Aquilini Group,ESE Synthetic Crude Pipeline,BC,Energy,Private,Trans & Distr,No,1,0,0,0,0,0,"$5,000M+"
974,2023,Enbridge/ Borealis Inc./ Kitselas First Nation,Lakelse Geothermal Power Plant,BC,Energy,Private,Clean Electricity,Yes,1,0,0,1,0,1,<$100M
980,2023,Kruger Energy Inc.,Isle Pierre Wind Farm,BC,Energy,Private,Clean Electricity,Yes,1,0,0,0,0,1,$100M - $499M
983,2023,Red Willow Wind LP,Red Willow Wind Farm,BC,Energy,Private,Clean Electricity,Yes,1,0,0,0,0,1,$100M - $499M
996,2023,"AltaLink, ATCO",Central East Area Transmission Development,AB,Energy,Private,Trans & Distr,No,1,0,0,0,0,1,<$100M
1002,2023,"Ministere du developpement durable, de l'environnement et des parcs",Refection du barrage des Quinze,QC,Energy,Private,Other,Yes,1,0,0,0,0,0,<$100M
1003,2023,Churchill Falls (Labrador) Corporation,Electric Utility Capital Expenditures,NL,Energy,Private,Other,Yes,1,0,0,0,1,0,<$100M
1010,2023,Newfoundland Power Inc.,Electric Utility Capital Program,NL,Energy,Private,Clean Electricity,Yes,1,0,0,0,1,0,<$100M
1015,2023,Newfoundland and Labrador Hydro,Various (2016 Capital Program),NL,Energy,Public,Clean Electricity,Yes,1,0,0,0,1,0,$100M - $499M
1023,2023,Nukik Corp.,Kivalliq Hydro Fibre Link,Multi,Energy,Public,Clean Electricity,Yes,1,0,0,0,1,1,$500M - $999M
1026,2023,Hydro-Quebec,Rehabilitation de la centrale Robert-Bourassa,QC,Energy,Public,Clean Electricity,Yes,1,0,0,0,0,0,Unknown
1028,2023,Alamos Gold Inc.,Island Gold Expansion,ON,Mining,Private,Precious Metal,No,1,0,0,0,1,0,<$100M
1034,2023,Fission Uranium Corp.,Patterson Lake South,SK,Mining,Private,Critical Mineral,Yes,1,0,0,0,1,1,"$1,000M - $4,999M"
1037,2023,"Western LNG, Nisga'a Nation, Rockies LNG Partners",Ksi Lisims LNG,BC,Energy,Private,Oil & Gas - Downstream,No,1,0,0,0,0,0,Unknown
1041,2023,"Energie hydroelectrique Pessamit, Societe en commandite",Centrale hydroelectrique des chutes du six milles,QC,Energy,Public,Clean Electricity,Yes,1,0,0,1,0,1,<$100M
1042,2023,BMC Minerals Ltd.,Kudz Ze Kayah,YK,Mining,Private,Other,No,1,0,0,0,0,1,$100M - $499M
1045,2023,Northern Energy Solutions (NES),NES Wood Pellet Plant,NB,Forest,Private,Other,Yes,1,0,0,0,0,1,<$100M
1049,2023,"Energie hydroelectrique Pessamit, Societe en commandite",Centrale hydroelectrique de la chute du quatre milles,QC,Energy,Public,Clean Electricity,Yes,1,0,0,0,0,1,<$100M
1050,2023,"Manouane Sipi, Societe en commandite",Centrale hydroelectrique Manouane Sipi (Dam B),QC,Energy,Private,Clean Electricity,Yes,1,0,0,0,0,1,<$100M
1052,2023,Howse Minerals Limited,Howse Property Direct Shipping Ore Mine,NL,Mining,Private,Precious Metal,No,0,1,0,0,0,0,$100M - $499M
1056,2023,FPInnovations et Bioao nergie La Tuque,Vision La Tuque 2023,QC,Forest,Private,Other,Yes,1,0,0,0,1,1,$500M - $999M
1057,2023,Pacific Future Energy,Pacific Future Energy Oil Refinery,BC,Energy,Private,Oil & Gas - Downstream,No,1,0,0,0,0,1,"$5,000M+"
1061,2023,Tembec (General Partnership),Specialty Cellulose Upgrade (digesters change),QC,Forest,Private,Pulp & Paper,No,1,0,0,0,0,0,$100M - $499M
1063,2023,NTPC,Taltson Hydroelectricity Expansion Project (Phase 1),NT,Energy,Private,Clean Electricity,Yes,1,0,0,1,0,1,"$1,000M - $4,999M"
1067,2023,Sayona Quebec inc.,Authier,QC,Mining,Private,Other,No,1,0,0,0,0,1,<$100M
1074,2023,Athabasca Oil Sands Corporation,Kai Kos Dehseh,AB,Energy,Private,Oil & Gas - Upstream,No,1,0,0,0,0,0,Unknown
1076,2023,OSum Oil Sands Corp.,Orion,AB,Energy,Private,Oil & Gas - Upstream,No,1,0,0,1,0,0,Unknown
1077,2023,Cenovus Energy Inc.,Christina Lake,AB,Energy,Private,Other,Yes,1,0,0,1,0,1,$500M - $999M
1078,2023,ConocoPhillips Canada Limited,Surmont 2,AB,Energy,Private,Oil & Gas - Upstream,No,1,0,0,0,0,1,"$1,000M - $4,999M"
1079,2023,Japan Canada Oil Sands Limited (JACOS),Hangingstone,AB,Energy,Private,Oil & Gas - Upstream,No,1,0,0,0,0,1,"$1,000M - $4,999M"
1080,2023,Suncor Energy Inc.,Meadow Creek,AB,Energy,Private,Clean Electricity,Yes,1,0,0,0,0,0,Unknown
1081,2023,Sunshine Oilsands Ltd.,Thickwood,AB,Energy,Private,Waste Biomass,Yes,1,0,0,1,0,0,Unknown
1082,2023,Cenovus Energy Inc.,Narrows Lake,AB,Energy,Private,Clean Electricity,Yes,1,0,0,1,0,1,"$1,000M - $4,999M"
1083,2023,Value Creation Inc.,Heartland Upgrader,AB,Energy,Private,Oil & Gas - Downstream,No,1,0,0,0,0,1,Unknown
1084,2023,Penn West,Seal,AB,Energy,Private,Other,Yes,1,0,0,0,0,0,Unknown
1086,2023,ConocoPhillips Canada Limited,Surmont,AB,Energy,Private,Oil & Gas - Upstream,No,1,0,0,1,0,0,Unknown
1088,2023,Husky Energy Inc.,Spruce Lake Central,SK,Energy,Private,Clean Electricity,Yes,1,0,1,1,0,0,$100M - $499M
1089,2023,Husky Energy Inc.,Spruce Lake North,SK,Energy,Private,Clean Electricity,Yes,1,0,1,0,0,0,$100M - $499M
1090,2023,Value Creation Inc.,Heartland Upgrader,AB,Energy,Private,Oil & Gas - Downstream,No,1,0,0,0,0,1,Unknown
1091,2023,PTTEP Canada Limited,Mariana,AB,Energy,Private,Other,Yes,1,0,0,0,0,0,Unknown
1092,2023,Imperial Oil Ltd.,Cold Lake SAGD,AB,Energy,Private,Oil & Gas - Upstream,No,1,0,0,1,0,0,Unknown
1093,2023,Athabasca Oil Sands Corporation,Hangingstone,AB,Energy,Private,Oil & Gas - Upstream,No,1,0,0,1,0,0,Unknown
1094,2023,Imperial Oil Limited,Syncrude Mildred Lake Extension,AB,Energy,Private,Oil & Gas - Upstream,No,1,0,0,1,0,0,Unknown
1095,2023,MEG Energy Corp.,May River,AB,Energy,Private,Clean Electricity,Yes,1,0,0,1,0,0,"$5,000M+"
1096,2023,BP Plc,Terre De Grace,AB,Energy,Private,Other,Yes,1,0,0,1,0,0,Unknown
1097,2023,Canadian Natural Resources Limited,CCS Follow UP,AB,Energy,Private,"DER, Storage, EV",Yes,1,0,0,1,0,0,Unknown
1098,2023,Lacrina Energy,Saleski JV (Laricina/Osum),AB,Energy,Private,Clean Electricity,Yes,1,0,0,1,0,0,Unknown
2000,2023,E-T Energy Ltd.,Popular Creek,AB,Energy,Private,Clean Electricity,Yes,1,0,0,1,0,0,Unknown
2001,2023,Sunshine Oilsands Ltd.,Thickwood (Sunshine),AB,Energy,Private,Waste Biomass,Yes,1,0,0,1,0,0,Unknown
2002,2023,Sunshine Oilsands Ltd.,Harper,AB,Energy,Private,Oil & Gas - Upstream,No,1,0,0,1,0,0,Unknown
2003,2023,Devon Oil Canada,Pike (Formely Kirby),AB,Energy,Private,Oil & Gas - Upstream,No,1,0,0,1,0,0,Unknown
2004,2023,Husky Energy Inc.,Mcmullin,AB,Energy,Private,Clean Electricity,Yes,1,0,0,1,0,0,Unknown
2005,2023,Cenovus Energy Inc.,Ravin Ridge and Wallace Creek,AB,Energy,Private,Clean Electricity,Yes,1,0,0,1,0,0,Unknown
2007,2023,Lacrina Energy,Burnt Lakes,AB,Energy,Private,Clean Electricity,Yes,1,0,0,1,0,0,Unknown
2008,2023,Lacrina Energy,"Conn Creek, Germain and Popular Creek",AB,Energy,Private,Clean Electricity,Yes,1,0,0,1,0,0,Unknown
2009,2023,Athabasca Oil Sands Corporation,Dover West Carbonites and Clastics,AB,Energy,Private,Oil & Gas - Upstream,No,1,0,0,1,0,0,Unknown
2020,2023,PEI Energy Corporation,PEIEC Wind Farm #5,ON,Energy,Private,Clean Electricity,Yes,1,0,0,1,0,1,<$100M
2059,2023,Aeolis / Boralex,Hackney Hills Wind Park (Aeolis / Boralex),BC,Energy,Private,Other,Yes,1,0,0,0,0,1,<$100M
2060,2023,Pacific Future Energy,Pacific Future Energy Refinery Project,BC,Energy,Private,Clean Electricity,Yes,1,0,0,0,0,0,<$100M
2062,2023,Manitoba Hydro,Pine Falls Units 1-4 Major Overhauls,MB,Energy,Public,Clean Electricity,Yes,1,0,0,0,1,0,<$100M
2064,2023,Manitoba Hydro,Letellier - St. Vital 230kV Transmission,MB,Energy,Public,Trans & Distr,No,1,0,0,0,1,0,<$100M
2065,2023,Manitoba Hydro,Transmission Line Upgrades for Improved Clearance,MB,Energy,Public,Trans & Distr,No,1,0,0,0,1,0,<$100M
2072,2023,Baffinland Iron Mines Corporation,Mary River Iron Ore project,NU,Mining,Private,Base Metal,No,1,0,0,0,1,0,"$1,000M - $4,999M"
2082,2023,SaskPower,Proposed Natural Gas Power Station,SK,Energy,Public,NG Power Gen,No,1,0,0,1,0,0,$500M - $999M
2083,2023,Ressources Falco ltee,Horne 5,QC,Mining,Private,Other,No,1,0,0,0,1,1,$500M - $999M
2092,2023,Miniere Osisko Inc.,Lac Windfall,QC,Mining,Private,Other,No,1,0,0,0,0,1,$100M - $499M
2093,2023,Nouveau Monde Graphite inc.,Matawinie,QC,Mining,Private,Other,No,1,0,0,0,0,0,$100M - $499M
2108,2023,White Birch Paper,Fiber extraction for bioplastics,QC,Forest,Private,Other,Yes,1,0,1,0,1,0,<$100M
2110,2023,"Nation Innue, RES et Boralex",Apuiat,QC,Energy,Private,Other,Yes,1,0,0,0,0,0,$500M - $999M
2111,2023,Finaxo Canada inc.,Cogao nao ration Bedford,QC,Energy,Private,Other,Yes,1,0,0,0,1,0,Unknown
2113,2023,"aonergie LSQ, S.E.C.",aonergie LSQ,QC,Energy,Private,Other,Yes,1,0,0,1,0,0,Unknown
2114,2023,Chantiers Chibougamau inc.,Centrale de cogeneration Assinica,QC,Energy,Private,Other,Yes,1,0,0,1,0,1,Unknown
2115,2023,Cogeneration Val-d'Or,Cogeneration Val-d'Or,QC,Energy,Private,Other,Yes,1,0,0,0,0,1,<$100M
2121,2023,Ainsworth Energy Co. Ltd.,Anahim Lake Bioenergy Project,BC,Energy,Private,Waste Biomass,Yes,1,0,0,0,0,1,<$100M
2122,2023,Yun Ka Whu'ten Holdings,Biomass Project - Anahim Lake,BC,Energy,Private,Waste Biomass,Yes,1,0,0,0,0,1,<$100M
2123,2023,Ainsworth Energy Co. Ltd.,Tumbler Ridge Bioenergy Project,BC,Energy,Private,Waste Biomass,Yes,1,0,0,0,0,1,<$100M
2124,2023,Nations Energy Corp.,Biomass Project - Kamloops,BC,Energy,Private,Waste Biomass,Yes,1,0,0,0,0,1,<$100M
2126,2023,CNRL / NRC / Pond Biofuels,Algae Carbon Conversion Pilot Project,AB,Energy,Private,CCUS,Yes,1,0,0,0,0,1,<$100M
3101,2023,Frontier Lithium Inc.,Pakeagama Lake,ON,Mining,Private,Critical Mineral,Yes,1,0,0,0,0,1,$100M - $499M
3104,2023,Gensource Potash Corp,Vanguard,SK,Mining,Private,Other,No,1,0,0,0,0,1,$100M - $499M
3105,2023,Ram River Coal,Aries,AB,Mining,Private,Coal,No,1,0,0,0,0,1,"$1,000M - $4,999M"
3106,2023,Glencore plc,Onaping Depth,ON,Mining,Private,Other,No,1,0,0,0,0,0,$500M - $999M
3202,2023,BC Hydro,BC Hydro Upgrade Alberni/Long Beach Transmission Line,BC,Energy,Public,Clean Electricity,Yes,1,0,0,0,1,0,Unknown
3206,2023,Hydro-Quebec,New England Clean Energy Connect (NECEC) project,QC,Energy,Public,Clean Electricity,Yes,1,0,0,1,0,0,$500M - $999M
3208,2023,"Transmission Developers Inc. (TDI),",Transmission Line - Champlain Hudson Power Express,QC,Energy,Private,Trans & Distr,No,1,0,0,0,1,0,"$1,000M - $4,999M"
3211,2023,Dahl Creek Hydro Power Limited Partnership,Dahl Creek Hydroelectric Project,BC,Energy,Private,Clean Electricity,Yes,1,0,0,0,1,0,Unknown
3400,2023,Nova Chemicals,Polyethylene Facility and Corunna Cracker Expansion,ON,Energy,Private,Oil & Gas - Downstream,No,1,0,1,1,0,0,"$1,000M - $4,999M"
3402,2023,Dow Chemical Canada,Dow Net-Zero Polyethylene and Ethylene Derivatives Facility,AB,Energy,Private,Clean Electricity,Yes,1,0,0,0,0,1,"$5,000M+"
3501,2023,Husky Energy Inc.,Husky Energy Exploration Drilling Project,NL,Energy,Private,Oil & Gas - Upstream,No,1,0,0,0,0,0,$100M - $499M
3502,2023,BP Canada,Newfoundland Orphan Basin Exploration Drilling Project,NL,Energy,Private,Oil & Gas - Upstream,No,1,0,0,1,0,0,$100M - $499M
3504,2023,Statoil Canada,Flemish Pass Exploration Drilling Project,NL,Energy,Private,Oil & Gas - Upstream,No,0,1,0,0,1,1,$500M - $999M
3507,2023,Resolute,Capacity increase,QC,Forest,Private,Pulp & Paper,No,1,0,0,0,0,0,<$100M
3509,2023,Wataynikaneyap Power,Wataynikaneyap Transmission Project,ON,Energy,Private,Trans & Distr,No,1,0,0,1,0,0,"$1,000M - $4,999M"
3600,2023,Fibre Pontiac,Fibre Pontiac (The Biomass Conversion Centre),QC,Energy,Private,Waste Biomass,Yes,1,0,0,0,1,1,$100M - $499M
3601,2023,PEI Energy Corporation,Slemon Park Micro-Grid Project,PE,Energy,Private,Trans & Distr,No,1,0,0,0,0,0,<$100M
3603,2023,Maritime Resources Corp.,Hammerdown (Green Bay),NL,Mining,Private,Precious Metal,No,1,0,0,0,1,1,<$100M
3604,2023,AuMEGA (previously Matador Mining Limited),Cape Ray,NL,Mining,Private,Other,No,1,0,0,0,0,1,<$100M
3610,2023,Telkwa Mining Ltd.,Tenas Project,BC,Mining,Private,Coal,No,1,0,0,0,0,1,<$100M
3615,2023,NB Power,Advanced Meter Infrastructure,NB,Energy,Public,Waste Biomass,Yes,1,0,0,0,0,1,<$100M
3617,2023,St Barbara Ltd.,Beaver Dam Gold Project,NS,Mining,Private,Other,No,0,1,0,0,0,1,$100M - $499M
3621,2023,Greengate Power Corporation,Travers Solar Project,AB,Energy,Private,Clean Electricity,Yes,1,0,1,0,0,0,$500M - $999M
3622,2023,CVW Cleantech,Titanium and Zircon Extraction Facility,AB,Mining,Private,Critical Mineral,Yes,1,0,0,0,0,1,$100M - $499M
3628,2023,EPCOR,EL Smith Solar Farm,AB,Energy,Private,Clean Electricity,Yes,1,0,1,0,0,0,<$100M
3630,2023,Field Upgrading,CleanSEAS Demonstration Plant,AB,Energy,Private,Waste Biomass,Yes,1,0,1,0,0,0,$100M - $499M
3638,2023,Kirkland Lake Gold Ltd.,Macassa Expansion,ON,Mining,Private,Other,No,1,0,0,0,0,0,$100M - $499M
3639,2023,Harte Gold Corp.,Sugar Zone,ON,Mining,Private,Precious Metal,No,1,0,0,0,1,1,$100M - $499M
3641,2023,Manitoba Hydro,Laverendrye-St.Vital 230kV Line & Breakers,MB,Energy,Public,Trans & Distr,No,1,0,0,0,0,0,<$100M
3642,2023,Manitoba Hydro,Reenders Station,MB,Energy,Public,Clean Electricity,Yes,1,0,1,0,1,0,<$100M
3643,2023,Manitoba Hydro,Dorsey Synchronous Condenser Refurbishment,MB,Energy,Public,Clean Electricity,Yes,1,0,0,0,0,0,<$100M
3644,2023,Manitoba Hydro,HVDC Transformer Sustainment,MB,Energy,Public,Trans & Distr,No,1,0,0,0,1,0,$100M - $499M
3645,2023,Equinor Canada,Bay du Nord offshore oil site,NL,Energy,Private,Oil & Gas - Upstream,No,1,0,0,0,1,0,"$5,000M+"
4000,2023,Hydro One,Northwest Bulk Transmission Line Waasigan Transmission Line,ON,Energy,Public,Trans & Distr,No,1,0,0,1,0,0,Unknown
4001,2023,Hydro One,Hawthorne to Merivale transmission upgrades (Planned),ON,Energy,Public,Trans & Distr,No,1,0,0,1,0,0,<$100M
4004,2023,ITC Holdings Corp. (subsidiary of Fortis),ITC Lake Erie Connector LLC,ON,Energy,Private,Other,Yes,1,0,0,0,1,0,"$1,000M - $4,999M"
4006,2023,Mines Agnico Eagle ltee,Wasamac,QC,Mining,Private,Precious Metal,No,1,0,0,1,0,1,$100M - $499M
4007,2023,NexGen Energy Ltd.,Rook I,SK,Mining,Private,Other,No,1,0,0,0,0,1,"$1,000M - $4,999M"
4008,2023,Denison Mines Corp.,Wheeler River - Phoenix,SK,Mining,Private,Other,No,1,0,0,0,0,1,$500M - $999M
4013,2023,Rio Tinto,Vaudreuil alumina refinery,QC,Mining,Private,Critical Mineral,Yes,1,0,0,0,0,1,$100M - $499M
4014,2023,Alcoa/Rio Tinto,The Elysis joint venture,QC,Mining,Private,Critical Mineral,Yes,1,0,0,0,0,1,$500M - $999M
4015,2023,Signal Gold Inc. (formerly Anaconda Mining),Goldboro Gold,NS,Mining,Private,Precious Metal,No,1,0,0,0,0,1,<$100M
4016,2023,Allkem Limited,James Bay Lithium,QC,Mining,Private,Critical Mineral,Yes,1,0,0,0,0,1,Unknown
4021,2023,Tolko,Mill upgrade,BC,Forest,Private,Pulp & Paper,No,1,0,0,0,0,1,<$100M
4024,2023,Active Energy Group,New advanced pellet plant,NL,Forest,Private,Other,Yes,1,0,0,0,0,1,<$100M
4026,2023,Resolute,Mill upgrade,ON,Forest,Private,Pulp & Paper,No,1,0,0,0,0,0,<$100M
4028,2023,Bois d'oeuvre Cedrico,Sawmill upgrade,QC,Forest,Private,Lumber,No,1,0,0,0,1,0,<$100M
4029,2023,Rayonier Advanced Materials,Sawmill upgrade,QC,Forest,Private,Lumber,No,1,0,1,1,0,0,<$100M
4030,2023,Gitxsan Development Corp and Airex Energy,Torrefied pellet plant,BC,Forest,Private,Other,Yes,1,0,0,0,0,0,<$100M
4035,2023,NGTL,NGTL 2022 Expansion (North Corridor and Edson Mainline),AB,Energy,Private,Trans & Distr,No,1,0,1,0,1,0,"$1,000M - $4,999M"
4037,2023,Les Ressources Yorbeau inc.,Lac scott,QC,Mining,Private,Other,No,1,0,0,0,0,0,$100M - $499M
4039,2023,Eastmain Resources,Eau Claire,QC,Mining,Private,Other,No,1,0,0,1,0,1,$100M - $499M
4041,2023,Gazoduq inc.,Gazoduq,Multi,Energy,Private,Other,Yes,1,0,0,0,0,0,"$1,000M - $4,999M"
4044,2023,EDF Renewables Canada Inc.,Cypress Wind Power Project,AB,Energy,Private,Clean Electricity,Yes,1,0,1,1,0,0,Unknown
4045,2023,Potentia Renewables Inc.,Stirling Wind Power Project,AB,Energy,Private,Clean Electricity,Yes,1,0,0,0,0,0,Unknown
4046,2023,Capstone Infrastructure Corporation,Buffalo Atlee Wind Farm 1 -3,AB,Energy,Private,Clean Electricity,Yes,1,0,0,0,1,0,Unknown
4048,2023,Potentia Renewables Inc.,Jenner Wind Power Project 1 and 2,AB,Energy,Private,Clean Electricity,Yes,1,0,0,0,1,0,Unknown
4050,2023,Canadian Solar,Three solar farms,AB,Energy,Private,Clean Electricity,Yes,1,0,0,0,1,1,$100M - $499M
4052,2023,Cascade Power,Cascade Natural Gas Project,AB,Energy,Private,NG Power Gen,No,1,0,0,0,0,0,"$1,000M - $4,999M"
4057,2023,EDF Renewables Canada,Vulcan Solar Project,AB,Energy,Private,Clean Electricity,Yes,1,0,0,0,1,1,$100M - $499M
4063,2023,Suncor,Forty Mile Wind Power Project,AB,Energy,Private,Clean Electricity,Yes,1,0,1,0,0,0,Unknown
4067,2023,Global First Power,Micro Modular Reactor demonstration project at Chalk River Laboratories,ON,Energy,Private,Nuclear,Yes,1,0,0,0,0,0,Unknown
4072,2023,PEI Energy Corporation,Borden Battery Park,PE,Energy,Public,"DER, Storage, EV",Yes,1,0,0,1,0,1,<$100M
4073,2023,PEI Energy Corporation,Western PEI Transmission Upgrade,PE,Energy,Private,Trans & Distr,No,1,0,0,0,0,1,<$100M
4077,2023,Synex Energy Resources Ltd.,Victoria Lake Hydro Project,BC,Energy,Private,Clean Electricity,Yes,1,0,0,0,0,1,<$100M
4079,2023,BC Hydro,Mica 600V Circuit Breaker Upgrades Project,BC,Energy,Public,Clean Electricity,Yes,1,0,0,0,0,0,<$100M
4080,2023,Pacific Greengen Power Inc.,Fries Creek Hydroelectric Project,BC,Energy,Private,Clean Electricity,Yes,1,0,0,0,1,1,<$100M
4081,2023,BC Hydro,Cheakamus Recoat Units 1 & 2 Penstock Project,BC,Energy,Public,Clean Electricity,Yes,1,0,0,0,0,0,<$100M
4084,2023,BC Hydro,Bridge River 2 - Strip and Recoat Penstock 1 Interior Project,BC,Energy,Public,Clean Electricity,Yes,1,0,1,0,1,0,<$100M
4093,2023,BC Hydro,Mica Modernize Controls (Digital) Project,BC,Energy,Public,Clean Electricity,Yes,1,0,0,0,0,0,<$100M
4094,2023,BC Hydro,Barnard Substation 50/60 Feeder Section Replacement Project,BC,Energy,Public,Trans & Distr,No,1,0,1,0,1,0,<$100M
4096,2023,Boralex,Babcock Ridge Wind Farm,BC,Energy,Private,Clean Electricity,Yes,1,0,0,0,0,1,<$100M
4097,2023,Sukunka Wind Project LP,Sukunka Wind Energy Project,BC,Energy,Private,Clean Electricity,Yes,1,0,0,0,0,0,<$100M
4098,2023,Zonnebeke Wind Project LP,Zonnebeke Wind Energy Project,BC,Energy,Private,Clean Electricity,Yes,1,0,0,1,0,0,<$100M
4104,2023,Canfor Corporation/Licella,Biofuel Facility,BC,Energy,Private,Low Carbon Fuels,Yes,1,0,0,1,0,1,<$100M
4105,2023,BC Hydro,South Fraser Transmission Relocation Project,BC,Energy,Public,Trans & Distr,No,1,0,1,0,0,0,<$100M
4106,2023,BC Hydro,Downtown Vancouver Electricity Supply - West End Strategic Property Purchase,BC,Energy,Public,Clean Electricity,Yes,1,0,0,0,0,0,<$100M
4107,2023,BC Hydro,Mica Replace Units 1-4 Transformers Project,BC,Energy,Public,Clean Electricity,Yes,1,0,1,0,1,0,<$100M
4108,2023,BCHydro,LNG Canada Load Interconnection Project,BC,Energy,Public,Trans & Distr,No,1,0,0,0,0,0,<$100M
4111,2023,Borealis Geopower,Canoe Reach Geothermal Energy Project,BC,Energy,Private,Clean Electricity,Yes,1,0,0,0,1,1,$100M - $499M
4114,2023,WindRiver Power Corp.,Kinskuch Hydroelectric Project,BC,Energy,Private,Clean Electricity,Yes,1,0,0,0,0,0,$100M - $499M
4115,2023,Pembina Pipeline Corp.,Watson Island Propane Export Terminal,BC,Energy,Private,Oil & Gas - Downstream,No,1,0,0,1,0,0,$100M - $499M
4116,2023,Alcan Aluminum Ltd. and the Province of BC,Kenney Dam Cold Water Release Facility,BC,Energy,Public,Clean Electricity,Yes,1,0,0,1,0,1,$100M - $499M
4117,2023,BC Hydro,Peace Region Electricity Supply Project,BC,Energy,Public,Clean Electricity,Yes,1,0,1,0,0,0,$100M - $499M
4119,2023,AltaGas / Vopak Development Canada Inc.,Ridley Island Energy Export Facility (REEF),BC,Energy,Private,"DER, Storage, EV",Yes,1,0,0,0,0,1,$500M - $999M
4122,2023,Teck Resources/NGEx Resources,GJ Kinaskan Lake Copper-Gold Project,BC,Mining,Private,Precious Metal,No,1,0,0,0,0,1,Unknown
4123,2023,Fortis BC Inc.,Nicola Lake Hydro Project,BC,Energy,Private,Clean Electricity,Yes,1,0,0,0,0,0,Unknown
4124,2023,Selkirk Metals Corp.,Gold Mine,BC,Mining,Private,Precious Metal,No,1,0,0,1,0,0,Unknown
4126,2023,Devon Energy Corporation/ BP JV,Pike,AB,Energy,Private,Clean Electricity,Yes,1,0,0,1,0,1,"$1,000M - $4,999M"
4129,2023,Pembina Pipelines Corp.,Peace Pipeline Expansion,AB,Energy,Private,Trans & Distr,No,1,0,1,0,0,0,$500M - $999M
4130,2023,Pembina Pipelines Corp.,Peace Pipeline Expansion,AB,Energy,Private,Trans & Distr,No,1,0,0,0,0,0,$500M - $999M
4133,2023,SinoCan Global,SinoCan Global Upgrader and Petrochemical Facility,AB,Energy,Private,Oil & Gas - Downstream,No,1,0,0,0,1,1,"$5,000M+"
4134,2023,Nauticol Energy,Nauticol Methanol Plant,AB,Energy,Private,Low Carbon Fuels,Yes,1,0,0,0,0,0,"$1,000M - $4,999M"
4137,2023,Wapahki Energy /CN Rail JV,Canapux Bitumen Processing Facility,AB,Energy,Private,Oil & Gas - Upstream,No,1,0,0,1,0,1,<$100M
4138,2023,DP Energy,South Calgary Solar Facility,AB,Energy,Private,Clean Electricity,Yes,1,0,1,0,0,0,<$100M
4143,2023,Calibre Mining (previously Marathon Gold Corporation),Valentine Gold Mine,NL,Mining,Private,Precious Metal,No,1,0,0,0,0,0,$100M - $499M
4148,2023,Ontario Power Generation,Ranney Falls Expansion,ON,Energy,Public,Other,Yes,1,0,0,0,1,0,<$100M
4153,2023,DP Energy Limited (Haligonia Tidal Energy Ltd. / Rio Fundo Operations Canada Ltd.),Uisce Tapa In-Stream Tidal Energy Project,NS,Energy,Private,Clean Electricity,Yes,1,0,0,0,1,1,$100M - $499M
4154,2023,Sustane Technologies,Sustane Chester,NS,Energy,Private,Other,Yes,1,0,0,0,0,0,<$100M
4155,2023,Eagle Hill Energy LP /Kwanlin Dn First Nation,Haeckel Hill Wind Farm,YK,Energy,Private,Clean Electricity,Yes,1,0,0,0,1,0,<$100M
4158,2023,EDF Renewables,Sharp Hills wind farm (248 MW),AB,Energy,Private,Clean Electricity,Yes,1,0,0,0,1,0,$500M - $999M
4159,2023,Noront Resources Ltd.,Ferrochrome Processing Facility,ON,Mining,Private,Other,No,1,0,0,0,1,0,"$1,000M - $4,999M"
4160,2023,Resolute Forest Products,New cellulose filament plant,QC,Forest,Private,Other,Yes,1,0,0,1,0,0,<$100M
4162,2023,Waroona Energy Inc.,Superior Lake (formerly Pick Lake/Winston Lake Zinc Project),ON,Mining,Private,Other,No,1,0,0,1,0,1,$100M - $499M
4163,2023,Canadian Premium Sand,Wanipigow,MB,Mining,Private,Other,No,1,0,0,0,0,1,$100M - $499M
4166,2023,Foran Mining Corp.,McIlvenna Bay,SK,Mining,Private,Other,No,1,0,0,0,0,1,$100M - $499M
4167,2023,Electra Battery Materials Corp.,Cobalt Refinery Complex,ON,Mining,Private,Critical Mineral,Yes,1,0,0,0,0,0,<$100M
4168,2023,Alliance Magnesium,Alliance Magnesium Plant,QC,Mining,Private,Critical Mineral,Yes,1,0,0,0,1,0,$100M - $499M
4169,2023,Allegiance Coal,Telkwa (Delete same project as Tenas Project (ID3610),BC,Mining,Private,Coal,No,1,0,0,0,1,1,<$100M
4170,2023,FortisBC,Tilbury Phase 2 LNG Expansion,BC,Energy,Private,Oil & Gas - Downstream,No,1,0,0,0,0,0,Unknown
4172,2023,NGTL,NGTL Westpath Delivery project 2023,AB,Energy,Private,Other,Yes,1,0,0,1,0,0,"$1,000M - $4,999M"
4173,2023,SJ Energy,Burchill Wind Energy,NB,Energy,Private,Clean Electricity,Yes,1,0,0,0,1,1,<$100M
4174,2023,Kahnawake Sustainable Energies (KSE) et Kruger,Des cultures,QC,Energy,Private,Other,Yes,1,0,0,0,0,0,<$100M
4176,2023,Innergex et corporation fonciaoAEre Pituvik,Centrale hydroao lectrique Innavik,QC,Energy,Private,Clean Electricity,Yes,1,0,0,0,1,1,$100M - $499M
4178,2023,Suncor Energy Inc.,Suncor Power Cogeneration Units,AB,Energy,Private,NG Power Gen,No,1,0,0,0,0,0,"$1,000M - $4,999M"
4179,2023,Cenovus Energy Inc.,Christina Lake Phase H Expansion,AB,Energy,Private,Other,Yes,1,0,0,0,1,1,"$1,000M - $4,999M"
4180,2023,TC Energy Corporation,2023 NGTL Intra-Basin System Expansion,AB,Energy,Private,Other,Yes,1,0,0,0,0,0,$500M - $999M
4181,2023,Nova Gas Transmission,Edson Mainline Expansion Project,AB,Energy,Private,Trans & Distr,No,1,0,1,0,1,0,$500M - $999M
4182,2023,Imperial Oil Ltd.,Cold Lake Thermal Project Enhancements,AB,Energy,Private,Oil & Gas - Upstream,No,1,0,0,0,0,0,$100M - $499M
4183,2023,TC Energy Corporation,Alberta XPress Expansion Project,AB,Energy,Private,Other,Yes,1,0,1,0,1,0,$100M - $499M
4186,2023,Berkshire Hathaway Energy Canada,Rattlesnake Ridge Wind Project,AB,Energy,Private,Clean Electricity,Yes,1,0,1,0,0,0,$100M - $499M
4188,2023,Alpin Sun,Airport City Solar,AB,Energy,Private,Clean Electricity,Yes,1,0,0,0,0,1,$100M - $499M
4194,2023,Pembina Pipeline Corporation,Peace Pipeline Expansion Phase 9,AB,Energy,Private,Trans & Distr,No,1,0,1,0,0,0,$100M - $499M
4198,2023,Climate Transition Development Corporation,Greenview Geothermal Power Plant (Alberta No. 1),AB,Energy,Private,Clean Electricity,Yes,1,0,0,0,0,1,<$100M
4201,2023,Manitoba Hydro,Portage Area Capacity Enhancements,MB,Energy,Public,Other,Yes,1,0,0,0,0,0,$100M - $499M
4202,2023,Spicer,PempaoNq In-stream Tidal Energy Project,NS,Energy,Private,Clean Electricity,Yes,1,0,0,0,1,1,$100M - $499M
4203,2023,Big Moon Power,Tidal power demonstration facility,NS,Energy,Private,Clean Electricity,Yes,1,0,0,0,0,1,<$100M
4204,2023,Jupiter Hydro,In-Stream Tidal Demonstration Project,NS,Energy,Public,Clean Electricity,Yes,1,0,0,0,0,1,<$100M
4205,2023,Nova Innovation,The Nova Tidal Array (Petit Passage),NS,Energy,Private,Clean Electricity,Yes,1,0,0,0,0,0,<$100M
4214,2023,Imperial Oil Ltd.,Waterdown to Finch Project,ON,Energy,Private,Oil & Gas - Upstream,No,1,0,1,0,1,0,$100M - $499M
4215,2023,Hydro One,Lakeshore Transmission Stations Project Leamington Area Transmission Reinforcement (Lakeshore Transmission Station & Chatham to Lakeshore Line),ON,Energy,Public,Trans & Distr,No,1,0,0,0,0,0,$100M - $499M
4216,2023,NRStor and Six Nations of the Grand River Development Corporation Oneida Energy Storage LP,Oneida Energy Storage,ON,Energy,Private,"DER, Storage, EV",Yes,1,0,0,0,1,1,Unknown
4217,2023,Cenovus Energy Inc.,Spruce Lake East Lloyd,SK,Energy,Private,Clean Electricity,Yes,1,0,0,0,0,0,Unknown
4218,2023,North American Helium,Helium Purification Plant,SK,Energy,Private,Other,Yes,1,0,1,0,1,0,<$100M
4219,2023,Yukon Energy Corporation,Grid-Scale Battery Storage,YK,Energy,Public,"DER, Storage, EV",Yes,1,0,0,0,0,0,<$100M
4220,2023,Port Hawkesbury Paper,Goose Harbour Lake Wind Farm (formerly Pirate Harbour),NS,Energy,Private,Clean Electricity,Yes,1,0,0,0,1,1,$100M - $499M
4221,2023,City of Summerside / Republic of KoreaoNs Samsung Renewable Energy,City of Summerside Solar Farm,PE,Energy,Public,Clean Electricity,Yes,1,0,0,0,0,0,<$100M
4223,2023,Potentia Renewables Inc.,Jenner Wind Power Project 3,AB,Energy,Private,Clean Electricity,Yes,1,0,0,0,1,0,Unknown
4224,2023,WindRiver Power Corp. & TC Energy,Canyon Creek Hydro Power Project (storage),AB,Energy,Private,Clean Electricity,Yes,1,0,0,0,1,1,$100M - $499M
4226,2023,Greengate Power Corporation,Wheatland Wind Project,AB,Energy,Private,Clean Electricity,Yes,1,0,1,0,0,0,$100M - $499M
4230,2023,JD Irving,Mill modernization and upgrade,NB,Forest,Private,Pulp & Paper,No,1,0,0,0,0,0,<$100M
4231,2023,Enbridge Frontier Inc.,Frontier NGL Plant and Pipeline Project,BC,Energy,Private,Trans & Distr,No,1,0,0,0,1,1,"$1,000M - $4,999M"
5000,2023,CanWhite Sands Corporation,DEN prooperty,MB,Mining,Private,Other,No,1,0,0,0,0,0,Unknown
5001,2023,CanWhite Sands Corporation,VIVIAN Sand Facility Project,MB,Mining,Private,Other,No,1,0,0,1,0,0,Unknown
5002,2023,Inuvialuit Petroleum Corporation,Inuvialuit Energy Security Project,NT,Energy,Private,Clean Electricity,Yes,1,0,0,1,0,1,Unknown
5004,2023,CanWhite Sands Corporation,BRU property,MB,Mining,Private,Other,No,1,0,0,0,0,0,Unknown
5006,2023,Skidegate Band Council,Haida Gwaii Clean Energy Project,BC,Energy,Private,Clean Electricity,Yes,1,0,0,1,0,0,<$100M
5007,2023,NTPC,The Inuvik Wind Generation Project,NT,Energy,Private,Clean Electricity,Yes,1,0,0,0,1,0,<$100M
5010,2023,Deh Tai GP Ltd,Clarke Lake Geothermal Development,BC,Energy,Private,Clean Electricity,Yes,1,0,0,0,1,1,$100M - $499M
5015,2023,Pace Canada LP,Youngstown Solar Project,AB,Energy,Private,Clean Electricity,Yes,1,0,0,0,0,0,<$100M
5016,2023,Pace Canada LP,Caroline Solar Project,AB,Energy,Private,Clean Electricity,Yes,1,0,0,1,0,1,<$100M
5017,2023,Pace Canada LP,Hannah Sheerness Solar Project,AB,Energy,Private,Clean Electricity,Yes,1,0,0,0,0,1,<$100M
5018,2023,Tlingit Homeland Energy Limited Partnership (THELP),Atlin Hydro Expansion project,BC,Energy,Private,Clean Electricity,Yes,1,0,0,0,0,1,Unknown
5019,2023,AWP Industrial Park,"pellet mill, sawmill, biomass power plant and logistics",NT,Forest,Private,Lumber,No,1,0,0,0,0,1,<$100M
5021,2023,Capstone Infrastructure,Kneehill Solar Project,AB,Energy,Private,Clean Electricity,Yes,1,0,0,0,0,0,<$100M
5022,2023,Capstone Infrastructure,Michichi Solar Generation Facility,AB,Energy,Private,Clean Electricity,Yes,1,0,0,1,0,0,<$100M
5025,2023,Interfor Corporation,Mill improvement,BC,Forest,Private,Pulp & Paper,No,1,0,0,1,0,1,<$100M
5027,2023,Osisko Development Corp.,Cariboo Gold Project,BC,Mining,Private,Precious Metal,No,1,0,0,0,0,1,$100M - $499M
5028,2023,St Barbara Ltd.,Moose River Consolidated (15 Mile Stream Mine),NS,Mining,Private,Precious Metal,No,1,0,0,0,0,1,$100M - $499M
5029,2023,Kruger,Brompton paper upgrade,QC,Forest,Private,Pulp & Paper,No,1,0,0,0,0,0,$100M - $499M
5033,2023,Capital Power,Enchant Solar Project,AB,Energy,Private,Clean Electricity,Yes,1,0,1,0,1,0,$100M - $499M
5034,2023,Greengate Power Corporation,Lathom Solar Project,AB,Energy,Private,Clean Electricity,Yes,1,0,0,0,0,1,$100M - $499M
5035,2023,Pace Canada LP,Joffre Solar Power Project,AB,Energy,Private,Clean Electricity,Yes,1,0,0,0,0,0,<$100M
5036,2023,TC Energy Corporation,Saddlebrook Solar and Storage Project,AB,Energy,Private,"DER, Storage, EV",Yes,1,0,0,0,1,0,$100M - $499M
5037,2023,TransAlta Renewables,Garden Plain Wind Project,AB,Energy,Private,Clean Electricity,Yes,1,0,1,0,1,0,$100M - $499M
5038,2023,TransAlta Renewables,Tempest Wind Power Project,AB,Energy,Private,Clean Electricity,Yes,1,0,0,0,0,1,$100M - $499M
5039,2023,Montem Resources,Tent Mountain (Chinook),AB,Mining,Private,Other,No,1,0,0,0,0,0,$100M - $499M
5040,2023,Prairie Sunlight,Vauxhall Solar Farm,AB,Energy,Private,Clean Electricity,Yes,1,0,0,1,0,1,$100M - $499M
5041,2023,AltaLink,Provost to Edgerton and Nilrem to Vermilion (PENV) Transmission Development,AB,Energy,Private,Trans & Distr,No,1,0,0,0,0,1,$100M - $499M
5043,2023,BowArk Energy Ltd.,Lanfine North Wind Power Project,AB,Energy,Private,Clean Electricity,Yes,1,0,1,0,0,0,$100M - $499M
5044,2023,Enel Green Power,Grizzly Bear Wind Power Project,AB,Energy,Private,Clean Electricity,Yes,1,0,0,0,0,0,$100M - $499M
5045,2023,Carbon Clean Energy Inc.,Project Wheatland BioFuel Facility,AB,Energy,Private,Low Carbon Fuels,Yes,1,0,0,1,0,1,$100M - $499M
5047,2023,Air Products,Canada Net-zero Hydrogen Energy Complex,AB,Energy,Private,Clean Electricity,Yes,1,0,0,0,0,0,"$1,000M - $4,999M"
5048,2023,Ascent Energy Partners,Dunmore Solar Project,AB,Energy,Private,Clean Electricity,Yes,1,0,0,0,1,1,$100M - $499M
5049,2023,Wolf Midstream,NGL North Integrated Energy Infrastructure System,AB,Energy,Private,Clean Electricity,Yes,1,0,0,0,0,0,$100M - $499M
5050,2023,Copenhagen Infrastructure Parteners ABO Wind Canada Ltd.,Buffalo Plains Wind Farm,AB,Energy,Private,Clean Electricity,Yes,1,0,0,0,1,1,$500M - $999M
5052,2023,Fortis,Tilbury LNG Phase 2,BC,Energy,Private,Oil & Gas - Downstream,No,1,0,0,0,0,1,"$1,000M - $4,999M"
5053,2023,Alberta BioBoard,MDF and Fuel Pellet Plant,AB,Energy,Private,Waste Biomass,Yes,1,0,0,0,0,1,$500M - $999M
5054,2023,Siemens Energy,Siemens Energy Waste Heat-to-Power Pilot,AB,Energy,Private,Clean Heat,Yes,1,0,1,0,0,0,Unknown
5055,2023,Suncor ATCO JV,Suncor ATCO Hydrogen Project,AB,Energy,Private,Low Carbon Fuels,Yes,1,0,0,0,0,0,Unknown
5056,2023,Capital Power,Genesee Power Plant Natural Gas Conversion,AB,Energy,Private,NG Power Gen,No,1,0,0,1,0,0,$500M - $999M
5058,2023,TBD,Southern Lakes Transmission Network,YK,Energy,Private,Trans & Distr,No,1,0,0,0,1,0,Unknown
5059,2023,TBD,Moon Lake Pumped Storage,YK,Energy,Private,"DER, Storage, EV",Yes,1,0,0,1,0,0,Unknown
5060,2023,Fortis,Tilbury LNG Phase 1B,BC,Energy,Private,Oil & Gas - Downstream,No,1,0,0,1,0,1,Unknown
5061,2023,Manitoba Hydro,Kettle Unit 6 Minor Overhaul,MB,Energy,Public,Clean Electricity,Yes,1,0,0,0,0,1,<$100M
5062,2023,Manitoba Hydro,Kettle Unit 10 Minor Overhaul,MB,Energy,Public,Clean Electricity,Yes,1,0,0,0,0,1,<$100M
5063,2023,Manitoba Hydro,Kettle Unit 5 Minor Overhaul,MB,Energy,Public,Clean Electricity,Yes,1,0,0,0,0,0,<$100M
5064,2023,Manitoba Hydro,Southwest Wpg 115kV Tsfrmr Improv-Phase2,MB,Energy,Public,Clean Electricity,Yes,1,0,0,0,1,0,<$100M
5066,2023,Ontario Power Generation,Redevelopment of the Calabogie site,ON,Energy,Public,Clean Electricity,Yes,1,0,0,0,1,0,$100M - $499M
5067,2023,Ontario Power Generation,Redevelopment of Coniston station,ON,Energy,Public,Clean Electricity,Yes,1,0,0,0,1,1,<$100M
5068,2023,Lakeshore Natural Gas,Certarus and North Shore Distribution project,ON,Energy,Private,Other,Yes,1,0,0,0,0,1,<$100M
5075,2023,Avalon Advanced Materials Inc.,Separation Rapids,ON,Mining,Private,Other,No,1,0,0,0,0,1,<$100M
5076,2023,Resolve Energie,Usine de production d'ethanol cellulosique,QC,Energy,Private,Oil & Gas - Upstream,No,1,0,0,0,0,1,$100M - $499M
5077,2023,Greenfield Global,Agrandissement usine d'ethanol a Varennes,QC,Energy,Private,Low Carbon Fuels,Yes,1,0,0,0,0,1,$100M - $499M
5082,2023,Elemental Energy,Awasis Solar,SK,Energy,Private,Clean Electricity,Yes,1,0,1,0,0,0,Unknown
5084,2023,Kruger Energy Inc.,Foxtail Grove Solar,SK,Energy,Private,Clean Electricity,Yes,1,0,0,0,0,1,Unknown
5085,2023,Prairie Green Renewable Energy Inc.,Prairie Green Renewable Energy,SK,Energy,Private,Clean Electricity,Yes,1,0,0,0,0,0,Unknown
5086,2023,DEEP,DEEP Geothermal,SK,Energy,Private,Clean Electricity,Yes,1,0,0,1,0,1,Unknown
5087,2023,Innagreen Investments and Awasis Nehiyawewini Energy Development,Bekevar Wind Energy Project,SK,Energy,Private,Clean Electricity,Yes,1,0,0,0,0,0,Unknown
5089,2023,Independent Energy Corp.,Kerrobert Crude Oil Processing Facility,SK,Energy,Private,Oil & Gas - Upstream,No,1,0,0,0,1,0,<$100M
6001,2023,Pembina Pipeline Corporation and TC Energy,Alberta Carbon Grid,AB,Energy,Private,CCUS,Yes,1,0,0,0,1,0,Unknown
6002,2023,Highwood Organics Processing,Aldersyde Bioenergy Facility,AB,Energy,Private,Waste Biomass,Yes,1,0,0,1,0,1,<$100M
6003,2023,"Shell Canada Limited, ATCO Energy Solutions Ltd., and Suncor Energy Inc.",Atlas Carbon Sequestration Hub,AB,Energy,Private,CCUS,Yes,1,0,0,0,0,0,Unknown
6004,2023,City of St. Albert,Badger Lands Solar Farm,AB,Energy,Public,Clean Electricity,Yes,1,0,0,1,0,0,<$100M
6005,2023,BHP Billiton Petroleum,BHP Canada Exploration Drilling Project,NL,Energy,Private,Oil & Gas - Upstream,No,1,0,0,1,0,0,$500M - $999M
6006,2023,Recyclage carbone Varenne (Technologie d'Enerkem),Biofuel Facility,QC,Forest,Private,Other,Yes,1,0,0,1,0,0,$500M - $999M
6008,2023,McEwen Mining Inc.,Black Fox,ON,Mining,Private,Other,No,1,0,0,0,1,1,$100M - $499M
6009,2023,McEwen Mining Inc.,Black Fox Mine Froome Expansion,ON,Mining,Private,Other,No,1,0,0,0,0,0,$100M - $499M
6012,2023,Elemental Energy,Chappice Lake Solar Storage Project,AB,Energy,Private,"DER, Storage, EV",Yes,1,0,0,0,1,0,<$100M
6013,2023,Enbridge Inc.,Cherry to Bathurst NPS 20 Pipeline Replacement Project,ON,Energy,Private,Trans & Distr,No,1,0,0,1,0,0,$100M - $499M
6014,2023,Canadian Natural Resources Ltd. (CNRL),CNRL In-Pit Extraction Process Demonstration,AB,Energy,Private,Oil & Gas - Upstream,No,1,0,0,0,1,0,<$100M
6016,2023,Voltarix Group,Creekside Solar Project,AB,Energy,Private,Clean Electricity,Yes,1,0,0,1,0,1,<$100M
6017,2023,ATCO,Deerfoot Solar Project,AB,Energy,Private,Clean Electricity,Yes,1,0,0,0,0,0,<$100M
6018,2023,FortisBC,Eagle Mountain - Woodfibre Gas Pipeline,BC,Energy,Private,Trans & Distr,No,1,0,0,0,1,1,$100M - $499M
6019,2023,Skeena Resources Ltd.,Eskay Creek Mine,BC,Mining,Private,Precious Metal,No,1,0,0,0,0,1,$100M - $499M
6020,2023,NOVA Gas Transmission Ltd.,Foothills Zone 8 West Path Delivery 2022,BC,Energy,Private,Clean Electricity,Yes,1,0,1,0,0,0,<$100M
6021,2023,NOVA Gas Transmission Ltd.,Foothills Zone 8 West Path Delivery 2023,BC,Energy,Private,Clean Electricity,Yes,1,0,0,0,0,0,$100M - $499M
6022,2023,NTPC,Fort Providence and Kakisa Transmission Line,NT,Energy,Private,Trans & Distr,No,1,0,0,0,1,1,<$100M
6024,2023,FD Power,Genalta Flare Gas Bromhead,SK,Energy,Private,Other,Yes,1,0,0,0,0,0,Unknown
6025,2023,Rock Tech Lithium Inc.,Georgia Lake,ON,Mining,Private,Critical Mineral,Yes,0,1,0,1,0,1,$100M - $499M
6026,2023,TransAlta Corporation,Ghost River WaterCharger Battery Energy Storage,AB,Energy,Private,"DER, Storage, EV",Yes,1,0,0,0,0,0,$100M - $499M
6027,2023,Entropy Inc.,Glacier Gas Plant CCS (Phase 1),AB,Energy,Private,Oil & Gas - Downstream,No,1,0,1,0,1,0,<$100M
6028,2023,TransAlta Corporation,Glacier Gas Plant CSS (Phase 2),AB,Energy,Private,Oil & Gas - Downstream,No,1,0,0,0,0,1,<$100M
6029,2023,LNG Newfoundland and Labrador,Grassy Point LNG,NL,Energy,Private,Oil & Gas - Downstream,No,1,0,0,0,0,1,"$5,000M+"
6030,2023,Capital Power,Halkirk Wind Project Phase 2,AB,Energy,Private,Clean Electricity,Yes,1,0,0,0,0,1,$100M - $499M
6031,2023,Diageo Canada Inc.,Implantation de mesures de reduction des emissions de GES et de conversion energetique,QC,Energy,Private,Waste Biomass,Yes,1,0,0,0,0,1,<$100M
6032,2023,BigMoon Canada Corporation,In-Stream Tidal Energy Project,NS,Energy,Private,Clean Electricity,Yes,1,0,0,0,0,1,<$100M
6033,2023,International Wood Industries,Integrated wood processing facility (sawmill and pellet plant),ON,Forest,Private,Lumber,No,1,0,0,0,0,0,Unknown
6034,2023,"ITOCHU Corporation, Petronas Canada, Interpipe (Brookfield Infrastructure)",ITOCHU/Petronas/Interpipe (Brookfield Infrastructure) Blue Ammonia Production Facility,AB,Energy,Private,Low Carbon Fuels,Yes,1,0,0,1,0,1,"$1,000M - $4,999M"
6035,2023,Landore Resources Limited,Junior Lake (BAM Gold Project),ON,Mining,Private,Precious Metal,No,0,1,0,0,0,1,$100M - $499M
6036,2023,Imperial Oil,Kearl Oil Sand In-Pit Tailings Project,AB,Energy,Private,Oil & Gas - Upstream,No,1,0,0,0,0,0,$500M - $999M
6037,2023,Manitoba Hydro,Kettle Unit 8 Stator Overhaul,MB,Energy,Public,Clean Electricity,Yes,1,0,0,0,1,1,<$100M
6038,2023,Keyera Corp. and SemCAMS Midstream,Key Access Pipeline System Project,AB,Energy,Private,Trans & Distr,No,1,0,1,0,0,0,"$1,000M - $4,999M"
6040,2023,FD Power,Kopahawakenum,SK,Energy,Private,Other,Yes,1,0,0,0,0,1,<$100M
6041,2023,SOQUEM,Kwyjibo,QC,Mining,Private,Other,No,0,1,0,0,0,1,$500M - $999M
6042,2023,Mao taux Lomiko,La Loutre Graphite,QC,Mining,Private,Critical Mineral,Yes,1,0,0,0,0,1,$100M - $499M
6043,2023,Hydro One,Chatham to Lakeshore Transmission Line,ON,Energy,Public,Trans & Distr,No,1,0,0,0,0,0,$500M - $999M
6044,2023,Lafarge Canada Inc.,Landfill Fly Ash Beneficiation Project,AB,Energy,Private,Waste Biomass,Yes,1,0,0,0,1,1,<$100M
6045,2023,Manitoba Hydro,Limestone Units 1-3 & 5-10 Stator Re-Wedge,MB,Energy,Public,Clean Electricity,Yes,1,0,0,0,0,0,<$100M
6046,2023,"LNG Canada (Shell Canada Limited, PETRONAS, Korea Gas Corporation (KOGAS), Mitsubishi Corporation, and PetroChina Company Limited)",LNG Canada Phase 2,BC,Energy,Private,Oil & Gas - Downstream,No,1,0,0,0,1,1,Unknown
6047,2023,Manitoba Hydro,Long Spruce Generator Protection Replacement,MB,Energy,Public,Clean Electricity,Yes,1,0,0,0,0,0,<$100M
6048,2023,Canadian Malartic GP,Malartic extension project - Odyssey,QC,Mining,Private,Other,No,1,0,0,0,1,0,$500M - $999M
6049,2023,Mines Agnico Eagle ltee,Malartic Extension Project (Odyssey),QC,Mining,Private,Other,No,1,0,0,0,1,0,"$1,000M - $4,999M"
6050,2023,Miniere O3,Marban Block,QC,Mining,Private,Other,No,0,1,0,0,1,1,$100M - $499M
6052,2023,Bison Low Carbon Ventures Inc.,Meadowbrook Hub Project,AB,Energy,Private,Other,Yes,1,0,0,0,0,0,Unknown
6053,2023,TC Energy Corporation,Meaford Pumped Storage Project,ON,Energy,Private,"DER, Storage, EV",Yes,1,0,0,1,0,1,"$1,000M - $4,999M"
6054,2023,Mercer International,Mercer Peace River Fibre Procurement Project,AB,Forest,Private,Other,Yes,1,0,1,0,0,0,<$100M
6055,2023,Western Resources Corp.,Milestone,SK,Mining,Private,Other,No,1,0,0,0,0,0,Unknown
6056,2023,San Group,Mill and port upgrades,BC,Forest,Private,Pulp & Paper,No,1,0,0,1,0,1,$100M - $499M
6057,2023,Resolute,Mill modernization and new equipment,QC,Forest,Private,Pulp & Paper,No,1,0,0,0,0,1,<$100M
6058,2023,MAXIM Power Corp.,Milner 2 Combined Cycle Gas Turbine Power Project,AB,Energy,Private,NG Power Gen,No,1,0,1,0,0,0,$100M - $499M
6059,2023,"Mitsubishi Corporation, Shell Canada Limited",Mitsubishi/Shell Ammonia Project,AB,Energy,Private,Low Carbon Fuels,Yes,1,0,0,0,0,0,Unknown
6061,2023,Voyager Metals inc.,Mont Sorcier,QC,Mining,Private,Other,No,0,1,0,1,0,1,$500M - $999M
6062,2023,Voltarix Group,Moon Lake Solar Project,AB,Energy,Private,Clean Electricity,Yes,1,0,0,0,0,1,<$100M
6063,2023,Northriver Midstream NEBC Connector GP Inc.,NEBC Connector Project,Multi,Energy,Private,Clean Electricity,Yes,1,0,0,0,0,1,$100M - $499M
6064,2023,One Sky Forest Products,New OSB Mill,SK,Forest,Private,EWP,No,1,0,0,0,0,1,$100M - $499M
6066,2023,NOVA Gas Transmission Ltd.,NGTL West Path Delivery 2022 Project,AB,Energy,Private,Clean Electricity,Yes,1,0,0,0,0,0,$100M - $499M
6067,2023,Northern Petrochemical Corp.,Northern Petrochemical Ammonia and Methanol Production Facility,AB,Energy,Private,Low Carbon Fuels,Yes,1,0,0,1,0,1,"$1,000M - $4,999M"
6068,2023,Ciment Quao bec,Nouvel atelier de broyage ciment,QC,Energy,Private,Other,Yes,1,0,1,0,0,0,$100M - $499M
6069,2023,Wawa OSB Inc,OSB Mill restart,ON,Forest,Private,EWP,Yes,1,0,0,0,0,1,$100M - $499M
6072,2023,Peak Renewables,Pellet Plant,BC,Forest,Private,Other,Yes,1,0,0,0,0,1,<$100M
6073,2023,Groupe Lebel,Pellet plant,QC,Forest,Private,Other,Yes,1,0,0,0,0,0,Unknown
6074,2023,Nihat Corp,Pellet plant,NWT,Forest,Private,Other,Yes,1,0,0,0,1,0,Unknown
6075,2023,Nairn Centre Wood Pellet Plant,Pellet plant,ON,Forest,Private,Other,Yes,1,0,0,1,0,0,Unknown
6076,2023,Whitesands First Nation,Pellet plant and biomass co-gen,ON,Forest,Private,Other,Yes,1,0,0,1,0,0,Unknown
6077,2023,Hydro One,Power Downtown Toronto,ON,Energy,Public,Trans & Distr,No,1,0,0,1,0,1,$100M - $499M
6079,2023,Heartland Generation,Rainbow Lake Generating Station Expansion,AB,Energy,Private,Other,Yes,1,0,0,0,0,1,<$100M
6081,2023,Newcrest Mining Ltd./Imperial Metals,Red Chris Block Cave Expansion,BC,Mining,Private,Precious Metal,No,1,0,0,0,0,1,"$1,000M - $4,999M"
6083,2023,Voltarix Group,Rocktree Solar Project,AB,Energy,Private,Clean Electricity,Yes,1,0,0,0,0,1,<$100M
6084,2023,DP Energy,Saamis Solar Farm,AB,Energy,Private,Clean Electricity,Yes,1,0,0,0,0,1,$100M - $499M
6085,2023,Dunkley Lumber,Saw Mill Expansion,SK,Forest,Private,Lumber,No,1,0,0,0,0,0,$100M - $499M
6086,2023,Silicon Ranch,Scottford Refinery Solar Farm,AB,Energy,Private,"DER, Storage, EV",Yes,1,0,0,0,1,0,$100M - $499M
6087,2023,Magna Mining Inc.,Shakespeare,ON,Mining,Private,Other,No,1,0,0,0,1,1,$100M - $499M
6088,2023,Expander Energy,Slave Lake Bio-Mass/Gas to Liquids Plant (Phase 1),AB,Energy,Private,Waste Biomass,Yes,1,0,0,0,0,1,<$100M
6089,2023,Hydro One,St.Clair Transmission Line,ON,Energy,Public,Trans & Distr,No,1,0,0,0,0,1,$100M - $499M
6090,2023,Imperial Oil Ltd.,Strathcona Refinery Renewable Diesel Expansion,AB,Energy,Private,Low Carbon Fuels,Yes,1,0,0,0,0,0,$500M - $999M
6091,2023,"ATCO, Suncor",Suncor and ATCO clean hydrogen project,AB,Energy,Private,Low Carbon Fuels,Yes,1,0,0,0,1,1,Unknown
6092,2023,Suncor Energy Inc.,Suncor PURE Demonstration Facility,AB,Energy,Private,Clean Electricity,Yes,1,0,0,0,0,1,<$100M
6093,2023,Enbridge Inc.,The Open Access Wabamun Carbon Hub,AB,Energy,Private,CCUS,Yes,1,0,0,0,0,0,Unknown
6094,2023,Enhance Energy Inc.,The Origins Project,AB,Energy,Private,Clean Electricity,Yes,1,0,0,1,0,0,Unknown
6095,2023,Suncor,Tilt Cove Exploration Drilling Project,NL,Energy,Private,Oil & Gas - Upstream,No,1,0,0,1,0,1,<$100M
6097,2023,Agnico Eagle Mines Limited,Upper Beaver,ON,Mining,Private,Other,No,1,0,0,0,0,1,$100M - $499M
6098,2023,Elkem Metal Canada,Usine de demonstration de fabrication de briquettes de biocarbone,QC,Energy,Private,Waste Biomass,Yes,1,0,0,0,0,0,<$100M
6100,2023,Probe Gold inc.,Novador,QC,Mining,Private,Precious Metal,No,0,1,0,0,1,1,$100M - $499M
6101,2023,Ville de Quebec,Projet de valorisation de la vapeur de l'incinerateur pour le CHU de Quebec - Universite Laval,QC,Energy,Private,Other,Yes,1,0,0,0,0,1,<$100M
6102,2023,Galleon Gold Corp.,West Cache,ON,Mining,Private,Precious Metal,No,1,0,0,0,0,0,$100M - $499M
6103,2023,"Enbridge Inc., BG Group",Westcoast Connector Gas Transmission Project,BC,Energy,Private,Trans & Distr,No,1,0,0,1,0,0,"$5,000M+"
6104,2023,NTPC,Whati Transmission Line,NT,Energy,Private,Trans & Distr,No,1,0,0,1,0,1,<$100M
6105,2023,BluEarth Renewables,Wheatcrest Solar Project,AB,Energy,Private,Clean Electricity,Yes,1,0,0,0,0,0,$100M - $499M
6106,2023,Wolf Midstream,Wolf Midstream Carbon Hub,AB,Energy,Private,CCUS,Yes,1,0,0,0,1,0,Unknown
7000,2023,Strategic Resources Inc.,BlackRock,QC,Mining,Private,Other,No,0,1,0,1,0,1,"$1,000M - $4,999M"
7001,2023,Sabre Gold Mines Corp.,Brewery Creek,YK,Mining,Private,Precious Metal,No,0,1,0,0,0,1,$100M - $499M
7002,2023,Dore Copper Mining Corp.,Corner Bay,QC,Mining,Private,Critical Mineral,Yes,0,1,0,0,0,1,$100M - $499M
7003,2023,Rio Tinto Group,Jonquiere Refinery,QC,Mining,Private,Critical Mineral,Yes,0,1,0,0,0,1,"$1,000M - $4,999M"
7004,2023,Nouveau Monde Graphite Inc,Lac Gueret,QC,Mining,Private,Critical Mineral,Yes,0,1,0,0,0,1,"$1,000M - $4,999M"
7005,2023,Groupe minier Impao rial,Crater Lake,QC,Mining,Private,Other,No,0,1,0,0,0,1,$500M - $999M
7006,2023,H2V Energies,Alpha Plant,QC,Energy,Private,Waste Biomass,Yes,0,1,0,0,0,0,"$1,000M - $4,999M"
7007,2023,Saskpower,Aspen Power Station,SK,Energy,Public,Low Carbon Fuels,Yes,0,1,0,0,1,1,"$1,000M - $4,999M"
7008,2023,ATCO,ATCO Kansai Electric Power Ammonia Project (Natural Gas with CCUS),AB,Energy,Private,NG Power Gen,No,0,1,0,0,0,1,"$1,000M - $4,999M"
7009,2023,Energir Developpement/Nature Energy,Biomethanization plants in Quebec- Farnham Project,QC,Energy,Private,Waste Biomass,Yes,0,1,0,0,0,1,"$1,000M - $4,999M"
7010,2023,Enbridge Gas,Bobcaygeon Natural Gas Expansion,ON,Energy,Private,NG Power Gen,No,0,1,0,0,0,1,$100M - $499M
7011,2023,Centre de Tratement de la Biomasse de la Monteregie (CTBM) Inc.,Centre de Tratement de la Biomasse de la Monteregie,QC,Energy,Private,Waste Biomass,Yes,0,1,0,0,0,1,<$100M
7012,2023,Cielo Waste Solutions Corp.,Cielo- Halifax,NS,Energy,Private,Other,Yes,0,1,0,0,0,1,<$100M
7013,2023,Enbridge Gas,Dawn-Corruna Project,ON,Energy,Private,Oil & Gas - Upstream,No,0,1,0,0,0,0,$100M - $499M
7014,2023,Capital Power Corporation,East Windsor Expansion,ON,Energy,Private,"DER, Storage, EV",Yes,0,1,0,0,1,1,$100M - $499M
7015,2023,Eco Options Energy Cooperative,Eco Options Energy Cooperative,BC,Energy,Private,Clean Electricity,Yes,0,1,0,0,0,1,$100M - $499M
7016,2023,Cenvous Energy Inc.,Edam Waseca Steam Injection,SK,Energy,Private,Clean Electricity,Yes,0,1,0,0,0,0,$100M - $499M
7017,2023,Churchill Falls Labrador Corporation,Electric Utility 2021 Capital Program (Churchill Falls Labrador Corporation),NL,Energy,Private,Other,Yes,0,1,0,0,1,0,<$100M
7018,2023,Newfoundland and Labrador Hydro,Electric Utility 2021 Capital Program (Newfoundland and Labrador Hydro),NL,Energy,Public,Clean Electricity,Yes,0,1,0,0,1,0,$100M - $499M
7019,2023,Newfoundland Power Inc.,Electric Utility 2021 Capital Program (Newfoundland Power Inc.),NL,Energy,Private,Trans & Distr,No,0,1,0,0,1,0,$100M - $499M
7020,2023,Churchill Falls Labrador Corporation,Electric Utility 2022 Capital Program (Churchill Falls Labrador Corporation),NL,Energy,Private,Other,Yes,0,1,0,0,1,0,<$100M
7021,2023,Newfoundland and Labrador Hydro,Electric Utility 2022 Capital Program (Newfoundland and Labrador Hydro),NL,Energy,Public,Clean Electricity,Yes,0,1,0,0,1,0,$100M - $499M
7022,2023,Newfoundland Power Inc.,Electric Utility 2022 Capital Program (Newfoundland Power Inc.),NL,Energy,Private,Trans & Distr,No,0,1,0,0,1,0,$100M - $499M
7023,2023,Newfoundland Power Inc.,Electric Utility 2023 Capital Program,NL,Energy,Private,Clean Electricity,Yes,0,1,0,0,1,1,$100M - $499M
7024,2023,Churchill Falls Labrador Corporation,Electric Utility 2023 Capital Program (Churchill Falls Labrador Corporation),NL,Energy,Private,Other,Yes,0,1,0,0,0,0,<$100M
7025,2023,Newfoundland and Labrador Hydro,Electric Utility 2023 Capital Program (Newfoundland and Labrador Hydro),NL,Energy,Public,Clean Electricity,Yes,0,1,0,0,1,1,$100M - $499M
7026,2023,ENMAX Energy Corp.,Enmax Substation No. 1,AB,Energy,Private,Trans & Distr,No,0,1,0,0,0,0,$100M - $499M
7027,2023,Manitoba Hydro,Enterprise PCB Remediation,MB,Energy,Public,Clean Electricity,Yes,0,1,0,0,1,1,<$100M
7028,2023,SaskPower,Ermine and Yellowhead Expansion,SK,Energy,Public,Other,Yes,0,1,0,0,0,0,$100M - $499M
7029,2023,Federated Co-operatives Limited,FCL HDRD Plant,SK,Energy,Private,Waste Biomass,Yes,0,1,0,0,1,1,"$1,000M - $4,999M"
7031,2023,Fort Nelson First Nation/Hydrogen Naturally,Fort Nelson First Nation Hydrogen,BC,Energy,Private,Low Carbon Fuels,Yes,0,1,0,0,0,1,"$1,000M - $4,999M"
7032,2023,ACCIONA Energia,Forty Mile Wind Project (ACCONIA),AB,Energy,Private,Clean Electricity,Yes,0,1,0,0,0,0,$100M - $499M
7033,2023,Neoen International,Fox Coulee Solar Farm,AB,Energy,Private,Clean Electricity,Yes,0,1,0,0,1,0,$100M - $499M
7034,2023,Parkland Corp.,Fuel Refinery Upgrade (Parkland coprocessing),BC,Energy,Private,Oil & Gas - Downstream,No,0,1,0,0,1,0,$500M - $999M
7035,2023,Green Impact Partners (In partnership with Carbon Clean Energy and PCL Construction),Future Energy Park Renewable Natural Gas and Ethanol Project,AB,Energy,Private,Low Carbon Fuels,Yes,0,1,0,0,1,1,"$1,000M - $4,999M"
7036,2023,Manitoba Hydro,Grand Rapids Unit 1 Overhaul,MB,Energy,Public,Clean Electricity,Yes,0,1,0,0,0,0,<$100M
7037,2023,Pattern Energy,Argentia Renewables,NL,Energy,Private,Low Carbon Fuels,Yes,0,1,0,0,1,1,"$5,000M+"
7038,2023,H2MB,H2MB,MB,Energy,Private,Low Carbon Fuels,Yes,0,1,0,0,0,1,<$100M
7039,2023,FortisBC/Suncor/Hazer,Hazer Pyrolysis Hydrogen Production Demo Plant,BC,Energy,Private,Low Carbon Fuels,Yes,0,1,0,0,0,1,<$100M
7040,2023,Heidelberg Materials,Heidelberg Materials Carbon Capture Utilization and Storage Hub,AB,Energy,Private,CCUS,Yes,0,1,0,0,0,1,"$1,000M - $4,999M"
7042,2023,Kiwetinohk Energy Corp,Homestead Solar Project,AB,Energy,Private,Clean Electricity,Yes,0,1,0,0,0,1,$500M - $999M
7043,2023,Hydrogen Canada Corp,Hydrogen Canada Corp Hydrogen Project (Natural Gas with CCUS),AB,Energy,Private,Clean Electricity,Yes,0,1,0,0,0,1,"$1,000M - $4,999M"
7044,2023,Renewable Hydrogen Canada/ Fortis BC/ Green Investment Group,Hydrogen Electrolyzer Plant,BC,Energy,Private,Low Carbon Fuels,Yes,0,1,0,0,0,1,$100M - $499M
7045,2023,Hydra Energy Canada,Hydrogen Refueling and Production,BC,Energy,Private,Low Carbon Fuels,Yes,0,1,0,0,0,1,<$100M
7046,2023,Manitoba Hydro,Jenpeg Unit 2 Overhauls,MB,Energy,Public,Clean Electricity,Yes,0,1,0,0,0,1,<$100M
7047,2023,Northland Power,Jurassic Solar and Battery Storage,AB,Energy,Private,"DER, Storage, EV",Yes,0,1,0,0,0,1,$500M - $999M
7048,2023,Manitoba Hydro,Kettle Unit 10 Stator Overhaul,MB,Energy,Public,Clean Electricity,Yes,0,1,0,0,0,1,<$100M
7049,2023,Manitoba Hydro,Kettle Unit 11 Stator Overhaul,MB,Energy,Public,Clean Electricity,Yes,0,1,0,0,0,1,<$100M
7050,2023,Manitoba Hydro,Kettle Unit 12 Stator Overhaul,MB,Energy,Public,Clean Electricity,Yes,0,1,0,0,0,1,<$100M
7051,2023,Manitoba Hydro,Kettle Unit 5 Stator Overhaul,MB,Energy,Public,Clean Electricity,Yes,0,1,0,0,0,0,<$100M
7052,2023,Manitoba Hydro,Kettle Unit 6 Stator Overhaul,MB,Energy,Public,Clean Electricity,Yes,0,1,0,0,1,0,<$100M
7053,2023,Manitoba Hydro,Kettle Unit 7 Stator Overhaul,MB,Energy,Public,Clean Electricity,Yes,0,1,0,0,1,1,<$100M
7054,2023,Manitoba Hydro,Kettle Unit 9 Stator Overhaul,MB,Energy,Public,Clean Electricity,Yes,0,1,0,0,0,1,<$100M
7055,2023,Kiwetinohk Energy Corp,Phoenix Solar Project,AB,Energy,Private,Clean Electricity,Yes,0,1,0,0,0,1,$100M - $499M
7056,2023,Metro Vancouver,Lulu Island WWT Plant,BC,Energy,Private,Waste Biomass,Yes,0,1,0,0,0,0,<$100M
7057,2023,Greengate Power Corporation,Luna Solar Project (Phase One),AB,Energy,Private,Clean Electricity,Yes,0,1,0,0,1,1,$500M - $999M
7058,2023,Greengate Power Corporation,Luna Solar Project (Phase Two),AB,Energy,Private,Clean Electricity,Yes,0,1,0,0,0,1,$500M - $999M
7059,2023,McLeod Lake Indian Band/Mitsubishi,McLeod Lake Indian Band Hydrogen Project,BC,Energy,Private,Low Carbon Fuels,Yes,0,1,0,0,0,1,"$5,000M+"
7060,2023,Strathcona Resources Ltd.,Meota Waseca SAGD,SK,Energy,Private,Oil & Gas - Upstream,No,0,1,0,0,0,0,$100M - $499M
7061,2023,Huron Clean Energy and Upper Nicola Band,Merritt Electro Fuels Project,BC,Energy,Private,Clean Electricity,Yes,0,1,0,0,1,1,<$100M
7062,2023,Greengate Power Corporation,Midnight Solar and Battery Storage Project,AB,Energy,Private,"DER, Storage, EV",Yes,0,1,0,0,0,1,$500M - $999M
7063,2023,Uniboard,Mill modernisation,QC,Forest,Private,Pulp & Paper,No,0,1,0,0,0,1,$100M - $499M
7064,2023,Enbridge/Walker Industries and Comcor Environmental,Niagara Falls Renewable Natural Gas Project,ON,Energy,Private,NG Power Gen,No,0,1,0,0,0,0,<$100M
7065,2023,Potentia Renewables Inc.,Paintearth Wind Power Project,AB,Energy,Private,Clean Electricity,Yes,0,1,0,0,1,0,$100M - $499M
7066,2023,Newmont Corp.,Pamour,ON,Mining,Private,Other,No,0,1,0,0,1,1,$500M - $999M
7068,2023,Alliance de lenergie de lEst / Valeco Energie Quebec,Parc Eolien de Grosse Ile + Battery,QC,Energy,Private,"DER, Storage, EV",Yes,0,1,0,0,0,1,<$100M
7069,2023,The Pathways Alliance,Pathways Alliance Carbon Capture Storage Hub (Phase 1),AB,Energy,Private,CCUS,Yes,0,1,0,0,0,1,"$5,000M+"
7070,2023,"Pembina Pipeline, Marubeni",Pembina Pipeline and Marubeni Ammonia Project (Natural Gas with CCUS),AB,Energy,Private,Trans & Distr,No,0,1,0,0,0,1,"$1,000M - $4,999M"
7073,2023,Manitoba Hydro,Pointe du Bois Renewable Energy Project,MB,Energy,Public,Clean Electricity,Yes,0,1,0,0,0,0,$100M - $499M
7074,2023,Strathcona Resources Ltd.,Prince East Waseca SAGD,SK,Energy,Private,Oil & Gas - Upstream,No,0,1,0,0,1,0,$100M - $499M
7075,2023,Waste Connections of Canada and Enbridge,Ridge Landfill RNG Facility,ON,Energy,Private,Waste Biomass,Yes,0,1,0,0,1,1,<$100M
7076,2023,REN Energy/FortisBC,RNG from Wood Waste,BC,Energy,Private,Waste Biomass,Yes,0,1,0,0,0,0,$100M - $499M
7077,2023,SAF + Consortium,SAF Consortium,QC,Energy,Private,Other,Yes,0,1,0,0,1,1,$100M - $499M
7078,2023,Pace Canada LP,Salt Flats Solar Project,AB,Energy,Private,Clean Electricity,Yes,0,1,0,0,0,1,<$100M
7079,2023,Invenergy,Skinners Pond Wind Energy Centre,PE,Energy,Private,Trans & Distr,No,0,1,0,0,0,1,<$100M
7080,2023,Manitoba Hydro,Station Battery Bank Capacity & System Reliability Increase,MB,Energy,Public,"DER, Storage, EV",Yes,0,1,0,0,0,0,<$100M
7081,2023,ABO Wind Canada Ltd.,Stettler Solar and Battery Storage Project,AB,Energy,Private,"DER, Storage, EV",Yes,0,1,0,0,1,1,$100M - $499M
7082,2023,"City of Summerside, Samsung Renewable Energy",Summerside Solar and Storage Integration Project,PE,Energy,Public,"DER, Storage, EV",Yes,0,1,0,0,0,1,$100M - $499M
7083,2023,Evolugen by Brookfield Renewable,Sunrise Solar Project,AB,Energy,Private,Clean Electricity,Yes,0,1,0,0,0,1,$100M - $499M
7084,2023,Tla'amin Nation,Tlaamin tiskwat mill site,BC,Energy,Private,Other,Yes,0,1,0,0,0,1,$500M - $999M
7085,2023,Enerfin Energy Company of Canada Inc.,Winnifred Wind Power Project,AB,Energy,Private,Clean Electricity,Yes,0,1,0,0,0,0,$100M - $499M
7086,2023,Energir/WM Quebec,WM Sainte-Sophie Landfill RNG Facility,QC,Energy,Private,Waste Biomass,Yes,0,1,0,0,1,1,$100M - $499M
0,2024,"Bighorn Mining, LTD",Vista Coal Project (Expansion Projects),AB,Mining,Private,Coal,No,1,0,0,0,0,1,$500M - $999M
2,2024,0887572 B.C. Ltd.,Campbell River Power Enterprises,BC,Energy,Private,Waste Biomass,Yes,1,0,0,0,0,0,$100M - $499M
10,2024,Aeolis Wind Power Corporation,Hackney Hills Wind Park,BC,Energy,Private,Clean Electricity,Yes,0,1,0,1,0,1,$100M - $499M
21,2024,Champion Iron Limited,Kamistiatusset (Kami),NL,Mining,Private,Base Metal,No,1,0,0,0,0,1,"$1,000M - $4,999M"
22,2024,Kinross Gold Corp. (formerly Rockcliff Metals Corp.),Snow Lake,MB,Mining,Private,Critical Mineral,Yes,1,0,0,0,0,1,<$100M
27,2024,Alta Energy Corp.,Lower Wood River Hydropower Project,BC,Energy,Private,Clean Electricity,Yes,1,0,0,0,0,0,$100M - $499M
67,2024,BC Hydro,Peace River Site C Hydro-electric project,BC,Energy,Public,Clean Electricity,Yes,1,0,0,1,0,0,"$5,000M+"
73,2024,BHP,Jansen Stage 1,SK,Mining,Private,Other,No,1,0,0,0,1,0,"$1,000M - $4,999M"
75,2024,IPC Canada Ltd.,Blackrod,AB,Energy,Private,Oil & Gas - Upstream,No,1,0,0,0,1,0,"$1,000M - $4,999M"
76,2024,Blue Fuel Energy Corp.,Clean Methanol Plant,BC,Energy,Private,Low Carbon Fuels,Yes,1,0,0,0,1,1,"$1,000M - $4,999M"
83,2024,Talisker Resources Ltd.,Bralorne Mine/King/ Pioneer Mines,BC,Mining,Private,Precious Metal,No,0,1,0,0,0,0,$100M - $499M
88,2024,"Canadian Kailuan Dehua Mines Co., Ltd.",Gething Coal Project,BC,Mining,Private,Coal,No,1,0,0,0,1,1,"$1,000M - $4,999M"
89,2024,Canadian Natural Resources Limited,Grouse,AB,Energy,Private,Oil & Gas - Upstream,No,1,0,0,0,0,1,"$1,000M - $4,999M"
90,2024,Canadian Natural Resources Ltd. (CNRL),Horizon (Mining),AB,Energy,Private,Oil & Gas - Upstream,No,1,0,0,0,0,0,"$5,000M+"
92,2024,NorZinc,Prairie Creek,NT,Mining,Private,Critical Mineral,Yes,1,0,0,1,0,1,$100M - $499M
94,2024,Canagold Resources Ltd.,New Polaris Gold Mine,BC,Mining,Private,Other,No,1,0,0,0,0,1,<$100M
98,2024,Kutcho Copper Corp.,Kutcho Creek,BC,Mining,Private,Critical Mineral,Yes,1,0,0,0,0,1,$100M - $499M
100,2024,Alamos Gold Inc.,Lynn Lake (Gordon site),MB,Mining,Private,Precious Metal,No,1,0,0,0,0,1,$100M - $499M
106,2024,Cenovus Energy Inc./ConocoPhillips,Foster Creek,AB,Energy,Private,Clean Electricity,Yes,1,0,0,0,0,0,"$1,000M - $4,999M"
109,2024,"Exxon Mobil Corp., Imperial Oil Ltd., Statoil, Chevron, Repsol, Husky",Oil and Gas Exploration,NL,Energy,Private,Oil & Gas - Upstream,No,1,0,1,1,0,0,"$1,000M - $4,999M"
114,2024,NWP Coal Canada Ltd.,Crown Mountain Coal Project,BC,Mining,Private,Coal,No,1,0,0,0,0,1,$100M - $499M
126,2024,Connacher Oil & Gas Ltd.,Great Divide,AB,Energy,Private,Oil & Gas - Upstream,No,1,0,0,0,0,1,$500M - $999M
128,2024,Copper Fox Metals - Teck Resources Limited,Schaft Creek Porphyry Copper-Gold Mine,BC,Mining,Private,Precious Metal,No,1,0,0,0,0,0,"$1,000M - $4,999M"
130,2024,Corporation Lithium Elements Critiques,Rose Lithium-Tantalum Mine,QC,Mining,Private,Critical Mineral,Yes,1,0,0,1,0,1,$100M - $499M
131,2024,Covanta/Green Island Energy Ltd./Covanta Holding Corporation,Gold River Power Project,BC,Energy,Private,Other,Yes,1,0,0,0,0,0,$500M - $999M
138,2024,Agnico Eagle Mines Limited,Detour Lake open pit expansion and underground development,ON,Mining,Private,Precious Metal,No,1,0,0,1,0,0,<$100M
140,2024,Canadian Natural Resources Limited,Pike (Formely Kirby),AB,Energy,Private,Oil & Gas - Upstream,No,1,0,0,0,1,1,"$5,000M+"
142,2024,Dokie Wind Energy inc.,Wartenbe Wind Energy Project,BC,Energy,Private,Clean Electricity,Yes,1,0,0,0,0,0,$100M - $499M
165,2024,WindRiver Power Corp.,Kinskuch Hydroelectric Project,BC,Energy,Private,Clean Electricity,Yes,1,0,0,1,0,1,$100M - $499M
186,2024,Fortune Minerals Limited,NICO Cobalt-Gold-Bismuth Mine,NT,Mining,Private,Precious Metal,No,1,0,0,0,0,1,$500M - $999M
188,2024,Fosthall Creek Power LP,Fosthall Creek Hydropower Project,BC,Energy,Private,Clean Electricity,Yes,1,0,0,0,0,1,<$100M
205,2024,Giga Metals Corp. & Mitsubishi Corporation,Turnagain Project,BC,Mining,Private,Critical Mineral,Yes,1,0,0,0,0,1,"$1,000M - $4,999M"
207,2024,Harvest Operations Corp.,BlackGold Oil Sands Project,AB,Energy,Private,Oil & Gas - Upstream,No,1,0,0,0,0,1,$500M - $999M
208,2024,Hawkeye Energy Corp.,Hawkeye Green Energy Grid Project,BC,Energy,Private,Trans & Distr,No,1,0,0,0,0,0,$100M - $499M
209,2024,HD Mining International Ltd.,Murray River Coal Project,BC,Mining,Private,Coal,No,1,0,0,1,0,1,$500M - $999M
213,2024,Hurley River Hydro LP,Hurley River Hydroelectric Project,BC,Energy,Public,Clean Electricity,Yes,1,0,0,0,0,0,$100M - $499M
215,2024,Husky Energy Inc.,White Rose Expansion,NL,Energy,Private,Other,Yes,0,1,0,1,0,0,"$1,000M - $4,999M"
219,2024,Hydro-Quebec,Complexe hydroao lectrique La Romaine,QC,Energy,Public,Clean Electricity,Yes,1,0,1,0,1,0,"$5,000M+"
220,2024,Hydro-Quebec,Renovation de groupes a la centrale electrique Beauharnois,QC,Energy,Public,Clean Electricity,Yes,1,0,0,0,0,0,"$1,000M - $4,999M"
238,2024,Karnalyte Resources Inc,Wynyard Potash Project,SK,Mining,Private,Precious Metal,No,1,0,0,0,1,1,$500M - $999M
242,2024,Kinder Morgan,Trans Mountain Pipeline Expansion (TMX),Multi,Energy,Private,Trans & Distr,No,1,0,1,0,0,0,"$5,000M+"
247,2024,Koch Industries,Muskwa,AB,Energy,Private,Other,Yes,1,0,0,0,0,0,$500M - $999M
256,2024,NorthWest Copper,Lorraine-Jayjay Copper Mine,BC,Mining,Private,Base Metal,No,0,1,0,1,0,1,$100M - $499M
273,2024,Mao taux BlackRock Inc.,Black Rock,QC,Mining,Private,Critical Mineral,Yes,1,0,0,0,0,0,$500M - $999M
283,2024,Mount Hays Wind Farm Limited Partnership,Mount Hays Wind Farm,BC,Energy,Private,Clean Electricity,Yes,1,0,0,1,0,1,Unknown
293,2024,Capstone Infrastructure Corporation,Wild Rose' Wind Farm (Phase 2),AB,Energy,Private,Clean Electricity,Yes,1,0,0,0,0,0,$100M - $499M
294,2024,NB Power,Mactaquac Dam upgrades,NB,Energy,Public,Clean Electricity,Yes,1,0,0,0,1,0,"$1,000M - $4,999M"
298,2024,NB Power and Partners,Smart Grid Investments Phase,NB,Energy,Public,Trans & Distr,No,1,0,0,1,0,0,$100M - $499M
299,2024,Nemaska Lithium inc.,Whabouchi,QC,Mining,Private,Critical Mineral,Yes,1,0,0,0,1,0,$500M - $999M
306,2024,BluEarth Renewables,Hand Hills' Wind Farm (78MW),AB,Energy,Private,Clean Electricity,Yes,1,0,1,0,1,0,$100M - $499M
309,2024,Nomis Power Corp - Rupert Peace Power Corp,Nahwitti Wind Farm,BC,Energy,Private,Clean Electricity,Yes,1,0,0,0,0,0,$100M - $499M
314,2024,Ring of Fire Metals Pty Ltd.,Eagle's Nest (McFaulds Lake),ON,Mining,Private,Critical Mineral,Yes,1,0,0,1,0,1,$500M - $999M
329,2024,Northcliff Resources (HDI Mining),Sisson Project,NB,Mining,Private,Other,No,1,0,0,0,0,1,$500M - $999M
333,2024,Ontario Power Generation,Darlington Refurbishment Project,ON,Energy,Public,Clean Electricity,Yes,1,0,0,0,0,0,"$5,000M+"
341,2024,Osum Oil Sands Corp.,Taiga,AB,Energy,Private,Oil & Gas - Upstream,No,1,0,0,0,1,1,"$1,000M - $4,999M"
344,2024,Agnico Eagle Mines Limited,Hammond Reef,ON,Mining,Private,Other,No,1,0,0,0,0,1,"$1,000M - $4,999M"
371,2024,Metaux Torngat ltee,Strange Lake / B-Zone,QC,Mining,Private,Other,No,1,0,0,0,0,1,"$1,000M - $4,999M"
376,2024,Magneto Investments Limited Partnership,Dumont,QC,Mining,Private,Critical Mineral,Yes,1,0,0,0,0,1,"$1,000M - $4,999M"
381,2024,Ryan River Joint Venture Regional Power,Ryan River Hydro Project,BC,Energy,Private,Clean Electricity,Yes,1,0,0,0,0,0,$100M - $499M
382,2024,Evolution Mining,Bateman Gold,ON,Mining,Private,Precious Metal,No,1,0,0,1,0,0,$100M - $499M
387,2024,"Sea Breeze Pacific Juan de Fuca Cable, LP",Juan de Fuca Power Cable,BC,Energy,Private,Trans & Distr,No,1,0,0,0,1,0,$100M - $499M
389,2024,B2Gold Corp.,Back River Gold Project,NU,Mining,Private,Precious Metal,No,1,0,0,1,0,0,$100M - $499M
390,2024,Seabridge Gold Inc.,Kerr-Sulphurets-Mitchell (KSM),BC,Mining,Private,Precious Metal,No,1,0,0,0,1,1,"$5,000M+"
392,2024,Selkirk Power Company Ltd.,Beaver River Hydroelectric Project,BC,Energy,Private,Clean Electricity,Yes,1,0,0,0,0,0,$100M - $499M
397,2024,"LNG Canada (Shell Canada Limited, PETRONAS, Korea Gas Corporation (KOGAS), Mitsubishi Corporation, and PetroChina Company Limited)",LNG Canada Phase 1,BC,Energy,Private,Oil & Gas - Downstream,No,1,0,0,1,0,0,"$5,000M+"
399,2024,Canadian Natural Resources Limited,AOSP Jackpine,AB,Energy,Private,Other,Yes,1,0,0,0,1,1,"$5,000M+"
404,2024,Skygold Ventures Inc.,Spanish Mountain Copper-Gold Mines,BC,Mining,Private,Precious Metal,No,0,1,0,0,0,1,Unknown
405,2024,Skyline Gold Corporation,Bronson Slope Hydropower Projects,BC,Energy,Private,Clean Electricity,Yes,1,0,0,0,0,0,$100M - $499M
406,2024,Skyline Gold Corporation,Bronson Slope Copper/Gold/Silver/Molybdenum Mine,BC,Mining,Private,Precious Metal,No,1,0,0,1,0,0,$100M - $499M
413,2024,Spanish Mountain Gold Ltd.,Spanish Mountain Copper-Gold Mines,BC,Mining,Private,Precious Metal,No,1,0,0,1,0,1,$500M - $999M
417,2024,Generation Mining Ltd.,Marathon PGM Copper Mine,ON,Mining,Private,Other,No,1,0,0,0,0,1,$100M - $499M
422,2024,Suncor Energy Inc.,Lewis,AB,Energy,Private,Clean Electricity,Yes,0,1,0,0,0,1,Unknown
423,2024,Suncor Energy Inc.,Firebag,AB,Energy,Private,Clean Electricity,Yes,1,0,0,0,0,0,"$1,000M - $4,999M"
425,2024,"Suncor, ExxonMobil, Statoil, Husky Energy , Murphy Oil, Chevron, Mosbacher",Terra Nova (Asset Life Extension),NL,Energy,Private,Other,Yes,1,0,1,1,0,0,$100M - $499M
427,2024,Sunshine Oilsands Ltd.,Thickwood (Sunshine),AB,Energy,Private,Waste Biomass,Yes,1,0,0,0,0,1,"$1,000M - $4,999M"
429,2024,Sunshine Oilsands Ltd.,West Ells,AB,Energy,Private,Oil & Gas - Upstream,No,1,0,0,0,0,1,"$1,000M - $4,999M"
436,2024,Syntaris Power Corp.,Jade Lake Power Project,BC,Energy,Private,Low Carbon Fuels,Yes,1,0,0,0,0,0,$100M - $499M
439,2024,Osisko Metals Inc/Appian,Pine Point,NT,Mining,Private,Other,No,1,0,0,1,0,1,$500M - $999M
441,2024,Taseko Mines Ltd.,Harmony Gold Mine,BC,Mining,Private,Precious Metal,No,0,1,0,0,0,1,<$100M
442,2024,Teck Resources Ltd.,Highland Valley Copper 2040 (HVC 2040),BC,Mining,Private,Base Metal,No,1,0,0,0,0,1,$500M - $999M
443,2024,Teck Coal Ltd.,Line Creek Coal Mine,BC,Mining,Private,Coal,No,1,0,0,0,0,1,<$100M
444,2024,Conuma Resources Ltd.,Quintette Mine,BC,Mining,Private,Precious Metal,No,0,1,0,0,0,1,$500M - $999M
460,2024,GoldMining Inc,Yellowknife Gold,NT,Mining,Private,Precious Metal,No,1,0,0,0,0,1,$100M - $499M
467,2024,Vale,Copper Cliff Deep project,ON,Mining,Private,Base Metal,No,1,0,1,0,0,0,$500M - $999M
485,2024,Conuma Coal Resources Ltd.,Wolverine Coal Mine (Hermann Deposit),BC,Mining,Private,Coal,No,1,0,0,0,0,1,<$100M
488,2024,Western Copper and Gold Corporation,Casino Mine,YK,Mining,Private,Precious Metal,No,1,0,0,0,0,1,"$1,000M - $4,999M"
490,2024,Western Potash,Milestone,SK,Mining,Private,Critical Mineral,Yes,1,0,1,0,0,0,<$100M
515,2024,Athabasca Oil Corporation,Dover West Clastics,AB,Energy,Private,Oil & Gas - Upstream,No,1,0,0,0,0,1,$500M - $999M
516,2024,Centerra Gold Inc.,Kemess Underground Copper-Gold Mine,BC,Mining,Private,Precious Metal,No,1,0,0,0,0,0,$500M - $999M
522,2024,BURNCO Rock Products Ltd.,BURNCO Aggregate Project (McNab Creek),BC,Mining,Private,Other,No,1,0,0,0,1,1,<$100M
528,2024,Cardero Coal Ltd.,Carbon Creek Coal Mine,BC,Mining,Private,Coal,No,1,0,0,0,0,0,$100M - $499M
529,2024,Cavalier Energy Inc.,Hoole (Paramount),AB,Energy,Private,Clean Electricity,Yes,1,0,0,1,0,0,$100M - $499M
530,2024,Centermount Coal Limited,Bingay Main Metallurgical Coal,BC,Mining,Private,Coal,No,1,0,0,1,0,1,$100M - $499M
533,2024,Granite Creek Copper,Carmacks Copper Project,YK,Mining,Private,Base Metal,No,1,0,0,0,0,1,$100M - $499M
536,2024,ecoTECH Energy Group (Canada) Inc,Biomass Project - McBride,BC,Energy,Private,Waste Biomass,Yes,1,0,0,0,0,1,$100M - $499M
545,2024,Holmes Hydro,Robson Valley Hydroelectric Project,BC,Energy,Public,Clean Electricity,Yes,1,0,0,0,0,1,$100M - $499M
546,2024,Imperial Metals Corporation,Huckleberry Copper/Silver/Molybdenum Mine,BC,Mining,Private,Precious Metal,No,0,1,0,0,0,0,$100M - $499M
547,2024,Hydro-Quebec,Raccordement du complexe de La Romaine au reseau de transport,QC,Energy,Public,Clean Electricity,Yes,1,0,0,0,1,0,"$1,000M - $4,999M"
564,2024,Value Creation Inc.,Birchwood SAGD Oil Sands Project,AB,Energy,Private,Oil & Gas - Upstream,No,1,0,0,0,1,0,$500M - $999M
566,2024,MEG Energy Corp.,Surmont (MEG),AB,Energy,Private,Clean Electricity,Yes,1,0,0,1,0,1,"$5,000M+"
575,2024,Artemis Gold Inc,Blackwater Gold Project,BC,Mining,Private,Precious Metal,No,1,0,0,0,0,0,"$1,000M - $4,999M"
584,2024,Quicksilver Resources/ Kohlberg Kravis Roberts & Co. L.P. (KKR),Fortune Creek Gas Plant,BC,Energy,Private,Oil & Gas - Downstream,No,1,0,0,0,1,1,$500M - $999M
587,2024,Rio Tinto Alcan Inc.,Kemano Tunnel Project (T2),BC,Energy,Private,Other,Yes,1,0,0,0,0,0,$500M - $999M
593,2024,Enbridge,Westcoast Connector Gas Transmission Project,BC,Energy,Private,Trans & Distr,No,1,0,0,0,1,1,"$5,000M+"
600,2024,TransCanada,Coastal GasLink Pipeline Project (TransCanada),BC,Energy,Private,Trans & Distr,No,1,0,1,0,0,0,"$1,000M - $4,999M"
606,2024,Treasury Metals Inc.,Goliath Complex,ON,Mining,Private,Precious Metal,No,1,0,0,0,0,1,$100M - $499M
607,2024,Value Creation Inc.,TriStar Advanced (In Situ + Upgrader),AB,Energy,Private,Oil & Gas - Downstream,No,1,0,0,0,0,1,"$1,000M - $4,999M"
611,2024,Atlantic Gold Corporation,Moose River Consolidated Project,NS,Mining,Private,Precious Metal,No,1,0,0,0,0,0,$100M - $499M
620,2024,KGHM International,Victoria Project,ON,Mining,Private,Other,No,1,0,0,1,0,0,$500M - $999M
623,2024,Argonaut Gold,Magino Mine,ON,Mining,Private,Precious Metal,No,1,0,1,0,1,0,$500M - $999M
626,2024,IAMGOLD Corp./Sumitomo Metal Mining,Cote Lake Project,ON,Mining,Private,Precious Metal,No,1,0,0,0,0,0,"$1,000M - $4,999M"
629,2024,Sunshine Oilsands Ltd.,West Ells,AB,Energy,Private,Oil & Gas - Upstream,No,1,0,0,0,1,1,"$1,000M - $4,999M"
636,2024,Arianne Phosphate inc.,Lac a Paul Phosphate/Apatite mine,QC,Mining,Private,Precious Metal,No,0,1,0,0,0,1,"$1,000M - $4,999M"
638,2024,Moneta Porcupine,Golden Highway Gold Project,ON,Mining,Private,Precious Metal,No,1,0,0,0,0,0,$100M - $499M
640,2024,"Braveheart Resources Inc. , Canada",Thierry Copper/Nickel Mine,ON,Mining,Private,Critical Mineral,Yes,1,0,0,1,0,0,$100M - $499M
643,2024,Search Minerals Inc.,Deep Fox + Foxtrot,NL,Mining,Private,Critical Mineral,Yes,1,0,0,1,0,1,$100M - $499M
648,2024,Northern Graphite,Bissett Creek,ON,Mining,Private,Critical Mineral,Yes,1,0,0,0,0,1,$100M - $499M
649,2024,Husky Oil Operations Ltd.,Saleski' Thermal Oil Sands Project Using CSS,AB,Energy,Private,Oil & Gas - Upstream,No,1,0,0,0,0,1,$100M - $499M
650,2024,TransCanada,Prince Rupert Gas Transmission Project,BC,Energy,Private,Trans & Distr,No,1,0,0,0,0,1,"$5,000M+"
651,2024,FortisBC Energy (Vancouver Island) Inc.,Eagle Mountain - Woodfibre LNG Gas Pipeline Projects,BC,Energy,Private,Trans & Distr,No,1,0,0,0,0,0,$100M - $499M
652,2024,Woodfibre LNG,Woodfibre LNG project,BC,Energy,Private,Oil & Gas - Downstream,No,1,0,0,0,1,0,"$1,000M - $4,999M"
654,2024,Bruce Power,Bruce Nuclear Refurbishment,ON,Energy,Private,Nuclear,Yes,1,0,0,0,1,0,"$5,000M+"
684,2024,Osum Oil Sands Corp.,Sepiko Kesik Project,AB,Energy,Private,Oil & Gas - Upstream,No,1,0,0,0,1,1,"$1,000M - $4,999M"
688,2024,Graymont Western Canada Inc.,Giscome Quarry and Lime Plant Project,BC,Mining,Private,Other,No,1,0,0,0,0,1,$100M - $499M
689,2024,Innergex Wind Energy Inc and Saik'uz First Nation,"Nulki Hills, 30 km south of Vanderhoof",BC,Energy,Private,Clean Electricity,Yes,1,0,0,0,0,0,<$100M
692,2024,EDF Renouvelables,Taylor Wind Project,BC,Energy,Private,Clean Electricity,Yes,1,0,0,1,0,1,$500M - $999M
693,2024,Imperial Oil Limited,Aspen' oil sands project (SAGD),AB,Energy,Private,Oil & Gas - Upstream,No,1,0,0,0,0,1,"$5,000M+"
697,2024,"Husky Energy Inc., Suncor, Nalcor Energy",White Rose Expansion - White Rose West,NL,Energy,Private,Clean Electricity,Yes,1,0,0,0,0,0,"$1,000M - $4,999M"
703,2024,Ethanol Cellulosique Varennes s.e.c. (Recyclage Carbone Varennes),Usine de carburant a faible intensite carbone (inclut un electrolyseur),QC,Energy,Private,Low Carbon Fuels,Yes,1,0,0,0,1,0,$100M - $499M
707,2024,Port Alberni Harbour Authority,Port Alberni LNG Export Facility,BC,Energy,Public,Oil & Gas - Downstream,No,0,1,0,0,1,1,"$1,000M - $4,999M"
712,2024,Sequoia Energy Inc.,Quottoon Cluster of Hydroelectric Projects,BC,Energy,Private,Clean Electricity,Yes,1,0,0,0,0,0,$100M - $499M
714,2024,Fortis Generation Inc.,Hydroelectric Dam,BC,Energy,Private,Clean Electricity,Yes,1,0,0,1,0,0,$100M - $499M
718,2024,Kitimat Clean Ltd.,Kitimat Clean Oil Refinery,BC,Energy,Private,Oil & Gas - Downstream,No,1,0,0,1,0,1,"$5,000M+"
725,2024,Greater Vancouver Regional District,Capilano (Cleveland) Dam Power Plant,BC,Energy,Private,Clean Electricity,Yes,1,0,0,0,0,1,<$100M
737,2024,BC Hydro,Capilano Substation Upgrade,BC,Energy,Public,Trans & Distr,No,1,0,0,0,0,0,<$100M
746,2024,Innergex Renewable Energy Inc.,Tipella Creek Hydropower Project,BC,Energy,Private,Clean Electricity,Yes,1,0,0,0,1,0,<$100M
753,2024,Kruger Energy Inc.,Maselpanik Creek Hydro Project,BC,Energy,Private,Clean Electricity,Yes,1,0,0,1,0,1,$100M - $499M
754,2024,Pacific Coastal Wave Energy Corp.,Wave Energy Project,BC,Energy,Private,Clean Electricity,Yes,1,0,0,0,0,1,<$100M
757,2024,Innergex Renewable Energy Inc.,Shovel Creek Hydroelectric Project,BC,Energy,Private,Clean Electricity,Yes,1,0,0,0,0,1,<$100M
758,2024,Pristine Power Inc./Cheslatta Forest Products,Cheslatta Green Energy Project,BC,Energy,Private,Clean Electricity,Yes,1,0,0,0,0,1,<$100M
759,2024,KMC Power,Tamihi Creek Hydro Project,BC,Energy,Private,Clean Electricity,Yes,1,0,0,0,0,1,<$100M
764,2024,Highwater Power Corporation Altagas Ltd.,Log Creek Water Power Project,BC,Energy,Private,Clean Electricity,Yes,1,0,0,0,0,1,<$100M
778,2024,West High Yield Resources,Record Ridge Magnesium Project,BC,Mining,Private,Critical Mineral,Yes,1,0,0,0,0,0,$500M - $999M
782,2024,J.D. Irving,Saint John Pulp Mill Upgrades,NB,Forest,Private,Pulp & Paper,No,0,1,0,1,0,1,"$1,000M - $4,999M"
783,2024,First Mining Gold Corp.,Springpole Lake Gold Project,ON,Mining,Private,Precious Metal,No,1,0,0,0,0,1,$500M - $999M
785,2024,Greenstone Gold Mines LP (Equinox Gold Corp./Orion Mine Finance Group),Greenstone,ON,Mining,Private,Precious Metal,No,1,0,0,0,0,0,"$1,000M - $4,999M"
794,2024,Ascot Resources Ltd,Premier Gold Project,BC,Mining,Private,Precious Metal,No,1,0,0,0,1,0,$100M - $499M
795,2024,Nouveau Monde Graphite inc.,Uatnan,QC,Mining,Private,Critical Mineral,Yes,1,0,0,0,1,1,$100M - $499M
798,2024,Paper Excellence,Restart of Pulp Mill and new Biomass Power Generation,SK,Forest,Private,Pulp & Paper,No,1,0,0,0,0,0,$100M - $499M
800,2024,Joyce Direct Iron Inc.,Joyce Lake DSO (the Attikamagen Project),NL,Mining,Private,Other,No,1,0,0,1,0,1,$100M - $499M
802,2024,Vulcan Materials Company,Black Point Aggregate Project,NS,Mining,Private,Other,No,1,0,0,0,0,1,<$100M
808,2024,Spartan Delta Inception Exploration Ltd.,Greenview Sour Gas plant,AB,Energy,Private,Oil & Gas - Downstream,No,1,0,0,0,0,1,<$100M
817,2024,Focus Graphite inc.,Lac Knife,QC,Mining,Private,Critical Mineral,Yes,1,0,0,0,0,1,$100M - $499M
818,2024,Athabasca Oil Corporation,Hangingstone Oil Sands,AB,Energy,Private,Oil & Gas - Upstream,No,1,0,0,0,0,1,$500M - $999M
819,2024,Ville de Quao bec,Centre de biomao thanisation de loNagglomao ration de Quao bec (CBAQ),QC,Energy,Private,Waste Biomass,Yes,1,0,1,0,0,0,$100M - $499M
841,2024,Canadian Natural Resources Limited,Jackfish,AB,Energy,Private,Oil & Gas - Upstream,No,1,0,0,0,0,1,"$1,000M - $4,999M"
850,2024,Syncrude Canada Ltd.,Stage 4a - MLX-W,AB,Energy,Private,Other,Yes,1,0,0,0,0,0,"$1,000M - $4,999M"
857,2024,Bear Head Energy,Bear Head Energy,NS,Energy,Private,Oil & Gas - Downstream,No,1,0,0,0,1,1,"$5,000M+"
858,2024,ConocoPhillips Canada,Surmont (ConocoPhillips),AB,Energy,Private,Oil & Gas - Upstream,No,1,0,0,0,0,1,"$5,000M+"
862,2024,Taseko Mines Ltd.,Aley Niobium Project,BC,Mining,Private,Critical Mineral,Yes,1,0,0,0,0,1,$500M - $999M
865,2024,Imperial Metals Corporation,Ruddock Creek Zinc-Lead Mine Development Project,BC,Mining,Private,Base Metal,No,1,0,0,0,0,1,$100M - $499M
868,2024,Teck Coal Ltd.,Baldy Ridge Extension Project,BC,Mining,Private,Coal,No,1,0,1,0,0,0,"$1,000M - $4,999M"
885,2024,Pacific Northern Gas Ltd.,Pacific Northern Gas Pipeline Looping Project,BC,Energy,Private,Trans & Distr,No,1,0,0,0,0,1,$100M - $499M
891,2024,Arctic Canadian Diamond Corp,Ekati (Misery Deep),NT,Mining,Private,Other,No,1,0,0,0,0,1,<$100M
893,2024,PRISM Diversifed Ltd.,Clear Hills Project,AB,Mining,Private,Other,No,1,0,0,0,0,1,$100M - $499M
894,2024,Newmont Goldcorp Corp.,Coffee Gold Mine,YK,Mining,Private,Precious Metal,No,1,0,0,0,0,1,$100M - $499M
896,2024,Uranium Energy Corp,Roughrider Project,SK,Mining,Private,Critical Mineral,Yes,0,1,0,0,0,1,$500M - $999M
928,2024,Interfor Corporation,Mill upgrade,BC,Forest,Private,Pulp & Paper,No,1,0,0,0,0,0,<$100M
936,2024,Mines Agnico Eagle ltee,Akasaba West Copper-Gold Mine,QC,Mining,Private,Precious Metal,No,1,0,0,0,1,0,<$100M
938,2024,Cedar LNG (partnership between Pembina Pipeline Corporation and Haisla Nation),Cedar LNG,BC,Energy,Private,Oil & Gas - Downstream,No,1,0,0,0,1,1,Unknown
942,2024,Watson Island LNG Corporation,Watson Island LNG,BC,Energy,Private,Oil & Gas - Downstream,No,1,0,0,0,0,1,Unknown
943,2024,"Tilbury Jetty Marine Partnership (Fortis, Seaspan, Shell)",Tilbury Marine Jetty,BC,Energy,Private,Oil & Gas - Downstream,No,1,0,0,0,0,1,$100M - $499M
956,2024,Altalink,Chapel Rock to Pincher Creek Area Transmission Development,AB,Energy,Private,Trans & Distr,No,1,0,0,0,0,1,$500M - $999M
957,2024,Atrum Coal,Groundhog Project Anthracite Coal Mine,BC,Mining,Private,Coal,No,0,1,0,0,0,1,$100M - $499M
965,2024,BC Hydro,G.M. Shrum Units 1 to 10 Control Systems Upgrade Project,BC,Energy,Public,Other,Yes,1,0,0,0,0,0,<$100M
970,2024,Creative Energy Vancouver Platforms Inc.,Creative Energy Plant,BC,Energy,Private,Clean Electricity,Yes,1,0,0,0,1,0,$100M - $499M
974,2024,Enbridge/ Borealis Inc./ Kitselas First Nation,Lakelse Geothermal Power Plant,BC,Energy,Private,Clean Electricity,Yes,1,0,0,0,1,1,<$100M
980,2024,Kruger Energy Inc.,Isle Pierre Wind Farm,BC,Energy,Private,Clean Electricity,Yes,1,0,0,0,0,0,$100M - $499M
983,2024,Red Willow Wind LP,Red Willow Wind Farm,BC,Energy,Private,Clean Electricity,Yes,1,0,0,1,0,1,$100M - $499M
996,2024,"AltaLink, ATCO",Central East Area Transmission Development,AB,Energy,Private,Trans & Distr,No,1,0,0,0,0,0,<$100M
1002,2024,"Ministere du developpement durable, de l'environnement et des parcs",Refection du barrage des Quinze,QC,Energy,Private,Other,Yes,1,0,0,0,1,0,<$100M
1003,2024,Churchill Falls (Labrador) Corporation,Electric Utility Capital Expenditures,NL,Energy,Private,Other,Yes,1,0,1,0,1,0,<$100M
1010,2024,Newfoundland Power Inc.,Electric Utility Capital Program,NL,Energy,Private,Clean Electricity,Yes,1,0,1,0,0,0,<$100M
1015,2024,Newfoundland and Labrador Hydro,Various (2016 Capital Program),NL,Energy,Public,Clean Electricity,Yes,1,0,1,0,0,0,$100M - $499M
1023,2024,Nukik Corp.,Kivalliq Hydro Fibre Link,Multi,Energy,Public,Clean Electricity,Yes,1,0,0,0,0,1,$500M - $999M
1026,2024,Hydro-Quebec,Rehabilitation de la centrale Robert-Bourassa,QC,Energy,Public,Clean Electricity,Yes,1,0,0,0,0,0,Unknown
1028,2024,Alamos Gold Inc.,Island Gold Expansion,ON,Mining,Private,Precious Metal,No,1,0,0,0,1,0,<$100M
1034,2024,Fission Uranium Corp.,Patterson Lake South,SK,Mining,Private,Critical Mineral,Yes,1,0,0,0,1,1,"$1,000M - $4,999M"
1037,2024,"Western LNG, Nisga'a Nation, Rockies LNG Partners",Ksi Lisims LNG,BC,Energy,Private,Oil & Gas - Downstream,No,0,1,0,0,0,1,Unknown
1041,2024,"Energie hydroelectrique Pessamit, Societe en commandite",Centrale hydroelectrique des chutes du six milles,QC,Energy,Public,Clean Electricity,Yes,1,0,0,0,0,1,<$100M
1042,2024,BMC Minerals Ltd.,Kudz Ze Kayah,YK,Mining,Private,Other,No,1,0,0,0,0,1,$100M - $499M
1045,2024,Northern Energy Solutions (NES),NES Wood Pellet Plant,NB,Forest,Private,Other,Yes,1,0,0,0,0,1,<$100M
1049,2024,"Energie hydroelectrique Pessamit, Societe en commandite",Centrale hydroelectrique de la chute du quatre milles,QC,Energy,Public,Clean Electricity,Yes,1,0,0,0,0,1,<$100M
1050,2024,"Manouane Sipi, Societe en commandite",Centrale hydroelectrique Manouane Sipi (Dam B),QC,Energy,Private,Clean Electricity,Yes,1,0,0,0,0,1,<$100M
1051,2024,Fluorspar Holdings PTE Ltd.,St. Lawrence Fluorspar Mine,NL,Mining,Private,Precious Metal,No,0,1,0,0,0,1,Unknown
1052,2024,Howse Minerals Limited,Howse Property Direct Shipping Ore Mine,NL,Mining,Private,Precious Metal,No,1,0,1,0,0,0,$100M - $499M
1056,2024,FPInnovations et Bioao nergie La Tuque,Vision La Tuque 2023,QC,Forest,Private,Other,Yes,1,0,0,0,0,0,$500M - $999M
1057,2024,Pacific Future Energy,Pacific Future Energy Oil Refinery,BC,Energy,Private,Oil & Gas - Downstream,No,1,0,0,1,0,1,"$5,000M+"
1063,2024,NTPC,Taltson Hydroelectricity Expansion Project (Phase 1),NT,Energy,Private,Clean Electricity,Yes,1,0,0,0,0,0,"$1,000M - $4,999M"
1067,2024,Sayona Quebec inc.,Authier,QC,Mining,Private,Other,No,1,0,0,0,1,1,<$100M
1077,2024,Cenovus Energy Inc.,Christina Lake,AB,Energy,Private,Other,Yes,1,0,0,0,0,1,$500M - $999M
1078,2024,ConocoPhillips Canada Limited,Surmont 2,AB,Energy,Private,Oil & Gas - Upstream,No,1,0,0,0,0,0,"$1,000M - $4,999M"
1079,2024,Japan Canada Oil Sands Limited (JACOS),Hangingstone,AB,Energy,Private,Oil & Gas - Upstream,No,1,0,0,1,0,1,"$1,000M - $4,999M"
1082,2024,Cenovus Energy Inc.,Narrows Lake,AB,Energy,Private,Clean Electricity,Yes,1,0,0,0,0,1,"$1,000M - $4,999M"
1083,2024,Value Creation Inc.,Heartland Upgrader,AB,Energy,Private,Oil & Gas - Downstream,No,1,0,0,0,0,1,Unknown
1090,2024,Value Creation Inc.,Heartland Upgrader,AB,Energy,Private,Oil & Gas - Downstream,No,1,0,0,0,0,1,Unknown
1094,2024,Imperial Oil Limited,Syncrude Mildred Lake Extension,AB,Energy,Private,Oil & Gas - Upstream,No,0,1,0,0,0,0,Unknown
2020,2024,PEI Energy Corporation,PEIEC Wind Farm #5,ON,Energy,Private,Clean Electricity,Yes,1,0,0,0,1,0,<$100M
2025,2024,Synex Energy Resources Ltd.,Victoria Lake Hydro Project,BC,Energy,Private,Other,Yes,0,1,0,0,1,1,#N/A
2059,2024,Aeolis / Boralex,Hackney Hills Wind Park (Aeolis / Boralex),BC,Energy,Private,Other,Yes,1,0,0,0,0,1,<$100M
2060,2024,Pacific Future Energy,Pacific Future Energy Refinery Project,BC,Energy,Private,Clean Electricity,Yes,1,0,0,0,0,0,<$100M
2062,2024,Manitoba Hydro,Pine Falls Units 1-4 Major Overhauls,MB,Energy,Public,Clean Electricity,Yes,1,0,1,0,1,0,<$100M
2064,2024,Manitoba Hydro,Letellier - St. Vital 230kV Transmission,MB,Energy,Public,Trans & Distr,No,1,0,1,0,0,0,<$100M
2065,2024,Manitoba Hydro,Transmission Line Upgrades for Improved Clearance,MB,Energy,Public,Trans & Distr,No,1,0,1,0,0,0,<$100M
2075,2024,FireFly Metals Ltd. (previously owned by Rambler Mining and Metals),Green Bay Copper-Gold Project (formerly Ming Mine),NL,Mining,Private,Other,No,0,1,0,0,0,1,<$100M
2082,2024,SaskPower,Proposed Natural Gas Power Station,SK,Energy,Public,NG Power Gen,No,1,0,1,0,0,0,$500M - $999M
2083,2024,Ressources Falco ltee,Horne 5,QC,Mining,Private,Other,No,1,0,0,0,0,1,$500M - $999M
2092,2024,Miniere Osisko Inc.,Lac Windfall,QC,Mining,Private,Other,No,1,0,0,0,0,1,$100M - $499M
2093,2024,Nouveau Monde Graphite inc.,Matawinie,QC,Mining,Private,Other,No,1,0,0,0,0,0,$100M - $499M
2110,2024,"Nation Innue, RES et Boralex",Apuiat,QC,Energy,Private,Other,Yes,1,0,0,0,1,0,$500M - $999M
2114,2024,Chantiers Chibougamau inc.,Centrale de cogeneration Assinica,QC,Energy,Private,Other,Yes,1,0,0,0,1,1,Unknown
2115,2024,Cogeneration Val-d'Or,Cogeneration Val-d'Or,QC,Energy,Private,Other,Yes,1,0,0,0,0,1,<$100M
2121,2024,Ainsworth Energy Co. Ltd.,Anahim Lake Bioenergy Project,BC,Energy,Private,Waste Biomass,Yes,1,0,0,0,0,1,<$100M
2122,2024,Yun Ka Whu'ten Holdings,Biomass Project - Anahim Lake,BC,Energy,Private,Waste Biomass,Yes,1,0,0,0,0,1,<$100M
2123,2024,Ainsworth Energy Co. Ltd.,Tumbler Ridge Bioenergy Project,BC,Energy,Private,Waste Biomass,Yes,1,0,0,0,0,1,<$100M
2124,2024,Nations Energy Corp.,Biomass Project - Kamloops,BC,Energy,Private,Waste Biomass,Yes,1,0,0,0,0,1,<$100M
2126,2024,CNRL / NRC / Pond Biofuels,Algae Carbon Conversion Pilot Project,AB,Energy,Private,CCUS,Yes,1,0,0,0,0,0,<$100M
3101,2024,Frontier Lithium Inc.,Pakeagama Lake,ON,Mining,Private,Critical Mineral,Yes,1,0,0,1,0,1,$100M - $499M
3104,2024,Gensource Potash Corp,Vanguard,SK,Mining,Private,Other,No,1,0,0,0,0,1,$100M - $499M
3105,2024,Ram River Coal,Aries,AB,Mining,Private,Coal,No,1,0,0,0,0,1,"$1,000M - $4,999M"
3106,2024,Glencore plc,Onaping Depth,ON,Mining,Private,Other,No,1,0,0,0,0,0,$500M - $999M
3206,2024,Hydro-Quebec,New England Clean Energy Connect (NECEC) project,QC,Energy,Public,Clean Electricity,Yes,1,0,0,0,1,0,$500M - $999M
3208,2024,"Transmission Developers Inc. (TDI),",Transmission Line - Champlain Hudson Power Express,QC,Energy,Private,Trans & Distr,No,1,0,0,0,1,0,"$1,000M - $4,999M"
3402,2024,Dow Chemical Canada,Dow Net-Zero Polyethylene and Ethylene Derivatives Facility,AB,Energy,Private,Clean Electricity,Yes,1,0,0,0,1,0,"$5,000M+"
3502,2024,BP Canada,Newfoundland Orphan Basin Exploration Drilling Project,NL,Energy,Private,Oil & Gas - Upstream,No,1,0,1,0,1,0,$100M - $499M
3504,2024,Statoil Canada,Flemish Pass Exploration Drilling Project,NL,Energy,Private,Oil & Gas - Upstream,No,1,0,0,0,0,0,$500M - $999M
3509,2024,Wataynikaneyap Power,Wataynikaneyap Transmission Project,ON,Energy,Private,Trans & Distr,No,1,0,0,1,0,0,"$1,000M - $4,999M"
3600,2024,Fibre Pontiac,Fibre Pontiac (The Biomass Conversion Centre),QC,Energy,Private,Waste Biomass,Yes,1,0,0,0,1,1,$100M - $499M
3601,2024,PEI Energy Corporation,Slemon Park Micro-Grid Project,PE,Energy,Private,Trans & Distr,No,1,0,1,0,0,0,<$100M
3603,2024,Maritime Resources Corp.,Hammerdown (Green Bay),NL,Mining,Private,Precious Metal,No,1,0,0,0,0,1,<$100M
3604,2024,AuMEGA (previously Matador Mining Limited),Cape Ray,NL,Mining,Private,Other,No,1,0,0,0,0,1,<$100M
3610,2024,Telkwa Mining Ltd.,Tenas Project,BC,Mining,Private,Coal,No,1,0,0,0,0,1,<$100M
3615,2024,NB Power,Advanced Meter Infrastructure,NB,Energy,Public,Waste Biomass,Yes,1,0,0,0,0,1,<$100M
3617,2024,St Barbara Ltd.,Beaver Dam Gold Project,NS,Mining,Private,Other,No,1,0,0,0,0,1,$100M - $499M
3622,2024,CVW Cleantech,Titanium and Zircon Extraction Facility,AB,Mining,Private,Critical Mineral,Yes,1,0,0,0,0,1,$100M - $499M
3638,2024,Kirkland Lake Gold Ltd.,Macassa Expansion,ON,Mining,Private,Other,No,1,0,1,0,0,0,$100M - $499M
3639,2024,Harte Gold Corp.,Sugar Zone,ON,Mining,Private,Precious Metal,No,1,0,0,0,0,0,$100M - $499M
3641,2024,Manitoba Hydro,Laverendrye-St.Vital 230kV Line & Breakers,MB,Energy,Public,Trans & Distr,No,1,0,0,1,0,0,<$100M
3643,2024,Manitoba Hydro,Dorsey Synchronous Condenser Refurbishment,MB,Energy,Public,Clean Electricity,Yes,1,0,0,0,1,0,<$100M
3644,2024,Manitoba Hydro,HVDC Transformer Sustainment,MB,Energy,Public,Trans & Distr,No,1,0,1,0,1,0,$100M - $499M
4000,2024,Hydro One,Northwest Bulk Transmission Line Waasigan Transmission Line,ON,Energy,Public,Trans & Distr,No,0,1,0,0,0,1,Unknown
4001,2024,Hydro One,Hawthorne to Merivale transmission upgrades (Planned),ON,Energy,Public,Trans & Distr,No,1,0,0,0,0,0,<$100M
4006,2024,Mines Agnico Eagle ltee,Wasamac,QC,Mining,Private,Precious Metal,No,1,0,0,0,1,1,$100M - $499M
4007,2024,NexGen Energy Ltd.,Rook I,SK,Mining,Private,Other,No,1,0,0,0,0,1,"$1,000M - $4,999M"
4008,2024,Denison Mines Corp.,Wheeler River - Phoenix,SK,Mining,Private,Other,No,1,0,0,0,0,1,$500M - $999M
4013,2024,Rio Tinto,Vaudreuil alumina refinery,QC,Mining,Private,Critical Mineral,Yes,1,0,0,0,0,1,$100M - $499M
4014,2024,Alcoa/Rio Tinto,The Elysis joint venture,QC,Mining,Private,Critical Mineral,Yes,1,0,0,0,0,1,$500M - $999M
4015,2024,Signal Gold Inc. (formerly Anaconda Mining),Goldboro Gold,NS,Mining,Private,Precious Metal,No,1,0,0,0,0,1,<$100M
4016,2024,Allkem Limited,James Bay Lithium,QC,Mining,Private,Critical Mineral,Yes,1,0,0,0,0,1,Unknown
4021,2024,Tolko,Mill upgrade,BC,Forest,Private,Pulp & Paper,No,1,0,0,0,0,1,<$100M
4024,2024,Active Energy Group,New advanced pellet plant,NL,Forest,Private,Other,Yes,1,0,0,0,0,0,<$100M
4026,2024,Resolute,Mill upgrade,ON,Forest,Private,Pulp & Paper,No,1,0,1,1,0,0,<$100M
4030,2024,Gitxsan Development Corp and Airex Energy,Torrefied pellet plant,BC,Forest,Private,Other,Yes,1,0,0,0,0,0,<$100M
4039,2024,Eastmain Resources,Eau Claire,QC,Mining,Private,Other,No,1,0,0,0,1,0,$100M - $499M
4045,2024,Potentia Renewables Inc.,Stirling Wind Power Project,AB,Energy,Private,Clean Electricity,Yes,1,0,1,1,0,0,Unknown
4046,2024,Capstone Infrastructure Corporation,Buffalo Atlee Wind Farm 1 -3,AB,Energy,Private,Clean Electricity,Yes,1,0,1,0,0,0,Unknown
4048,2024,Potentia Renewables Inc.,Jenner Wind Power Project 1 and 2,AB,Energy,Private,Clean Electricity,Yes,1,0,1,0,0,0,Unknown
4050,2024,Canadian Solar,Three solar farms,AB,Energy,Private,Clean Electricity,Yes,1,0,0,0,0,0,$100M - $499M
4052,2024,Cascade Power,Cascade Natural Gas Project,AB,Energy,Private,NG Power Gen,No,1,0,1,1,0,0,"$1,000M - $4,999M"
4057,2024,EDF Renewables Canada,Vulcan Solar Project,AB,Energy,Private,Clean Electricity,Yes,1,0,0,0,0,1,$100M - $499M
4072,2024,PEI Energy Corporation,Borden Battery Park,PE,Energy,Public,"DER, Storage, EV",Yes,1,0,0,0,0,1,<$100M
4073,2024,PEI Energy Corporation,Western PEI Transmission Upgrade,PE,Energy,Private,Trans & Distr,No,1,0,0,0,0,1,<$100M
4077,2024,Synex Energy Resources Ltd.,Victoria Lake Hydro Project,BC,Energy,Private,Clean Electricity,Yes,1,0,0,0,0,1,<$100M
4079,2024,BC Hydro,Mica 600V Circuit Breaker Upgrades Project,BC,Energy,Public,Clean Electricity,Yes,1,0,0,0,0,0,<$100M
4080,2024,Pacific Greengen Power Inc.,Fries Creek Hydroelectric Project,BC,Energy,Private,Clean Electricity,Yes,1,0,0,0,1,1,<$100M
4081,2024,BC Hydro,Cheakamus Recoat Units 1 & 2 Penstock Project,BC,Energy,Public,Clean Electricity,Yes,1,0,0,0,0,0,<$100M
4093,2024,BC Hydro,Mica Modernize Controls (Digital) Project,BC,Energy,Public,Clean Electricity,Yes,1,0,0,0,1,0,<$100M
4096,2024,Boralex,Babcock Ridge Wind Farm,BC,Energy,Private,Clean Electricity,Yes,1,0,0,0,1,1,<$100M
4104,2024,Canfor Corporation/Licella,Biofuel Facility,BC,Energy,Private,Low Carbon Fuels,Yes,1,0,0,0,0,1,<$100M
4106,2024,BC Hydro,Downtown Vancouver Electricity Supply - West End Strategic Property Purchase,BC,Energy,Public,Clean Electricity,Yes,1,0,0,0,0,0,<$100M
4108,2024,BCHydro,LNG Canada Load Interconnection Project,BC,Energy,Public,Trans & Distr,No,1,0,0,0,1,0,<$100M
4111,2024,Borealis Geopower,Canoe Reach Geothermal Energy Project,BC,Energy,Private,Clean Electricity,Yes,1,0,0,0,1,1,$100M - $499M
4116,2024,Alcan Aluminum Ltd. and the Province of BC,Kenney Dam Cold Water Release Facility,BC,Energy,Public,Clean Electricity,Yes,1,0,0,0,0,1,$100M - $499M
4119,2024,AltaGas / Vopak Development Canada Inc.,Ridley Island Energy Export Facility (REEF),BC,Energy,Private,"DER, Storage, EV",Yes,1,0,0,0,0,1,$500M - $999M
4122,2024,Teck Resources/NGEx Resources,GJ Kinaskan Lake Copper-Gold Project,BC,Mining,Private,Precious Metal,No,1,0,0,0,0,0,Unknown
4125,2024,Nisgaa Nation,Nisgaa LNG,BC,Energy,Private,Oil & Gas - Downstream,No,0,1,0,1,0,1,Unknown
4126,2024,Devon Energy Corporation/ BP JV,Pike,AB,Energy,Private,Clean Electricity,Yes,1,0,0,0,0,1,"$1,000M - $4,999M"
4130,2024,Pembina Pipelines Corp.,Peace Pipeline Expansion,AB,Energy,Private,Trans & Distr,No,1,0,1,0,0,0,$500M - $999M
4133,2024,SinoCan Global,SinoCan Global Upgrader and Petrochemical Facility,AB,Energy,Private,Oil & Gas - Downstream,No,1,0,0,0,0,0,"$5,000M+"
4137,2024,Wapahki Energy /CN Rail JV,Canapux Bitumen Processing Facility,AB,Energy,Private,Oil & Gas - Upstream,No,1,0,0,1,0,0,<$100M
4143,2024,Calibre Mining (previously Marathon Gold Corporation),Valentine Gold Mine,NL,Mining,Private,Precious Metal,No,1,0,0,1,0,0,$100M - $499M
4148,2024,Ontario Power Generation,Ranney Falls Expansion,ON,Energy,Public,Other,Yes,1,0,0,0,1,0,<$100M
4153,2024,DP Energy Limited (Haligonia Tidal Energy Ltd. / Rio Fundo Operations Canada Ltd.),Uisce Tapa In-Stream Tidal Energy Project,NS,Energy,Private,Clean Electricity,Yes,1,0,0,0,1,1,$100M - $499M
4154,2024,Sustane Technologies,Sustane Chester,NS,Energy,Private,Other,Yes,1,0,0,0,0,0,<$100M
4155,2024,Eagle Hill Energy LP /Kwanlin Dn First Nation,Haeckel Hill Wind Farm,YK,Energy,Private,Clean Electricity,Yes,1,0,1,0,1,0,<$100M
4158,2024,EDF Renewables,Sharp Hills wind farm (248 MW),AB,Energy,Private,Clean Electricity,Yes,1,0,1,0,0,0,$500M - $999M
4162,2024,Waroona Energy Inc.,Superior Lake (formerly Pick Lake/Winston Lake Zinc Project),ON,Mining,Private,Other,No,1,0,0,0,0,1,$100M - $499M
4163,2024,Canadian Premium Sand,Wanipigow,MB,Mining,Private,Other,No,1,0,0,0,0,1,$100M - $499M
4164,2024,Copper Mountain Mining Corp.,New Ingerbelle,BC,Mining,Private,Critical Mineral,Yes,0,1,0,0,0,1,<$100M
4166,2024,Foran Mining Corp.,McIlvenna Bay,SK,Mining,Private,Other,No,1,0,0,0,0,1,$100M - $499M
4167,2024,Electra Battery Materials Corp.,Cobalt Refinery Complex,ON,Mining,Private,Critical Mineral,Yes,1,0,0,0,0,0,<$100M
4168,2024,Alliance Magnesium,Alliance Magnesium Plant,QC,Mining,Private,Critical Mineral,Yes,1,0,0,0,1,0,$100M - $499M
4169,2024,Allegiance Coal,Telkwa (Delete same project as Tenas Project (ID3610),BC,Mining,Private,Coal,No,1,0,0,0,1,1,<$100M
4172,2024,NGTL,NGTL Westpath Delivery project 2023,AB,Energy,Private,Other,Yes,1,0,1,0,0,0,"$1,000M - $4,999M"
4173,2024,SJ Energy,Burchill Wind Energy,NB,Energy,Private,Clean Electricity,Yes,1,0,0,0,0,0,<$100M
4174,2024,Kahnawake Sustainable Energies (KSE) et Kruger,Des cultures,QC,Energy,Private,Other,Yes,1,0,1,1,0,0,<$100M
4176,2024,Innergex et corporation fonciaoAEre Pituvik,Centrale hydroao lectrique Innavik,QC,Energy,Private,Clean Electricity,Yes,1,0,0,0,0,0,$100M - $499M
4178,2024,Suncor Energy Inc.,Suncor Power Cogeneration Units,AB,Energy,Private,NG Power Gen,No,1,0,0,1,0,0,"$1,000M - $4,999M"
4179,2024,Cenovus Energy Inc.,Christina Lake Phase H Expansion,AB,Energy,Private,Other,Yes,1,0,0,0,1,0,"$1,000M - $4,999M"
4180,2024,TC Energy Corporation,2023 NGTL Intra-Basin System Expansion,AB,Energy,Private,Other,Yes,1,0,1,1,0,0,$500M - $999M
4182,2024,Imperial Oil Ltd.,Cold Lake Thermal Project Enhancements,AB,Energy,Private,Oil & Gas - Upstream,No,1,0,1,0,0,0,$100M - $499M
4188,2024,Alpin Sun,Airport City Solar,AB,Energy,Private,Clean Electricity,Yes,1,0,0,0,0,1,$100M - $499M
4198,2024,Climate Transition Development Corporation,Greenview Geothermal Power Plant (Alberta No. 1),AB,Energy,Private,Clean Electricity,Yes,1,0,0,0,0,1,<$100M
4201,2024,Manitoba Hydro,Portage Area Capacity Enhancements,MB,Energy,Public,Other,Yes,1,0,0,0,0,0,$100M - $499M
4202,2024,Spicer,PempaoNq In-stream Tidal Energy Project,NS,Energy,Private,Clean Electricity,Yes,1,0,0,0,1,0,$100M - $499M
4203,2024,Big Moon Power,Tidal power demonstration facility,NS,Energy,Private,Clean Electricity,Yes,1,0,0,1,0,0,<$100M
4204,2024,Jupiter Hydro,In-Stream Tidal Demonstration Project,NS,Energy,Public,Clean Electricity,Yes,1,0,0,1,0,1,<$100M
4205,2024,Nova Innovation,The Nova Tidal Array (Petit Passage),NS,Energy,Private,Clean Electricity,Yes,1,0,0,0,0,0,<$100M
4215,2024,Hydro One,Lakeshore Transmission Stations Project Leamington Area Transmission Reinforcement (Lakeshore Transmission Station & Chatham to Lakeshore Line),ON,Energy,Public,Trans & Distr,No,1,0,0,0,1,0,$100M - $499M
4216,2024,NRStor and Six Nations of the Grand River Development Corporation Oneida Energy Storage LP,Oneida Energy Storage,ON,Energy,Private,"DER, Storage, EV",Yes,1,0,0,0,1,1,Unknown
4217,2024,Cenovus Energy Inc.,Spruce Lake East Lloyd,SK,Energy,Private,Clean Electricity,Yes,1,0,0,0,0,0,Unknown
4219,2024,Yukon Energy Corporation,Grid-Scale Battery Storage,YK,Energy,Public,"DER, Storage, EV",Yes,1,0,0,0,1,0,<$100M
4220,2024,Port Hawkesbury Paper,Goose Harbour Lake Wind Farm (formerly Pirate Harbour),NS,Energy,Private,Clean Electricity,Yes,1,0,0,0,1,1,$100M - $499M
4221,2024,City of Summerside / Republic of KoreaoNs Samsung Renewable Energy,City of Summerside Solar Farm,PE,Energy,Public,Clean Electricity,Yes,1,0,1,0,0,0,<$100M
4223,2024,Potentia Renewables Inc.,Jenner Wind Power Project 3,AB,Energy,Private,Clean Electricity,Yes,1,0,1,0,0,0,Unknown
4224,2024,WindRiver Power Corp. & TC Energy,Canyon Creek Hydro Power Project (storage),AB,Energy,Private,Clean Electricity,Yes,1,0,0,0,0,1,$100M - $499M
4230,2024,JD Irving,Mill modernization and upgrade,NB,Forest,Private,Pulp & Paper,No,1,0,0,0,0,0,<$100M
4231,2024,Enbridge Frontier Inc.,Frontier NGL Plant and Pipeline Project,BC,Energy,Private,Trans & Distr,No,1,0,0,0,1,1,"$1,000M - $4,999M"
5002,2024,Inuvialuit Petroleum Corporation,Inuvialuit Energy Security Project,NT,Energy,Private,Clean Electricity,Yes,1,0,0,0,0,1,Unknown
5006,2024,Skidegate Band Council,Haida Gwaii Clean Energy Project,BC,Energy,Private,Clean Electricity,Yes,1,0,0,0,0,0,<$100M
5007,2024,NTPC,The Inuvik Wind Generation Project,NT,Energy,Private,Clean Electricity,Yes,1,0,1,0,1,0,<$100M
5010,2024,Deh Tai GP Ltd,Clarke Lake Geothermal Development,BC,Energy,Private,Clean Electricity,Yes,1,0,0,0,0,1,$100M - $499M
5014,2024,"Nisga'a Nation, Western LNG, Rockies LNG Partners",Ksi Lisims LNG,BC,Energy,Private,Oil & Gas - Downstream,No,0,1,0,0,0,1,Unknown
5016,2024,Pace Canada LP,Caroline Solar Project,AB,Energy,Private,Clean Electricity,Yes,1,0,0,0,0,1,<$100M
5017,2024,Pace Canada LP,Hannah Sheerness Solar Project,AB,Energy,Private,Clean Electricity,Yes,1,0,0,0,0,1,<$100M
5018,2024,Tlingit Homeland Energy Limited Partnership (THELP),Atlin Hydro Expansion project,BC,Energy,Private,Clean Electricity,Yes,1,0,0,0,0,1,Unknown
5019,2024,AWP Industrial Park,"pellet mill, sawmill, biomass power plant and logistics",NT,Forest,Private,Lumber,No,1,0,0,0,0,1,<$100M
5025,2024,Interfor Corporation,Mill improvement,BC,Forest,Private,Pulp & Paper,No,1,0,0,0,0,1,<$100M
5027,2024,Osisko Development Corp.,Cariboo Gold Project,BC,Mining,Private,Precious Metal,No,1,0,0,0,0,1,$100M - $499M
5028,2024,St Barbara Ltd.,Moose River Consolidated (15 Mile Stream Mine),NS,Mining,Private,Precious Metal,No,1,0,0,0,0,1,$100M - $499M
5029,2024,Kruger,Brompton paper upgrade,QC,Forest,Private,Pulp & Paper,No,1,0,0,0,0,0,$100M - $499M
5034,2024,Greengate Power Corporation,Lathom Solar Project,AB,Energy,Private,Clean Electricity,Yes,1,0,0,0,1,1,$100M - $499M
5035,2024,Pace Canada LP,Joffre Solar Power Project,AB,Energy,Private,Clean Electricity,Yes,1,0,1,0,0,0,<$100M
5036,2024,TC Energy Corporation,Saddlebrook Solar and Storage Project,AB,Energy,Private,"DER, Storage, EV",Yes,1,0,0,0,0,0,$100M - $499M
5038,2024,TransAlta Renewables,Tempest Wind Power Project,AB,Energy,Private,Clean Electricity,Yes,1,0,0,0,1,1,$100M - $499M
5040,2024,Prairie Sunlight,Vauxhall Solar Farm,AB,Energy,Private,Clean Electricity,Yes,1,0,0,0,0,1,$100M - $499M
5041,2024,AltaLink,Provost to Edgerton and Nilrem to Vermilion (PENV) Transmission Development,AB,Energy,Private,Trans & Distr,No,1,0,0,0,0,1,$100M - $499M
5045,2024,Carbon Clean Energy Inc.,Project Wheatland BioFuel Facility,AB,Energy,Private,Low Carbon Fuels,Yes,1,0,0,0,0,0,$100M - $499M
5047,2024,Air Products,Canada Net-zero Hydrogen Energy Complex,AB,Energy,Private,Clean Electricity,Yes,1,0,0,1,0,0,"$1,000M - $4,999M"
5048,2024,Ascent Energy Partners,Dunmore Solar Project,AB,Energy,Private,Clean Electricity,Yes,1,0,0,0,1,1,$100M - $499M
5049,2024,Wolf Midstream,NGL North Integrated Energy Infrastructure System,AB,Energy,Private,Clean Electricity,Yes,1,0,1,0,0,0,$100M - $499M
5050,2024,Copenhagen Infrastructure Parteners ABO Wind Canada Ltd.,Buffalo Plains Wind Farm,AB,Energy,Private,Clean Electricity,Yes,1,0,0,0,0,0,$500M - $999M
5052,2024,Fortis,Tilbury LNG Phase 2,BC,Energy,Private,Oil & Gas - Downstream,No,1,0,0,0,1,1,"$1,000M - $4,999M"
5053,2024,Alberta BioBoard,MDF and Fuel Pellet Plant,AB,Energy,Private,Waste Biomass,Yes,1,0,0,0,0,1,$500M - $999M
5056,2024,Capital Power,Genesee Power Plant Natural Gas Conversion,AB,Energy,Private,NG Power Gen,No,1,0,0,0,0,0,$500M - $999M
5060,2024,Fortis,Tilbury LNG Phase 1B,BC,Energy,Private,Oil & Gas - Downstream,No,1,0,0,0,1,1,Unknown
5061,2024,Manitoba Hydro,Kettle Unit 6 Minor Overhaul,MB,Energy,Public,Clean Electricity,Yes,1,0,0,0,0,0,<$100M
5062,2024,Manitoba Hydro,Kettle Unit 10 Minor Overhaul,MB,Energy,Public,Clean Electricity,Yes,1,0,0,1,0,0,<$100M
5063,2024,Manitoba Hydro,Kettle Unit 5 Minor Overhaul,MB,Energy,Public,Clean Electricity,Yes,1,0,1,1,0,0,<$100M
5064,2024,Manitoba Hydro,Southwest Wpg 115kV Tsfrmr Improv-Phase2,MB,Energy,Public,Clean Electricity,Yes,1,0,0,0,0,0,<$100M
5066,2024,Ontario Power Generation,Redevelopment of the Calabogie site,ON,Energy,Public,Clean Electricity,Yes,1,0,0,0,1,0,$100M - $499M
5067,2024,Ontario Power Generation,Redevelopment of Coniston station,ON,Energy,Public,Clean Electricity,Yes,1,0,0,0,1,1,<$100M
5068,2024,Lakeshore Natural Gas,Certarus and North Shore Distribution project,ON,Energy,Private,Other,Yes,1,0,0,0,0,0,<$100M
5069,2024,Canada Nickel Company Inc.,Crawford,ON,Mining,Private,Critical Mineral,Yes,0,1,0,1,0,1,"$1,000M - $4,999M"
5074,2024,New Age Metals Inc.,River Valley Palladium,ON,Mining,Private,Precious Metal,No,0,1,0,0,0,1,$500M - $999M
5075,2024,Avalon Advanced Materials Inc.,Separation Rapids,ON,Mining,Private,Other,No,1,0,0,0,0,0,<$100M
5076,2024,Resolve Energie,Usine de production d'ethanol cellulosique,QC,Energy,Private,Oil & Gas - Upstream,No,1,0,0,1,0,1,$100M - $499M
5077,2024,Greenfield Global,Agrandissement usine d'ethanol a Varennes,QC,Energy,Private,Low Carbon Fuels,Yes,1,0,0,0,0,1,$100M - $499M
5084,2024,Kruger Energy Inc.,Foxtail Grove Solar,SK,Energy,Private,Clean Electricity,Yes,1,0,0,0,0,0,Unknown
5086,2024,DEEP,DEEP Geothermal,SK,Energy,Private,Clean Electricity,Yes,1,0,0,1,0,1,Unknown
5087,2024,Innagreen Investments and Awasis Nehiyawewini Energy Development,Bekevar Wind Energy Project,SK,Energy,Private,Clean Electricity,Yes,1,0,0,0,0,0,Unknown
5089,2024,Independent Energy Corp.,Kerrobert Crude Oil Processing Facility,SK,Energy,Private,Oil & Gas - Upstream,No,1,0,0,0,1,0,<$100M
6002,2024,Highwood Organics Processing,Aldersyde Bioenergy Facility,AB,Energy,Private,Waste Biomass,Yes,1,0,0,0,1,1,<$100M
6006,2024,Recyclage carbone Varenne (Technologie d'Enerkem),Biofuel Facility,QC,Forest,Private,Other,Yes,1,0,0,0,0,0,$500M - $999M
6008,2024,McEwen Mining Inc.,Black Fox,ON,Mining,Private,Other,No,1,0,0,0,1,0,$100M - $499M
6009,2024,McEwen Mining Inc.,Black Fox Mine Froome Expansion,ON,Mining,Private,Other,No,1,0,0,1,0,0,$100M - $499M
6013,2024,Enbridge Inc.,Cherry to Bathurst NPS 20 Pipeline Replacement Project,ON,Energy,Private,Trans & Distr,No,1,0,1,0,1,0,$100M - $499M
6016,2024,Voltarix Group,Creekside Solar Project,AB,Energy,Private,Clean Electricity,Yes,1,0,0,0,0,1,<$100M
6017,2024,ATCO,Deerfoot Solar Project,AB,Energy,Private,Clean Electricity,Yes,1,0,0,0,0,0,<$100M
6018,2024,FortisBC,Eagle Mountain - Woodfibre Gas Pipeline,BC,Energy,Private,Trans & Distr,No,1,0,0,0,1,1,$100M - $499M
6019,2024,Skeena Resources Ltd.,Eskay Creek Mine,BC,Mining,Private,Precious Metal,No,1,0,0,0,0,1,$100M - $499M
6021,2024,NOVA Gas Transmission Ltd.,Foothills Zone 8 West Path Delivery 2023,BC,Energy,Private,Clean Electricity,Yes,1,0,1,0,0,0,$100M - $499M
6022,2024,NTPC,Fort Providence and Kakisa Transmission Line,NT,Energy,Private,Trans & Distr,No,1,0,0,0,0,1,<$100M
6023,2024,STLLR Gold Inc.,Tower Gold (formerly Garrison/Golden Highway),ON,Mining,Private,Precious Metal,No,0,1,0,0,0,1,$500M - $999M
6025,2024,Rock Tech Lithium Inc.,Georgia Lake,ON,Mining,Private,Critical Mineral,Yes,1,0,0,0,0,1,$100M - $499M
6026,2024,TransAlta Corporation,Ghost River WaterCharger Battery Energy Storage,AB,Energy,Private,"DER, Storage, EV",Yes,1,0,0,0,0,1,$100M - $499M
6028,2024,TransAlta Corporation,Glacier Gas Plant CSS (Phase 2),AB,Energy,Private,Oil & Gas - Downstream,No,1,0,0,0,0,1,<$100M
6029,2024,LNG Newfoundland and Labrador,Grassy Point LNG,NL,Energy,Private,Oil & Gas - Downstream,No,1,0,0,0,0,1,"$5,000M+"
6030,2024,Capital Power,Halkirk Wind Project Phase 2,AB,Energy,Private,Clean Electricity,Yes,1,0,0,0,0,0,$100M - $499M
6031,2024,Diageo Canada Inc.,Implantation de mesures de reduction des emissions de GES et de conversion energetique,QC,Energy,Private,Waste Biomass,Yes,1,0,0,0,1,1,<$100M
6032,2024,BigMoon Canada Corporation,In-Stream Tidal Energy Project,NS,Energy,Private,Clean Electricity,Yes,1,0,0,0,0,0,<$100M
6034,2024,"ITOCHU Corporation, Petronas Canada, Interpipe (Brookfield Infrastructure)",ITOCHU/Petronas/Interpipe (Brookfield Infrastructure) Blue Ammonia Production Facility,AB,Energy,Private,Low Carbon Fuels,Yes,1,0,0,1,0,0,"$1,000M - $4,999M"
6035,2024,Landore Resources Limited,Junior Lake (BAM Gold Project),ON,Mining,Private,Precious Metal,No,1,0,0,1,0,0,$100M - $499M
6036,2024,Imperial Oil,Kearl Oil Sand In-Pit Tailings Project,AB,Energy,Private,Oil & Gas - Upstream,No,1,0,0,1,0,0,$500M - $999M
6037,2024,Manitoba Hydro,Kettle Unit 8 Stator Overhaul,MB,Energy,Public,Clean Electricity,Yes,1,0,0,0,1,0,<$100M
6040,2024,FD Power,Kopahawakenum,SK,Energy,Private,Other,Yes,1,0,0,1,0,1,<$100M
6041,2024,SOQUEM,Kwyjibo,QC,Mining,Private,Other,No,1,0,0,0,0,0,$500M - $999M
6042,2024,Mao taux Lomiko,La Loutre Graphite,QC,Mining,Private,Critical Mineral,Yes,1,0,0,1,0,0,$100M - $499M
6043,2024,Hydro One,Chatham to Lakeshore Transmission Line,ON,Energy,Public,Trans & Distr,No,1,0,0,1,0,0,$500M - $999M
6044,2024,Lafarge Canada Inc.,Landfill Fly Ash Beneficiation Project,AB,Energy,Private,Waste Biomass,Yes,1,0,0,0,1,0,<$100M
6045,2024,Manitoba Hydro,Limestone Units 1-3 & 5-10 Stator Re-Wedge,MB,Energy,Public,Clean Electricity,Yes,1,0,0,1,0,0,<$100M
6046,2024,"LNG Canada (Shell Canada Limited, PETRONAS, Korea Gas Corporation (KOGAS), Mitsubishi Corporation, and PetroChina Company Limited)",LNG Canada Phase 2,BC,Energy,Private,Oil & Gas - Downstream,No,1,0,0,0,1,1,Unknown
6047,2024,Manitoba Hydro,Long Spruce Generator Protection Replacement,MB,Energy,Public,Clean Electricity,Yes,1,0,0,0,0,0,<$100M
6048,2024,Canadian Malartic GP,Malartic extension project - Odyssey,QC,Mining,Private,Other,No,1,0,1,0,1,0,$500M - $999M
6049,2024,Mines Agnico Eagle ltee,Malartic Extension Project (Odyssey),QC,Mining,Private,Other,No,1,0,0,0,0,0,"$1,000M - $4,999M"
6050,2024,Miniere O3,Marban Block,QC,Mining,Private,Other,No,1,0,0,0,1,1,$100M - $499M
6051,2024,Fox River Resources Corporation,Martison,ON,Mining,Private,Other,No,0,1,0,0,0,1,"$1,000M - $4,999M"
6053,2024,TC Energy Corporation,Meaford Pumped Storage Project,ON,Energy,Private,"DER, Storage, EV",Yes,1,0,0,0,0,1,"$1,000M - $4,999M"
6056,2024,San Group,Mill and port upgrades,BC,Forest,Private,Pulp & Paper,No,1,0,0,0,0,1,$100M - $499M
6057,2024,Resolute,Mill modernization and new equipment,QC,Forest,Private,Pulp & Paper,No,1,0,0,0,0,0,<$100M
6060,2024,Sayona Nord,Moblan,QC,Mining,Private,Other,No,0,1,0,1,0,1,$500M - $999M
6061,2024,Voyager Metals inc.,Mont Sorcier,QC,Mining,Private,Other,No,1,0,0,0,0,0,$500M - $999M
6062,2024,Voltarix Group,Moon Lake Solar Project,AB,Energy,Private,Clean Electricity,Yes,1,0,0,1,0,1,<$100M
6063,2024,Northriver Midstream NEBC Connector GP Inc.,NEBC Connector Project,Multi,Energy,Private,Clean Electricity,Yes,1,0,0,0,0,1,$100M - $499M
6064,2024,One Sky Forest Products,New OSB Mill,SK,Forest,Private,EWP,No,1,0,0,0,0,1,$100M - $499M
6067,2024,Northern Petrochemical Corp.,Northern Petrochemical Ammonia and Methanol Production Facility,AB,Energy,Private,Low Carbon Fuels,Yes,1,0,0,0,0,1,"$1,000M - $4,999M"
6069,2024,Wawa OSB Inc,OSB Mill restart,ON,Forest,Private,EWP,Yes,1,0,0,0,0,0,$100M - $499M
6072,2024,Peak Renewables,Pellet Plant,BC,Forest,Private,Other,Yes,1,0,0,1,0,1,<$100M
6073,2024,Groupe Lebel,Pellet plant,QC,Forest,Private,Other,Yes,1,0,1,0,0,0,Unknown
6077,2024,Hydro One,Power Downtown Toronto,ON,Energy,Public,Trans & Distr,No,1,0,0,0,0,1,$100M - $499M
6078,2024,Ascot Resources Ltd.,Premier Gold Project,BC,Mining,Private,Precious Metal,No,0,1,0,0,0,0,$100M - $499M
6079,2024,Heartland Generation,Rainbow Lake Generating Station Expansion,AB,Energy,Private,Other,Yes,1,0,0,0,1,0,<$100M
6081,2024,Newcrest Mining Ltd./Imperial Metals,Red Chris Block Cave Expansion,BC,Mining,Private,Precious Metal,No,1,0,0,1,0,1,"$1,000M - $4,999M"
6083,2024,Voltarix Group,Rocktree Solar Project,AB,Energy,Private,Clean Electricity,Yes,1,0,0,0,0,1,<$100M
6084,2024,DP Energy,Saamis Solar Farm,AB,Energy,Private,Clean Electricity,Yes,1,0,0,0,0,1,$100M - $499M
6085,2024,Dunkley Lumber,Saw Mill Expansion,SK,Forest,Private,Lumber,No,1,0,1,0,0,0,$100M - $499M
6086,2024,Silicon Ranch,Scottford Refinery Solar Farm,AB,Energy,Private,"DER, Storage, EV",Yes,1,0,0,0,0,0,$100M - $499M
6087,2024,Magna Mining Inc.,Shakespeare,ON,Mining,Private,Other,No,1,0,0,0,1,1,$100M - $499M
6088,2024,Expander Energy,Slave Lake Bio-Mass/Gas to Liquids Plant (Phase 1),AB,Energy,Private,Waste Biomass,Yes,1,0,0,0,0,1,<$100M
6089,2024,Hydro One,St.Clair Transmission Line,ON,Energy,Public,Trans & Distr,No,1,0,0,0,0,1,$100M - $499M
6090,2024,Imperial Oil Ltd.,Strathcona Refinery Renewable Diesel Expansion,AB,Energy,Private,Low Carbon Fuels,Yes,1,0,0,0,0,0,$500M - $999M
6091,2024,"ATCO, Suncor",Suncor and ATCO clean hydrogen project,AB,Energy,Private,Low Carbon Fuels,Yes,1,0,0,0,1,1,Unknown
6092,2024,Suncor Energy Inc.,Suncor PURE Demonstration Facility,AB,Energy,Private,Clean Electricity,Yes,1,0,0,0,0,1,<$100M
6095,2024,Suncor,Tilt Cove Exploration Drilling Project,NL,Energy,Private,Oil & Gas - Upstream,No,1,0,0,0,0,0,<$100M
6096,2024,Troilus Gold Corp.,Troilus,QC,Mining,Private,Other,No,0,1,0,1,0,1,$100M - $499M
6097,2024,Agnico Eagle Mines Limited,Upper Beaver,ON,Mining,Private,Other,No,1,0,0,0,0,1,$100M - $499M
6098,2024,Elkem Metal Canada,Usine de demonstration de fabrication de briquettes de biocarbone,QC,Energy,Private,Waste Biomass,Yes,1,0,0,0,0,0,<$100M
6100,2024,Probe Gold inc.,Novador,QC,Mining,Private,Precious Metal,No,1,0,0,0,1,1,$100M - $499M
6101,2024,Ville de Quebec,Projet de valorisation de la vapeur de l'incinerateur pour le CHU de Quebec - Universite Laval,QC,Energy,Private,Other,Yes,1,0,0,0,0,1,<$100M
6102,2024,Galleon Gold Corp.,West Cache,ON,Mining,Private,Precious Metal,No,0,1,0,0,0,1,$100M - $499M
6103,2024,"Enbridge Inc., BG Group",Westcoast Connector Gas Transmission Project,BC,Energy,Private,Trans & Distr,No,0,1,0,0,0,1,"$5,000M+"
6104,2024,NTPC,Whati Transmission Line,NT,Energy,Private,Trans & Distr,No,1,0,0,0,0,1,<$100M
6105,2024,BluEarth Renewables,Wheatcrest Solar Project,AB,Energy,Private,Clean Electricity,Yes,1,0,1,0,0,0,$100M - $499M
7000,2024,Strategic Resources Inc.,BlackRock,QC,Mining,Private,Other,No,1,0,0,0,0,0,"$1,000M - $4,999M"
7001,2024,Sabre Gold Mines Corp.,Brewery Creek,YK,Mining,Private,Precious Metal,No,1,0,0,1,0,0,$100M - $499M
7002,2024,Dore Copper Mining Corp.,Corner Bay,QC,Mining,Private,Critical Mineral,Yes,1,0,0,1,0,0,$100M - $499M
7003,2024,Rio Tinto Group,Jonquiere Refinery,QC,Mining,Private,Critical Mineral,Yes,1,0,0,1,0,1,"$1,000M - $4,999M"
7004,2024,Nouveau Monde Graphite Inc,Lac Gueret,QC,Mining,Private,Critical Mineral,Yes,1,0,0,0,0,0,"$1,000M - $4,999M"
7005,2024,Groupe minier Impao rial,Crater Lake,QC,Mining,Private,Other,No,1,0,0,1,0,0,$500M - $999M
7006,2024,H2V Energies,Alpha Plant,QC,Energy,Private,Waste Biomass,Yes,1,0,0,1,0,0,"$1,000M - $4,999M"
7007,2024,Saskpower,Aspen Power Station,SK,Energy,Public,Low Carbon Fuels,Yes,1,0,0,0,1,0,"$1,000M - $4,999M"
7008,2024,ATCO,ATCO Kansai Electric Power Ammonia Project (Natural Gas with CCUS),AB,Energy,Private,NG Power Gen,No,1,0,0,0,1,0,"$1,000M - $4,999M"
7009,2024,Energir Developpement/Nature Energy,Biomethanization plants in Quebec- Farnham Project,QC,Energy,Private,Waste Biomass,Yes,1,0,0,1,0,1,"$1,000M - $4,999M"
7010,2024,Enbridge Gas,Bobcaygeon Natural Gas Expansion,ON,Energy,Private,NG Power Gen,No,1,0,0,0,0,1,$100M - $499M
7011,2024,Centre de Tratement de la Biomasse de la Monteregie (CTBM) Inc.,Centre de Tratement de la Biomasse de la Monteregie,QC,Energy,Private,Waste Biomass,Yes,1,0,0,0,0,0,<$100M
7012,2024,Cielo Waste Solutions Corp.,Cielo- Halifax,NS,Energy,Private,Other,Yes,1,0,0,1,0,1,<$100M
7013,2024,Enbridge Gas,Dawn-Corruna Project,ON,Energy,Private,Oil & Gas - Upstream,No,1,0,1,0,0,0,$100M - $499M
7014,2024,Capital Power Corporation,East Windsor Expansion,ON,Energy,Private,"DER, Storage, EV",Yes,1,0,0,0,0,1,$100M - $499M
7015,2024,Eco Options Energy Cooperative,Eco Options Energy Cooperative,BC,Energy,Private,Clean Electricity,Yes,1,0,0,0,0,0,$100M - $499M
7016,2024,Cenvous Energy Inc.,Edam Waseca Steam Injection,SK,Energy,Private,Clean Electricity,Yes,1,0,0,1,0,0,$100M - $499M
7017,2024,Churchill Falls Labrador Corporation,Electric Utility 2021 Capital Program (Churchill Falls Labrador Corporation),NL,Energy,Private,Other,Yes,1,0,1,0,1,0,<$100M
7018,2024,Newfoundland and Labrador Hydro,Electric Utility 2021 Capital Program (Newfoundland and Labrador Hydro),NL,Energy,Public,Clean Electricity,Yes,1,0,1,0,0,0,$100M - $499M
7019,2024,Newfoundland Power Inc.,Electric Utility 2021 Capital Program (Newfoundland Power Inc.),NL,Energy,Private,Trans & Distr,No,1,0,1,0,0,0,$100M - $499M
7020,2024,Churchill Falls Labrador Corporation,Electric Utility 2022 Capital Program (Churchill Falls Labrador Corporation),NL,Energy,Private,Other,Yes,1,0,1,0,0,0,<$100M
7021,2024,Newfoundland and Labrador Hydro,Electric Utility 2022 Capital Program (Newfoundland and Labrador Hydro),NL,Energy,Public,Clean Electricity,Yes,1,0,1,0,0,0,$100M - $499M
7022,2024,Newfoundland Power Inc.,Electric Utility 2022 Capital Program (Newfoundland Power Inc.),NL,Energy,Private,Trans & Distr,No,1,0,1,0,0,0,$100M - $499M
7023,2024,Newfoundland Power Inc.,Electric Utility 2023 Capital Program,NL,Energy,Private,Clean Electricity,Yes,1,0,0,0,0,0,$100M - $499M
7024,2024,Churchill Falls Labrador Corporation,Electric Utility 2023 Capital Program (Churchill Falls Labrador Corporation),NL,Energy,Private,Other,Yes,1,0,1,1,0,0,<$100M
7025,2024,Newfoundland and Labrador Hydro,Electric Utility 2023 Capital Program (Newfoundland and Labrador Hydro),NL,Energy,Public,Clean Electricity,Yes,1,0,0,0,0,0,$100M - $499M
7026,2024,ENMAX Energy Corp.,Enmax Substation No. 1,AB,Energy,Private,Trans & Distr,No,1,0,0,1,0,0,$100M - $499M
7027,2024,Manitoba Hydro,Enterprise PCB Remediation,MB,Energy,Public,Clean Electricity,Yes,1,0,0,0,1,0,<$100M
7028,2024,SaskPower,Ermine and Yellowhead Expansion,SK,Energy,Public,Other,Yes,1,0,0,0,1,0,$100M - $499M
7029,2024,Federated Co-operatives Limited,FCL HDRD Plant,SK,Energy,Private,Waste Biomass,Yes,1,0,0,0,1,1,"$1,000M - $4,999M"
7031,2024,Fort Nelson First Nation/Hydrogen Naturally,Fort Nelson First Nation Hydrogen,BC,Energy,Private,Low Carbon Fuels,Yes,1,0,0,0,0,1,"$1,000M - $4,999M"
7032,2024,ACCIONA Energia,Forty Mile Wind Project (ACCONIA),AB,Energy,Private,Clean Electricity,Yes,1,0,0,0,0,0,$100M - $499M
7033,2024,Neoen International,Fox Coulee Solar Farm,AB,Energy,Private,Clean Electricity,Yes,1,0,1,0,1,0,$100M - $499M
7034,2024,Parkland Corp.,Fuel Refinery Upgrade (Parkland coprocessing),BC,Energy,Private,Oil & Gas - Downstream,No,1,0,0,0,0,0,$500M - $999M
7035,2024,Green Impact Partners (In partnership with Carbon Clean Energy and PCL Construction),Future Energy Park Renewable Natural Gas and Ethanol Project,AB,Energy,Private,Low Carbon Fuels,Yes,1,0,0,0,1,1,"$1,000M - $4,999M"
7036,2024,Manitoba Hydro,Grand Rapids Unit 1 Overhaul,MB,Energy,Public,Clean Electricity,Yes,1,0,1,0,0,0,<$100M
7037,2024,Pattern Energy,Argentia Renewables,NL,Energy,Private,Low Carbon Fuels,Yes,1,0,0,0,0,0,"$5,000M+"
7038,2024,H2MB,H2MB,MB,Energy,Private,Low Carbon Fuels,Yes,1,0,0,1,0,1,<$100M
7039,2024,FortisBC/Suncor/Hazer,Hazer Pyrolysis Hydrogen Production Demo Plant,BC,Energy,Private,Low Carbon Fuels,Yes,1,0,0,0,0,1,<$100M
7040,2024,Heidelberg Materials,Heidelberg Materials Carbon Capture Utilization and Storage Hub,AB,Energy,Private,CCUS,Yes,1,0,0,0,0,1,"$1,000M - $4,999M"
7042,2024,Kiwetinohk Energy Corp,Homestead Solar Project,AB,Energy,Private,Clean Electricity,Yes,1,0,0,0,0,1,$500M - $999M
7043,2024,Hydrogen Canada Corp,Hydrogen Canada Corp Hydrogen Project (Natural Gas with CCUS),AB,Energy,Private,Clean Electricity,Yes,1,0,0,0,0,0,"$1,000M - $4,999M"
7044,2024,Renewable Hydrogen Canada/ Fortis BC/ Green Investment Group,Hydrogen Electrolyzer Plant,BC,Energy,Private,Low Carbon Fuels,Yes,1,0,0,1,0,1,$100M - $499M
7045,2024,Hydra Energy Canada,Hydrogen Refueling and Production,BC,Energy,Private,Low Carbon Fuels,Yes,1,0,0,0,0,0,<$100M
7046,2024,Manitoba Hydro,Jenpeg Unit 2 Overhauls,MB,Energy,Public,Clean Electricity,Yes,1,0,0,0,1,0,<$100M
7047,2024,Northland Power,Jurassic Solar and Battery Storage,AB,Energy,Private,"DER, Storage, EV",Yes,1,0,0,1,0,0,$500M - $999M
7048,2024,Manitoba Hydro,Kettle Unit 10 Stator Overhaul,MB,Energy,Public,Clean Electricity,Yes,1,0,0,0,1,1,<$100M
7049,2024,Manitoba Hydro,Kettle Unit 11 Stator Overhaul,MB,Energy,Public,Clean Electricity,Yes,1,0,0,0,0,0,<$100M
7050,2024,Manitoba Hydro,Kettle Unit 12 Stator Overhaul,MB,Energy,Public,Clean Electricity,Yes,1,0,0,1,0,0,<$100M
7051,2024,Manitoba Hydro,Kettle Unit 5 Stator Overhaul,MB,Energy,Public,Clean Electricity,Yes,1,0,0,1,0,0,<$100M
7052,2024,Manitoba Hydro,Kettle Unit 6 Stator Overhaul,MB,Energy,Public,Clean Electricity,Yes,1,0,1,0,1,0,<$100M
7053,2024,Manitoba Hydro,Kettle Unit 7 Stator Overhaul,MB,Energy,Public,Clean Electricity,Yes,1,0,0,0,0,0,<$100M
7054,2024,Manitoba Hydro,Kettle Unit 9 Stator Overhaul,MB,Energy,Public,Clean Electricity,Yes,1,0,0,1,0,0,<$100M
7055,2024,Kiwetinohk Energy Corp,Phoenix Solar Project,AB,Energy,Private,Clean Electricity,Yes,1,0,0,1,0,1,$100M - $499M
7056,2024,Metro Vancouver,Lulu Island WWT Plant,BC,Energy,Private,Waste Biomass,Yes,1,0,0,0,0,0,<$100M
7057,2024,Greengate Power Corporation,Luna Solar Project (Phase One),AB,Energy,Private,Clean Electricity,Yes,1,0,0,0,1,0,$500M - $999M
7058,2024,Greengate Power Corporation,Luna Solar Project (Phase Two),AB,Energy,Private,Clean Electricity,Yes,1,0,0,0,1,1,$500M - $999M
7059,2024,McLeod Lake Indian Band/Mitsubishi,McLeod Lake Indian Band Hydrogen Project,BC,Energy,Private,Low Carbon Fuels,Yes,1,0,0,0,0,1,"$5,000M+"
7060,2024,Strathcona Resources Ltd.,Meota Waseca SAGD,SK,Energy,Private,Oil & Gas - Upstream,No,1,0,1,0,0,0,$100M - $499M
7061,2024,Huron Clean Energy and Upper Nicola Band,Merritt Electro Fuels Project,BC,Energy,Private,Clean Electricity,Yes,1,0,0,0,0,1,<$100M
7062,2024,Greengate Power Corporation,Midnight Solar and Battery Storage Project,AB,Energy,Private,"DER, Storage, EV",Yes,1,0,0,0,0,0,$500M - $999M
7063,2024,Uniboard,Mill modernisation,QC,Forest,Private,Pulp & Paper,No,1,0,0,1,0,0,$100M - $499M
7064,2024,Enbridge/Walker Industries and Comcor Environmental,Niagara Falls Renewable Natural Gas Project,ON,Energy,Private,NG Power Gen,No,1,0,1,0,1,0,<$100M
7065,2024,Potentia Renewables Inc.,Paintearth Wind Power Project,AB,Energy,Private,Clean Electricity,Yes,1,0,1,0,0,0,$100M - $499M
7066,2024,Newmont Corp.,Pamour,ON,Mining,Private,Other,No,1,0,0,0,0,1,$500M - $999M
7067,2024,Enbridge Gas,Panhandle Regional Expansion,ON,Energy,Private,Other,Yes,0,1,0,0,0,1,$100M - $499M
7068,2024,Alliance de lenergie de lEst / Valeco Energie Quebec,Parc Eolien de Grosse Ile + Battery,QC,Energy,Private,"DER, Storage, EV",Yes,1,0,0,0,0,1,<$100M
7069,2024,The Pathways Alliance,Pathways Alliance Carbon Capture Storage Hub (Phase 1),AB,Energy,Private,CCUS,Yes,1,0,0,0,0,1,"$5,000M+"
7070,2024,"Pembina Pipeline, Marubeni",Pembina Pipeline and Marubeni Ammonia Project (Natural Gas with CCUS),AB,Energy,Private,Trans & Distr,No,1,0,0,0,0,0,"$1,000M - $4,999M"
7073,2024,Manitoba Hydro,Pointe du Bois Renewable Energy Project,MB,Energy,Public,Clean Electricity,Yes,1,0,0,1,0,0,$100M - $499M
7074,2024,Strathcona Resources Ltd.,Prince East Waseca SAGD,SK,Energy,Private,Oil & Gas - Upstream,No,1,0,1,0,1,0,$100M - $499M
7075,2024,Waste Connections of Canada and Enbridge,Ridge Landfill RNG Facility,ON,Energy,Private,Waste Biomass,Yes,1,0,0,0,0,0,<$100M
7076,2024,REN Energy/FortisBC,RNG from Wood Waste,BC,Energy,Private,Waste Biomass,Yes,1,0,1,0,1,0,$100M - $499M
7077,2024,SAF + Consortium,SAF Consortium,QC,Energy,Private,Other,Yes,1,0,0,0,0,1,$100M - $499M
7078,2024,Pace Canada LP,Salt Flats Solar Project,AB,Energy,Private,Clean Electricity,Yes,1,0,0,0,0,1,<$100M
7079,2024,Invenergy,Skinners Pond Wind Energy Centre,PE,Energy,Private,Trans & Distr,No,1,0,0,0,0,1,<$100M
7080,2024,Manitoba Hydro,Station Battery Bank Capacity & System Reliability Increase,MB,Energy,Public,"DER, Storage, EV",Yes,1,0,1,0,0,0,<$100M
7081,2024,ABO Wind Canada Ltd.,Stettler Solar and Battery Storage Project,AB,Energy,Private,"DER, Storage, EV",Yes,1,0,0,0,0,1,$100M - $499M
7082,2024,"City of Summerside, Samsung Renewable Energy",Summerside Solar and Storage Integration Project,PE,Energy,Public,"DER, Storage, EV",Yes,1,0,0,0,0,0,$100M - $499M
7083,2024,Evolugen by Brookfield Renewable,Sunrise Solar Project,AB,Energy,Private,Clean Electricity,Yes,1,0,0,1,0,1,$100M - $499M
7084,2024,Tla'amin Nation,Tlaamin tiskwat mill site,BC,Energy,Private,Other,Yes,1,0,0,0,0,1,$500M - $999M
7085,2024,Enerfin Energy Company of Canada Inc.,Winnifred Wind Power Project,AB,Energy,Private,Clean Electricity,Yes,1,0,0,0,0,0,$100M - $499M
7086,2024,Energir/WM Quebec,WM Sainte-Sophie Landfill RNG Facility,QC,Energy,Private,Waste Biomass,Yes,1,0,0,0,1,1,$100M - $499M
8001,2024,Renewable Energy Systems Canada Inc.,Enterprise Solar Project,AB,Energy,Private,Clean Electricity,Yes,0,1,0,0,0,0,$100M - $499M
8002,2024,Renewable Energy Systems Canada Inc.,Big Sky Solar Project,AB,Energy,Private,Clean Electricity,Yes,0,1,0,0,1,0,$100M - $499M
8004,2024,Federation Group,Marguerite Lake Compressed Air Energy Storage,AB,Energy,Private,"DER, Storage, EV",Yes,0,1,0,0,1,1,$500M - $999M
8005,2024,MYTILINEOS Energy & Metals,Red Willow Solar,AB,Energy,Private,Clean Electricity,Yes,0,1,0,0,0,1,$100M - $499M
8006,2024,MYTILINEOS Energy & Metals,Sunnynook Solar Project,AB,Energy,Private,Clean Electricity,Yes,0,1,0,0,0,1,$100M - $499M
8007,2024,MYTILINEOS Energy & Metals,Dolcy Solar Project,AB,Energy,Private,Clean Electricity,Yes,0,1,0,0,0,1,$100M - $499M
8009,2024,Peace Energy Cooperative,Peace River Energy Project,AB,Energy,Private,Clean Electricity,Yes,0,1,0,0,0,0,<$100M
8010,2024,ATCO,Forty Mile Solar Farm (Granlea Phase 2),AB,Energy,Private,Clean Electricity,Yes,0,1,0,0,1,0,$100M - $499M
8011,2024,Solar Krafte and Kinbrook Solar,Rainier Solar Farm,AB,Energy,Private,Clean Electricity,Yes,0,1,0,0,1,1,$500M - $999M
8013,2024,Kineticor Resource Corp.,Greenlight Electricity Centre,AB,Energy,Private,Clean Electricity,Yes,0,1,0,0,0,1,"$1,000M - $4,999M"
8016,2024,NorthRiver Midstream,NEBC Connector Pipeline Project,AB,Energy,Private,Trans & Distr,No,0,1,0,0,0,1,$100M - $499M
8017,2024,Gibson Energy & Varme Energy JV,Heartland Waste to Power Project,AB,Energy,Private,Waste Biomass,Yes,0,1,0,0,0,1,$100M - $499M
8021,2024,Horizon New Energy,Aira Solar Project,AB,Energy,Private,Clean Electricity,Yes,0,1,0,0,0,1,$500M - $999M
8022,2024,hep Energy,Alderson Solar Power Project,AB,Energy,Private,Clean Electricity,Yes,0,1,0,0,0,1,$100M - $499M
8024,2024,FortisAlberta,Bassano 435S DER Solar,AB,Energy,Private,Clean Electricity,Yes,0,1,0,0,0,0,<$100M
8025,2024,ENGIE Development Canada LP,Buffalo Trail North Wind Project,AB,Energy,Private,Clean Electricity,Yes,0,1,0,0,1,0,$100M - $499M
8029,2024,Renewable Energy Systems Canada Inc.,Nova Solar Project,AB,Energy,Private,Clean Electricity,Yes,0,1,0,0,1,1,$100M - $499M
8032,2024,PR Development GP Inc.,Prominence Solar Project,AB,Energy,Private,Clean Electricity,Yes,0,1,0,0,0,1,$100M - $499M
8033,2024,Canadian Utilities Limited,Yellowhead Mainline Natural Gas Pipeline,AB,Energy,Private,NG Power Gen,No,0,1,0,0,0,1,"$1,000M - $4,999M"
8035,2024,Pouce Coupe Pipeline,Pouce Coupe Pipeline,AB,Energy,Private,Trans & Distr,No,0,1,0,0,0,1,$100M - $499M
8038,2024,Cielo,Carseland Biomass Gasifier Project,AB,Energy,Private,Waste Biomass,Yes,0,1,0,0,0,1,$100M - $499M
8040,2024,AltaLink & ATCO,Central East Transfer Out Transmission Development,AB,Energy,Private,Trans & Distr,No,0,1,0,0,0,0,$100M - $499M
8041,2024,Cenovus Energy Inc.,Narrows Lake Tie-Back to Christina Lake,AB,Energy,Private,Other,Yes,0,1,0,0,1,0,$100M - $499M
8042,2024,Canadian Natural Resources Ltd. (CNRL),Naphtha Recovery Unit Tailings Treatment Project,AB,Energy,Private,Other,Yes,0,1,0,0,1,1,$100M - $499M
8043,2024,EDF EN Canada,Pe-Na-Koyim Wind Project,AB,Energy,Private,Clean Electricity,Yes,0,1,0,0,0,1,$100M - $499M
8046,2024,Mondi Group plc,Hinton Pulp Mill Expansion,AB,Forest,Private,Pulp & Paper,No,0,1,0,0,0,1,$500M - $999M
8053,2024,BC Hydro,Prince George to Terrace Capacitors Project,BC,Energy,Public,Clean Electricity,Yes,0,1,0,0,0,0,$500M - $999M
8055,2024,BC Hydro,Burrard Switchyard - Control Building Upgrade Project,BC,Energy,Public,Other,Yes,0,1,0,0,1,0,<$100M
8059,2024,BC Hydro,Bridge River 1 Replace Units 1-4 Generators / Governors Project,BC,Energy,Public,Clean Electricity,Yes,0,1,0,0,1,1,$100M - $499M
8060,2024,BC Hydro,John Hart Dam Seismic Upgrade Project,BC,Energy,Public,Clean Electricity,Yes,0,1,0,0,0,0,$500M - $999M
8062,2024,BC Hydro,Peace to Kelly Lake Stations Sustainment Project,BC,Energy,Public,Clean Electricity,Yes,0,1,0,0,1,0,$100M - $499M
8064,2024,BC Hydro,Kootenay Canal Modernize Controls Project,BC,Energy,Public,Clean Electricity,Yes,0,1,0,0,1,0,<$100M
8065,2024,HTEC,H2 Gateway Project,BC,Energy,Private,Low Carbon Fuels,Yes,0,1,0,0,1,1,$500M - $999M
8066,2024,Hydra Energy,Prince George Project,BC,Energy,Private,Clean Electricity,Yes,0,1,0,0,0,1,<$100M
8068,2024,Teralta Hydrogen Solutions,Teralta Hydrogen Project,BC,Energy,Private,Low Carbon Fuels,Yes,0,1,0,0,0,1,<$100M
8069,2024,Salish Elements & Xaxli'p First Nation,Salish Elements Green Hydrogen Production Project,BC,Energy,Private,Low Carbon Fuels,Yes,0,1,0,0,0,1,<$100M
8070,2024,Mcleod Lake Indian Band,Tse'khene Energy Transition Hub,BC,Energy,Private,Clean Electricity,Yes,0,1,0,0,0,1,"$5,000M+"
8071,2024,HTEC,BCH2 Ports Hydrogen Vehicle Demonstration & Commercialized Project,BC,Energy,Private,Low Carbon Fuels,Yes,0,1,0,0,0,1,<$100M
8072,2024,Trigon Terminals,Berth 2 Beyond Carbon Project (B2BC),BC,Energy,Private,Low Carbon Fuels,Yes,0,1,0,0,0,0,$100M - $499M
8075,2024,Teck Resources Ltd.,Fording River Castle Expansion,BC,Mining,Private,Other,No,0,1,0,0,1,1,"$1,000M - $4,999M"
8076,2024,Galore Creek Mining Corporation (Newmont & Teck),Galore Creek,BC,Mining,Private,Other,No,0,1,0,0,0,1,"$5,000M+"
8077,2024,North Coal,Michel Coal,BC,Mining,Private,Coal,No,0,1,0,0,0,1,$100M - $499M
8078,2024,FPX Nickel Corp.,Baptiste Nickel (Decar),BC,Mining,Private,Critical Mineral,Yes,0,1,0,0,0,1,"$1,000M - $4,999M"
8084,2024,Two Utilities,NS-NB Transmission Line,Multi,Energy,Private,Trans & Distr,No,0,1,0,0,0,1,"$1,000M - $4,999M"
8085,2024,Churchill Falls Labrador Corporation,Electric Utility 2024 Capital Program (Churchill Falls Labrador Corporation),NL,Energy,Private,Other,Yes,0,1,0,0,0,0,$100M - $499M
8086,2024,Newfoundland and Labrador Hydro,Electric Utility 2024 Capital Program (Newfoundland and Labrador Hydro),NL,Energy,Public,Clean Electricity,Yes,0,1,0,0,1,0,$100M - $499M
8087,2024,Newfoundland Power Inc.,Electric Utility 2024 Capital Program (Newfoundland Power Inc.),NL,Energy,Private,Trans & Distr,No,0,1,0,0,1,0,$100M - $499M
8088,2024,Atlas Salt,St. Georges Great Atlantic Salt Project,NL,Mining,Private,Other,No,0,1,0,0,1,1,$100M - $499M
8092,2024,MTC,Mass Timber Manufacturing Plant start up,NS,Forest,Private,Other,Yes,0,1,0,0,0,1,$100M - $499M
8093,2024,"Torchlight, Municipality of New Glasgow Pictou Landing First nation",District Energy System,NS,Forest,Public,Other,Yes,0,1,0,0,0,1,$100M - $499M
8094,2024,Vyterra / Ledwidge Lumber,Liquid Biofuel manufacturing plant,NS,Forest,Private,Other,Yes,0,1,0,0,0,1,$100M - $499M
8095,2024,Canadian Gypsum Company Inc. (CGC),Little Narrows Gypsum,NS,Mining,Private,Other,No,0,1,0,0,0,1,$100M - $499M
8106,2024,Nova Scotia Power & WMA,NSP Battery Storage,NS,Energy,Private,"DER, Storage, EV",Yes,0,1,0,0,0,1,$100M - $499M
8107,2024,Ontario Power Generation,Sir Adam Beck Complex Refurbishment,ON,Energy,Public,Clean Electricity,Yes,0,1,0,0,0,1,"$1,000M - $4,999M"
8108,2024,Ontario Power Generation,R.H. Saunders Refurbishment,ON,Energy,Public,Clean Electricity,Yes,0,1,0,0,0,1,$500M - $999M
8115,2024,Potentia Renewables Inc.,Skyview 2 Battery Energy Storage System,ON,Energy,Private,"DER, Storage, EV",Yes,0,1,0,0,0,1,$500M - $999M
8130,2024,Hydro One,Longwood to Lakeshore Phase 1,ON,Energy,Public,Waste Biomass,Yes,0,1,0,0,0,1,$500M - $999M
8131,2024,Hydro One,Longwood to Lakeshore Phase 2,ON,Energy,Public,Waste Biomass,Yes,0,1,0,0,0,1,$500M - $999M
8132,2024,Hydro One,Mississagi to Third Line Transmission Line,ON,Energy,Public,Trans & Distr,No,0,1,0,0,0,1,$100M - $499M
8133,2024,Hydro One,Northeast Power Line (Mississagi to Hanmer Transmissio Line),ON,Energy,Public,Trans & Distr,No,0,1,0,0,0,1,$500M - $999M
8134,2024,Hydro One,Greater Toronto Area East Line,ON,Energy,Public,Trans & Distr,No,0,1,0,0,0,1,$100M - $499M
8135,2024,TBD,Wawa to Porcupine,ON,Energy,Private,Other,Yes,0,1,0,0,0,1,$500M - $999M
8136,2024,Hydro One,St. Thomas Line (including Centennial Transformer Station & Line),ON,Energy,Public,Trans & Distr,No,0,1,0,0,0,1,$100M - $499M
8137,2024,PUC Transmisison,PUC Tx Project,ON,Energy,Private,Other,Yes,0,1,0,0,0,1,$100M - $499M
8144,2024,Onimiskiw Opitciwan,Centrale de cogeneration a la biomasse d'opitciwan,QC,Energy,Private,Waste Biomass,Yes,0,1,0,0,0,1,<$100M
8145,2024,Hydro-Quebec,Nouvelle centrale thermique a Aupaluk,QC,Energy,Public,Clean Electricity,Yes,0,1,0,0,0,0,<$100M
8146,2024,Hydro-Quebec,Construction de la nouvelle centrale et du nouveau poste de Puvirnituq - plan de conversion phase 1,QC,Energy,Public,Trans & Distr,No,0,1,0,0,1,0,$100M - $499M
8147,2024,Hydro-Quebec,Construction de la nouvelle centrale hybride de Tasiujaq,QC,Energy,Public,Clean Electricity,Yes,0,1,0,0,1,0,<$100M
8148,2024,Hydro-Quebec,Construction de la nouvelle centrale d'Inukjuak,QC,Energy,Public,Clean Electricity,Yes,0,1,0,0,1,0,<$100M
8169,2024,Hydro-Quebec-MRC Domaine du Roy - Premiere Nation des Pekuakamiulnuatsh et Atikamekw de Wemotaci,Parc eolien zone Chamouchouane,QC,Energy,Public,Clean Electricity,Yes,0,1,0,0,1,1,"$5,000M+"
8170,2024,Algonquin Power,Saint-Damase 2 (Canton MacNider),QC,Energy,Private,Clean Electricity,Yes,0,1,0,0,0,1,$100M - $499M
8171,2024,EDF Renouvelables,Foret Domaniale,QC,Energy,Private,Other,Yes,0,1,0,0,0,1,$500M - $999M
8172,2024,EDF Renouvelables,Haute-Chaudiere,QC,Energy,Private,Other,Yes,0,1,0,0,0,1,$100M - $499M
8173,2024,EDF Renouvelables,Madawaska,QC,Energy,Private,Other,Yes,0,1,0,0,0,1,$500M - $999M
8174,2024,Invenergy,Pohenegamook-Picard-St-Antonin,QC,Energy,Private,Clean Electricity,Yes,0,1,0,0,0,1,$500M - $999M
8175,2024,Innergex,Mesgi'g Ugju's'n (MU2),QC,Energy,Private,Other,Yes,0,1,0,0,0,1,$100M - $499M
8176,2024,Boralex-Energir-Hydro-Quebec,Des Neiges (secteur Sud),QC,Energy,Public,Clean Electricity,Yes,0,1,0,0,0,1,"$1,000M - $4,999M"
8177,2024,Boralex-Energir-Hydro-Quebec,Des Neiges (secteur Ouest),QC,Energy,Public,Clean Electricity,Yes,0,1,0,0,0,1,"$1,000M - $4,999M"
8178,2024,Boralex-Energir-Hydro-Quebec,Des Neiges (secteur Charlevoix),QC,Energy,Public,Clean Electricity,Yes,0,1,0,0,0,1,"$1,000M - $4,999M"
8186,2024,Kruger,Saint-Paul-de-Montminy,QC,Energy,Private,Other,Yes,0,1,0,0,0,1,$500M - $999M
8187,2024,Energie Matawak,minicentrale hydroelectrique barrage Matawin,QC,Energy,Private,Clean Electricity,Yes,0,1,0,0,0,1,$100M - $499M
8188,2024,Energie Renouvelable Onimiki,Amenagement hydroelectrique Onimiki,QC,Energy,Private,Clean Electricity,Yes,0,1,0,0,0,1,$100M - $499M
8189,2024,Hydro-Quebec,Rehabilitation de levacuateur de crues du barrage Gouin,QC,Energy,Public,Clean Electricity,Yes,0,1,0,0,0,1,$100M - $499M
8190,2024,Hydro-Quebec,Rehabilitation de lamenagement hydroelectrique de Carillon,QC,Energy,Public,Clean Electricity,Yes,0,1,0,0,0,1,$500M - $999M
8191,2024,Hydro-Quebec,Refection de la centrale aux Outardes-2,QC,Energy,Public,Clean Electricity,Yes,0,1,0,0,0,0,$500M - $999M
8192,2024,Hydro-Quebec,Refection des ponts aux amenagements de Rapide7 et de Rapide2,QC,Energy,Public,Clean Electricity,Yes,0,1,0,0,1,0,$100M - $499M
8193,2024,Hydro-Quebec,Rehabilitation de lamenagement de Rapide-Blanc,QC,Energy,Public,Clean Electricity,Yes,0,1,0,0,1,0,$500M - $999M
8194,2024,Hydro-Quebec,Renforcement du reseau de Becancour a 230 kV,QC,Energy,Public,Clean Electricity,Yes,0,1,0,0,1,1,$100M - $499M
8195,2024,Hydro-Quebec,Construction du nouveau poste de Coteau-du-Lac a 120-25 kV et de sa ligne dalimentation,QC,Energy,Public,Trans & Distr,No,0,1,0,0,0,1,$100M - $499M
8196,2024,Hydro-Quebec,Reconstruction de la ligne Cleveland-Waterloo en biterne,QC,Energy,Public,Clean Electricity,Yes,0,1,0,0,0,1,<$100M
8197,2024,Hydro-Quebec,Renforcement de la ligne 7004 a 735 kV du poste aux Outardes au poste des Laurentides,QC,Energy,Public,Trans & Distr,No,0,1,0,0,0,1,$100M - $499M
8198,2024,Hydro-Quebec,Ajout de transformateurs a 120-25 kV au poste de Sainte-Rosalie et au demantelement du reseau a 49 kV,QC,Energy,Public,Trans & Distr,No,0,1,0,0,0,1,<$100M
8199,2024,Hydro-Quebec,Construction du poste de Bonsecours a 120-25 kV et de sa ligne dalimentation,QC,Energy,Public,Trans & Distr,No,0,1,0,0,0,1,$100M - $499M
8200,2024,Hydro-Quebec,Construction du nouveau poste de Bagotville a 161-25 kV et sa ligne dalimentation,QC,Energy,Public,Trans & Distr,No,0,1,0,0,0,1,<$100M
8201,2024,Hydro-Quebec,"Remplacement des transformateurs au poste de Saraguay, a la reconstruction dune ligne souterraine SaraguayMont-Royal et a la construction du nouveau poste de Cote-Saint-Luc a 315-25 kV",QC,Energy,Public,Trans & Distr,No,0,1,0,0,0,1,$500M - $999M
8202,2024,Hydro-Quebec,Construction d'une nouvelle centrale thermique et d'un systeme de stockage d'energie a Kangiqsujuaq,QC,Energy,Public,Clean Electricity,Yes,0,1,0,0,0,1,$100M - $499M
8203,2024,Hydro-Quebec,"Augmentation de la puissance de la centrale de Quaqtaq, construction d'un nouvel abri a matieres dangereuses et remplacement du parc a carburant",QC,Energy,Public,Clean Electricity,Yes,0,1,0,0,0,0,<$100M
8211,2024,TES Canada,Usine de production d'hydrogene vert pour usage energetique,QC,Energy,Private,Clean Electricity,Yes,0,1,0,0,1,1,"$1,000M - $4,999M"
8212,2024,Hy2Gen,Usine de production d'hydrogene pour usage chimique,QC,Energy,Private,Clean Electricity,Yes,0,1,0,0,0,1,"$1,000M - $4,999M"
8215,2024,Fortress Cellulose specialisee/Rio tinto,Conversion de l'usine pour production de biocharbon,QC,Forest,Private,Other,Yes,0,1,0,0,0,1,<$100M
8216,2024,Domtar,Amelioration de la competitivite de l'usine,QC,Forest,Private,Other,Yes,0,1,0,0,0,0,<$100M
8217,2024,Lauzon - Planchers de bois exclusifs inc.,Modernisation et achats de nouveaux equipements,QC,Forest,Private,Other,Yes,0,1,0,0,1,0,<$100M
8218,2024,Mirage inc.,Projets d'investissements 2022-2026,QC,Forest,Private,Other,Yes,0,1,0,0,1,0,<$100M
8221,2024,Mine Arnaud inc.,Arnaud,QC,Mining,Private,Other,No,0,1,0,0,1,1,$500M - $999M
8244,2024,Arcadium Lithium plc,Galaxy,QC,Mining,Private,Critical Mineral,Yes,0,1,0,0,0,1,$100M - $499M
8256,2024,Minerai de Fer Quebec inc.,Lac Bloom - Phase III - Usine de traitement du minerai- 1e usine de flottation (Fe + 67%),QC,Mining,Private,Other,No,0,1,0,0,0,1,$100M - $499M
8259,2024,Focus Graphite inc.,Lac Knife,QC,Mining,Private,Critical Mineral,Yes,0,1,0,0,0,1,$100M - $499M
8266,2024,Groupe minier Windfall (Partenariat),Lac Windfall,QC,Mining,Private,Other,No,0,1,0,0,0,1,$500M - $999M
8268,2024,Eldorado Gold Quebec,Lamaque - Lower Triangle,QC,Mining,Private,Precious Metal,No,0,1,0,0,0,1,<$100M
8271,2024,Nouveau Monde Graphite inc.,Matawinie - Usine de fabrication de produit chimique,QC,Mining,Private,Critical Mineral,Yes,0,1,0,0,0,1,$500M - $999M
8292,2024,Nemaska Lithium inc.,Whabouchi,QC,Mining,Private,Critical Mineral,Yes,0,1,0,0,0,0,"$1,000M - $4,999M"
8295,2024,"Iyuhana Solar LP a partnership between Greenwood Sustainable Infrastructure (GSI), Saturn Power and Ocean Man First Nation.",Iyuhana Solar Energy Facility,SK,Energy,Private,Clean Electricity,Yes,0,1,0,0,1,1,$100M - $499M
8302,2024,BHP,Jansen Stage 2,SK,Mining,Private,Other,No,0,1,0,0,0,0,"$5,000M+"
8303,2024,Arizona Lithium Limited,Prairie Lithium Project,SK,Mining,Private,Critical Mineral,Yes,0,1,0,0,1,0,$100M - $499M
8306,2024,Denison Mines Corp.,Wheeler River - Gryphon,SK,Mining,Private,Other,No,0,1,0,0,1,1,$500M - $999M
8307,2024,"Groupe Remabec, Airex Energie and SUEZ",Carbonity biochar plant,QC,Forest,Private,Waste Biomass,Yes,0,1,0,0,0,1,<$100M
8308,2024,"Groupe Remabec, Airex Energie and SUEZ",Carbonity biochar plant,QC,Forest,Private,Waste Biomass,Yes,0,1,0,0,0,1,<$100M
8309,2024,Structural Truss,Structural Truss Fort Macleod plant,AB,Forest,Private,Other,Yes,0,1,0,0,0,1,<$100M
8310,2024,Kalesnikoff,Kalesnikoff West Kootenays,BC,Forest,Private,Other,Yes,0,1,0,0,0,1,<$100M
8319,2024,Covenant Energy Ltd.,Covenant Energy Renewable Diesel Facility,SK,Energy,Private,Low Carbon Fuels,Yes,0,1,0,0,0,1,$500M - $999M
8322,2024,Envest,Voisey's Bay Wind Energy Project,NL,Energy,Private,Clean Electricity,Yes,0,1,0,0,0,1,<$100M
8323,2024,Enbridge and Six Nations Energy Development LP,The Seven Stars Energy Project (the Project),SK,Energy,Private,Clean Electricity,Yes,0,1,0,0,0,1,$100M - $499M
8324,2024,Ontario Power Generation,Hydroelectric refurbishment in Eastern Ontario,ON,Energy,Public,Clean Electricity,Yes,0,1,0,0,0,1,"$1,000M - $4,999M"
8325,2024,Hydro One,Porcupine TS upgrade,ON,Energy,Public,Other,Yes,0,1,0,0,0,1,<$100M
8326,2024,Manitoba Hydro,R44H Radisson to Henday 230 kV T-Line,MB,Energy,Public,Trans & Distr,No,0,1,0,0,0,1,$100M - $499M
8327,2024,Manitoba Hydro,Ashern Station Bank Addition,MB,Energy,Public,Clean Electricity,Yes,0,1,0,0,0,0,<$100M
8328,2024,Manitoba Hydro,Slave Falls 7 Bay Sluiceway Concrete Res,MB,Energy,Public,Clean Electricity,Yes,0,1,0,0,1,0,<$100M
8329,2024,Manitoba Hydro,Dauphin Vermillion 230kV Stn Capacity In,MB,Energy,Public,Other,Yes,0,1,0,0,1,0,<$100M
8330,2024,Nuclear Waste Management Organization,Adaptive Phased Management Deep Geological Repository,ON,Energy,Private,Clean Electricity,Yes,0,1,0,0,1,1,"$5,000M+"
8331,2024,Alamos Gold Inc.,Lynn Lake (MacLellan 2),MB,Mining,Private,Precious Metal,No,0,1,0,0,0,1,$100M - $499M
9997,2024,Radius RNG LP,Project Radius,ON,Energy,Private,Low Carbon Fuels,Yes,0,1,0,0,0,1,$100M - $499M
9998,2024,Northeast Renewables LP,Project Perimeter,AB,Energy,Private,Low Carbon Fuels,Yes,0,1,0,0,0,1,$100M - $499M
9999,2024,Northeast Renewables LP,Project Boundary,SK,Energy,Private,Low Carbon Fuels,Yes,0,1,0,0,0,1,$100M - $499M