unique_id,year,company,project,loation,province,status,sector,project_cost,latitude_1,longitude_1,company_type,group,cleantech,abbreviation,planning,construction,active,graduate,dropout
0,2018,"Bighorn Mining, LTD",Vista Coal Project (Expansion Projects),Yellowhead County (near Hinton),AB,Announced & Planning,Mining,870,53.33,-117.53,Private,Coal,No,MIN-COAL,1,0,1,0,0
0,2019,"Bighorn Mining, LTD",Vista Coal Project (Expansion Projects),Yellowhead County (near Hinton),AB,In Review,Mining,870,53.33,-117.53,Private,Coal,No,MIN-COAL,1,0,1,0,0
0,2020,"Bighorn Mining, LTD",Vista Coal Project (Expansion Projects),Yellowhead County (near Hinton),AB,In Review,Mining,870,53.33,-117.53,Private,Coal,No,MIN-COAL,1,0,1,0,0
0,2021,"Bighorn Mining, LTD",Vista Coal Project (Expansion Projects),Yellowhead County (near Hinton),AB,In Review,Mining,870,53.33,-117.53,Private,Coal,No,MIN-COAL,1,0,1,0,0
0,2022,"Bighorn Mining, LTD",Vista Coal Project (Expansion Projects),Yellowhead County (near Hinton),AB,In Review,Mining,780,53.33,-117.53,Private,Coal,No,MIN-COAL,1,0,1,0,0
0,2023,"Bighorn Mining, LTD",Vista Coal Project (Expansion Projects),Yellowhead County (near Hinton),AB,In Review,Mining,780,53.33,-117.53,Private,Coal,No,MIN-COAL,1,0,1,0,0
0,2024,"Bighorn Mining, LTD",Vista Coal Project (Expansion Projects),Yellowhead County (near Hinton),AB,In Review,Mining,780,53.33,-117.53,Private,Coal,No,MIN-COAL,1,0,1,0,0
1,2017,Premier Renewable Energy,Nicomen Wind Energy Project,Lytton,BC,In Review,Energy,188,50.212613,-121.381772,Private,Clean Electricity,Yes,EN-CLEL,1,0,1,0,0
1,2018,Premier Renewable Energy,Nicomen Wind Energy Project,Lytton,BC,In Review,Energy,188,50.212613,-121.381772,Private,Clean Electricity,Yes,EN-CLEL,1,0,1,0,0
1,2019,Premier Renewable Energy,Nicomen Wind Energy Project,Lytton,BC,In Review,Energy,188,50.2126,-121.3818,Private,Clean Electricity,Yes,EN-CLEL,1,0,0,0,1
2,2017,0887572 B.C. Ltd.,Campbell River Power Enterprises,Campbell River,BC,Announced & Planning,Energy,105,50.750359,-124.88205,Private,Waste Biomass,Yes,EN-BIO,1,0,1,0,0
2,2018,0887572 B.C. Ltd.,Campbell River Power Enterprises,Campbell River,BC,Announced & Planning,Energy,105,50.750359,-124.88205,Private,Waste Biomass,Yes,EN-BIO,1,0,1,0,0
2,2019,0887572 B.C. Ltd.,Campbell River Power Enterprises,Campbell River,BC,Announced & Planning,Energy,105,50.7504,-124.8821,Private,Waste Biomass,Yes,EN-BIO,1,0,1,0,0
2,2020,0887572 B.C. Ltd.,Campbell River Power Enterprises,Campbell River,BC,Announced & Planning,Energy,105,50.750359,-124.88205,Private,Waste Biomass,Yes,EN-BIO,1,0,1,0,0
2,2021,0887572 B.C. Ltd.,Campbell River Power Enterprises,Campbell River,BC,Announced & Planning,Energy,105,50.750359,-124.88205,Private,Waste Biomass,Yes,EN-BIO,1,0,1,0,0
2,2022,0887572 B.C. Ltd.,Campbell River Power Enterprises,Campbell River,BC,Announced & Planning,Energy,105,50.750359,-124.88205,Private,Waste Biomass,Yes,EN-BIO,1,0,1,0,0
2,2023,0887572 B.C. Ltd.,Campbell River Power Enterprises,Campbell River,BC,Announced & Planning,Energy,105,50.750359,-124.88205,Private,Waste Biomass,Yes,EN-BIO,1,0,0,0,1
3,2017,KGHM Ajax Mining inc.,Ajax Copper-Gold Mine,Kamloops,BC,In Review,Mining,1863,50.599801,-120.441742,Private,Precious Metal,No,MIN-PM,1,0,0,0,1
10,2017,Aeolis Wind Power Corporation,Hackney Hills Wind Park,Fort St. John,BC,In Review,Energy,216,56.249263,-120.847549,Private,Clean Electricity,Yes,EN-CLEL,1,0,1,0,0
10,2018,Aeolis Wind Power Corporation,Hackney Hills Wind Park,Fort St. John,BC,In Review,Energy,850,56.249263,-120.847549,Private,Clean Electricity,Yes,EN-CLEL,1,0,1,0,0
10,2019,Aeolis Wind Power Corporation,Hackney Hills Wind Park,Fort St. John,BC,In Review,Energy,400,56.249263,-120.847549,Private,Clean Electricity,Yes,EN-CLEL,1,0,1,0,0
10,2020,Aeolis Wind Power Corporation,Hackney Hills Wind Park,Fort St. John,BC,In Review,Energy,400,56.249263,-120.847549,Private,Clean Electricity,Yes,EN-CLEL,1,0,1,0,0
10,2021,Aeolis Wind Power Corporation,Hackney Hills Wind Park,Fort St. John,BC,In Review,Energy,400,56.249263,-120.847549,Private,Clean Electricity,Yes,EN-CLEL,1,0,1,0,0
10,2022,Aeolis Wind Power Corporation,Hackney Hills Wind Park,Fort St. John,BC,In Review,Energy,400,56.249263,-120.847549,Private,Clean Electricity,Yes,EN-CLEL,1,0,1,0,0
10,2024,Aeolis Wind Power Corporation,Hackney Hills Wind Park,Fort St. John,BC,In Review,Energy,400,56.249263,-120.847549,Private,Clean Electricity,Yes,EN-CLEL,1,0,1,0,0
11,2017,Agnico-Eagle Mines Limited,Meliadine,Central Nunavut (Kivalliq region); 25 km north of Rankin Inlet,NU,Under Construction,Mining,1200,63.025,-92.215,Private,Precious Metal,No,MIN-PM,0,1,1,0,0
11,2018,Agnico-Eagle Mines Limited,Meliadine,Central Nunavut (Kivalliq region); 25 km north of Rankin Inlet,NU,Under Construction,Mining,1178,63.025,-92.215,Private,Precious Metal,No,MIN-PM,0,1,0,1,0
19,2017,Alberta Wind Energy Corp./Mainstream Renewable Power,Windy Point Wind Farm,Southern Alberta,AB,Announced & Planning,Energy,150,49.485078,-113.944028,Private,Clean Electricity,Yes,EN-CLEL,1,0,1,0,0
19,2018,Alberta Wind Energy Corp./Mainstream Renewable Power,Windy Point Wind Farm,Southern Alberta,AB,Announced & Planning,Energy,150,49.485078,-113.944028,Private,Clean Electricity,Yes,EN-CLEL,1,0,1,0,0
19,2019,"Alberta Renewable Power Limited Partnership (uARPLPu), a newly formed joint venture between Alberta Wind Energy Corporation (uAWECu) and Boralex",Windy Point Wind Farm,Southern Alberta,AB,Announced & Planning,Energy,150,49.4851,-113.944,Private,Clean Electricity,Yes,EN-CLEL,1,0,1,0,0
19,2020,"Alberta Renewable Power Limited Partnership (uARPLPu), a newly formed joint venture between Alberta Wind Energy Corporation (uAWECu) and Boralex",Windy Point Wind Farm,Southern Alberta,AB,Announced & Planning,Energy,150,49.485078,-113.944028,Private,Clean Electricity,Yes,EN-CLEL,1,0,0,0,1
21,2017,Champion Iron Limited,Kamistiatusset (Kami),Labrador West,NL,Approved,Mining,1196,52.824,-67.027,Private,Base Metal,No,MIN-BM,1,0,1,0,0
21,2018,Champion Iron Limited,Kamistiatusset (Kami),Labrador West,NL,Approved,Mining,999.4,52.824,-67.027,Private,Base Metal,No,MIN-BM,1,0,1,0,0
21,2019,Champion Iron Limited,Kamistiatusset (Kami),Labrador West,NL,Approved,Mining,1276,52.824,-67.027,Private,Base Metal,No,MIN-BM,1,0,1,0,0
21,2022,Champion Iron Limited,Kamistiatusset (Kami),Labrador West,NL,Approved,Mining,1276,52.824,-67.027,Private,Base Metal,No,MIN-BM,1,0,1,0,0
21,2023,Champion Iron Limited,Kamistiatusset (Kami),Labrador West,NL,Approved,Mining,1276,52.824,-67.027,Private,Base Metal,No,MIN-BM,1,0,1,0,0
21,2024,Champion Iron Limited,Kamistiatusset (Kami),Labrador West,NL,In Review,Mining,3864,52.824,-67.027,Private,Base Metal,No,MIN-BM,1,0,1,0,0
22,2021,Kinross Gold Corp. (formerly Rockcliff Metals Corp.),Snow Lake,120 km E of Flin Flon,MB,Announced & Planning,Mining,96.1,54.91,-100.031,Private,Critical Mineral,Yes,MIN-CM,1,0,1,0,0
22,2022,Kinross Gold Corp. (formerly Rockcliff Metals Corp.),Snow Lake,120 km E of Flin Flon,MB,Announced & Planning,Mining,81,54.91,-100.031,Private,Critical Mineral,Yes,MIN-CM,1,0,1,0,0
22,2023,Kinross Gold Corp. (formerly Rockcliff Metals Corp.),Snow Lake,120 km E of Flin Flon,MB,Announced & Planning,Mining,81,54.91,-100.031,Private,Critical Mineral,Yes,MIN-CM,1,0,1,0,0
22,2024,Kinross Gold Corp. (formerly Rockcliff Metals Corp.),Snow Lake,120 km E of Flin Flon,MB,Announced & Planning,Mining,81,54.91,-100.031,Private,Critical Mineral,Yes,MIN-CM,1,0,1,0,0
26,2017,Alouette,Expansion d'usine (aluminium),Sept-eles,QC,Announced & Planning,Mining,2000,50.209428,-66.382828,Private,Base Metal,No,MIN-BM,1,0,1,0,0
26,2021,Rio Tinto Group,Alouette Smelter,Sept-eles,QC,Under Construction,Mining,474,50.209428,-66.382828,Private,Base Metal,No,MIN-BM,0,1,0,1,0
27,2017,Alta Energy Corp.,Lower Wood River Hydropower Project,Mica,BC,Announced & Planning,Energy,144,52.008661,-118.563766,Private,Clean Electricity,Yes,EN-CLEL,1,0,1,0,0
27,2018,Alta Energy Corp.,Lower Wood River Hydropower Project,Mica,BC,Announced & Planning,Energy,144,52.008661,-118.563766,Private,Clean Electricity,Yes,EN-CLEL,1,0,1,0,0
27,2019,Alta Energy Corp.,Lower Wood River Hydropower Project,Mica,BC,Announced & Planning,Energy,144,52.0087,-118.5638,Private,Clean Electricity,Yes,EN-CLEL,1,0,1,0,0
27,2020,Alta Energy Corp.,Lower Wood River Hydropower Project,Mica,BC,In Review,Energy,144,52.008661,-118.563766,Private,Clean Electricity,Yes,EN-CLEL,1,0,1,0,0
27,2021,AltaGas Ltd.,Lower Wood River Hydropower Project,Mica,BC,In Review,Energy,144,52.008661,-118.563766,Private,Clean Electricity,Yes,EN-CLEL,1,0,1,0,0
27,2022,AltaGas Ltd.,Lower Wood River Hydropower Project,Mica,BC,In Review,Energy,144,52.008661,-118.563766,Private,Clean Electricity,Yes,EN-CLEL,1,0,1,0,0
27,2023,AltaGas Ltd.,Lower Wood River Hydropower Project,Mica,BC,In Review,Energy,144,52.008661,-118.563766,Private,Clean Electricity,Yes,EN-CLEL,1,0,0,0,1
29,2017,AltaLink,Southern Alberta Transmission Reinforcement,911L Line Replacement,AB,Under Construction,Energy,500,49.724368,-113.399878,Private,Trans & Distr,No,EN-T&D,0,1,1,0,0
29,2018,AltaLink,Southern Alberta Transmission Reinforcement,911L Line Replacement,AB,Under Construction,Energy,1866,49.724368,-113.399878,Private,Trans & Distr,No,EN-T&D,0,1,0,1,0
36,2017,Alterra Power Corporation,Bute Inlet Hydroelectric Project,Campbell River Area,BC,In Review,Energy,3300,50.750359,-124.88205,Private,Clean Electricity,Yes,EN-CLEL,1,0,1,0,0
36,2018,Alterra Power Corporation,Bute Inlet Hydroelectric Project,Campbell River Area,BC,In Review,Energy,3300,50.750359,-124.88205,Private,Clean Electricity,Yes,EN-CLEL,1,0,1,0,0
36,2019,Alterra Power Corporation,Bute Inlet Hydroelectric Project,Campbell River Area,BC,Announced & Planning,Energy,3300,50.7504,-124.8821,Private,Clean Electricity,Yes,EN-CLEL,1,0,1,0,0
36,2020,Alterra Power Corporation,Bute Inlet Hydroelectric Project,Planned (TBC),BC,Announced & Planning,Energy,3300,,,Private,Clean Electricity,Yes,EN-CLEL,1,0,0,0,1
37,2017,"Woodside, Chevron",Kitimat LNG Terminal,"Bish Cove, Kitimat",BC,Approved,Energy,4500,54.063468,-128.63858,Private,Oil & Gas - Downstream,No,EN-OG-D,1,0,1,0,0
37,2018,"Woodside, Chevron",Kitimat LNG Terminal,"Bish Cove, Kitimat",BC,Approved,Energy,15000,54.063468,-128.63858,Private,Oil & Gas - Downstream,No,EN-OG-D,1,0,1,0,0
37,2019,"Woodside, Chevron",Kitimat LNG Terminal,"Bish Cove, Kitimat",BC,In Review,Energy,15000,54.0635,-128.6386,Private,Oil & Gas - Downstream,No,EN-OG-D,1,0,1,0,0
37,2020,"Woodside, Chevron",Kitimat LNG Terminal,"Bish Cove, Kitimat",BC,Approved,Energy,4500,54.063468,-128.63858,Private,Oil & Gas - Downstream,No,EN-OG-D,1,0,1,0,0
37,2021,Woodside Energy International (Canada) Limited and Chevron Canada,Kitimat LNG Terminal,Bish Cove,BC,Announced & Planning,Energy,4500,54.063468,-128.63858,Private,Oil & Gas - Downstream,No,EN-OG-D,1,0,0,0,1
52,2017,Brion Energy Corporation,Dover (PetroChina),Regional Municipality of Wood Buffalo (RMWB) & Municipal District of Opportunity,AB,Approved,Energy,8000,57.26280072,-112.6400757,Private,Oil & Gas - Upstream,No,EN-OG-U,1,0,1,0,0
52,2018,Brion Energy Corporation,Dover (PetroChina),Regional Municipality of Wood Buffalo (RMWB) & Municipal District of Opportunity,AB,Approved,Energy,8000,57.26280072,-112.6400757,Private,Oil & Gas - Upstream,No,EN-OG-U,1,0,1,0,0
52,2019,Brion Energy Corporation,Dover (PetroChina),Regional Municipality of Wood Buffalo (RMWB) & Municipal District of Opportunity,AB,Approved,Energy,8000,57.2628,-112.6401,Private,Oil & Gas - Upstream,No,EN-OG-U,1,0,1,0,0
52,2020,Brion Energy Corporation,Dover (PetroChina),Regional Municipality of Wood Buffalo (RMWB) & Municipal District of Opportunity,AB,Announced & Planning,Energy,8000,57.26280072,-112.6400757,Private,Oil & Gas - Upstream,No,EN-OG-U,1,0,1,0,0
52,2021,PetroChina,Dover (PetroChina),Regional Municipality of Wood Buffalo (RMWB) & Municipal District of Opportunity,AB,Announced & Planning,Energy,8000,57.26280072,-112.6400757,Private,Oil & Gas - Upstream,No,EN-OG-U,1,0,0,0,1
55,2017,Paladin Energy,Michelin Uranium Project,Michelin and Jacques Lake sites,NL,Announced & Planning,Mining,1127,54.563304,-60.052643,Private,Other,No,MIN-OTH,1,0,0,0,1
57,2017,Alloycorp Mining Inc,Kitsault,Alice Arm,BC,Under Construction,Mining,1213,55.422,-129.421,Private,Critical Mineral,Yes,MIN-CM,0,1,0,1,0
67,2017,BC Hydro,Peace River Site C Hydro-electric project,Fort St. John,BC,Under Construction,Energy,8740,56.250789,-120.848293,Public,Clean Electricity,Yes,EN-CLEL,0,1,1,0,0
67,2018,BC Hydro,Peace River Site C Hydro-electric project,Fort St. John,BC,Under Construction,Energy,10700,56.250789,-120.848293,Public,Clean Electricity,Yes,EN-CLEL,0,1,1,0,0
67,2019,BC Hydro,Peace River Site C Hydro-electric project,Fort St. John,BC,Under Construction,Energy,10700,56.2508,-120.8483,Public,Clean Electricity,Yes,EN-CLEL,0,1,1,0,0
67,2020,BC Hydro,Peace River Site C Hydro-electric project,Fort St. John,BC,Under Construction,Energy,10700,56.250789,-120.848293,Public,Clean Electricity,Yes,EN-CLEL,0,1,1,0,0
67,2021,BC Hydro,Peace River Site C Hydro-electric project,Fort St. John,BC,Under Construction,Energy,10700,56.250789,-120.848293,Public,Clean Electricity,Yes,EN-CLEL,0,1,1,0,0
67,2022,BC Hydro,Peace River Site C Hydro-electric project,Fort St. John,BC,Under Construction,Energy,16000,56.250789,-120.848293,Public,Clean Electricity,Yes,EN-CLEL,0,1,1,0,0
67,2023,BC Hydro,Peace River Site C Hydro-electric project,Fort St. John,BC,Under Construction,Energy,16000,56.250789,-120.848293,Public,Clean Electricity,Yes,EN-CLEL,0,1,1,0,0
67,2024,BC Hydro,Peace River Site C Hydro-electric project,Fort St. John,BC,Under Construction,Energy,16000,56.250789,-120.848293,Public,Clean Electricity,Yes,EN-CLEL,0,1,1,0,0
68,2017,BC Hydro,John Hart Replacement,Campbell River,BC,Under Construction,Energy,1093,50.046998,-125.273781,Public,Clean Electricity,Yes,EN-CLEL,0,1,1,0,0
68,2018,BC Hydro,John Hart Replacement,Campbell River,BC,Under Construction,Energy,1093,50.046998,-125.273781,Public,Clean Electricity,Yes,EN-CLEL,0,1,1,0,0
68,2019,BC Hydro,John Hart Replacement,Campbell River,BC,Under Construction,Energy,985,50.047,-125.2738,Public,Clean Electricity,Yes,EN-CLEL,0,1,0,1,0
69,2017,BC Hydro,Ruskin Dam and Powerhouse Seismic Improvement Project,Mission,BC,Under Construction,Energy,748,49.200887,-122.419846,Public,Clean Electricity,Yes,EN-CLEL,0,1,1,0,0
69,2018,BC Hydro,Ruskin Dam and Powerhouse Seismic Improvement Project,Mission,BC,Under Construction,Energy,748,49.200887,-122.419846,Public,Clean Electricity,Yes,EN-CLEL,0,1,0,1,0
73,2017,BHP,Jansen Stage 1,Jansen,SK,Under Construction,Mining,2600,51.85,-104.69,Private,Other,No,MIN-OTH,0,1,1,0,0
73,2018,BHP,Jansen Stage 1,Jansen,SK,Under Construction,Mining,3800,51.85,-104.69,Private,Other,No,MIN-OTH,0,1,1,0,0
73,2019,BHP,Jansen Stage 1,Jansen,SK,Under Construction,Mining,3900,51.85,-104.69,Private,Other,No,MIN-OTH,0,1,1,0,0
73,2020,BHP,Jansen Stage 1,Jansen,SK,Under Construction,Mining,3900,51.85,-104.69,Private,Other,No,MIN-OTH,0,1,1,0,0
73,2021,BHP,Jansen Stage 1,Jansen,SK,Under Construction,Mining,3800,51.85,-104.69,Private,Other,No,MIN-OTH,0,1,1,0,0
73,2022,BHP,Jansen Stage 1,Jansen,SK,Under Construction,Mining,7500,51.85,-104.69,Private,Other,No,MIN-OTH,0,1,1,0,0
73,2023,BHP,Jansen Stage 1,Jansen,SK,Under Construction,Mining,7500,51.85,-104.69,Private,Other,No,MIN-OTH,0,1,1,0,0
73,2024,BHP,Jansen Stage 1,Jansen,SK,Under Construction,Mining,7500,51.85,-104.69,Private,Other,No,MIN-OTH,0,1,1,0,0
75,2017,IPC Canada Ltd.,Blackrod,Regional Municipality of Wood Buffalo (RMWB) & Lac La Biche County,AB,In Review,Energy,2927,55.611711,-112.611923,Private,Oil & Gas - Upstream,No,EN-OG-U,1,0,1,0,0
75,2018,IPC Canada Ltd.,Blackrod,Regional Municipality of Wood Buffalo (RMWB) & Lac La Biche County,AB,Approved,Energy,2927,55.611711,-112.611923,Private,Oil & Gas - Upstream,No,EN-OG-U,1,0,1,0,0
75,2019,IPC Canada Ltd.,Blackrod,Regional Municipality of Wood Buffalo (RMWB) & Lac La Biche County,AB,Approved,Energy,2927,55.6117,-112.6119,Private,Oil & Gas - Upstream,No,EN-OG-U,1,0,1,0,0
75,2020,IPC Canada Ltd.,Blackrod,Regional Municipality of Wood Buffalo (RMWB) & Lac La Biche County,AB,Approved,Energy,2927,55.611711,-112.611923,Private,Oil & Gas - Upstream,No,EN-OG-U,1,0,1,0,0
75,2021,IPC Canada Ltd.,Blackrod,Regional Municipality of Wood Buffalo (RMWB) & Lac La Biche County,AB,Approved,Energy,2927,55.611711,-112.611923,Private,Oil & Gas - Upstream,No,EN-OG-U,1,0,1,0,0
75,2022,IPC Canada Ltd.,Blackrod,Regional Municipality of Wood Buffalo (RMWB) & Lac La Biche County,AB,Approved,Energy,2927,55.611711,-112.611923,Private,Oil & Gas - Upstream,No,EN-OG-U,1,0,1,0,0
75,2023,IPC Canada Ltd.,Blackrod,Regional Municipality of Wood Buffalo (RMWB) & Lac La Biche County,AB,Approved,Energy,2927,55.611711,-112.611923,Private,Oil & Gas - Upstream,No,EN-OG-U,1,0,1,0,0
75,2024,IPC Canada Ltd.,Blackrod,Regional Municipality of Wood Buffalo (RMWB) & Lac La Biche County,AB,Under Construction,Energy,2927,55.611711,-112.611923,Private,Oil & Gas - Upstream,No,EN-OG-U,0,1,1,0,0
76,2017,Blue Fuel Energy Corp.,Clean Methanol Plant,Chetwynd,BC,Announced & Planning,Energy,2500,55.698147,-121.629689,Private,Low Carbon Fuels,Yes,EN-LCF,1,0,1,0,0
76,2018,Blue Fuel Energy Corp.,Clean Methanol Plant,Chetwynd,BC,Announced & Planning,Energy,2500,55.698147,-121.629689,Private,Low Carbon Fuels,Yes,EN-LCF,1,0,1,0,0
76,2019,Blue Fuel Energy Corp.,Clean Methanol Plant,Chetwynd,BC,Announced & Planning,Energy,200,55.6981,-121.6297,Private,Low Carbon Fuels,Yes,EN-LCF,1,0,1,0,0
76,2020,Blue Fuel Energy Corp.,Clean Methanol Plant,Chetwynd,BC,Announced & Planning,Energy,1500,55.698147,-121.629689,Private,Low Carbon Fuels,Yes,EN-LCF,1,0,1,0,0
76,2021,Blue Fuel Energy Corp.,Clean Methanol Plant,Chetwynd,BC,Announced & Planning,Energy,2500,55.698147,-121.629689,Private,Low Carbon Fuels,Yes,EN-LCF,1,0,1,0,0
76,2022,Blue Fuel Energy Corp.,Clean Methanol Plant,Chetwynd,BC,Announced & Planning,Energy,2500,55.698147,-121.629689,Private,Low Carbon Fuels,Yes,EN-LCF,1,0,1,0,0
76,2023,Blue Fuel Energy Corp.,Clean Methanol Plant,Chetwynd,BC,Announced & Planning,Energy,1000,55.698147,-121.629689,Private,Low Carbon Fuels,Yes,EN-LCF,1,0,1,0,0
76,2024,Blue Fuel Energy Corp.,Clean Methanol Plant,Chetwynd,BC,Announced & Planning,Energy,1000,55.698147,-121.629689,Private,Low Carbon Fuels,Yes,EN-LCF,1,0,1,0,0
83,2020,Talisker Resources Ltd.,Bralorne Mine/King/ Pioneer Mines,Gold Bridge,BC,Under Construction,Mining,100,50.927276,-122.849121,Private,Precious Metal,No,MIN-PM,0,1,1,0,0
83,2024,Talisker Resources Ltd.,Bralorne Mine/King/ Pioneer Mines,Gold Bridge,BC,Under Construction,Mining,100,50.927276,-122.849121,Private,Precious Metal,No,MIN-PM,0,1,1,0,0
88,2019,"Canadian Kailuan Dehua Mines Co., Ltd.",Gething Coal Project,Hudson Hope,BC,In Review,Mining,1360,55.8753,-121.9153,Private,Coal,No,MIN-COAL,1,0,1,0,0
88,2020,"Canadian Kailuan Dehua Mines Co., Ltd.",Gething Coal Project,Hudson Hope,BC,In Review,Mining,1360,55.875311,-121.915283,Private,Coal,No,MIN-COAL,1,0,1,0,0
88,2021,"Canadian Kailuan Dehua Mines Co., Ltd.",Gething Coal Project,Hudson Hope,BC,In Review,Mining,1360,55.875311,-121.915283,Private,Coal,No,MIN-COAL,1,0,1,0,0
88,2022,"Canadian Kailuan Dehua Mines Co., Ltd.",Gething Coal Project,Hudson Hope,BC,In Review,Mining,1360,55.875311,-121.915283,Private,Coal,No,MIN-COAL,1,0,1,0,0
88,2023,"Canadian Kailuan Dehua Mines Co., Ltd.",Gething Coal Project,Hudson Hope,BC,In Review,Mining,1360,55.875311,-121.915283,Private,Coal,No,MIN-COAL,1,0,1,0,0
88,2024,"Canadian Kailuan Dehua Mines Co., Ltd.",Gething Coal Project,Hudson Hope,BC,In Review,Mining,1360,55.875311,-121.915283,Private,Coal,No,MIN-COAL,1,0,1,0,0
89,2017,Canadian Natural Resources Limited,Grouse,County (NE of Lac la Biche),AB,In Review,Energy,1530,55.4662918,-111.7557665,Private,Oil & Gas - Upstream,No,EN-OG-U,1,0,1,0,0
89,2018,Canadian Natural Resources Limited,Grouse,County (NE of Lac la Biche),AB,In Review,Energy,1530,55.4662918,-111.7557665,Private,Oil & Gas - Upstream,No,EN-OG-U,1,0,1,0,0
89,2019,Canadian Natural Resources Limited,Grouse,County (NE of Lac la Biche),AB,Announced & Planning,Energy,1530,55.4663,-111.7558,Private,Oil & Gas - Upstream,No,EN-OG-U,1,0,1,0,0
89,2020,Canadian Natural Resources Limited,Grouse,Hudson Hope,AB,Announced & Planning,Energy,1530,55.4662918,-111.7557665,Private,Oil & Gas - Upstream,No,EN-OG-U,1,0,1,0,0
89,2021,Canadian Natural Resources Limited,Grouse,Hudson Hope,AB,Announced & Planning,Energy,1530,55.4662918,-111.7557665,Private,Oil & Gas - Upstream,No,EN-OG-U,1,0,1,0,0
89,2022,Canadian Natural Resources Limited,Grouse,Hudson Hope,AB,Announced & Planning,Energy,1530,55.4662918,-111.7557665,Private,Oil & Gas - Upstream,No,EN-OG-U,1,0,1,0,0
89,2023,Canadian Natural Resources Limited,Grouse,Hudson Hope,AB,Announced & Planning,Energy,1530,55.4662918,-111.7557665,Private,Oil & Gas - Upstream,No,EN-OG-U,1,0,1,0,0
89,2024,Canadian Natural Resources Limited,Grouse,Hudson Hope,AB,In Review,Energy,1530,55.4662918,-111.7557665,Private,Oil & Gas - Upstream,No,EN-OG-U,1,0,1,0,0
90,2017,Canadian Natural Resources Ltd. (CNRL),Horizon (Mining),Regional Municipality of Wood Buffalo (RMWB),AB,Under Construction,Energy,5133,57.33676,-111.7655468,Private,Oil & Gas - Upstream,No,EN-OG-U,0,1,1,0,0
90,2018,Canadian Natural Resources Ltd. (CNRL),Horizon (Mining) Phases 4-5,Regional Municipality of Wood Buffalo (RMWB),AB,In Review,Energy,6000,57.33676,-111.7655468,Private,Oil & Gas - Upstream,No,EN-OG-U,1,0,1,0,0
90,2019,Canadian Natural Resources Ltd. (CNRL),Horizon (Mining) Phases 4-5,Regional Municipality of Wood Buffalo (RMWB),AB,In Review,Energy,6000,57.3368,-111.7655,Private,Oil & Gas - Upstream,No,EN-OG-U,1,0,1,0,0
90,2020,Canadian Natural Resources Ltd. (CNRL),Horizon (Mining) Phases 4-5,Regional Municipality of Wood Buffalo (RMWB),AB,In Review,Energy,6000,57.33676,-111.7655468,Private,Oil & Gas - Upstream,No,EN-OG-U,1,0,1,0,0
90,2021,Canadian Natural Resources Ltd. (CNRL),Horizon (Mining),Regional Municipality of Wood Buffalo (RMWB),AB,In Review,Energy,6000,57.33676,-111.7655468,Private,Oil & Gas - Upstream,No,EN-OG-U,1,0,1,0,0
90,2022,Canadian Natural Resources Ltd. (CNRL),Horizon (Mining),Regional Municipality of Wood Buffalo (RMWB),AB,In Review,Energy,6000,57.33676,-111.7655468,Private,Oil & Gas - Upstream,No,EN-OG-U,1,0,1,0,0
90,2023,Canadian Natural Resources Ltd. (CNRL),Horizon (Mining),Regional Municipality of Wood Buffalo (RMWB),AB,Approved,Energy,6000,57.33676,-111.7655468,Private,Oil & Gas - Upstream,No,EN-OG-U,1,0,0,0,1
91,2017,Canadian Natural Resources Ltd. (CNRL),Kirby South,Regional Municipality of Wood Buffalo (RMWB) & Lac La Biche County,AB,Approved,Energy,533,55.347889,-111.038132,Private,Oil & Gas - Upstream,No,EN-OG-U,1,0,1,0,0
91,2018,Canadian Natural Resources Ltd. (CNRL),Kirby South,Regional Municipality of Wood Buffalo (RMWB) & Lac La Biche County,AB,Approved,Energy,533,55.347889,-111.038132,Private,Oil & Gas - Upstream,No,EN-OG-U,1,0,1,0,0
91,2019,Canadian Natural Resources Ltd. (CNRL),Kirby South,Regional Municipality of Wood Buffalo (RMWB) & Lac La Biche County,AB,Approved,Energy,3300,55.3479,-111.0381,Private,Oil & Gas - Upstream,No,EN-OG-U,1,0,0,0,1
92,2017,NorZinc,Prairie Creek,"Dehcho, 170 km of Fort Simpson",NT,In Review,Mining,244,61.56,-124.794,Private,Critical Mineral,Yes,MIN-CM,1,0,1,0,0
92,2018,NorZinc,Prairie Creek,"Dehcho, 170 km of Fort Simpson",NT,In Review,Mining,278.9,61.56,-124.794,Private,Critical Mineral,Yes,MIN-CM,1,0,1,0,0
92,2019,NorZinc,Prairie Creek,"Dehcho, 170 km of Fort Simpson",NT,In Review,Mining,278.9,61.56,-124.794,Private,Critical Mineral,Yes,MIN-CM,1,0,1,0,0
92,2020,NorZinc,Prairie Creek,"Dehcho, 170 km of Fort Simpson",NT,Approved,Mining,278.9,61.56,-124.794,Private,Critical Mineral,Yes,MIN-CM,1,0,1,0,0
92,2021,NorZinc,Prairie Creek,"Dehcho, 170 km of Fort Simpson",NT,Approved,Mining,278.9,61.56,-124.794,Private,Critical Mineral,Yes,MIN-CM,1,0,1,0,0
92,2022,NorZinc,Prairie Creek,"Dehcho, 170 km of Fort Simpson",NT,Approved,Mining,368.1,61.56,-124.794,Private,Critical Mineral,Yes,MIN-CM,1,0,1,0,0
92,2023,NorZinc,Prairie Creek,"Dehcho, 170 km of Fort Simpson",NT,Approved,Mining,410.935,61.56,-124.794,Private,Critical Mineral,Yes,MIN-CM,1,0,1,0,0
92,2024,NorZinc,Prairie Creek,"Dehcho, 170 km of Fort Simpson",NT,Approved,Mining,474,61.56,-124.794,Private,Critical Mineral,Yes,MIN-CM,1,0,1,0,0
94,2020,Canagold Resources Ltd.,New Polaris Gold Mine,Atlin,BC,In Review,Mining,50,58.701,-133.64,Private,Other,No,MIN-OTH,1,0,1,0,0
94,2023,Canagold Resources Ltd.,New Polaris Gold Mine,Atlin,BC,In Review,Mining,50,58.701,-133.64,Private,Other,No,MIN-OTH,1,0,1,0,0
94,2024,Canagold Resources Ltd.,New Polaris Gold Mine,Atlin,BC,In Review,Mining,143.7,58.701,-133.64,Private,Other,No,MIN-OTH,1,0,1,0,0
96,2017,Canpotex Terminals Ltd.,Prince Rupert Potash Terminal Expansion,Prince Rupert,BC,Under Construction,Mining,775,54.334143,-130.322571,Private,Other,No,MIN-OTH,0,1,0,1,0
98,2018,Kutcho Copper Corp.,Kutcho Creek,Dease Lake Area,BC,Announced & Planning,Mining,220.7,58.205,-128.358,Private,Critical Mineral,Yes,MIN-CM,1,0,1,0,0
98,2022,Kutcho Copper Corp.,Kutcho Creek,Dease Lake Area,BC,In Review,Mining,483,58.205,-128.358,Private,Critical Mineral,Yes,MIN-CM,1,0,1,0,0
98,2023,Kutcho Copper Corp.,Kutcho Creek,Dease Lake Area,BC,In Review,Mining,436,58.205,-128.358,Private,Critical Mineral,Yes,MIN-CM,1,0,1,0,0
98,2024,Kutcho Copper Corp.,Kutcho Creek,Dease Lake Area,BC,In Review,Mining,483,58.205,-128.358,Private,Critical Mineral,Yes,MIN-CM,1,0,1,0,0
100,2018,Alamos Gold Inc.,Lynn Lake (Gordon site),Lynn Lake,MB,Announced & Planning,Mining,434.33,56.79,-100.82,Private,Precious Metal,No,MIN-PM,1,0,1,0,0
100,2019,Alamos Gold Inc.,Lynn Lake (Gordon site),Lynn Lake,MB,Announced & Planning,Mining,434.33,56.79,-100.82,Private,Precious Metal,No,MIN-PM,1,0,1,0,0
100,2020,Alamos Gold Inc.,Lynn Lake (Gordon site),Lynn Lake,MB,Announced & Planning,Mining,434.33,56.79,-100.82,Private,Precious Metal,No,MIN-PM,1,0,1,0,0
100,2021,Alamos Gold Inc.,Lynn Lake (Gordon site),Lynn Lake,MB,In Review,Mining,434.33,56.79,-100.82,Private,Precious Metal,No,MIN-PM,1,0,1,0,0
100,2022,Alamos Gold Inc.,Lynn Lake (Gordon site),Lynn Lake,MB,In Review,Mining,434.33,56.79,-100.82,Private,Precious Metal,No,MIN-PM,1,0,1,0,0
100,2023,Alamos Gold Inc.,Lynn Lake (Gordon site),Lynn Lake,MB,Approved,Mining,434.33,56.79,-100.82,Private,Precious Metal,No,MIN-PM,1,0,1,0,0
100,2024,Alamos Gold Inc.,Lynn Lake (Gordon site),Lynn Lake (Gordon site),MB,In Review,Mining,173.732,56.9089,-100.4356,Private,Precious Metal,No,MIN-PM,1,0,1,0,0
103,2017,Cenovus Energy,Grand Rapids (Cenovus),Municipal District of Opportunity,AB,Approved,Energy,6000,56.1351561,-113.3891401,Private,Oil & Gas - Upstream,No,EN-OG-U,1,0,1,0,0
103,2018,Cenovus Energy,Grand Rapids (Cenovus),Municipal District of Opportunity,AB,Approved,Energy,6000,56.1351561,-113.3891401,Private,Oil & Gas - Upstream,No,EN-OG-U,1,0,0,0,1
106,2023,Cenovus Energy Inc./ConocoPhillips,Foster Creek,Bonnyville,AB,Approved,Energy,1140,55.0696,-110.5361,Private,Clean Electricity,Yes,EN-CLEL,1,0,0,0,1
107,2017,Cenovus Energy,Narrows Lake,Regional Municipality of Wood Buffalo (RMWB),AB,Approved,Energy,1600,55.6389865,-110.8468385,Private,Clean Electricity,Yes,EN-CLEL,1,0,1,0,0
107,2018,Cenovus Energy,Narrows Lake,Regional Municipality of Wood Buffalo (RMWB),AB,Approved,Energy,1600,55.6389865,-110.8468385,Private,Clean Electricity,Yes,EN-CLEL,1,0,1,0,0
107,2019,Cenovus Energy,Narrows Lake,Regional Municipality of Wood Buffalo (RMWB),AB,Approved,Energy,1600,55.639,-110.8468,Private,Clean Electricity,Yes,EN-CLEL,1,0,0,0,1
109,2017,"Exxon Mobil Corp., Imperial Oil Ltd., Statoil, Chevron, Repsol, Husky",Oil and Gas Exploration,Offshore Newfoundland,NL,Announced & Planning,Energy,1341,46.965259,-48.738647,Private,Oil & Gas - Upstream,No,EN-OG-U,1,0,1,0,0
109,2018,Exxon Mobil Corp,Eastern Newfoundland Offshore Exploration Drilling Project,Offshore Newfoundland,NL,In Review,Energy,1050,46.965259,-48.738647,Private,Oil & Gas - Upstream,No,EN-OG-U,1,0,1,0,0
109,2019,Exxon Mobil Corp,Eastern Newfoundland Offshore Exploration Drilling Project,Offshore Newfoundland,NL,In Review,Energy,596,46.9653,-48.7386,Private,Oil & Gas - Upstream,No,EN-OG-U,1,0,1,0,0
109,2020,Exxon Mobil Corp,Eastern Newfoundland Offshore Exploration Drilling Project,Offshore Newfoundland,NL,Approved,Energy,596,46.965259,-48.738647,Private,Oil & Gas - Upstream,No,EN-OG-U,1,0,1,0,0
109,2023,Exxon Mobil Corporation,Eastern Newfoundland Offshore Exploration Drilling Project,Offshore Newfoundland,NL,Under Construction,Energy,165,46.965259,-48.738647,Private,Oil & Gas - Upstream,No,EN-OG-U,0,1,0,1,0
110,2017,Chieftan Metals Corp.,Tulsequah Chief Mine,Atlin,BC,Approved,Mining,198,58.714042,-133.538818,Private,Precious Metal,No,MIN-PM,1,0,0,0,1
114,2017,NWP Coal Canada Ltd.,Crown Mountain Coal Project,Fernie,BC,In Review,Mining,370,49.802,-114.729,Private,Coal,No,MIN-COAL,1,0,1,0,0
114,2018,NWP Coal Canada Ltd.,Crown Mountain Coal Project,Fernie,BC,Approved,Mining,381.1,49.802,-114.729,Private,Coal,No,MIN-COAL,1,0,1,0,0
114,2019,NWP Coal Canada Ltd.,Crown Mountain Coal Project,Fernie,BC,In Review,Mining,412,49.802,-114.729,Private,Coal,No,MIN-COAL,1,0,1,0,0
114,2020,NWP Coal Canada Ltd.,Crown Mountain Coal Project,Fernie,BC,In Review,Mining,370,49.802,-114.729,Private,Coal,No,MIN-COAL,1,0,1,0,0
114,2021,NWP Coal Canada Ltd.,Crown Mountain Coal Project,Fernie,BC,In Review,Mining,370,49.802,-114.729,Private,Coal,No,MIN-COAL,1,0,1,0,0
114,2022,NWP Coal Canada Ltd.,Crown Mountain Coal Project,Fernie,BC,In Review,Mining,419.48,49.802,-114.729,Private,Coal,No,MIN-COAL,1,0,1,0,0
114,2023,NWP Coal Canada Ltd.,Crown Mountain Coal Project,Fernie,BC,In Review,Mining,370,49.802,-114.729,Private,Coal,No,MIN-COAL,1,0,1,0,0
114,2024,NWP Coal Canada Ltd.,Crown Mountain Coal Project,Fernie,BC,In Review,Mining,468,49.802,-114.729,Private,Coal,No,MIN-COAL,1,0,1,0,0
116,2017,Innergex Renewable Energy Inc.,Big Silver Creek Hydroelectric Project,Harrison Hot Springs,BC,Under Construction,Energy,65,49.303076,-121.782618,Private,Clean Electricity,Yes,EN-CLEL,0,1,0,1,0
126,2017,Connacher Oil & Gas Ltd.,Great Divide,Regional Municipality of Wood Buffalo (RMWB),AB,Approved,Energy,600,56.1135,-111.8293,Private,Oil & Gas - Upstream,No,EN-OG-U,1,0,1,0,0
126,2018,Connacher Oil & Gas Ltd.,Great Divide,Regional Municipality of Wood Buffalo (RMWB),AB,Approved,Energy,600,56.1135,-111.8293,Private,Oil & Gas - Upstream,No,EN-OG-U,1,0,1,0,0
126,2019,Connacher Oil & Gas Ltd.,Great Divide,Regional Municipality of Wood Buffalo (RMWB),AB,Approved,Energy,600,56.1135,-111.8293,Private,Oil & Gas - Upstream,No,EN-OG-U,1,0,1,0,0
126,2020,Connacher Oil & Gas Ltd.,Great Divide,Regional Municipality of Wood Buffalo (RMWB),AB,Approved,Energy,600,56.1135,-111.8293,Private,Oil & Gas - Upstream,No,EN-OG-U,1,0,1,0,0
126,2021,Connacher Oil & Gas Ltd.,Great Divide,Regional Municipality of Wood Buffalo (RMWB),AB,Approved,Energy,600,56.1135,-111.8293,Private,Oil & Gas - Upstream,No,EN-OG-U,1,0,1,0,0
126,2022,Connacher Oil & Gas Ltd.,Great Divide,Regional Municipality of Wood Buffalo (RMWB),AB,Approved,Energy,600,56.1135,-111.8293,Private,Oil & Gas - Upstream,No,EN-OG-U,1,0,1,0,0
126,2023,Connacher Oil & Gas Ltd.,Great Divide,Regional Municipality of Wood Buffalo (RMWB),AB,Approved,Energy,600,56.1135,-111.8293,Private,Oil & Gas - Upstream,No,EN-OG-U,1,0,1,0,0
126,2024,Connacher Oil & Gas Ltd.,Great Divide,Regional Municipality of Wood Buffalo (RMWB),AB,Approved,Energy,600,56.1135,-111.8293,Private,Oil & Gas - Upstream,No,EN-OG-U,1,0,1,0,0
128,2020,Copper Fox Metals - Teck Resources Limited,Schaft Creek Porphyry Copper-Gold Mine,Iskut,BC,In Review,Mining,2900,57.364,-130.993,Private,Precious Metal,No,MIN-PM,1,0,1,0,0
128,2021,Copper Fox Metals - Teck Resources Limited,"Project covers the Schaft Creek area and is located 25 km northeast of the Galore Creek mine proposal (see separate entry). The production capacity of the proposed open pit mine is expected at up to 100,000 tonnes/day with a mine life a 20 years. Pre-feasibility study has revealed three deposit zones called Main, West Breccia and Paramount. The application has been withdrawn from BC Environmental Assessment process while the project undergoes substantial changes to the Project Summary. Resource modelling on the deposit is expected to complete in Q4 of 2016.",Iskut,BC,In Review,Mining,2900,57.364,-130.993,Private,Precious Metal,No,MIN-PM,1,0,1,0,0
128,2022,Copper Fox Metals - Teck Resources Limited,"Project covers the Schaft Creek area and is located 25 km northeast of the Galore Creek mine proposal (see separate entry). The production capacity of the proposed open pit mine is expected at up to 100,000 tonnes/day with a mine life a 20 years. Pre-feasibility study has revealed three deposit zones called Main, West Breccia and Paramount. The application has been withdrawn from BC Environmental Assessment process while the project undergoes substantial changes to the Project Summary. Resource modelling on the deposit is expected to complete in Q4 of 2016.",Iskut,BC,In Review,Mining,3396,57.364,-130.993,Private,Precious Metal,No,MIN-PM,1,0,1,0,0
128,2023,Copper Fox Metals - Teck Resources Limited,Schaft Creek,Iskut,BC,In Review,Mining,3396.414,57.364,-130.993,Private,Precious Metal,No,MIN-PM,1,0,0,0,1
130,2017,Corporation Lithium Elements Critiques,Rose Lithium-Tantalum Mine,Baie James,QC,In Review,Mining,268,53.252069,-73.547974,Private,Critical Mineral,Yes,MIN-CM,1,0,1,0,0
130,2018,Corporation Lithium Elements Critiques,Rose Lithium-Tantalum Mine,Baie James,QC,In Review,Mining,341,53.252069,-73.547974,Private,Critical Mineral,Yes,MIN-CM,1,0,1,0,0
130,2019,Corporation Lithium Elements Critiques,Rose Lithium-Tantalum Mine,Baie James,QC,In Review,Mining,341,53.2521,-73.548,Private,Critical Mineral,Yes,MIN-CM,1,0,1,0,0
130,2020,Corporation Lithium Elements Critiques,Rose Lithium-Tantalum Mine,Baie James,QC,In Review,Mining,341.2,53.252069,-73.547974,Private,Critical Mineral,Yes,MIN-CM,1,0,1,0,0
130,2021,Corporation Lithium Elements Critiques,Rose Lithium-Tantalum Mine,Baie James,QC,In Review,Mining,341.2,53.252069,-73.547974,Private,Critical Mineral,Yes,MIN-CM,1,0,1,0,0
130,2022,Corporation Lithium Elements Critiques,Rose Lithium-Tantalum Mine,Baie James,QC,In Review,Mining,341.2,53.252069,-73.547974,Private,Critical Mineral,Yes,MIN-CM,1,0,1,0,0
130,2023,Corporation Lithium Elements Critiques,Rose Lithium-Tantalum Mine,Baie James,QC,Approved,Mining,464,53.252069,-73.547974,Private,Critical Mineral,Yes,MIN-CM,1,0,1,0,0
130,2024,Corporation Lithium Elements Critiques,Rose Lithium-Tantalum Mine,Baie James,QC,Approved,Mining,610.1,53.252069,-73.547974,Private,Critical Mineral,Yes,MIN-CM,1,0,1,0,0
131,2020,Covanta/Green Island Energy Ltd./Covanta Holding Corporation,Gold River Power Project,Gold River,BC,Announced & Planning,Energy,500,49.788357,-126.04969,Private,Other,Yes,EN-OTH,1,0,1,0,0
131,2021,Covanta/Green Island Energy Ltd./Covanta Holding Corporation,Gold River Power Project,Gold River,BC,Announced & Planning,Energy,500,49.788357,-126.04969,Private,Other,Yes,EN-OTH,1,0,1,0,0
131,2022,Covanta/Green Island Energy Ltd./Covanta Holding Corporation,Gold River Power Project,Gold River,BC,Announced & Planning,Energy,500,49.788357,-126.04969,Private,Other,Yes,EN-OTH,1,0,1,0,0
131,2023,Covanta/Green Island Energy Ltd./Covanta Holding Corporation,Gold River Power Project,Gold River,BC,Announced & Planning,Energy,500,49.788357,-126.04969,Private,Other,Yes,EN-OTH,1,0,0,0,1
133,2017,Innergex Renewable Energy Inc.,Upper Lillooet River Hydroelectric Project,Pemberton,BC,Under Construction,Energy,500,50.6812,-123.4902,Private,Clean Electricity,Yes,EN-CLEL,0,1,0,1,0
135,2017,Innergex Renewable Energy Inc.,Boulder Creek Hydroelectric Project,Pemberton,BC,Under Construction,Energy,84,50.632585,-123.416659,Private,Clean Electricity,Yes,EN-CLEL,0,1,0,1,0
136,2017,Innergex Renewable Energy Inc.,North Creek Hydroelectric Project,Pemberton,BC,Under Construction,Energy,71,50.552269,-123.184573,Private,Clean Electricity,Yes,EN-CLEL,0,1,0,1,0
138,2021,Agnico Eagle Mines Limited,Detour Lake open pit expansion and underground development,Detour Lake,ON,Announced & Planning,Mining,88.051,50.014,-79.71,Private,Precious Metal,No,MIN-PM,1,0,1,0,0
138,2022,Agnico Eagle Mines Limited,Detour Lake open pit expansion and underground development,Detour Lake,ON,Approved,Mining,88.051,50.016,-79.71,Private,Precious Metal,No,MIN-PM,1,0,1,0,0
138,2023,Agnico Eagle Mines Limited,Detour Lake open pit expansion and underground development,Detour Lake,ON,Under Construction,Mining,88.051,50.016,-79.71,Private,Precious Metal,No,MIN-PM,0,1,1,0,0
138,2024,Agnico Eagle Mines Limited,Detour Lake open pit expansion and underground development,Detour Lake,ON,Under Construction,Mining,88.051,50.016,-79.71,Private,Precious Metal,No,MIN-PM,0,1,1,0,0
140,2017,Canadian Natural Resources Limited,Pike (Formely Kirby),Lac la Biche County,AB,Approved,Energy,7700,55.448219,-110.824021,Private,Oil & Gas - Upstream,No,EN-OG-U,1,0,1,0,0
140,2018,Canadian Natural Resources Limited,Pike (Formely Kirby),Lac la Biche County,AB,Approved,Energy,7700,55.448219,-110.824021,Private,Oil & Gas - Upstream,No,EN-OG-U,1,0,1,0,0
140,2019,Canadian Natural Resources Limited,Pike (Formely Kirby),Lac la Biche County,AB,Approved,Energy,7700,55.4482,-110.824,Private,Oil & Gas - Upstream,No,EN-OG-U,1,0,1,0,0
140,2020,Canadian Natural Resources Limited,Pike (Formely Kirby),Lac la Biche County,AB,Approved,Energy,7700,55.448219,-110.824021,Private,Oil & Gas - Upstream,No,EN-OG-U,1,0,1,0,0
140,2021,Canadian Natural Resources Limited,Pike (Formely Kirby),Lac la Biche County,AB,Approved,Energy,7700,55.448219,-110.824021,Private,Oil & Gas - Upstream,No,EN-OG-U,1,0,1,0,0
140,2022,Canadian Natural Resources Limited,Pike (Formely Kirby),Lac la Biche County,AB,Approved,Energy,7700,55.448219,-110.824021,Private,Oil & Gas - Upstream,No,EN-OG-U,1,0,1,0,0
140,2023,Canadian Natural Resources Limited,Pike (Formely Kirby),Lac la Biche County,AB,Approved,Energy,7700,55.448219,-110.824021,Private,Oil & Gas - Upstream,No,EN-OG-U,1,0,1,0,0
140,2024,Canadian Natural Resources Limited,Pike (Formely Kirby),Lac la Biche County,AB,Approved,Energy,7700,55.448219,-110.824021,Private,Oil & Gas - Upstream,No,EN-OG-U,1,0,1,0,0
141,2017,Devon Canada Corp.,Walleye,MD of Bonnyville (N of Barbara Lake),AB,Approved,Energy,450,54.545584,-110.884666,Private,Other,Yes,EN-OTH,1,0,1,0,0
141,2018,Devon Canada Corp.,Walleye,MD of Bonnyville (N of Barbara Lake),AB,Approved,Energy,450,54.545584,-110.884666,Private,Other,Yes,EN-OTH,1,0,0,0,1
142,2021,Dokie Wind Energy inc.,Wartenbe Wind Energy Project,Chetwynd,BC,Announced & Planning,Energy,140,55.698195,-121.629474,Private,Clean Electricity,Yes,EN-CLEL,1,0,1,0,0
142,2022,Dokie Wind Energy inc.,Wartenbe Wind Energy Project,Chetwynd,BC,Announced & Planning,Energy,140,55.698195,-121.629474,Private,Clean Electricity,Yes,EN-CLEL,1,0,1,0,0
142,2023,Dokie Wind Energy inc.,Wartenbe Wind Energy Project,Chetwynd,BC,Announced & Planning,Energy,140,55.698195,-121.629474,Private,Clean Electricity,Yes,EN-CLEL,1,0,0,0,1
148,2017,NSP Maritime Link Inc (Emera Affiliate),Maritime Link Transmission Line,"Granite Canal, Newfoundland to Cape Breton, NS",Multi,Under Construction,Energy,1560,48.17695,-56.784864,Private,Trans & Distr,No,EN-T&D,0,1,0,1,0
153,2017,Enbridge Inc.,Wood Buffalo Crude Oil Pipeline,RM of Wood Buffalo,AB,Under Construction,Energy,1300,56.008409,-110.869539,Private,Trans & Distr,No,EN-T&D,0,1,0,1,0
154,2017,Enbridge Inc.,Enbridge Edmonton Terminal (South) Expansion,Strathcona County,AB,Under Construction,Energy,260,53.571868,-113.273691,Private,Oil & Gas - Downstream,No,EN-OG-D,0,1,0,1,0
162,2017,Enhance Energy Inc.,CO2 Pipeline (Alberta Carbon Trunk Line),Near Edmonton to Camrose and Lacombe Counties,AB,Under Construction,Energy,600,53.702873,-113.210057,Private,CCUS,Yes,EN-CCU,0,1,1,0,0
162,2018,Enhance Energy Inc.,CO2 Pipeline (Alberta Carbon Trunk Line),Near Edmonton to Camrose and Lacombe Counties,AB,Under Construction,Energy,600,53.702873,-113.210057,Private,CCUS,Yes,EN-CCU,0,1,1,0,0
162,2019,Enhance Energy Inc./ Wolf Energy JV,CO2 Pipeline (Alberta Carbon Trunk Line),Near Edmonton to Camrose and Lacombe Counties,AB,Under Construction,Energy,600,53.7029,-113.2101,Private,CCUS,Yes,EN-CCU,0,1,0,1,0
165,2017,WindRiver Power Corp.,Kinskuch Hydroelectric Project,Iskut,BC,In Review,Energy,125,57.857174,-129.979248,Private,Clean Electricity,Yes,EN-CLEL,1,0,1,0,0
165,2018,WindRiver Power Corp.,Kinskuch Hydroelectric Project,Iskut,BC,In Review,Energy,125,57.857174,-129.979248,Private,Clean Electricity,Yes,EN-CLEL,1,0,1,0,0
165,2019,WindRiver Power Corp.,Kinskuch Hydroelectric Project,Iskut,BC,In Review,Energy,300,57.8572,-129.9792,Private,Clean Electricity,Yes,EN-CLEL,1,0,1,0,0
165,2020,WindRiver Power Corp.,Kinskuch Hydroelectric Project,Iskut,BC,In Review,Energy,300,57.857174,-129.979248,Private,Clean Electricity,Yes,EN-CLEL,1,0,1,0,0
165,2021,WindRiver Power Corp.,Kinskuch Hydroelectric Project,Iskut,BC,In Review,Energy,300,57.857174,-129.979248,Private,Clean Electricity,Yes,EN-CLEL,1,0,1,0,0
165,2022,WindRiver Power Corp.,Kinskuch Hydroelectric Project,Iskut,BC,In Review,Energy,300,57.857174,-129.979248,Private,Clean Electricity,Yes,EN-CLEL,1,0,1,0,0
165,2023,WindRiver Power Corp.,Kinskuch Hydroelectric Project,Iskut,BC,Announced & Planning,Energy,250,57.857174,-129.979248,Private,Clean Electricity,Yes,EN-CLEL,1,0,1,0,0
165,2024,WindRiver Power Corp.,Kinskuch Hydroelectric Project,Iskut,BC,In Review,Energy,250,57.857174,-129.979248,Private,Clean Electricity,Yes,EN-CLEL,1,0,1,0,0
170,2017,"Exxon Mobil Canada Properties, Chevron Canada Ltd., PetroCanada, Norsk Hydro Canada Oil & Gas Inc., Provincial Government",Hebron-Ben Nevis Offshore Oil,East of St. John's,NL,Under Construction,Energy,14000,47.249407,-48.383789,Public,Oil & Gas - Upstream,No,EN-OG-U,0,1,0,1,0
171,2017,"ExxonMobil, Petro-Canada, Chevron, Murphy Oil, Canada Hibernia Holding Corporation (Federal Government), StatoilHydro, Nalcor EnergyiOil and Gas (Provincial Government)",Hibernia Southern Extension,315 km Southeast of St.John's,NL,Under Construction,Energy,2000,47.100045,-48.713379,Private,Clean Electricity,Yes,EN-CLEL,0,1,0,1,0
177,2020,Finavera Wind Energy Inc.,Bullmoose Wind Energy Project,Tumbler Ridge,BC,Announced & Planning,Energy,132,55.2431,-121.4951,Private,Clean Electricity,Yes,EN-CLEL,1,0,0,0,1
182,2017,FORCE,Tidal Demonstration Project,Parrsboro,NS,Under Construction,Energy,126,45.412912,-64.327011,Private,Clean Electricity,Yes,EN-CLEL,0,1,0,1,0
186,2017,Fortune Minerals Limited,NICO Cobalt-Gold-Bismuth Mine,160 km Northwest of Yellowknife,NT,Approved,Mining,589,63.55,-116.75,Private,Precious Metal,No,MIN-PM,1,0,1,0,0
186,2018,Fortune Minerals Limited,NICO Cobalt-Gold-Bismuth Mine,160 km Northwest of Yellowknife,NT,Approved,Mining,589,63.55,-116.75,Private,Precious Metal,No,MIN-PM,1,0,1,0,0
186,2019,Fortune Minerals Limited,NICO Cobalt-Gold-Bismuth Mine,160 km Northwest of Yellowknife,NT,Approved,Mining,589,63.55,-116.75,Private,Precious Metal,No,MIN-PM,1,0,1,0,0
186,2020,Fortune Minerals Limited,NICO Cobalt-Gold-Bismuth Mine,160 km Northwest of Yellowknife,NT,Approved,Mining,589,63.55,-116.75,Private,Precious Metal,No,MIN-PM,1,0,1,0,0
186,2021,Fortune Minerals Limited,NICO Cobalt-Gold-Bismuth Mine,160 km Northwest of Yellowknife,NT,Approved,Mining,589,63.55,-116.75,Private,Precious Metal,No,MIN-PM,1,0,1,0,0
186,2022,Fortune Minerals Limited,NICO Cobalt-Gold-Bismuth Mine,160 km Northwest of Yellowknife,NT,Approved,Mining,589,63.55,-116.75,Private,Precious Metal,No,MIN-PM,1,0,1,0,0
186,2023,Fortune Minerals Limited,NICO Cobalt-Gold-Bismuth Mine,160 km Northwest of Yellowknife,NT,Approved,Mining,589,63.55,-116.75,Private,Precious Metal,No,MIN-PM,1,0,1,0,0
186,2024,Fortune Minerals Limited,NICO Cobalt-Gold-Bismuth Mine,160 km Northwest of Yellowknife,NT,Approved,Mining,589,63.55,-116.75,Private,Precious Metal,No,MIN-PM,1,0,1,0,0
187,2017,Fortune Minerals Ltd.,Saskatchewan Metals Processing Plant,RM of Corman Park,SK,In Review,Mining,250,52.357622,-106.911055,Private,Critical Mineral,Yes,MIN-CM,1,0,1,0,0
187,2018,Fortune Minerals Ltd.,Saskatchewan Metals Processing Plant,RM of Corman Park,SK,In Review,Mining,250,52.357622,-106.911055,Private,Critical Mineral,Yes,MIN-CM,1,0,1,0,0
187,2019,Fortune Minerals Ltd.,Saskatchewan Metals Processing Plant,RM of Corman Park,SK,In Review,Mining,250,52.3576,-106.9111,Private,Critical Mineral,Yes,MIN-CM,1,0,1,0,0
187,2020,Fortune Minerals Ltd.,Saskatchewan Metals Processing Plant,RM of Corman Park,SK,In Review,Mining,250,52.357622,-106.911055,Private,Critical Mineral,Yes,MIN-CM,1,0,1,0,0
187,2021,Fortune Minerals Limited,Saskatchewan Metals Processing Plant,RM of Corman Park,SK,In Review,Mining,250,52.357622,-106.911055,Private,Critical Mineral,Yes,MIN-CM,1,0,0,0,1
188,2018,Fosthall Creek Power LP,Fosthall Creek Hydropower Project,Nakusp,BC,Announced & Planning,Energy,50,50.241332,-117.801075,Private,Clean Electricity,Yes,EN-CLEL,1,0,1,0,0
188,2019,Fosthall Creek Power LP,Fosthall Creek Hydropower Project,Nakusp,BC,Announced & Planning,Energy,50,50.2413,-117.8011,Private,Clean Electricity,Yes,EN-CLEL,1,0,1,0,0
188,2020,Fosthall Creek Power LP,Fosthall Creek Hydropower Project,Nakusp,BC,Announced & Planning,Energy,50,50.241332,-117.801075,Private,Clean Electricity,Yes,EN-CLEL,1,0,1,0,0
188,2021,Fosthall Creek Power LP,Fosthall Creek Hydropower Project,Nakusp,BC,Announced & Planning,Energy,50,50.241332,-117.801075,Private,Clean Electricity,Yes,EN-CLEL,1,0,1,0,0
188,2022,Fosthall Creek Power LP,Fosthall Creek Hydropower Project,Nakusp,BC,Announced & Planning,Energy,50,50.241332,-117.801075,Private,Clean Electricity,Yes,EN-CLEL,1,0,1,0,0
188,2023,Fosthall Creek Power LP,Fosthall Creek Hydropower Project,Nakusp,BC,Announced & Planning,Energy,50,50.241332,-117.801075,Private,Clean Electricity,Yes,EN-CLEL,1,0,1,0,0
188,2024,Fosthall Creek Power LP,Fosthall Creek Hydropower Project,Nakusp,BC,Announced & Planning,Energy,50,50.241332,-117.801075,Private,Clean Electricity,Yes,EN-CLEL,1,0,1,0,0
198,2017,Government of PEI,Electricity Transmission Cable,between PEI and N.B.,PE,Under Construction,Energy,140,46.158427,-63.820661,Public,Trans & Distr,No,EN-T&D,0,1,0,1,0
204,2017,Grizzly Oil Sands ULC,May River,RM of Wood Buffalo (W of Conklin),AB,In Review,Energy,250,55.6553766,-111.2900712,Private,Oil & Gas - Upstream,No,EN-OG-U,1,0,1,0,0
204,2018,Grizzly Oil Sands ULC,May River,RM of Wood Buffalo (W of Conklin),AB,In Review,Energy,250,55.6553766,-111.2900712,Private,Oil & Gas - Upstream,No,EN-OG-U,1,0,1,0,0
204,2019,Grizzly Oil Sands ULC,May River,RM of Wood Buffalo (W of Conklin),AB,In Review,Energy,250,55.6554,-111.2901,Private,Oil & Gas - Upstream,No,EN-OG-U,1,0,1,0,0
204,2020,Grizzly Oil Sands ULC,May River,RM of Wood Buffalo (W of Conklin),AB,In Review,Energy,250,55.6553766,-111.2900712,Private,Oil & Gas - Upstream,No,EN-OG-U,1,0,1,0,0
204,2021,Grizzly Oil Sands ULC,May River,Regional Municipality of Wood Buffalo (W of Conklin),AB,In Review,Energy,250,55.6553766,-111.2900712,Private,Oil & Gas - Upstream,No,EN-OG-U,1,0,1,0,0
204,2022,Grizzly Oil Sands ULC,May River,Regional Municipality of Wood Buffalo (W of Conklin),AB,In Review,Energy,250,55.6553766,-111.2900712,Private,Oil & Gas - Upstream,No,EN-OG-U,1,0,0,0,1
205,2020,Giga Metals Corp. & Mitsubishi Corporation,Turnagain Project,Dease Lake Area,BC,Announced & Planning,Mining,1300,58.476,-128.826,Private,Critical Mineral,Yes,MIN-CM,1,0,1,0,0
205,2021,Giga Metals Corp. & Mitsubishi Corporation,Turnagain Project,Dease Lake Area,BC,Announced & Planning,Mining,1838.4,58.476,-128.826,Private,Critical Mineral,Yes,MIN-CM,1,0,1,0,0
205,2022,Giga Metals Corp. & Mitsubishi Corporation,Turnagain Project,Dease Lake Area,BC,Announced & Planning,Mining,1838.401,58.476,-128.826,Private,Critical Mineral,Yes,MIN-CM,1,0,1,0,0
205,2023,Giga Metals Corp. & Mitsubishi Corporation,Turnagain Project,Dease Lake Area,BC,Announced & Planning,Mining,1900,58.476,-128.826,Private,Critical Mineral,Yes,MIN-CM,1,0,1,0,0
205,2024,Giga Metals Corp. & Mitsubishi Corporation,Turnagain Project,Dease Lake Area,BC,Announced & Planning,Mining,2461.55,58.476,-128.826,Private,Critical Mineral,Yes,MIN-CM,1,0,1,0,0
207,2017,Harvest Operations Corp.,BlackGold Oil Sands Project,RM of Wood Buffalo (SE of Conklin),AB,Approved,Energy,540,55.5826391,-110.9730098,Private,Oil & Gas - Upstream,No,EN-OG-U,1,0,1,0,0
207,2018,Harvest Operations Corp.,BlackGold Oil Sands Project,RM of Wood Buffalo (SE of Conklin),AB,Approved,Energy,540,55.5826391,-110.9730098,Private,Oil & Gas - Upstream,No,EN-OG-U,1,0,1,0,0
207,2019,Harvest Operations Corp.,BlackGold Oil Sands Project,RM of Wood Buffalo (SE of Conklin),AB,Approved,Energy,540,55.5826,-110.973,Private,Oil & Gas - Upstream,No,EN-OG-U,1,0,1,0,0
207,2020,Harvest Operations Corp.,BlackGold Oil Sands Project,RM of Wood Buffalo (SE of Conklin),AB,Approved,Energy,540,55.5826391,-110.9730098,Private,Oil & Gas - Upstream,No,EN-OG-U,1,0,1,0,0
207,2021,Harvest Operations Corp.,BlackGold Oil Sands Project,Regional Municipality of Wood Buffalo (SE of Conklin),AB,Approved,Energy,540,55.5826391,-110.9730098,Private,Oil & Gas - Upstream,No,EN-OG-U,1,0,1,0,0
207,2022,Harvest Operations Corp.,BlackGold Oil Sands Project,Regional Municipality of Wood Buffalo (SE of Conklin),AB,Approved,Energy,540,55.5826391,-110.9730098,Private,Oil & Gas - Upstream,No,EN-OG-U,1,0,1,0,0
207,2023,Harvest Operations Corp.,BlackGold Oil Sands Project,Regional Municipality of Wood Buffalo (SE of Conklin),AB,Under Construction,Energy,540,55.5826391,-110.9730098,Private,Oil & Gas - Upstream,No,EN-OG-U,0,1,1,0,0
207,2024,Harvest Operations Corp.,BlackGold Oil Sands Project,Regional Municipality of Wood Buffalo (SE of Conklin),AB,Announced & Planning,Energy,540,55.5826391,-110.9730098,Private,Oil & Gas - Upstream,No,EN-OG-U,1,0,1,0,0
208,2017,Hawkeye Energy Corp.,Hawkeye Green Energy Grid Project,Powell River,BC,Announced & Planning,Energy,450,49.836045,-124.524794,Private,Trans & Distr,No,EN-T&D,1,0,1,0,0
208,2018,Hawkeye Energy Corp.,Hawkeye Green Energy Grid Project,Powell River,BC,In Review,Energy,450,49.836045,-124.524794,Private,Trans & Distr,No,EN-T&D,1,0,1,0,0
208,2019,Hawkeye Energy Corp.,Hawkeye Green Energy Grid Project,Powell River,BC,In Review,Energy,450,49.836,-124.5248,Private,Trans & Distr,No,EN-T&D,1,0,1,0,0
208,2020,Hawkeye Energy Corp.,Hawkeye Green Energy Grid Project,Powell River,BC,In Review,Energy,450,49.836045,-124.524794,Private,Trans & Distr,No,EN-T&D,1,0,1,0,0
208,2021,Hawkeye Energy Corp.,Hawkeye Green Energy Grid Project,Powell River,BC,In Review,Energy,450,49.836045,-124.524794,Private,Trans & Distr,No,EN-T&D,1,0,1,0,0
208,2022,Hawkeye Energy Corp.,Hawkeye Green Energy Grid Project,Powell River,BC,In Review,Energy,450,49.836045,-124.524794,Private,Trans & Distr,No,EN-T&D,1,0,1,0,0
208,2023,Hawkeye Energy Corp.,Hawkeye Green Energy Grid Project,Powell River,BC,Announced & Planning,Energy,450,49.836045,-124.524794,Private,Trans & Distr,No,EN-T&D,1,0,0,0,1
209,2017,HD Mining International Ltd.,Murray River Coal Project,Tumbler Ridge,BC,In Review,Mining,668,55.126784,-120.993032,Private,Coal,No,MIN-COAL,1,0,1,0,0
209,2018,HD Mining International Ltd.,Murray River Coal Project,Tumbler Ridge,BC,Approved,Mining,668,55.126784,-120.993032,Private,Coal,No,MIN-COAL,1,0,1,0,0
209,2019,HD Mining International Ltd.,Murray River Coal Project,Tumbler Ridge,BC,In Review,Mining,668,55.1268,-120.993,Private,Coal,No,MIN-COAL,1,0,1,0,0
209,2020,HD Mining International Ltd.,Murray River Coal Project,Tumbler Ridge,BC,In Review,Mining,400,55.126784,-120.993032,Private,Coal,No,MIN-COAL,1,0,1,0,0
209,2021,HD Mining International Ltd.,Murray River Coal Project,Tumbler Ridge,BC,In Review,Mining,400,55.126784,-120.993032,Private,Coal,No,MIN-COAL,1,0,1,0,0
209,2022,HD Mining International Ltd.,Murray River Coal Project,Tumbler Ridge,BC,Approved,Mining,668,55.126784,-120.993032,Private,Coal,No,MIN-COAL,1,0,1,0,0
209,2023,HD Mining International Ltd.,Murray River Coal Project,Tumbler Ridge,BC,In Review,Mining,400,55.126784,-120.993032,Private,Coal,No,MIN-COAL,1,0,1,0,0
209,2024,HD Mining International Ltd.,Murray River Coal Project,Tumbler Ridge,BC,Approved,Mining,668,55.126784,-120.993032,Private,Coal,No,MIN-COAL,1,0,1,0,0
211,2021,HudBay Minerals,Lalor,Snow Lake,MB,Announced & Planning,Mining,117,54.862,-100.155,Private,Other,No,MIN-OTH,1,0,1,0,0
211,2022,HudBay Minerals,Lalor,Snow Lake,MB,Announced & Planning,Mining,117,54.862,-100.155,Private,Other,No,MIN-OTH,1,0,0,0,1
213,2020,Hurley River Hydro LP,Hurley River Hydroelectric Project,Pemberton,BC,In Review,Energy,138,50.323327,-122.804933,Public,Clean Electricity,Yes,EN-CLEL,1,0,1,0,0
213,2021,Hurley River Hydro LP,Hurley River Hydroelectric Project,Pemberton,BC,In Review,Energy,138,50.323327,-122.804933,Public,Clean Electricity,Yes,EN-CLEL,1,0,1,0,0
213,2022,Hurley River Hydro LP,Hurley River Hydroelectric Project,Pemberton,BC,In Review,Energy,138,50.323327,-122.804933,Public,Clean Electricity,Yes,EN-CLEL,1,0,1,0,0
213,2023,Hurley River Hydro LP,Hurley River Hydroelectric Project,Pemberton,BC,In Review,Energy,138,50.323327,-122.804933,Public,Clean Electricity,Yes,EN-CLEL,1,0,0,0,1
214,2020,Husky Energy,caribou lake,,AB,Approved,Energy,,54.9550374,-110.628581,Private,Clean Electricity,Yes,EN-CLEL,1,0,1,0,0
214,2021,Husky Energy Inc.,Caribou lake,,AB,Approved,Energy,,54.9550374,-110.628581,Private,Clean Electricity,Yes,EN-CLEL,1,0,1,0,0
214,2022,Husky Energy Inc.,Caribou lake,,AB,Approved,Energy,,54.9550374,-110.628581,Private,Clean Electricity,Yes,EN-CLEL,1,0,0,0,1
215,2017,Husky Energy Inc.,White Rose Expansion,Offshore Newfoundland,NL,Announced & Planning,Energy,2300,47.100045,-48.713379,Private,Other,Yes,EN-OTH,1,0,1,0,0
215,2024,Husky Energy Inc.,White Rose Expansion,Offshore Newfoundland,NL,Under Construction,Energy,2300,47.100045,-48.713379,Private,Other,Yes,EN-OTH,0,1,1,0,0
216,2017,Husky Energy,Labrador Natural Gas Exploration,offshore Labrador,NL,Announced & Planning,Energy,186,45.98141,-50.1668,Private,Oil & Gas - Upstream,No,EN-OG-U,1,0,0,0,1
219,2017,Hydro-Quebec,Complexe hydro lectrique La Romaine,Havre-Saint-Pierre,QC,Under Construction,Energy,6500,50.488936,-63.127848,Public,Clean Electricity,Yes,EN-CLEL,0,1,1,0,0
219,2018,Hydro-Quebec,Complexe hydro lectrique La Romaine,Havre-Saint-Pierre,QC,Under Construction,Energy,6500,50.488936,-63.127848,Public,Clean Electricity,Yes,EN-CLEL,0,1,1,0,0
219,2019,Hydro-Quebec,Complexe hydro lectrique La Romaine,Havre-Saint-Pierre,QC,Under Construction,Energy,6500,50.4889,-63.1278,Public,Clean Electricity,Yes,EN-CLEL,0,1,1,0,0
219,2020,Hydro-Quebec,Complexe hydro lectrique La Romaine,Havre-Saint-Pierre,QC,Under Construction,Energy,6500,50.488936,-63.127848,Public,Clean Electricity,Yes,EN-CLEL,0,1,1,0,0
219,2021,Hydro-Quebec,Complexe hydro lectrique La Romaine,Havre-Saint-Pierre,QC,Under Construction,Energy,6500,50.488936,-63.127848,Public,Clean Electricity,Yes,EN-CLEL,0,1,1,0,0
219,2022,Hydro-Quebec,Complexe hydro lectrique La Romaine,Havre-Saint-Pierre,QC,Under Construction,Energy,6500,50.488936,-63.127848,Public,Clean Electricity,Yes,EN-CLEL,0,1,1,0,0
219,2023,Hydro-Quebec,Complexe hydro lectrique La Romaine,Havre-Saint-Pierre,QC,Under Construction,Energy,6500,50.488936,-63.127848,Public,Clean Electricity,Yes,EN-CLEL,0,1,0,1,0
220,2017,Hydro-Quebec,Renovation de groupes a la centrale electrique Beauharnois,Beauharnois,QC,Under Construction,Energy,1600,45.328979,-73.875504,Public,Clean Electricity,Yes,EN-CLEL,0,1,1,0,0
220,2018,Hydro-Quebec,Renovation de groupes a la centrale electrique Beauharnois,Beauharnois,QC,Under Construction,Energy,1600,45.328979,-73.875504,Public,Clean Electricity,Yes,EN-CLEL,0,1,1,0,0
220,2019,Hydro-Quebec,Renovation de groupes a la centrale electrique Beauharnois,Beauharnois,QC,Under Construction,Energy,1600,45.329,-73.8755,Public,Clean Electricity,Yes,EN-CLEL,0,1,1,0,0
220,2020,Hydro-Quebec,Renovation de groupes a la centrale electrique Beauharnois,Beauharnois,QC,Under Construction,Energy,1600,45.328979,-73.875504,Public,Clean Electricity,Yes,EN-CLEL,0,1,1,0,0
220,2021,Hydro-Quebec,Renovation de groupes a la centrale electrique Beauharnois,Beauharnois,QC,Under Construction,Energy,1600,45.328979,-73.875504,Public,Clean Electricity,Yes,EN-CLEL,0,1,1,0,0
220,2022,Hydro-Quebec,Renovation de groupes a la centrale electrique Beauharnois,Beauharnois,QC,Under Construction,Energy,1600,45.328979,-73.875504,Public,Clean Electricity,Yes,EN-CLEL,0,1,1,0,0
220,2023,Hydro-Quebec,Renovation de groupes a la centrale electrique Beauharnois,Beauharnois,QC,Under Construction,Energy,1600,45.328979,-73.875504,Public,Clean Electricity,Yes,EN-CLEL,0,1,1,0,0
220,2024,Hydro-Quebec,Renovation de groupes a la centrale electrique Beauharnois,Beauharnois,QC,Under Construction,Energy,1600,45.328979,-73.875504,Public,Clean Electricity,Yes,EN-CLEL,0,1,1,0,0
235,2017,Japan Canada Oil Sands Limited (JACOS)/Nexen Inc.,Hangingstone (JACOS),RM of Wood Buffalo (SW of Ft McMurray),AB,Under Construction,Energy,774,56.31647127,-111.6345906,Private,Oil & Gas - Upstream,No,EN-OG-U,0,1,0,1,0
236,2017,K & S Potash Canada (Aktiengesellschaft),Bethune,Bethune,SK,Under Construction,Mining,4100,50.711406,-105.20525,Private,Critical Mineral,Yes,MIN-CM,0,1,0,1,0
238,2017,Karnalyte Resources Inc,Wynyard Potash Project,Wynyard,SK,In Review,Mining,789,51.709,-104.057,Private,Precious Metal,No,MIN-PM,1,0,1,0,0
238,2020,Karnalyte Resources Inc,Wynyard Potash Project,Wynyard,SK,In Review,Mining,789,51.709,-104.057,Private,Precious Metal,No,MIN-PM,1,0,1,0,0
238,2021,Karnalyte Resources Inc,Wynyard Potash Project,Wynyard,SK,In Review,Mining,789,51.709,-104.057,Private,Precious Metal,No,MIN-PM,1,0,1,0,0
238,2022,Karnalyte Resources Inc,Wynyard Potash Project,Wynyard,SK,Approved,Mining,789,51.709,-104.057,Private,Precious Metal,No,MIN-PM,1,0,1,0,0
238,2023,Karnalyte Resources Inc,Wynyard Potash Project,Wynyard,SK,Approved,Mining,789,51.709,-104.057,Private,Precious Metal,No,MIN-PM,1,0,1,0,0
238,2024,Karnalyte Resources Inc,Wynyard Potash Project,Wynyard,SK,Approved,Mining,789,51.709,-104.057,Private,Precious Metal,No,MIN-PM,1,0,1,0,0
241,2017,Keyera Facilities Income Fund (Keyera),NGL Storage Facility Expansion,Edmonton / Fort Saskatchewan,AB,Announced & Planning,Energy,80.6,53.745539,-113.177168,Private,"DER, Storage, EV",Yes,EN-DER,1,0,1,0,0
241,2018,Keyera Facilities Income Fund (Keyera),NGL Storage Facility Expansion,Edmonton / Fort Saskatchewan,AB,Under Construction,Energy,88,53.745539,-113.177168,Private,"DER, Storage, EV",Yes,EN-DER,0,1,1,0,0
241,2019,Keyera Facilities Income Fund (Keyera),NGL Storage Facility Expansion,Edmonton / Fort Saskatchewan,AB,Under Construction,Energy,125,53.7455,-113.1772,Private,"DER, Storage, EV",Yes,EN-DER,0,1,1,0,0
241,2021,Keyera Facilities Income Fund (Keyera),NGL Storage Cavern Development Program,Edmonton / Fort Saskatchewan,AB,Under Construction,Energy,125,53.745539,-113.177168,Private,"DER, Storage, EV",Yes,EN-DER,0,1,1,0,0
241,2022,Keyera Facilities Income Fund (Keyera),NGL Storage Cavern Development Program,Edmonton / Fort Saskatchewan,AB,Under Construction,Energy,125,53.745539,-113.177168,Private,"DER, Storage, EV",Yes,EN-DER,0,1,0,1,0
242,2017,Kinder Morgan,Trans Mountain Pipeline Expansion (TMX),"Edmonton, Alberta to Burnaby",Multi,In Review,Energy,6800,53.543972,-113.497111,Private,Trans & Distr,No,EN-T&D,1,0,1,0,0
242,2018,Kinder Morgan,Trans Mountain Pipeline Expansion (TMX),"Edmonton, Alberta to Burnaby",Multi,Approved,Energy,7400,53.543972,-113.497111,Private,Trans & Distr,No,EN-T&D,1,0,1,0,0
242,2019,Kinder Morgan,Trans Mountain Pipeline Expansion (TMX),"Edmonton, Alberta to Burnaby",Multi,Approved,Energy,7400,53.543972,-113.497111,Private,Trans & Distr,No,EN-T&D,1,0,1,0,0
242,2020,Trans Mountain Corporation,Trans Mountain Pipeline Expansion (TMX),"Edmonton, Alberta to Burnaby",Multi,Under Construction,Energy,12600,53.543972,-113.497111,Private,Trans & Distr,No,EN-T&D,0,1,1,0,0
242,2021,Trans Mountain Corporation,Trans Mountain Pipeline Expansion (TMX),"Edmonton, Alberta to Burnaby",Multi,Under Construction,Energy,12600,53.543972,-113.497111,Private,Trans & Distr,No,EN-T&D,0,1,1,0,0
242,2022,Trans Mountain Corporation,Trans Mountain Pipeline Expansion (TMX),"Edmonton, Alberta to Burnaby",Multi,Under Construction,Energy,21400,53.543972,-113.497111,Private,Trans & Distr,No,EN-T&D,0,1,1,0,0
242,2023,Trans Mountain Corporation,Trans Mountain Pipeline Expansion (TMX),"Edmonton, Alberta to Burnaby",Multi,Under Construction,Energy,30900,53.543972,-113.497111,Private,Trans & Distr,No,EN-T&D,0,1,0,1,0
243,2017,Kinder Morgan Canada,Edmonton Terminal Storage Expansion Part 2,Strathcona County/ Fort Saskatchewan,AB,In Review,Energy,112,53.547448,-113.360762,Private,"DER, Storage, EV",Yes,EN-DER,1,0,1,0,0
243,2018,Kinder Morgan Canada,Edmonton Terminal Storage Expansion Part 2,Strathcona County/ Fort Saskatchewan,AB,In Review,Energy,112,53.547448,-113.360762,Private,"DER, Storage, EV",Yes,EN-DER,1,0,0,0,1
245,2018,Kitamaat Renewable Energy Corporation,Crab/Europa Hydroelectric Project,Kitimat,BC,In Review,Energy,150,53.595765,-128.666588,Private,Clean Electricity,Yes,EN-CLEL,1,0,1,0,0
245,2019,Kitamaat Renewable Energy Corporation,Crab/Europa Hydroelectric Project,Kitimat,BC,In Review,Energy,150,53.5958,-128.6666,Private,Clean Electricity,Yes,EN-CLEL,1,0,1,0,0
245,2020,Kitamaat Renewable Energy Corporation,Crab/Europa Hydroelectric Project,Kitimat,BC,In Review,Energy,150,53.595765,-128.666588,Private,Clean Electricity,Yes,EN-CLEL,1,0,0,0,1
247,2017,Koch Industries,Muskwa,Municipal District of Opportunity,AB,Approved,Energy,800,56.2953799,-113.5252533,Private,Other,Yes,EN-OTH,1,0,1,0,0
247,2018,Koch Industries,Muskwa,Municipal District of Opportunity,AB,Approved,Energy,800,56.2953799,-113.5252533,Private,Other,Yes,EN-OTH,1,0,1,0,0
247,2019,Koch Industries,Muskwa,Municipal District of Opportunity,AB,Approved,Energy,800,56.2954,-113.5253,Private,Other,Yes,EN-OTH,1,0,1,0,0
247,2020,Koch Industries,Muskwa,Municipal District of Opportunity,AB,Approved,Energy,800,56.2953799,-113.5252533,Private,Other,Yes,EN-OTH,1,0,1,0,0
247,2021,Koch Industries,Muskwa,Municipal District of Opportunity,AB,Approved,Energy,800,56.2953799,-113.5252533,Private,Other,Yes,EN-OTH,1,0,1,0,0
247,2022,Koch Industries,Muskwa,Municipal District of Opportunity,AB,Approved,Energy,800,56.2953799,-113.5252533,Private,Other,Yes,EN-OTH,1,0,1,0,0
247,2023,Baytex Energy Corp.,Muskwa,Municipal District of Opportunity,AB,Approved,Energy,800,56.2953799,-113.5252533,Private,Other,Yes,EN-OTH,1,0,0,0,1
256,2020,NorthWest Copper,Lorraine-Jayjay Copper Mine,Prince George,BC,In Review,Mining,100,55.91667,-125.58333,Private,Base Metal,No,MIN-BM,1,0,1,0,0
256,2024,NorthWest Copper,Lorraine-Jayjay Copper Mine,Prince George,BC,In Review,Mining,100,55.91667,-125.58333,Private,Base Metal,No,MIN-BM,1,0,1,0,0
260,2017,Manitoba Hydro,Bipole III Transmission Line and Converter Stations (Riel and Keewatinohk),Winnipeg,MB,Under Construction,Energy,5040,56.755679,-93.648275,Public,Trans & Distr,No,EN-T&D,0,1,0,1,0
261,2017,Manitoba Hydro,Keeyask Generating Station,Lower Nelson River,MB,Under Construction,Energy,8700,56.351556,-95.18026,Public,Other,Yes,EN-OTH,0,1,1,0,0
261,2018,Manitoba Hydro,Keeyask,Lower Nelson River,MB,Under Construction,Energy,8726,56.351556,-95.18026,Public,Other,Yes,EN-OTH,0,1,1,0,0
261,2019,Manitoba Hydro,Keeyask,Lower Nelson River,MB,Under Construction,Energy,8726,56.3516,-95.1803,Public,Other,Yes,EN-OTH,0,1,1,0,0
261,2020,Manitoba Hydro,Keeyask,Lower Nelson River,MB,Under Construction,Energy,8726,56.351556,-95.18026,Public,Other,Yes,EN-OTH,0,1,1,0,0
261,2021,Manitoba Hydro,Keeyask,Lower Nelson River,MB,Under Construction,Energy,8726,56.351556,-95.18026,Public,Other,Yes,EN-OTH,0,1,1,0,0
261,2022,Manitoba Hydro,Keeyask,Lower Nelson River,MB,Under Construction,Energy,8726,56.351556,-95.18026,Public,Other,Yes,EN-OTH,0,1,0,1,0
266,2017,MAXIM Power Corp.,HR Milner Generating Station Expansion,MD of Greenview (near Grande Cache),AB,Announced & Planning,Energy,1400,53.877226,-119.121348,Private,Other,Yes,EN-OTH,1,0,1,0,0
266,2018,MAXIM Power Corp.,HR Milner Generating Station Expansion,MD of Greenview (near Grande Cache),AB,Under Construction,Energy,1400,53.877226,-119.121348,Private,Other,Yes,EN-OTH,0,1,0,1,0
269,2018,Meadow Lake Tribal Council,Biomass Generator,Meadow Lake,SK,Announced & Planning,Energy,70,55.168966,-108.154761,Private,Waste Biomass,Yes,EN-BIO,1,0,1,0,0
269,2019,Meadow Lake Tribal Council,Biomass Generator,Meadow Lake,SK,Approved,Energy,80,55.169,-108.1548,Private,Waste Biomass,Yes,EN-BIO,1,0,1,0,0
269,2020,Meadow Lake Tribal Council,Biomass Generator,Meadow Lake,SK,Under Construction,Energy,80,55.168966,-108.154761,Private,Waste Biomass,Yes,EN-BIO,0,1,1,0,0
269,2021,Meadow Lake Tribal Council,Biomass Generator,Meadow Lake,SK,Under Construction,Energy,76,55.168966,-108.154761,Private,Waste Biomass,Yes,EN-BIO,0,1,1,0,0
269,2022,Meadow Lake Tribal Council,Biomass Generator,Meadow Lake,SK,Under Construction,Energy,80,55.168966,-108.154761,Private,Waste Biomass,Yes,EN-BIO,0,1,0,1,0
273,2017,M taux BlackRock Inc.,Black Rock,James Bay,QC,In Review,Mining,670,49.87561,-74.403534,Private,Critical Mineral,Yes,MIN-CM,1,0,1,0,0
273,2018,M taux BlackRock Inc.,Black Rock,James Bay,QC,Approved,Mining,1000,49.87561,-74.403534,Private,Critical Mineral,Yes,MIN-CM,1,0,1,0,0
273,2019,M taux BlackRock Inc.,Black Rock,James Bay,QC,Approved,Mining,1000,49.8756,-74.4035,Private,Critical Mineral,Yes,MIN-CM,1,0,1,0,0
273,2020,M taux BlackRock Inc.,Black Rock,James Bay,QC,Approved,Mining,1000,49.87561,-74.403534,Private,Critical Mineral,Yes,MIN-CM,1,0,1,0,0
273,2021,M taux BlackRock Inc.,Black Rock,James Bay,QC,Approved,Mining,1000,49.87561,-74.403534,Private,Critical Mineral,Yes,MIN-CM,1,0,1,0,0
273,2022,M taux BlackRock Inc.,Black Rock,James Bay,QC,Approved,Mining,1200,49.87561,-74.403534,Private,Critical Mineral,Yes,MIN-CM,1,0,1,0,0
273,2023,Strategic Resources,Black Rock,James Bay,QC,Approved,Mining,300,49.87561,-74.403534,Private,Critical Mineral,Yes,MIN-CM,1,0,0,0,1
276,2017,Mine Arnaud Inc.,Arnaud Apatite Mine,Sept-Iles,QC,Approved,Mining,772,50.262132,-66.568909,Private,Precious Metal,No,MIN-PM,1,0,1,0,0
276,2018,Mine Arnaud Inc.,Arnaud Apatite Mine,Sept-Iles,QC,Approved,Mining,750,50.262132,-66.568909,Private,Precious Metal,No,MIN-PM,1,0,1,0,0
276,2019,Mine Arnaud Inc.,Arnaud Apatite Mine,Sept-Iles,QC,Approved,Mining,750,50.2621,-66.5689,Private,Precious Metal,No,MIN-PM,1,0,0,0,1
281,2017,Mosaic Potash,Potash Mine Expansion,Esterhazy,SK,Under Construction,Mining,3200,50.65947308,-101.8421459,Private,Precious Metal,No,MIN-PM,0,1,1,0,0
281,2018,Mosaic Potash,Esterhazy K3 project,Esterhazy,SK,Under Construction,Mining,3200,50.65947308,-101.8421459,Private,Precious Metal,No,MIN-PM,0,1,1,0,0
281,2019,Mosaic Potash,Esterhazy K3 project,Esterhazy,SK,Under Construction,Mining,1700,50.6595,-101.8421,Private,Precious Metal,No,MIN-PM,0,1,1,0,0
281,2021,Mosaic Potash,Esterhazy K3 project,Esterhazy,SK,Under Construction,Mining,1700,50.65947308,-101.8421459,Private,Precious Metal,No,MIN-PM,0,1,1,0,0
281,2022,Mosaic Potash,Esterhazy K3 project,Esterhazy,SK,Under Construction,Mining,1700,50.65947308,-101.8421459,Private,Precious Metal,No,MIN-PM,0,1,0,1,0
283,2017,Mount Hays Wind Farm Limited Partnership,Mount Hays Wind Farm,Prince Rupert,BC,In Review,Energy,,54.291483,-130.308203,Private,Clean Electricity,Yes,EN-CLEL,1,0,1,0,0
283,2018,Mount Hays Wind Farm Limited Partnership,Mount Hays Wind Farm,Prince Rupert,BC,In Review,Energy,,54.291483,-130.308203,Private,Clean Electricity,Yes,EN-CLEL,1,0,1,0,0
283,2019,Mount Hays Wind Farm Limited Partnership,Mount Hays Wind Farm,Prince Rupert,BC,In Review,Energy,,54.2915,-130.3082,Private,Clean Electricity,Yes,EN-CLEL,1,0,1,0,0
283,2021,Mount Hays Wind Farm Limited Partnership,Mount Hays Wind Farm,Prince Rupert,BC,Announced & Planning,Energy,,54.291483,-130.308203,Private,Clean Electricity,Yes,EN-CLEL,1,0,1,0,0
283,2022,Mount Hays Wind Farm Limited Partnership,Mount Hays Wind Farm,Prince Rupert,BC,Announced & Planning,Energy,,54.291483,-130.308203,Private,Clean Electricity,Yes,EN-CLEL,1,0,1,0,0
283,2023,Mount Hays Wind Farm Limited Partnership,Mount Hays Wind Farm,Prince Rupert,BC,Announced & Planning,Energy,125,54.291483,-130.308203,Private,Clean Electricity,Yes,EN-CLEL,1,0,1,0,0
283,2024,Mount Hays Wind Farm Limited Partnership,Mount Hays Wind Farm,Prince Rupert,BC,Announced & Planning,Energy,125,54.291483,-130.308203,Private,Clean Electricity,Yes,EN-CLEL,1,0,1,0,0
290,2017,Nalcor Energy,Muskrat Falls Hydroelectric Generating Station and Labrador Transmission Assets,Labrador,NL,Under Construction,Energy,5071,53.314467,-60.744232,Private,Trans & Distr,No,EN-T&D,0,1,1,0,0
290,2018,Nalcor Energy,Muskrat Falls Hydroelectric Generating Station and Labrador Transmission Assets,Labrador,NL,Under Construction,Energy,5500,53.314467,-60.744232,Private,Trans & Distr,No,EN-T&D,0,1,1,0,0
290,2019,Nalcor Energy,Muskrat Falls Hydroelectric Generating Station,Labrador,NL,Under Construction,Energy,5500,53.3145,-60.7442,Private,Trans & Distr,No,EN-T&D,0,1,1,0,0
290,2020,Nalcor Energy,Muskrat Falls Hydroelectric Generating Station,Labrador,NL,Under Construction,Energy,5500,53.314467,-60.744232,Private,Trans & Distr,No,EN-T&D,0,1,0,1,0
292,2017,Natural Resources Canada,Port Granby Long-Term Low-Level Radioactive Waste Management,Clarington,ON,Under Construction,Energy,273,43.942406,-78.466518,Private,Waste Biomass,Yes,EN-BIO,0,1,1,0,0
292,2018,Canadian Nuclear Laboratories,Port Granby Long-Term Low-Level Radioactive Waste Management,Clarington,ON,Under Construction,Energy,273,43.942406,-78.466518,Private,Waste Biomass,Yes,EN-BIO,0,1,1,0,0
292,2019,Canadian Nuclear Laboratories,Port Granby Long-Term Low-Level Radioactive Waste Management,Clarington,ON,Under Construction,Energy,273,43.9424,-78.4665,Private,Waste Biomass,Yes,EN-BIO,0,1,1,0,0
292,2020,Canadian Nuclear Laboratories,Port Granby Long-Term Low-Level Radioactive Waste Management,Clarington,ON,Under Construction,Energy,273,43.942406,-78.466518,Private,Waste Biomass,Yes,EN-BIO,0,1,1,0,0
292,2021,Canadian Nuclear Laboratories,Port Granby Long-Term Low-Level Radioactive Waste Management,Clarington,ON,Under Construction,Energy,273,43.942406,-78.466518,Private,Waste Biomass,Yes,EN-BIO,0,1,1,0,0
292,2022,Canadian Nuclear Laboratories,Port Granby Long-Term Low-Level Radioactive Waste Management,Clarington,ON,Under Construction,Energy,273,43.942406,-78.466518,Private,Waste Biomass,Yes,EN-BIO,0,1,0,1,0
293,2017,Capstone Infrastructure Corporation,Wild Rose' Wind Farm (Phase 2),Cypress County (S of Irvine),AB,Approved,Energy,400,49.95608,-110.265759,Private,Clean Electricity,Yes,EN-CLEL,1,0,1,0,0
293,2018,Capstone Infrastructure Corporation,Wild Rose' Wind Farm (Phase 2),Cypress County (S of Irvine),AB,Approved,Energy,400,49.95608,-110.265759,Private,Clean Electricity,Yes,EN-CLEL,1,0,1,0,0
293,2019,Capstone Infrastructure Corporation,Wild Rose' Wind Farm (Phase 2),Cypress County (S of Irvine),AB,Approved,Energy,400,49.9561,-110.2658,Private,Clean Electricity,Yes,EN-CLEL,1,0,1,0,0
293,2020,Capstone Infrastructure Corporation,Wild Rose' Wind Farm (Phase 2),Cypress County (S of Irvine),AB,Approved,Energy,400,49.95608,-110.265759,Private,Clean Electricity,Yes,EN-CLEL,1,0,1,0,0
293,2021,Capstone Infrastructure Corporation,Wild Rose' Wind Farm (Phase 2),Cypress County (S of Irvine),AB,Approved,Energy,500,49.95608,-110.265759,Private,Clean Electricity,Yes,EN-CLEL,1,0,1,0,0
293,2022,Capstone Infrastructure Corporation,Wild Rose' Wind Farm (Phase 2),Cypress County (S of Irvine),AB,Approved,Energy,300,49.95608,-110.265759,Private,Clean Electricity,Yes,EN-CLEL,1,0,1,0,0
293,2023,Capstone Infrastructure Corporation,Wild Rose' Wind Farm (Phase 2),Cypress County (S of Irvine),AB,Approved,Energy,300,49.95608,-110.265759,Private,Clean Electricity,Yes,EN-CLEL,1,0,1,0,0
293,2024,Capstone Infrastructure Corporation,Wild Rose' Wind Farm (Phase 2),Cypress County (S of Irvine),AB,Under Construction,Energy,300,49.95608,-110.265759,Private,Clean Electricity,Yes,EN-CLEL,0,1,1,0,0
294,2019,NB Power,Mactaquac Dam upgrades,Saint John River,NB,In Review,Energy,2900,45.9544,-66.8679,Public,Clean Electricity,Yes,EN-CLEL,1,0,1,0,0
294,2020,NB Power,Mactaquac Dam upgrades,Saint John River,NB,In Review,Energy,2900,45.954442,-66.867918,Public,Clean Electricity,Yes,EN-CLEL,1,0,1,0,0
294,2021,NB Power,Mactaquac Dam upgrades,Saint John River,NB,In Review,Energy,3250,45.954442,-66.867918,Public,Clean Electricity,Yes,EN-CLEL,1,0,1,0,0
294,2022,NB Power,Mactaquac Dam upgrades,Saint John River,NB,In Review,Energy,3250,45.954442,-66.867918,Public,Clean Electricity,Yes,EN-CLEL,1,0,1,0,0
294,2023,NB Power,Mactaquac Dam upgrades,Saint John River,NB,In Review,Energy,3250,45.954442,-66.867918,Public,Clean Electricity,Yes,EN-CLEL,1,0,0,0,1
298,2017,NB Power and Partners,Smart Grid Investments Phase,Various locations across NB (St. John),NB,Under Construction,Energy,150,45.27518,-66.068563,Public,Trans & Distr,No,EN-T&D,0,1,1,0,0
298,2019,NB Power and Partners,Smart Grid Investments Phase,Various locations across NB (St. John),NB,In Review,Energy,227,45.2752,-66.0686,Public,Trans & Distr,No,EN-T&D,1,0,1,0,0
298,2020,NB Power and Partners,Smart Grid Investments Phase,Various locations across NB (St. John),NB,In Review,Energy,223,45.27518,-66.068563,Public,Trans & Distr,No,EN-T&D,1,0,1,0,0
298,2021,NB Power and Partners,Smart Grid Investments Phase,Various locations across NB (St. John),NB,Under Construction,Energy,223,45.27518,-66.068563,Public,Trans & Distr,No,EN-T&D,0,1,1,0,0
298,2022,NB Power and Partners,Smart Grid Investments Phase,Various locations across NB (St. John),NB,Under Construction,Energy,223,45.27518,-66.068563,Public,Trans & Distr,No,EN-T&D,0,1,1,0,0
298,2023,NB Power and Partners,Smart Grid Investments Phase,Various locations across NB (St. John),NB,Under Construction,Energy,223,45.27518,-66.068563,Public,Trans & Distr,No,EN-T&D,0,1,1,0,0
298,2024,NB Power and Partners,Smart Grid Investments Phase,Various locations across NB (St. John),NB,Under Construction,Energy,147,45.27518,-66.068563,Public,Trans & Distr,No,EN-T&D,0,1,1,0,0
299,2017,Nemaska Lithium inc.,Whabouchi,James Bay,QC,Under Construction,Mining,570,51.682,-75.855,Private,Critical Mineral,Yes,MIN-CM,0,1,1,0,0
299,2018,Nemaska Lithium inc.,Whabouchi,James Bay,QC,Approved,Mining,1070,51.682,-75.855,Private,Critical Mineral,Yes,MIN-CM,1,0,1,0,0
299,2019,Nemaska Lithium inc.,Whabouchi,James Bay,QC,Under Construction,Mining,801,51.682,-75.855,Private,Critical Mineral,Yes,MIN-CM,0,1,1,0,0
299,2022,Nemaska Lithium inc.,Whabouchi,James Bay,QC,In Review,Mining,1268.619,51.682,-75.855,Private,Critical Mineral,Yes,MIN-CM,1,0,1,0,0
299,2023,Nemaska Lithium inc.,Whabouchi,James Bay,QC,Under Construction,Mining,1652,51.682,-75.855,Private,Critical Mineral,Yes,MIN-CM,0,1,1,0,0
299,2024,Nemaska Lithium inc.,Whabouchi,James Bay,QC,Under Construction,Mining,1268,51.682,-75.855,Private,Critical Mineral,Yes,MIN-CM,0,1,1,0,0
306,2017,BluEarth Renewables,Hand Hills' Wind Farm (78MW),Starland County (E of Delia),AB,Approved,Energy,200,51.632563,-112.373964,Private,Clean Electricity,Yes,EN-CLEL,1,0,1,0,0
306,2018,BluEarth Renewables,Hand Hills' Wind Farm (78MW),Starland County (E of Delia),AB,Approved,Energy,200,51.632563,-112.373964,Private,Clean Electricity,Yes,EN-CLEL,1,0,1,0,0
306,2019,BluEarth Renewables,Hand Hills' Wind Farm (130MW),Starland County (E of Delia),AB,Approved,Energy,200,51.6326,-112.374,Private,Clean Electricity,Yes,EN-CLEL,1,0,1,0,0
306,2020,BluEarth Renewables,Hand Hills' Wind Farm (130MW),Starland County (E of Delia),AB,Approved,Energy,200,51.632563,-112.373964,Private,Clean Electricity,Yes,EN-CLEL,1,0,1,0,0
306,2021,BluEarth Renewables,Hand Hills' Wind Farm,Starland County (E of Delia),AB,Announced & Planning,Energy,250,51.632563,-112.373964,Private,Clean Electricity,Yes,EN-CLEL,1,0,1,0,0
306,2022,BluEarth Renewables,Hand Hills' Wind Farm,Starland County (E of Delia),AB,Under Construction,Energy,250,51.632563,-112.373964,Private,Clean Electricity,Yes,EN-CLEL,0,1,1,0,0
306,2023,BluEarth Renewables,Hand Hills' Wind Farm,Starland County (E of Delia),AB,Under Construction,Energy,250,51.632563,-112.373964,Private,Clean Electricity,Yes,EN-CLEL,0,1,0,1,0
308,2021,Agnico-Eagle Mines Limited,Hope Bay Gold (Doris North and Hope Bay Belt),130 km south of Cambridge Bay,NU,Announced & Planning,Mining,683,68.058,-106.595,Private,Precious Metal,No,MIN-PM,1,0,1,0,0
308,2022,Agnico-Eagle Mines Limited,Hope Bay Gold (Doris North and Hope Bay Belt),130 km south of Cambridge Bay,NU,Approved,Mining,682.772,68.1375,-106.61,Private,Precious Metal,No,MIN-PM,1,0,0,0,1
309,2020,Nomis Power Corp - Rupert Peace Power Corp,Nahwitti Wind Farm,Port Hardy,BC,Announced & Planning,Energy,400,51.013755,-127.642456,Private,Clean Electricity,Yes,EN-CLEL,1,0,1,0,0
309,2021,Rupert Peace Power Corporation,Nahwitti Wind Farm,Port Hardy,BC,Announced & Planning,Energy,400,51.013755,-127.642456,Private,Clean Electricity,Yes,EN-CLEL,1,0,1,0,0
309,2022,Rupert Peace Power Corporation,Nahwitti Wind Farm,Port Hardy,BC,Announced & Planning,Energy,400,51.013755,-127.642456,Private,Clean Electricity,Yes,EN-CLEL,1,0,1,0,0
309,2023,Rupert Peace Power Corporation,Nahwitti Wind Farm,Port Hardy,BC,Announced & Planning,Energy,400,51.013755,-127.642456,Private,Clean Electricity,Yes,EN-CLEL,1,0,0,0,1
314,2017,Ring of Fire Metals Pty Ltd.,Eagle's Nest (McFaulds Lake),Webequie,ON,In Review,Mining,609,52.743,-86.25,Private,Critical Mineral,Yes,MIN-CM,1,0,1,0,0
314,2018,Ring of Fire Metals Pty Ltd.,Eagle's Nest (McFaulds Lake),Webequie,ON,In Review,Mining,609,52.743,-86.25,Private,Critical Mineral,Yes,MIN-CM,1,0,1,0,0
314,2019,Ring of Fire Metals Pty Ltd.,Eagle's Nest (McFaulds Lake),Webequie,ON,In Review,Mining,609,52.743,-86.25,Private,Critical Mineral,Yes,MIN-CM,1,0,1,0,0
314,2020,Ring of Fire Metals Pty Ltd.,Eagle's Nest (McFaulds Lake),Webequie,ON,In Review,Mining,609.4,52.743,-86.25,Private,Critical Mineral,Yes,MIN-CM,1,0,1,0,0
314,2021,Ring of Fire Metals Pty Ltd.,Eagle's Nest (McFaulds Lake),Webequie,ON,Announced & Planning,Mining,609.4,52.743,-86.25,Private,Critical Mineral,Yes,MIN-CM,1,0,1,0,0
314,2022,Ring of Fire Metals Pty Ltd.,Eagle's Nest (McFaulds Lake),Webequie,ON,Approved,Mining,609,52.741,-86.30086,Private,Critical Mineral,Yes,MIN-CM,1,0,1,0,0
314,2023,Ring of Fire Metals Pty Ltd.,Eagle's Nest (McFaulds Lake),Webequie,ON,Approved,Mining,609,52.741,-86.30086,Private,Critical Mineral,Yes,MIN-CM,1,0,1,0,0
314,2024,Ring of Fire Metals Pty Ltd.,Eagle's Nest (McFaulds Lake),Webequie,ON,Approved,Mining,609,52.741,-86.30086,Private,Critical Mineral,Yes,MIN-CM,1,0,1,0,0
315,2018,North American Palladium,Lac des Iles palladium mine (expansion),Thunder Bay,ON,Announced & Planning,Mining,69.16,49.172269,-89.654032,Private,Precious Metal,No,MIN-PM,1,0,1,0,0
315,2019,North American Palladium,Lac des Iles palladium mine (expansion),Thunder Bay,ON,Announced & Planning,Mining,425,49.1723,-89.654,Private,Precious Metal,No,MIN-PM,1,0,1,0,0
315,2020,Impala Canada,Lac des Iles palladium mine (expansion),Thunder Bay,ON,Announced & Planning,Mining,425,49.172269,-89.654032,Private,Precious Metal,No,MIN-PM,1,0,1,0,0
315,2021,Impala Canada,Lac des Iles palladium mine (expansion),Thunder Bay,ON,Under Construction,Mining,425,49.172269,-89.654032,Private,Precious Metal,No,MIN-PM,0,1,0,1,0
318,2017,"Northeast Utilities, NSTAR, Hydro-Quebec",Transmission Line - Champlain Hudson Power Express,Sherbrooke jusqu'au New Hampshire,QC,In Review,Energy,400,45.56839,-71.999691,Public,Trans & Distr,No,EN-T&D,1,0,0,0,1
328,2017,Numerous Companies,COMFIT Program - Wind Energy,All across Nova Scotia,NS,Under Construction,Energy,330,,,Private,Clean Electricity,Yes,EN-CLEL,0,1,0,1,0
329,2017,Northcliff Resources (HDI Mining),Sisson Project,Fredericton,NB,In Review,Mining,579,46.365,-67.045,Private,Other,No,MIN-OTH,1,0,1,0,0
329,2018,Northcliff Resources (HDI Mining),Sisson Project,Fredericton,NB,In Review,Mining,579,46.365,-67.045,Private,Other,No,MIN-OTH,1,0,1,0,0
329,2019,Northcliff Resources (HDI Mining),Sisson Project,Fredericton,NB,In Review,Mining,579,46.365,-67.045,Private,Other,No,MIN-OTH,1,0,1,0,0
329,2020,Northcliff Resources (HDI Mining),Sisson Project,Fredericton,NB,In Review,Mining,579,46.365,-67.045,Private,Other,No,MIN-OTH,1,0,1,0,0
329,2021,Northcliff Resources (HDI Mining),Sisson Project,Fredericton,NB,In Review,Mining,579,46.365,-67.045,Private,Other,No,MIN-OTH,1,0,1,0,0
329,2022,Northcliff Resources (HDI Mining),Sisson Project,Fredericton,NB,Approved,Mining,579,46.365,-67.045,Private,Other,No,MIN-OTH,1,0,1,0,0
329,2023,Northcliff Resources (HDI Mining),Sisson Project,Fredericton,NB,Approved,Mining,579,46.365,-67.045,Private,Other,No,MIN-OTH,1,0,1,0,0
329,2024,Northcliff Resources (HDI Mining),Sisson Project,Fredericton,NB,Approved,Mining,579,46.365,-67.045,Private,Other,No,MIN-OTH,1,0,1,0,0
333,2017,Ontario Power Generation,Darlington Refurbishment Project,Clarington,ON,Under Construction,Energy,12800,43.869869,-78.719487,Public,Clean Electricity,Yes,EN-LCF,0,1,1,0,0
333,2018,Ontario Power Generation,Darlington Refurbishment Project,Clarington,ON,Under Construction,Energy,12800,43.869869,-78.719487,Public,Clean Electricity,Yes,EN-LCF,0,1,1,0,0
333,2019,Ontario Power Generation,Darlington Refurbishment Project,Clarington,ON,Under Construction,Energy,12800,43.8699,-78.7195,Public,Clean Electricity,Yes,EN-LCF,0,1,1,0,0
333,2020,Ontario Power Generation,Darlington Refurbishment Project,Clarington,ON,Under Construction,Energy,12800,43.869869,-78.719487,Public,Clean Electricity,Yes,EN-LCF,0,1,1,0,0
333,2021,Ontario Power Generation,Darlington Refurbishment Project,Clarington,ON,Under Construction,Energy,12800,43.869869,-78.719487,Public,Clean Electricity,Yes,EN-LCF,0,1,1,0,0
333,2022,Ontario Power Generation,Darlington Refurbishment Project,Clarington,ON,Under Construction,Energy,12800,43.869869,-78.719487,Public,Clean Electricity,Yes,EN-LCF,0,1,1,0,0
333,2023,Ontario Power Generation,Darlington Refurbishment Project,Clarington,ON,Under Construction,Energy,12800,43.869869,-78.719487,Public,Clean Electricity,Yes,EN-LCF,0,1,1,0,0
333,2024,Ontario Power Generation,Darlington Refurbishment Project,Clarington,ON,Under Construction,Energy,12800,43.869869,-78.719487,Public,Clean Electricity,Yes,EN-LCF,0,1,1,0,0
334,2017,Ontario Power Generation,The Deep Geologic Repository Project,Kincardine,ON,In Review,Energy,2400,44.178018,-81.63634,Public,Clean Electricity,Yes,EN-LCF,1,0,1,0,0
334,2018,Ontario Power Generation,The Deep Geologic Repository Project,Kincardine,ON,In Review,Energy,2400,44.178018,-81.63634,Public,Clean Electricity,Yes,EN-LCF,1,0,1,0,0
334,2019,Ontario Power Generation,The Deep Geologic Repository Project,Kincardine,ON,In Review,Energy,2400,44.178,-81.6363,Public,Clean Electricity,Yes,EN-LCF,1,0,0,0,1
340,2020,Oceanic Iron Ore Company,Hopes Advance Iron Mine (Ungava Bay),Nunavik,QC,In Review,Mining,1566.22,59.310061,-69.888941,Private,Base Metal,No,MIN-BM,1,0,1,0,0
340,2021,Oceanic Iron Ore Company,Hopes Advance Iron Mine (Ungava Bay),Nunavik,QC,In Review,Mining,1566.218,59.310061,-69.888941,Private,Base Metal,No,MIN-BM,1,0,1,0,0
340,2022,Oceanic Iron Ore Company,Hopes Advance Iron Mine (Ungava Bay),Nunavik,QC,Announced & Planning,Mining,1566.612,59.310061,-69.888941,Private,Base Metal,No,MIN-BM,1,0,0,0,1
341,2017,Osum Oil Sands Corp.,Taiga,MD of Bonnyville (N of Cold Lake),AB,Approved,Energy,1570,54.6808778,-110.1364803,Private,Oil & Gas - Upstream,No,EN-OG-U,1,0,1,0,0
341,2018,Osum Oil Sands Corp.,Taiga,MD of Bonnyville (N of Cold Lake),AB,Approved,Energy,1570,54.6808778,-110.1364803,Private,Oil & Gas - Upstream,No,EN-OG-U,1,0,1,0,0
341,2019,Osum Oil Sands Corp.,Taiga,MD of Bonnyville (N of Cold Lake),AB,Approved,Energy,1570,54.6809,-110.1365,Private,Oil & Gas - Upstream,No,EN-OG-U,1,0,1,0,0
341,2020,Osum Oil Sands Corp.,Taiga,MD of Bonnyville (N of Cold Lake),AB,Approved,Energy,1570,54.6808778,-110.1364803,Private,Oil & Gas - Upstream,No,EN-OG-U,1,0,1,0,0
341,2021,Osum Oil Sands Corp.,Taiga,MD of Bonnyville (N of Cold Lake),AB,Approved,Energy,1570,54.6808778,-110.1364803,Private,Oil & Gas - Upstream,No,EN-OG-U,1,0,1,0,0
341,2022,Osum Oil Sands Corp.,Taiga,MD of Bonnyville (N of Cold Lake),AB,Approved,Energy,1570,54.6808778,-110.1364803,Private,Oil & Gas - Upstream,No,EN-OG-U,1,0,1,0,0
341,2023,Osum Oil Sands Corp.,Taiga,MD of Bonnyville (N of Cold Lake),AB,Approved,Energy,1570,54.6808778,-110.1364803,Private,Oil & Gas - Upstream,No,EN-OG-U,1,0,1,0,0
341,2024,Osum Oil Sands Corp.,Taiga,MD of Bonnyville (N of Cold Lake),AB,Approved,Energy,1570,54.6808778,-110.1364803,Private,Oil & Gas - Upstream,No,EN-OG-U,1,0,1,0,0
344,2021,Agnico Eagle Mines Limited,Hammond Reef,Atikokan,ON,In Review,Mining,1281.377,48.88278,-91.349945,Private,Other,No,MIN-OTH,1,0,1,0,0
344,2022,Agnico Eagle Mines Limited,Hammond Reef,Atikokan,ON,Approved,Mining,1281.953,48.938,-91.458,Private,Other,No,MIN-OTH,1,0,1,0,0
344,2023,Agnico Eagle Mines Limited,Hammond Reef,Atikokan,ON,Approved,Mining,1281.953,48.938,-91.458,Private,Other,No,MIN-OTH,1,0,1,0,0
344,2024,Agnico Eagle Mines Limited,Hammond Reef,Atikokan,ON,Approved,Mining,1300,48.938,-91.458,Private,Other,No,MIN-OTH,1,0,1,0,0
345,2017,Greengen Holdings Ltd,Bremner Creek Hydro Project,Harrison Hot Springs,BC,In Review,Energy,90,49.301789,-121.789591,Private,Clean Electricity,Yes,EN-CLEL,1,0,1,0,0
345,2018,Greengen Holdings Ltd,Bremner Creek Hydro Project,Harrison Hot Springs,BC,In Review,Energy,90,49.301789,-121.789591,Private,Clean Electricity,Yes,EN-CLEL,1,0,1,0,0
345,2019,"Bremner Trio Hydro Corp./ Connor, Clark & Lunn Infrastructure",Bremner Creek/Trio Hydro project,Harrison Hot Springs,BC,Under Construction,Energy,200,49.3018,-121.7896,Private,Clean Electricity,Yes,EN-CLEL,0,1,1,0,0
345,2020,"Bremner Trio Hydro Corp./ Connor, Clark & Lunn Infrastructure",Bremner Creek/Trio Hydro project,Harrison Hot Springs,BC,Under Construction,Energy,200,49.301789,-121.789591,Private,Clean Electricity,Yes,EN-CLEL,0,1,1,0,0
345,2021,"Bremner Trio Hydro Corp./ Connor, Clark & Lunn Infrastructure",Bremner Creek/Trio Hydro project,Harrison Hot Springs,BC,Under Construction,Energy,200,49.301789,-121.789591,Private,Clean Electricity,Yes,EN-CLEL,0,1,1,0,0
345,2022,"Bremner Trio Hydro Corp./ Connor, Clark & Lunn Infrastructure",Bremner Creek/Trio Hydro project,Harrison Hot Springs,BC,Under Construction,Energy,230,49.301789,-121.789591,Private,Clean Electricity,Yes,EN-CLEL,0,1,0,1,0
346,2017,"Woodside, Chevron (Kitimat LNG)",Pacific Trail Pipeline,Summit Lake to Kitimat,BC,Approved,Energy,1300,54.262315,-122.627532,Private,Trans & Distr,No,EN-T&D,1,0,1,0,0
346,2018,"Woodside, Chevron (Kitimat LNG)",Pacific Trail Pipeline,Summit Lake to Kitimat,BC,Approved,Energy,1300,54.262315,-122.627532,Private,Trans & Distr,No,EN-T&D,1,0,1,0,0
346,2019,"Woodside, Chevron (Kitimat LNG)",Pacific Trail Pipeline,Summit Lake to Kitimat,BC,Approved,Energy,1300,54.2623,-122.6275,Private,Trans & Distr,No,EN-T&D,1,0,1,0,0
346,2020,"Woodside, Chevron (Kitimat LNG)",Pacific Trail Pipeline,Summit Lake to Kitimat,BC,Approved,Energy,1300,54.262315,-122.627532,Private,Trans & Distr,No,EN-T&D,1,0,1,0,0
346,2021,"Woodside, Chevron (Kitimat LNG)",Pacific Trail Pipeline,Summit Lake to Kitimat,BC,Approved,Energy,1300,54.262315,-122.627532,Private,Trans & Distr,No,EN-T&D,1,0,0,0,1
347,2020,Pacific Booker Minerals Inc.,Morrison Copper Gold Project,Granisle,BC,In Review,Mining,517,55.194,-126.314,Private,Precious Metal,No,MIN-PM,1,0,0,0,1
352,2017,Brion Energy Corporation (Petro China),Thickwood/MacKay River,RM of Wood Buffalo (W of Ft. McMurray),AB,Under Construction,Energy,4558,56.8134023,-112.1586774,Private,Waste Biomass,Yes,EN-BIO,0,1,0,1,0
360,2017,Polaris Minerals Corp.,Eagle Rock Quarry,Port Alberni,BC,Announced & Planning,Mining,115,49.138597,-124.782715,Private,Other,No,MIN-OTH,1,0,1,0,0
360,2018,"U.S. Concrete, Inc.",Eagle Rock Quarry,Port Alberni,BC,Announced & Planning,Mining,115,49.138597,-124.782715,Private,Other,No,MIN-OTH,1,0,0,0,1
362,2017,Potash Corporation of Saskatwchewan,Potash Mine Expansion,Rocanville,SK,Under Construction,Mining,2800,50.471845,-101.543547,Private,Precious Metal,No,MIN-PM,0,1,0,1,0
364,2017,Premier Renewable Energy,Marten Ridge Wind Energy Project,Fernie,BC,In Review,Energy,172,49.535232,-114.911893,Private,Clean Electricity,Yes,EN-CLEL,1,0,0,0,1
368,2017,Pretium Resources Inc.,Brucejack Gold Mine,Iskut,BC,Under Construction,Mining,1081.46,56.515,-130.2,Private,Precious Metal,No,MIN-PM,0,1,0,1,0
371,2017,Metaux Torngat ltee,Strange Lake / B-Zone,Northeastern Quebec,QC,Announced & Planning,Mining,1200,56.325,-64.174,Private,Other,No,MIN-OTH,1,0,1,0,0
371,2018,Metaux Torngat ltee,Strange Lake / B-Zone,Northeastern Quebec,QC,Announced & Planning,Mining,913,56.325,-64.174,Private,Other,No,MIN-OTH,1,0,1,0,0
371,2019,Metaux Torngat ltee,Strange Lake / B-Zone,Northeastern Quebec,QC,Announced & Planning,Mining,600,56.325,-64.174,Private,Other,No,MIN-OTH,1,0,1,0,0
371,2020,Metaux Torngat ltee,Strange Lake / B-Zone,Northeastern Quebec,QC,Announced & Planning,Mining,1631,56.325,-64.174,Private,Other,No,MIN-OTH,1,0,1,0,0
371,2021,Metaux Torngat ltee,Strange Lake / B-Zone,Northeastern Quebec,QC,Announced & Planning,Mining,1631,56.325,-64.174,Private,Other,No,MIN-OTH,1,0,1,0,0
371,2022,Metaux Torngat ltee,Strange Lake / B-Zone,Northeastern Quebec,QC,Announced & Planning,Mining,1631,56.325,-64.174,Private,Other,No,MIN-OTH,1,0,1,0,0
371,2023,Metaux Torngat ltee,Strange Lake / B-Zone,Northeastern Quebec,QC,In Review,Mining,1600,56.325,-64.174,Private,Other,No,MIN-OTH,1,0,1,0,0
371,2024,Metaux Torngat ltee,Strange Lake / B-Zone,Northeastern Quebec,QC,In Review,Mining,1631,56.325,-64.174,Private,Other,No,MIN-OTH,1,0,1,0,0
376,2017,Magneto Investments Limited Partnership,Dumont,Amos,QC,In Review,Mining,1268,48.653,-78.436,Private,Critical Mineral,Yes,MIN-CM,1,0,1,0,0
376,2018,Magneto Investments Limited Partnership,Dumont,Amos,QC,In Review,Mining,1381,48.653,-78.436,Private,Critical Mineral,Yes,MIN-CM,1,0,1,0,0
376,2019,Magneto Investments Limited Partnership,Dumont,Amos,QC,In Review,Mining,1381,48.653,-78.436,Private,Critical Mineral,Yes,MIN-CM,1,0,1,0,0
376,2020,Magneto Investments Limited Partnership,Dumont,Amos,QC,In Review,Mining,1381,48.653,-78.436,Private,Critical Mineral,Yes,MIN-CM,1,0,1,0,0
376,2021,Magneto Investments Limited Partnership,Dumont,Amos,QC,In Review,Mining,1357.33,48.653,-78.436,Private,Critical Mineral,Yes,MIN-CM,1,0,1,0,0
376,2022,Magneto Investments Limited Partnership,Dumont,Amos,QC,Approved,Mining,1374.778,48.653,-78.436,Private,Critical Mineral,Yes,MIN-CM,1,0,1,0,0
376,2023,Magneto Investments Limited Partnership,Dumont,Amos,QC,Approved,Mining,1268,48.653,-78.436,Private,Critical Mineral,Yes,MIN-CM,1,0,1,0,0
376,2024,Magneto Investments Limited Partnership,Dumont,Amos,QC,Approved,Mining,1357,48.653,-78.436,Private,Critical Mineral,Yes,MIN-CM,1,0,1,0,0
381,2018,Ryan River Joint Venture Regional Power,Ryan River Hydro Project,Pemberton,BC,In Review,Energy,140,50.3167,-122.8,Private,Clean Electricity,Yes,EN-CLEL,1,0,1,0,0
381,2019,Ryan River Joint Venture,Ryan River Hydro Project,Pemberton,BC,In Review,Energy,273,50.3167,-122.8,Private,Clean Electricity,Yes,EN-CLEL,1,0,1,0,0
381,2020,Ryan River Joint Venture,Ryan River Hydro Project,Pemberton,BC,In Review,Energy,273,50.3167,-122.8,Private,Clean Electricity,Yes,EN-CLEL,1,0,1,0,0
381,2021,Ryan River Joint Venture,Ryan River Hydro Project,Pemberton,BC,In Review,Energy,273,50.3167,-122.8,Private,Clean Electricity,Yes,EN-CLEL,1,0,1,0,0
381,2022,Ryan River Joint Venture,Ryan River Hydro Project,Pemberton,BC,In Review,Energy,273,50.3167,-122.8,Private,Clean Electricity,Yes,EN-CLEL,1,0,1,0,0
381,2023,Ryan River Joint Venture,Ryan River Hydro Project,Pemberton,BC,Announced & Planning,Energy,273,50.3167,-122.8,Private,Clean Electricity,Yes,EN-CLEL,1,0,0,0,1
382,2020,Evolution Mining,Bateman Gold,Red Lake,ON,Announced & Planning,Mining,101.2,51.116,-93.75,Private,Precious Metal,No,MIN-PM,1,0,1,0,0
382,2021,Evolution Mining,Bateman Gold,Red Lake,ON,Under Construction,Mining,109.3,51.116,-93.75,Private,Precious Metal,No,MIN-PM,0,1,1,0,0
382,2022,Evolution Mining,Bateman Gold,Red Lake,ON,Under Construction,Mining,109.3,51.116,-93.75,Private,Precious Metal,No,MIN-PM,0,1,1,0,0
382,2023,Evolution Mining,Bateman Gold,Red Lake,ON,Under Construction,Mining,109.3,51.116,-93.75,Private,Precious Metal,No,MIN-PM,0,1,1,0,0
382,2024,Evolution Mining,Bateman Gold,Red Lake,ON,Under Construction,Mining,109.3,51.116,-93.75,Private,Precious Metal,No,MIN-PM,0,1,1,0,0
387,2018,"Sea Breeze Pacific Juan de Fuca Cable, LP",Juan de Fuca Power Cable,Esquimalt,BC,In Review,Energy,480,48.433187,-123.410481,Private,Trans & Distr,No,EN-LCF,1,0,1,0,0
387,2019,"Sea Breeze Pacific Juan de Fuca Cable, LP",Juan de Fuca Power Cable,Esquimalt,BC,Announced & Planning,Energy,480,48.4332,-123.4105,Private,Trans & Distr,No,EN-LCF,1,0,1,0,0
387,2020,"Sea Breeze Pacific Juan de Fuca Cable, LP",Juan de Fuca Power Cable,Esquimalt,BC,Announced & Planning,Energy,480,48.433187,-123.410481,Private,Trans & Distr,No,EN-LCF,1,0,1,0,0
387,2021,"Sea Breeze Pacific Juan de Fuca Cable, LP",Juan de Fuca Power Cable,Esquimalt,BC,Announced & Planning,Energy,480,48.433187,-123.410481,Private,Trans & Distr,No,EN-LCF,1,0,1,0,0
387,2022,"Sea Breeze Pacific Juan de Fuca Cable, LP",Juan de Fuca Power Cable,Esquimalt,BC,Announced & Planning,Energy,480,48.433187,-123.410481,Private,Trans & Distr,No,EN-LCF,1,0,1,0,0
387,2023,"Sea Breeze Pacific Juan de Fuca Cable, LP",Juan de Fuca Power Cable,Esquimalt,BC,Announced & Planning,Energy,480,48.433187,-123.410481,Private,Trans & Distr,No,EN-LCF,1,0,0,0,1
389,2017,B2Gold Corp.,Back River Gold Project,Western Nunavut (Kitikmeot region); 110 km southwest of Bathurst Inlet,NU,In Review,Mining,415,65.898,-107.409,Private,Precious Metal,No,MIN-PM,1,0,1,0,0
389,2018,B2Gold Corp.,Back River Gold Project,Western Nunavut (Kitikmeot region); 110 km southwest of Bathurst Inlet,NU,In Review,Mining,415,65.898,-107.409,Private,Precious Metal,No,MIN-PM,1,0,1,0,0
389,2019,B2Gold Corp.,Back River Gold Project,Western Nunavut (Kitikmeot region); 110 km southwest of Bathurst Inlet,NU,In Review,Mining,420,65.6557,-106.4286,Private,Precious Metal,No,MIN-PM,1,0,1,0,0
389,2020,B2Gold Corp.,Back River Gold Project,Western Nunavut (Kitikmeot region); 110 km southwest of Bathurst Inlet,NU,Under Construction,Mining,420,65.6557,-106.4286,Private,Precious Metal,No,MIN-PM,0,1,1,0,0
389,2021,B2Gold Corp.,Back River Gold Project,Western Nunavut (Kitikmeot region); 110 km southwest of Bathurst Inlet,NU,Under Construction,Mining,610,65.6557,-106.4286,Private,Precious Metal,No,MIN-PM,0,1,1,0,0
389,2022,B2Gold Corp.,Back River Gold Project,Western Nunavut (Kitikmeot region); 110 km southwest of Bathurst Inlet,NU,Under Construction,Mining,610,65.545,-106.4286,Private,Precious Metal,No,MIN-PM,0,1,1,0,0
389,2023,B2Gold Corp.,Back River Gold Project,Western Nunavut (Kitikmeot region); 110 km southwest of Bathurst Inlet,NU,Under Construction,Mining,610,65.545,-106.4286,Private,Precious Metal,No,MIN-PM,0,1,1,0,0
389,2024,B2Gold Corp.,Back River Gold Project,Western Nunavut (Kitikmeot region); 110 km southwest of Bathurst Inlet,NU,Under Construction,Mining,610,65.545,-106.4286,Private,Precious Metal,No,MIN-PM,0,1,1,0,0
390,2017,Seabridge Gold Inc.,Kerr-Sulphurets-Mitchell (KSM),Stewart,BC,Approved,Mining,7222,56.491,-130.293,Private,Precious Metal,No,MIN-PM,1,0,1,0,0
390,2018,Seabridge Gold Inc.,Kerr-Sulphurets-Mitchell (KSM),Stewart,BC,Approved,Mining,7264,56.491,-130.293,Private,Precious Metal,No,MIN-PM,1,0,1,0,0
390,2019,Seabridge Gold Inc.,Kerr-Sulphurets-Mitchell (KSM),Stewart,BC,In Review,Mining,7264,56.491,-130.293,Private,Precious Metal,No,MIN-PM,1,0,1,0,0
390,2020,Seabridge Gold Inc.,Kerr-Sulphurets-Mitchell (KSM),Stewart,BC,In Review,Mining,5300,56.491,-130.293,Private,Precious Metal,No,MIN-PM,1,0,1,0,0
390,2021,Seabridge Gold Inc.,Kerr-Sulphurets-Mitchell (KSM),Stewart,BC,In Review,Mining,7242,56.491,-130.293,Private,Precious Metal,No,MIN-PM,1,0,1,0,0
390,2022,Seabridge Gold Inc.,Kerr-Sulphurets-Mitchell (KSM),Stewart,BC,Approved,Mining,7242,56.491,-130.293,Private,Precious Metal,No,MIN-PM,1,0,1,0,0
390,2023,Seabridge Gold Inc.,Kerr-Sulphurets-Mitchell (KSM),Stewart,BC,Approved,Mining,8187,56.491,-130.293,Private,Precious Metal,No,MIN-PM,1,0,1,0,0
390,2024,Seabridge Gold Inc.,Kerr-Sulphurets-Mitchell (KSM),Stewart,BC,Approved,Mining,8361.6,56.491,-130.293,Private,Precious Metal,No,MIN-PM,1,0,1,0,0
392,2017,Selkirk Power Company Ltd.,Beaver River Hydroelectric Project,Golden,BC,Announced & Planning,Energy,130,51.297222,-116.966944,Private,Clean Electricity,Yes,EN-CLEL,1,0,1,0,0
392,2018,Selkirk Power Company Ltd.,Beaver River Hydroelectric Project,Golden,BC,Announced & Planning,Energy,130,51.297222,-116.966944,Private,Clean Electricity,Yes,EN-CLEL,1,0,1,0,0
392,2019,Selkirk Power Company Ltd.,Beaver River Hydroelectric Project,Golden,BC,Announced & Planning,Energy,130,51.2972,-116.9669,Private,Clean Electricity,Yes,EN-CLEL,1,0,1,0,0
392,2020,Selkirk Power Company Ltd.,Beaver River Hydroelectric Project,Golden,BC,Announced & Planning,Energy,130,51.297222,-116.966944,Private,Clean Electricity,Yes,EN-CLEL,1,0,1,0,0
392,2021,Selkirk Power Company Ltd.,Beaver River Hydroelectric Project,Golden,BC,Announced & Planning,Energy,130,51.297222,-116.966944,Private,Clean Electricity,Yes,EN-CLEL,1,0,1,0,0
392,2022,Selkirk Power Company Ltd.,Beaver River Hydroelectric Project,Golden,BC,Announced & Planning,Energy,130,51.297222,-116.966944,Private,Clean Electricity,Yes,EN-CLEL,1,0,1,0,0
392,2023,Selkirk Power Company Ltd.,Beaver River Hydroelectric Project,Golden,BC,Announced & Planning,Energy,130,51.297222,-116.966944,Private,Clean Electricity,Yes,EN-CLEL,1,0,0,0,1
397,2017,"LNG Canada (Shell Canada Limited, PETRONAS, Korea Gas Corporation (KOGAS), Mitsubishi Corporation, and PetroChina Company Limited)",LNG Canada Phase 1,Kitimat,BC,Approved,Energy,25000,54.081951,-128.638058,Private,Oil & Gas - Downstream,No,EN-OG-D,1,0,1,0,0
397,2018,"LNG Canada (Shell Canada Limited, PETRONAS, Korea Gas Corporation (KOGAS), Mitsubishi Corporation, and PetroChina Company Limited)",LNG Canada Phase 1,Kitimat,BC,Approved,Energy,25000,54.081951,-128.638058,Private,Oil & Gas - Downstream,No,EN-OG-D,1,0,1,0,0
397,2019,"LNG Canada (Shell Canada Limited, PETRONAS, Korea Gas Corporation (KOGAS), Mitsubishi Corporation, and PetroChina Company Limited)",LNG Canada Phase 1,Kitimat,BC,Under Construction,Energy,36000,54.082,-128.6381,Private,Oil & Gas - Downstream,No,EN-OG-D,0,1,1,0,0
397,2020,"LNG Canada (Shell Canada Limited, PETRONAS, Korea Gas Corporation (KOGAS), Mitsubishi Corporation, and PetroChina Company Limited)",LNG Canada Phase 1,Kitimat,BC,Under Construction,Energy,36000,54.081951,-128.638058,Private,Oil & Gas - Downstream,No,EN-OG-D,0,1,1,0,0
397,2021,"LNG Canada (Shell Canada Limited, PETRONAS, Korea Gas Corporation (KOGAS), Mitsubishi Corporation, and PetroChina Company Limited)",LNG Canada Phase 1,Kitimat,BC,Under Construction,Energy,36000,54.081951,-128.638058,Private,Oil & Gas - Downstream,No,EN-OG-D,0,1,1,0,0
397,2022,"LNG Canada (Shell Canada Limited, PETRONAS, Korea Gas Corporation (KOGAS), Mitsubishi Corporation, and PetroChina Company Limited)",LNG Canada Phase 1,Kitimat,BC,Under Construction,Energy,36000,54.081951,-128.638058,Private,Oil & Gas - Downstream,No,EN-OG-D,0,1,1,0,0
397,2023,"LNG Canada (Shell Canada Limited, PETRONAS, Korea Gas Corporation (KOGAS), Mitsubishi Corporation, and PetroChina Company Limited)",LNG Canada Phase 1,Kitimat,BC,Under Construction,Energy,47900,54.081951,-128.638058,Private,Oil & Gas - Downstream,No,EN-OG-D,0,1,1,0,0
397,2024,"LNG Canada (Shell Canada Limited, PETRONAS, Korea Gas Corporation (KOGAS), Mitsubishi Corporation, and PetroChina Company Limited)",LNG Canada Phase 1,Kitimat,BC,Under Construction,Energy,47900,54.081951,-128.638058,Private,Oil & Gas - Downstream,No,EN-OG-D,0,1,1,0,0
399,2017,Canadian Natural Resources Limited,AOSP Jackpine,Fort McMurray,AB,Approved,Energy,12000,57.2244971,-111.3676809,Private,Other,Yes,EN-OTH,1,0,1,0,0
399,2019,Canadian Natural Resources Limited,AOSP Jackpine,Fort McMurray,AB,Approved,Energy,12000,57.2245,-111.3677,Private,Other,Yes,EN-OTH,1,0,1,0,0
399,2020,Canadian Natural Resources Limited,AOSP Jackpine,Fort McMurray,AB,Approved,Energy,12000,57.2244971,-111.3676809,Private,Other,Yes,EN-OTH,1,0,1,0,0
399,2021,Canadian Natural Resources Limited,AOSP Jackpine,Fort McMurray,AB,Approved,Energy,12000,57.2244971,-111.3676809,Private,Other,Yes,EN-OTH,1,0,1,0,0
399,2022,Canadian Natural Resources Limited,AOSP Jackpine,Fort McMurray,AB,Approved,Energy,12000,57.2244971,-111.3676809,Private,Other,Yes,EN-OTH,1,0,1,0,0
399,2023,Canadian Natural Resources Limited,AOSP Jackpine,Fort McMurray,AB,Approved,Energy,12000,57.2244971,-111.3676809,Private,Other,Yes,EN-OTH,1,0,1,0,0
399,2024,Canadian Natural Resources Limited,AOSP Jackpine,Fort McMurray,AB,Approved,Energy,12000,57.2244971,-111.3676809,Private,Other,Yes,EN-OTH,1,0,1,0,0
401,2017,Shell Exploration,Offshore Oil and Gas Exploration,Nova Scotia coast,NS,Under Construction,Energy,1000,42.33333,-64,Private,Oil & Gas - Upstream,No,EN-OG-U,0,1,0,1,0
402,2017,Minco,Lundberg Zone Base Metals,Buchans,NL,Announced & Planning,Mining,127,48.829018,-56.855965,Private,Critical Mineral,Yes,MIN-CM,1,0,1,0,0
402,2018,Minco,Lundberg Zone Base Metals,Buchans,NL,Announced & Planning,Mining,127,48.829018,-56.855965,Private,Critical Mineral,Yes,MIN-CM,1,0,1,0,0
402,2019,Buchans Resources Limited,Lundberg Zone Base Metals,Buchans,NL,Announced & Planning,Mining,127,48.829,-56.856,Private,Critical Mineral,Yes,MIN-CM,1,0,0,0,1
403,2017,Shore Gold Inc.,Star-Orion Diamond Project,Prince Albert,SK,In Review,Mining,1918,53.25905,-104.801528,Private,Precious Metal,No,MIN-PM,1,0,1,0,0
403,2018,Star Diamond corp,Star-Orion Diamond Project,Prince Albert,SK,In Review,Mining,1891,53.25905,-104.801528,Private,Precious Metal,No,MIN-PM,1,0,1,0,0
403,2019,Star Diamond corp,Star-Orion Diamond Project,Prince Albert,SK,Approved,Mining,1870,53.2591,-104.8015,Private,Precious Metal,No,MIN-PM,1,0,1,0,0
403,2020,Star Diamond corp/ Rio Tinto Exploration Canada,Star-Orion Diamond Project,Prince Albert,SK,Approved,Mining,1408.768,53.25905,-104.801528,Private,Precious Metal,No,MIN-PM,1,0,1,0,0
403,2021,Star Diamond corp/ Rio Tinto Exploration Canada,Star-Orion Diamond Project,Prince Albert,SK,Approved,Mining,1408.768,53.25905,-104.801528,Private,Precious Metal,No,MIN-PM,1,0,1,0,0
403,2022,Star Diamond corp/ Rio Tinto Exploration Canada,Star-Orion Diamond Project,Prince Albert,SK,Approved,Mining,1408.768,53.25905,-104.801528,Private,Precious Metal,No,MIN-PM,1,0,0,0,1
404,2021,Skygold Ventures Inc.,Spanish Mountain Copper-Gold Mines,Merritt,BC,In Review,Mining,,52.585112,-121.462784,Private,Precious Metal,No,MIN-PM,1,0,1,0,0
404,2024,Skygold Ventures Inc.,Spanish Mountain Copper-Gold Mines,Merritt,BC,In Review,Mining,756,52.585112,-121.462784,Private,Precious Metal,No,MIN-PM,1,0,1,0,0
405,2017,Skyline Gold Corporation,Bronson Slope Hydropower Projects,Stewart Region,BC,Announced & Planning,Energy,216,56.656944,-131.070556,Private,Clean Electricity,Yes,EN-CLEL,1,0,1,0,0
405,2018,Skyline Gold Corporation,Bronson Slope Hydropower Projects,Stewart Region,BC,Announced & Planning,Energy,216,56.656944,-131.070556,Private,Clean Electricity,Yes,EN-CLEL,1,0,1,0,0
405,2019,Skyline Gold Corporation,Bronson Slope Hydropower Projects,Stewart Region,BC,In Review,Energy,216,56.6569,-131.0706,Private,Clean Electricity,Yes,EN-CLEL,1,0,1,0,0
405,2020,Skyline Gold Corporation,Bronson Slope Hydropower Projects,Stewart Region,BC,In Review,Energy,216,56.656944,-131.070556,Private,Clean Electricity,Yes,EN-CLEL,1,0,1,0,0
405,2021,Skyline Gold Corporation,Bronson Slope Hydropower Projects,Stewart,BC,In Review,Energy,216,56.656944,-131.070556,Private,Clean Electricity,Yes,EN-CLEL,1,0,1,0,0
405,2022,Skyline Gold Corporation,Bronson Slope Hydropower Projects,Stewart,BC,In Review,Energy,216,56.656944,-131.070556,Private,Clean Electricity,Yes,EN-CLEL,1,0,1,0,0
405,2023,Skyline Gold Corporation,Bronson Slope Hydropower Projects,Stewart,BC,In Review,Energy,216,56.656944,-131.070556,Private,Clean Electricity,Yes,EN-CLEL,1,0,0,0,1
406,2017,Skyline Gold Corporation,Bronson Slope Copper/Gold/Silver/Molybdenum Mine,Stewart Region,BC,In Review,Mining,175,56.770788,-130.924072,Private,Precious Metal,No,MIN-PM,1,0,1,0,0
406,2020,Seabridge Gold Inc.,Bronson Slope Copper/Gold/Silver/Molybdenum Mine,Stewart Region,BC,In Review,Mining,175,56.770788,-130.924072,Private,Precious Metal,No,MIN-PM,1,0,1,0,0
406,2021,Seabridge Gold Inc.,Bronson Slope Copper/Gold/Silver/Molybdenum Mine,Stewart,BC,Announced & Planning,Mining,175,56.770788,-130.924072,Private,Precious Metal,No,MIN-PM,1,0,1,0,0
406,2022,Seabridge Gold Inc.,Bronson Slope Copper/Gold/Silver/Molybdenum Mine,Stewart,BC,Announced & Planning,Mining,257.6,56.770788,-130.924072,Private,Precious Metal,No,MIN-PM,1,0,1,0,0
406,2023,Seabridge Gold Inc.,Bronson Slope Copper/Gold/Silver/Molybdenum Mine,Stewart,BC,Announced & Planning,Mining,175,56.770788,-130.924072,Private,Precious Metal,No,MIN-PM,1,0,0,0,1
409,2018,SCCC Petroleum Corporation,Red Earth Pilot,Near Fort McMurray,AB,Approved,Energy,15,56.6682675,-115.3113151,Private,Other,Yes,EN-OTH,1,0,0,0,1
411,2020,Callinex Mines Inc.,Nash Creek,Lorne NB,NB,Announced & Planning,Mining,168,47.87,-66.07,Private,Other,No,MIN-OTH,1,0,0,0,1
413,2020,Spanish Mountain Gold Ltd.,Spanish Mountain Copper-Gold Mines,Williams Lake,BC,In Review,Mining,756,52.592,-121.465,Private,Precious Metal,No,MIN-PM,1,0,1,0,0
413,2021,Spanish Mountain Gold Ltd.,Spanish Mountain Copper-Gold Mines,Williams Lake,BC,In Review,Mining,756,52.592,-121.465,Private,Precious Metal,No,MIN-PM,1,0,1,0,0
413,2022,Spanish Mountain Gold Ltd.,Spanish Mountain Copper-Gold Mines,Williams Lake,BC,In Review,Mining,607.203,52.592,-121.465,Private,Precious Metal,No,MIN-PM,1,0,1,0,0
413,2023,Spanish Mountain Gold Ltd.,Spanish Mountain Copper-Gold Mines,Williams Lake,BC,In Review,Mining,756,52.592,-121.465,Private,Precious Metal,No,MIN-PM,1,0,1,0,0
413,2024,Spanish Mountain Gold Ltd.,Spanish Mountain Copper-Gold Mines,Williams Lake,BC,In Review,Mining,607,52.592,-121.465,Private,Precious Metal,No,MIN-PM,1,0,1,0,0
415,2017,BluEarth Renewables,Stlixwim Renewable Energy Initiative-Ramona 3/Chickwat Creek/CC Creek/Narrows Inlet Hydro Project,Sechelt,BC,Under Construction,Energy,210,49.564415,-123.75,Private,Clean Electricity,Yes,EN-CLEL,0,1,1,0,0
415,2018,BluEarth Renewables,Stlixwim Renewable Energy Initiative-Ramona 3/Chickwat Creek/CC Creek/Narrows Inlet Hydro Project,Sechelt,BC,Under Construction,Energy,210,49.564415,-123.75,Private,Clean Electricity,Yes,EN-CLEL,0,1,1,0,0
415,2019,BluEarth Renewables,Stlixwim Renewable Energy Initiative-Ramona 3/Chickwat Creek/CC Creek/Narrows Inlet Hydro Project,Sechelt,BC,Under Construction,Energy,210,49.5644,-123.75,Private,Clean Electricity,Yes,EN-CLEL,0,1,0,1,0
417,2020,Generation Mining Ltd.,Marathon PGM Copper Mine,Marathon,ON,In Review,Mining,431,48.782,-86.319,Private,Other,No,MIN-OTH,1,0,1,0,0
417,2021,Generation Mining Ltd.,Marathon PGM Copper Mine,Marathon,ON,In Review,Mining,664.7,48.782,-86.319,Private,Other,No,MIN-OTH,1,0,1,0,0
417,2022,Generation Mining Ltd.,Marathon PGM Copper Mine,Marathon,ON,In Review,Mining,664.701,48.782,-86.319,Private,Other,No,MIN-OTH,1,0,1,0,0
417,2023,Generation Mining Ltd.,Marathon PGM Copper Mine,Marathon,ON,In Review,Mining,897.9,48.782,-86.319,Private,Other,No,MIN-OTH,1,0,1,0,0
417,2024,Generation Mining Ltd.,Marathon PGM Copper Mine,Marathon,ON,Approved,Mining,897.9,48.782,-86.319,Private,Other,No,MIN-OTH,1,0,1,0,0
418,2017,Strata Oil & Gas Inc.,Cadotte (Strata),Northern Sunrise County,AB,Announced & Planning,Energy,200,56.5501025,-116.8434125,Private,Oil & Gas - Upstream,No,EN-OG-U,1,0,1,0,0
418,2018,Strata Oil & Gas Inc.,Cadotte (Strata),Northern Sunrise County,AB,Announced & Planning,Energy,200,56.5501025,-116.8434125,Private,Oil & Gas - Upstream,No,EN-OG-U,1,0,1,0,0
418,2019,Strata Oil & Gas Inc.,Cadotte (Strata),Northern Sunrise County,AB,Announced & Planning,Energy,200,56.5501,-116.8434,Private,Oil & Gas - Upstream,No,EN-OG-U,1,0,0,0,1
421,2017,Fort Hills Energy Corp. (Suncor/Total/Teck Cominco),Fort Hills (Mining),RM of Wood Buffalo,AB,Under Construction,Energy,17000,57.39,-111.5754,Private,Clean Electricity,Yes,EN-CLEL,0,1,0,1,0
422,2020,Suncor Energy Inc.,Lewis,,AB,In Review,Energy,,56.94062005,-111.0483456,Private,Clean Electricity,Yes,EN-CLEL,1,0,1,0,0
422,2021,Suncor Energy Inc.,Lewis,Regional Municipality of Wood Buffalo,AB,In Review,Energy,,56.94062005,-111.0483456,Private,Clean Electricity,Yes,EN-CLEL,1,0,1,0,0
422,2022,Suncor Energy Inc.,Lewis,Regional Municipality of Wood Buffalo,AB,In Review,Energy,,56.94062005,-111.0483456,Private,Clean Electricity,Yes,EN-CLEL,1,0,1,0,0
422,2024,Suncor Energy Inc.,Lewis,Regional Municipality of Wood Buffalo,AB,Announced & Planning,Energy,6200,56.94062005,-111.0483456,Private,Clean Electricity,Yes,EN-CLEL,1,0,1,0,0
423,2017,Suncor Energy Inc.,Firebag,Near Fort McMurray,AB,Approved,Energy,4588,57.2175,-110.895,Private,Clean Electricity,Yes,EN-CLEL,1,0,1,0,0
423,2018,Suncor Energy Inc.,Firebag,Near Fort McMurray,AB,Approved,Energy,4588,57.2175,-110.895,Private,Clean Electricity,Yes,EN-CLEL,1,0,1,0,0
423,2019,Suncor Energy Inc.,Firebag,Near Fort McMurray,AB,Approved,Energy,4588,57.2175,-110.895,Private,Clean Electricity,Yes,EN-CLEL,1,0,1,0,0
423,2020,Suncor Energy Inc.,Firebag,Near Fort McMurray,AB,Approved,Energy,4588,57.2175,-110.895,Private,Clean Electricity,Yes,EN-CLEL,1,0,1,0,0
423,2021,Suncor Energy Inc.,Firebag,Fort McMurray,AB,Approved,Energy,4588,57.2175,-110.895,Private,Clean Electricity,Yes,EN-CLEL,1,0,1,0,0
423,2022,Suncor Energy Inc.,Firebag,Fort McMurray,AB,Approved,Energy,4588,57.2175,-110.895,Private,Clean Electricity,Yes,EN-CLEL,1,0,1,0,0
423,2023,Suncor Energy Inc.,Firebag,Fort McMurray,AB,Approved,Energy,4588,57.2175,-110.895,Private,Clean Electricity,Yes,EN-CLEL,1,0,0,0,1
425,2018,"Suncor, ExxonMobil, Statoil, Husky Energy , Murphy Oil, Chevron, Mosbacher",Terra Nova (Asset Life Extension),Offshore Newfoundland: Terra Nova (Jeanne d'Arc Basin),NL,In Review,Energy,338,46.7248,-48.47168,Private,Other,Yes,EN-OTH,1,0,1,0,0
425,2019,"Suncor, ExxonMobil, Equinor, Husky Energy , Murphy Oil, Chevron, Mosbacher",Terra Nova (Asset Life Extension),Offshore Newfoundland: Terra Nova (Jeanne d'Arc Basin),NL,In Review,Energy,338,46.7248,-48.4717,Private,Other,Yes,EN-OTH,1,0,1,0,0
425,2020,"Suncor, ExxonMobil, Equinor, Husky Energy , Murphy Oil, Chevron, Mosbacher",Terra Nova (Asset Life Extension),Offshore Newfoundland: Terra Nova (Jeanne d'Arc Basin),NL,In Review,Energy,338,46.7248,-48.47168,Private,Other,Yes,EN-OTH,1,0,1,0,0
425,2021,"Suncor, ExxonMobil, Equinor, Husky Energy , Murphy Oil, Chevron, Mosbacher",Terra Nova (Asset Life Extension),Offshore Newfoundland: Terra Nova (Jeanne d'Arc Basin),NL,In Review,Energy,338,46.7248,-48.47168,Private,Other,Yes,EN-OTH,1,0,1,0,0
425,2022,"Suncor, ExxonMobil, Equinor, Husky Energy , Murphy Oil, Chevron, Mosbacher",Terra Nova (Asset Life Extension),Offshore Newfoundland: Terra Nova (Jeanne d'Arc Basin),NL,In Review,Energy,338,46.7248,-48.47168,Private,Other,Yes,EN-OTH,1,0,1,0,0
425,2023,"Suncor, ExxonMobil, Equinor, Husky Energy , Murphy Oil, Chevron, Mosbacher",Terra Nova (Asset Life Extension),Offshore Newfoundland: Terra Nova (Jeanne d'Arc Basin),NL,Under Construction,Energy,680,46.7248,-48.47168,Private,Other,Yes,EN-OTH,0,1,0,1,0
426,2017,Sunshine Oilsands,Legend Lake,Regional Municipality of Wood Buffalo (RMWB),AB,In Review,Energy,1671,57.3135073,-112.8673361,Private,Oil & Gas - Upstream,No,EN-OG-U,1,0,1,0,0
426,2018,Sunshine Oilsands,Legend Lake,Regional Municipality of Wood Buffalo (RMWB),AB,In Review,Energy,1671,57.3135073,-112.8673361,Private,Oil & Gas - Upstream,No,EN-OG-U,1,0,1,0,0
426,2019,Sunshine Oilsands,Legend Lake,Regional Municipality of Wood Buffalo (RMWB),AB,In Review,Energy,1671,57.3135,-112.8673,Private,Oil & Gas - Upstream,No,EN-OG-U,1,0,1,0,0
426,2020,Sunshine Oilsands,Legend Lake,Regional Municipality of Wood Buffalo (RMWB),AB,In Review,Energy,1671,57.3135073,-112.8673361,Private,Oil & Gas - Upstream,No,EN-OG-U,1,0,1,0,0
426,2021,Sunshine Oilsands Ltd.,Legend Lake,Regional Municipality of Wood Buffalo (RMWB),AB,In Review,Energy,1671,57.3135073,-112.8673361,Private,Oil & Gas - Upstream,No,EN-OG-U,1,0,1,0,0
426,2022,Sunshine Oilsands Ltd.,Legend Lake,Regional Municipality of Wood Buffalo (RMWB),AB,In Review,Energy,1671,57.3135073,-112.8673361,Private,Oil & Gas - Upstream,No,EN-OG-U,1,0,0,0,1
427,2017,Sunshine Oilsands Ltd.,Thickwood (Sunshine),Regional Municipality of Wood Buffalo (RMWB) & Municipal District of Opportunity,AB,Approved,Energy,1753,56.8333149,-112.7867833,Private,Waste Biomass,Yes,EN-BIO,1,0,1,0,0
427,2018,Sunshine Oilsands Ltd.,Thickwood (Sunshine),Regional Municipality of Wood Buffalo (RMWB) & Municipal District of Opportunity,AB,Approved,Energy,1753,56.8333149,-112.7867833,Private,Waste Biomass,Yes,EN-BIO,1,0,1,0,0
427,2019,Sunshine Oilsands Ltd.,Thickwood (Sunshine),Regional Municipality of Wood Buffalo (RMWB) & Municipal District of Opportunity,AB,Approved,Energy,1753,56.8333,-112.7868,Private,Waste Biomass,Yes,EN-BIO,1,0,1,0,0
427,2020,Sunshine Oilsands Ltd.,Thickwood (Sunshine),Regional Municipality of Wood Buffalo (RMWB) & Municipal District of Opportunity,AB,Approved,Energy,1753,56.8333149,-112.7867833,Private,Waste Biomass,Yes,EN-BIO,1,0,1,0,0
427,2021,Sunshine Oilsands Ltd.,Thickwood (Sunshine),Regional Municipality of Wood Buffalo (RMWB) & Municipal District of Opportunity,AB,Approved,Energy,1753,56.8333149,-112.7867833,Private,Waste Biomass,Yes,EN-BIO,1,0,1,0,0
427,2022,Sunshine Oilsands Ltd.,Thickwood (Sunshine),Regional Municipality of Wood Buffalo (RMWB) & Municipal District of Opportunity,AB,Approved,Energy,1753,56.8333149,-112.7867833,Private,Waste Biomass,Yes,EN-BIO,1,0,1,0,0
427,2023,Sunshine Oilsands Ltd.,Thickwood (Sunshine),Regional Municipality of Wood Buffalo (RMWB) & Municipal District of Opportunity,AB,Approved,Energy,1753,56.8333149,-112.7867833,Private,Waste Biomass,Yes,EN-BIO,1,0,1,0,0
427,2024,Sunshine Oilsands Ltd.,Thickwood (Sunshine),Regional Municipality of Wood Buffalo (RMWB) & Municipal District of Opportunity,AB,Approved,Energy,1753,56.8333149,-112.7867833,Private,Waste Biomass,Yes,EN-BIO,1,0,1,0,0
429,2017,Sunshine Oilsands Ltd.,West Ells,MD of Opportunity,AB,Announced & Planning,Energy,2950,57.202491,-112.7292377,Private,Oil & Gas - Upstream,No,EN-OG-U,1,0,1,0,0
429,2018,Sunshine Oilsands Ltd.,West Ells,MD of Opportunity,AB,Announced & Planning,Energy,2950,57.202491,-112.7292377,Private,Oil & Gas - Upstream,No,EN-OG-U,1,0,1,0,0
429,2019,Sunshine Oilsands Ltd.,West Ells,MD of Opportunity,AB,Announced & Planning,Energy,2950,57.2025,-112.7292,Private,Oil & Gas - Upstream,No,EN-OG-U,1,0,1,0,0
429,2020,Sunshine Oilsands Ltd.,West Ells,MD of Opportunity,AB,Announced & Planning,Energy,2950,57.202491,-112.7292377,Private,Oil & Gas - Upstream,No,EN-OG-U,1,0,1,0,0
429,2021,Sunshine Oilsands Ltd.,West Ells,MD of Opportunity,AB,Announced & Planning,Energy,2950,57.202491,-112.7292377,Private,Oil & Gas - Upstream,No,EN-OG-U,1,0,1,0,0
429,2022,Sunshine Oilsands Ltd.,West Ells,MD of Opportunity,AB,Announced & Planning,Energy,2950,57.202491,-112.7292377,Private,Oil & Gas - Upstream,No,EN-OG-U,1,0,1,0,0
429,2023,Sunshine Oilsands Ltd.,West Ells,MD of Opportunity,AB,Announced & Planning,Energy,2950,57.202491,-112.7292377,Private,Oil & Gas - Upstream,No,EN-OG-U,1,0,1,0,0
429,2024,Sunshine Oilsands Ltd.,West Ells,MD of Opportunity,AB,Announced & Planning,Energy,2950,57.202491,-112.7292377,Private,Oil & Gas - Upstream,No,EN-OG-U,1,0,1,0,0
430,2017,Superior Laminated Lumber Corporation,construction of a new laminated veneer lumber manufacturing plant,Atikokan,ON,Announced & Planning,Forest,70,48.758333,-91.613333,Private,Lumber,No,FOR-LUM,1,0,1,0,0
430,2018,Superior Laminated Lumber Corporation,construction of a new laminated veneer lumber manufacturing plant,Atikokan,ON,Announced & Planning,Forest,70,48.758333,-91.613333,Private,Lumber,No,FOR-LUM,1,0,1,0,0
430,2019,Superior Laminated Lumber Corporation,construction of a new laminated veneer lumber manufacturing plant,Atikokan,ON,Announced & Planning,Forest,70,48.7583,-91.6133,Private,Lumber,No,FOR-LUM,1,0,1,0,0
430,2020,Superior Laminated Lumber Corporation,construction of a new laminated veneer lumber manufacturing plant,Atikokan,ON,Announced & Planning,Forest,70,48.758333,-91.613333,Private,Lumber,No,FOR-LUM,1,0,0,0,1
435,2017,Syncrude Canada Ltd.,Syncrude (upgrading),Wabiskaw-McMurray,AB,Announced & Planning,Energy,5500,57.2989,-111.5033,Private,Other,Yes,EN-OTH,1,0,1,0,0
435,2018,Syncrude Canada Ltd.,Syncrude (upgrading),Wabiskaw-McMurray,AB,Announced & Planning,Energy,5500,57.2989,-111.5033,Private,Other,Yes,EN-OTH,1,0,0,0,1
436,2017,Syntaris Power Corp.,Jade Lake Power Project,Stewart,BC,Announced & Planning,Energy,360,56.00296,-129.177653,Private,Low Carbon Fuels,Yes,EN-LCF,1,0,1,0,0
436,2018,Syntaris Power Corp.,Jade Lake Power Project,Stewart,BC,Announced & Planning,Energy,360,56.00296,-129.177653,Private,Low Carbon Fuels,Yes,EN-LCF,1,0,1,0,0
436,2019,Syntaris Power Corp.,Jade Lake Power Project,Stewart,BC,Announced & Planning,Energy,360,56.003,-129.1777,Private,Low Carbon Fuels,Yes,EN-LCF,1,0,1,0,0
436,2020,Syntaris Power Corp.,Jade Lake Power Project,Stewart,BC,In Review,Energy,360,56.00296,-129.177653,Private,Low Carbon Fuels,Yes,EN-LCF,1,0,1,0,0
436,2021,Syntaris Power Corp.,Jade Lake Power Project,Above Kinskuch Lake - 27 km east of Stewart,BC,Announced & Planning,Energy,360,56.00296,-129.177653,Private,Low Carbon Fuels,Yes,EN-LCF,1,0,1,0,0
436,2022,Syntaris Power Corp.,Jade Lake Power Project,Above Kinskuch Lake - 27 km east of Stewart,BC,Announced & Planning,Energy,360,56.00296,-129.177653,Private,Low Carbon Fuels,Yes,EN-LCF,1,0,1,0,0
436,2023,Syntaris Power Corp.,Jade Lake Power Project,Above Kinskuch Lake - 27 km east of Stewart,BC,Announced & Planning,Energy,360,56.00296,-129.177653,Private,Low Carbon Fuels,Yes,EN-LCF,1,0,0,0,1
439,2021,Osisko Metals Inc/Appian,Pine Point,"East of Hay River, South of Yellowknife",NT,In Review,Mining,555.7,60.854,-114.424,Private,Other,No,MIN-OTH,1,0,1,0,0
439,2022,Osisko Metals Inc/Appian,Pine Point,"East of Hay River, South of Yellowknife",NT,In Review,Mining,555.7,60.854,-114.424,Private,Other,No,MIN-OTH,1,0,1,0,0
439,2023,Osisko Metals Inc/Appian,Pine Point,"East of Hay River, South of Yellowknife",NT,Announced & Planning,Mining,653.3,60.854,-114.424,Private,Other,No,MIN-OTH,1,0,1,0,0
439,2024,Osisko Metals Inc/Appian,Pine Point,"East of Hay River, South of Yellowknife",NT,In Review,Mining,653.3,60.854,-114.424,Private,Other,No,MIN-OTH,1,0,1,0,0
440,2020,Taseko Mines Ltd.,New Prosperity,Williams Lake,BC,In Review,Mining,1000,51.463,-123.624,Private,Other,No,MIN-OTH,1,0,0,0,1
441,2020,Taseko Mines Ltd.,Harmony Gold Mine,Graham Island,BC,In Review,Mining,50,53.514064,-132.397868,Private,Precious Metal,No,MIN-PM,1,0,1,0,0
441,2024,Taseko Mines Ltd.,Harmony Gold Mine,Graham Island,BC,Announced & Planning,Mining,50,53.514064,-132.397868,Private,Precious Metal,No,MIN-PM,1,0,1,0,0
442,2023,Teck Resources Ltd.,Highland Valley Copper 2040 (HVC 2040),Logan Lake,BC,In Review,Mining,741,50.470726,-121.01857,Private,Base Metal,No,MIN-BM,1,0,1,0,0
442,2024,Teck Resources Ltd.,Highland Valley Copper 2040 (HVC 2040),Logan Lake,BC,In Review,Mining,741,50.470726,-121.01857,Private,Base Metal,No,MIN-BM,1,0,1,0,0
443,2017,Teck Coal Ltd.,Line Creek Coal Mine,Sparwood,BC,In Review,Mining,62,49.88479,-114.852031,Private,Coal,No,MIN-COAL,1,0,1,0,0
443,2019,Teck Coal Ltd.,Line Creek Coal Mine,Sparwood,BC,In Review,Mining,140,49.8848,-114.852,Private,Coal,No,MIN-COAL,1,0,1,0,0
443,2020,Teck Coal Ltd.,Line Creek Coal Mine,Sparwood,BC,In Review,Mining,140,49.88479,-114.852031,Private,Coal,No,MIN-COAL,1,0,1,0,0
443,2021,Teck Coal Ltd.,Line Creek Coal Mine,Sparwood,BC,In Review,Mining,140,49.88479,-114.852031,Private,Coal,No,MIN-COAL,1,0,1,0,0
443,2022,Teck Coal Ltd.,Line Creek Coal Mine,Sparwood,BC,In Review,Mining,140,49.88479,-114.852031,Private,Coal,No,MIN-COAL,1,0,1,0,0
443,2023,Teck Coal Ltd.,Line Creek Coal Mine,Sparwood,BC,In Review,Mining,140,49.88479,-114.852031,Private,Coal,No,MIN-COAL,1,0,1,0,0
443,2024,Teck Coal Ltd.,Line Creek Coal Mine,Sparwood,BC,In Review,Mining,140,49.88479,-114.852031,Private,Coal,No,MIN-COAL,1,0,1,0,0
444,2024,Conuma Resources Ltd.,Quintette Mine,Tumbler Ridge,BC,In Review,Mining,500,54.986669,-121.09759,Private,Precious Metal,No,MIN-PM,1,0,1,0,0
445,2017,Teck Resources Ltd.,Frontier and Equinox,RM of Wood Buffalo,AB,In Review,Energy,20600,57.67294997,-111.5970612,Private,Other,Yes,EN-OTH,1,0,1,0,0
445,2018,Teck Resources Ltd.,Frontier,RM of Wood Buffalo,AB,In Review,Energy,20600,57.67294997,-111.5970612,Private,Other,Yes,EN-OTH,1,0,1,0,0
445,2019,Teck Resources Ltd.,Frontier,RM of Wood Buffalo,AB,In Review,Energy,20600,57.6729,-111.5971,Private,Other,Yes,EN-OTH,1,0,0,0,1
460,2020,GoldMining Inc,Yellowknife Gold,Yellowknife,NT,In Review,Mining,193,63.182,-113.909,Private,Precious Metal,No,MIN-PM,1,0,1,0,0
460,2021,GoldMining Inc,Yellowknife Gold,Yellowknife,NT,In Review,Mining,193,63.182,-113.909,Private,Precious Metal,No,MIN-PM,1,0,1,0,0
460,2022,GoldMining Inc,Yellowknife Gold,Yellowknife,NT,In Review,Mining,193,63.182,-113.909,Private,Precious Metal,No,MIN-PM,1,0,1,0,0
460,2023,GoldMining Inc,Yellowknife Gold,Yellowknife,NT,In Review,Mining,193,63.182,-113.909,Private,Precious Metal,No,MIN-PM,1,0,1,0,0
460,2024,GoldMining Inc,Yellowknife Gold,Yellowknife,NT,In Review,Mining,193,63.182,-113.909,Private,Precious Metal,No,MIN-PM,1,0,1,0,0
467,2018,Vale,Copper Cliff Deep project,Sudbury,ON,Announced & Planning,Mining,760,46.549417,-81.00769,Private,Base Metal,No,MIN-BM,1,0,1,0,0
467,2019,Vale,Copper Cliff Deep project,Sudbury,ON,Announced & Planning,Mining,760,46.5494,-81.0077,Private,Base Metal,No,MIN-BM,1,0,1,0,0
467,2020,Vale,Copper Cliff Deep project,Sudbury,ON,Under Construction,Mining,750,46.549417,-81.00769,Private,Base Metal,No,MIN-BM,0,1,1,0,0
467,2021,Vale,Copper Cliff Deep Project,Sudbury,ON,Under Construction,Mining,750,46.549417,-81.00769,Private,Base Metal,No,MIN-BM,0,1,1,0,0
467,2022,Vale,Copper Cliff Deep Project,Sudbury,ON,Under Construction,Mining,750,46.549417,-81.00769,Private,Base Metal,No,MIN-BM,0,1,1,0,0
467,2023,Vale,Copper Cliff Deep Project,Sudbury,ON,Under Construction,Mining,750,46.549417,-81.00769,Private,Base Metal,No,MIN-BM,0,1,0,1,0
473,2020,Value Creation Inc.,Tristar' SAGD Pilot Project,RM of Wood Buffalo (S of Ft McMurray),AB,In Review,Energy,,56.571589,-111.228436,Private,Oil & Gas - Upstream,No,EN-OG-U,1,0,1,0,0
473,2021,Value Creation Inc.,Tristar' SAGD Pilot Project,Regional Municipality of Wood Buffalo (S of Ft McMurray),AB,In Review,Energy,,56.571589,-111.228436,Private,Oil & Gas - Upstream,No,EN-OG-U,1,0,1,0,0
473,2022,Value Creation Inc.,Tristar' SAGD Pilot Project,Regional Municipality of Wood Buffalo (S of Ft McMurray),AB,In Review,Energy,,56.571589,-111.228436,Private,Oil & Gas - Upstream,No,EN-OG-U,1,0,0,0,1
474,2017,Various project proponents,Local small scale community and First Nations renewable energy projects,Various locations across NB,NB,Under Construction,Energy,250,,,Private,Clean Electricity,Yes,EN-CLEL,0,1,0,1,0
477,2017,Victoria Gold Corporation,Dublin Gulch (Eagle Gold),375 km north of Whitehorse and 85 km by road north northeast of the village of Mayo,YK,Approved,Mining,370,64.02,-135.818,Private,Precious Metal,No,MIN-PM,1,0,1,0,0
477,2018,Victoria Gold Corporation,Dublin Gulch (Eagle Gold),375 km north of Whitehorse and 85 km by road north northeast of the village of Mayo,YK,Under Construction,Mining,370,64.02,-135.818,Private,Precious Metal,No,MIN-PM,0,1,1,0,0
477,2019,Victoria Gold Corporation,Dublin Gulch (Eagle Gold),375 km north of Whitehorse and 85 km by road north northeast of the village of Mayo,YK,Under Construction,Mining,487,64.02,-135.818,Private,Precious Metal,No,MIN-PM,0,1,1,0,0
477,2020,Victoria Gold Corporation,Dublin Gulch (Eagle Gold),375 km north of Whitehorse and 85 km by road north northeast of the village of Mayo,YK,Under Construction,Mining,487,64.02,-135.818,Private,Precious Metal,No,MIN-PM,0,1,0,1,0
478,2017,Victory Nickel,Minago,Grand Rapids Area,MB,Announced & Planning,Mining,558,54.09,-99.193,Private,Critical Mineral,Yes,MIN-CM,1,0,0,0,1
481,2017,Fort St. James Green Energy Limited Partnership,Fort St-James Green Energy Project,Fort St. James,BC,Under Construction,Energy,235,54.444477,-124.261068,Private,Clean Electricity,Yes,EN-CLEL,0,1,1,0,0
481,2018,Fort St. James Green Energy Limited Partnership,Fort St-James Green Energy Project,Fort St. James,BC,Under Construction,Energy,235,54.444477,-124.261068,Private,Clean Electricity,Yes,EN-CLEL,0,1,0,1,0
482,2017,Western Bioenergy Inc.,Merritt Green Energy Project,Merritt,BC,Under Construction,Energy,235,50.100761,-120.793746,Private,Clean Electricity,Yes,EN-CLEL,0,1,1,0,0
482,2018,Western Bioenergy Inc.,Merritt Green Energy Project,Merritt,BC,Under Construction,Energy,235,50.100761,-120.793746,Private,Clean Electricity,Yes,EN-CLEL,0,1,0,1,0
484,2020,Conuma Coal Resources Ltd.,Belcourt/Saxon Coal Mines,Tumbler Ridge area,BC,In Review,Mining,100,54.711929,-120.959473,Private,Coal,No,MIN-COAL,1,0,1,0,0
484,2021,Conuma Coal Resources Ltd.,Belcourt/Saxon Coal Mines,Tumbler Ridge,BC,In Review,Mining,100,54.711929,-120.959473,Private,Coal,No,MIN-COAL,1,0,0,0,1
485,2020,Conuma Coal Resources Ltd.,Wolverine Coal Mine (Hermann Deposit),Tumbler Ridge area,BC,In Review,Mining,55,55.266598,-120.871582,Private,Coal,No,MIN-COAL,1,0,1,0,0
485,2021,Conuma Coal Resources Ltd.,Wolverine Coal Mine (Hermann Deposit),Tumbler Ridge,BC,In Review,Mining,55,55.266598,-120.871582,Private,Coal,No,MIN-COAL,1,0,1,0,0
485,2022,Conuma Coal Resources Ltd.,Wolverine Coal Mine (Hermann Deposit),Tumbler Ridge,BC,Approved,Mining,55,55.266598,-120.871582,Private,Coal,No,MIN-COAL,1,0,1,0,0
485,2023,Conuma Coal Resources Ltd.,Wolverine Coal Mine (Hermann Deposit),Tumbler Ridge,BC,In Review,Mining,55,55.266598,-120.871582,Private,Coal,No,MIN-COAL,1,0,1,0,0
485,2024,Conuma Coal Resources Ltd.,Wolverine Coal Mine (Hermann Deposit),Tumbler Ridge,BC,Approved,Mining,55,55.266598,-120.871582,Private,Coal,No,MIN-COAL,1,0,1,0,0
488,2017,Western Copper and Gold Corporation,Casino Mine,150 km northwest of Carmacks and 300 km northwest from Whitehorse,YK,In Review,Mining,2456,62.739,-138.823,Private,Precious Metal,No,MIN-PM,1,0,1,0,0
488,2018,Western Copper and Gold Corporation,Casino Mine,150 km northwest of Carmacks and 300 km northwest from Whitehorse,YK,Approved,Mining,2456,62.739,-138.823,Private,Precious Metal,No,MIN-PM,1,0,1,0,0
488,2019,Western Copper and Gold Corporation,Casino Mine,150 km northwest of Carmacks and 300 km northwest from Whitehorse,YK,In Review,Mining,2456,62.739,-138.823,Private,Precious Metal,No,MIN-PM,1,0,1,0,0
488,2020,Western Copper and Gold Corporation,Casino Mine,150 km northwest of Carmacks and 300 km northwest from Whitehorse,YK,In Review,Mining,2456,62.739,-138.823,Private,Precious Metal,No,MIN-PM,1,0,1,0,0
488,2021,Western Copper and Gold Corporation,Casino Mine,150 km northwest of Carmacks and 300 km northwest from Whitehorse,YK,Announced & Planning,Mining,2456,62.739,-138.823,Private,Precious Metal,No,MIN-PM,1,0,1,0,0
488,2022,Western Copper and Gold Corporation,Casino Mine,150 km northwest of Carmacks and 300 km northwest from Whitehorse,YK,Announced & Planning,Mining,3256,62.739,-138.823,Private,Precious Metal,No,MIN-PM,1,0,1,0,0
488,2023,Western Copper and Gold Corporation,Casino Mine,150 km northwest of Carmacks and 300 km northwest from Whitehorse,YK,Announced & Planning,Mining,3256,62.739,-138.823,Private,Precious Metal,No,MIN-PM,1,0,1,0,0
488,2024,Western Copper and Gold Corporation,Casino Mine,150 km northwest of Carmacks and 300 km northwest from Whitehorse,YK,Announced & Planning,Mining,3617,62.739,-138.823,Private,Precious Metal,No,MIN-PM,1,0,1,0,0
489,2017,Western GeoPower Corporation - Ram Power Corp.,South Meager Creek Geothermal Project,Pemberton region,BC,Announced & Planning,Energy,400,50.527332,-123.108114,Private,Clean Electricity,Yes,EN-CLEL,1,0,0,0,1
490,2017,Western Potash,Milestone,Milestone,SK,Approved,Mining,81,50.118,-104.471,Private,Critical Mineral,Yes,MIN-CM,1,0,1,0,0
490,2018,Western Potash,Milestone,Milestone,SK,Approved,Mining,81,50.118,-104.471,Private,Critical Mineral,Yes,MIN-CM,1,0,1,0,0
490,2019,Western Potash,Milestone,Milestone,SK,Approved,Mining,98,50.118,-104.471,Private,Critical Mineral,Yes,MIN-CM,1,0,1,0,0
490,2020,Western Potash,Milestone Phase 1,Milestone,SK,Under Construction,Mining,128.72,50.118,-104.471,Private,Critical Mineral,Yes,MIN-CM,0,1,1,0,0
490,2021,Western Potash,Milestone,Milestone,SK,Under Construction,Mining,128.72,50.118,-104.471,Private,Critical Mineral,Yes,MIN-CM,0,1,1,0,0
490,2023,Western Potash,Milestone,Milestone,SK,Under Construction,Mining,149,50.118,-104.471,Private,Critical Mineral,Yes,MIN-CM,0,1,0,1,0
492,2017,Wildmare Wind Energy EP,Wildmare Wind Energy Project,Chetwynd,BC,In Review,Energy,200,55.692287,-121.790415,Private,Clean Electricity,Yes,EN-CLEL,1,0,0,0,1
499,2020,Taseko Mines Ltd.,Yellowhead (formerly Harper Creek),Kamloops,BC,In Review,Mining,839,51.519,-119.817,Private,Other,No,MIN-OTH,1,0,1,0,0
499,2021,Taseko Mines Ltd.,Yellowhead (formerly Harper Creek),Kamloops,BC,Announced & Planning,Mining,839,51.519,-119.817,Private,Other,No,MIN-OTH,1,0,1,0,0
499,2022,Taseko Mines Ltd.,Yellowhead (formerly Harper Creek),Kamloops,BC,Announced & Planning,Mining,1347,51.519,-119.817,Private,Other,No,MIN-OTH,1,0,0,0,1
503,2017,Alcoa,Modernisation d'aluminerie,Deschambault,QC,Under Construction,Mining,73,46.693725,-71.945135,Private,Other,No,MIN-OTH,0,1,1,0,0
503,2018,Alcoa,Modernisation d'aluminerie,Deschambault,QC,Under Construction,Mining,73,46.693725,-71.945135,Private,Other,No,MIN-OTH,0,1,1,0,0
503,2019,Alcoa,Modernisation d'aluminerie,Deschambault,QC,Under Construction,Mining,73,46.6937,-71.9451,Private,Other,No,MIN-OTH,0,1,0,1,0
515,2019,Athabasca Oil Corporation,Dover West Clastics,Municipal District of Opportunity,AB,In Review,Energy,615,57.1005,-113.2251,Private,Oil & Gas - Upstream,No,EN-OG-U,1,0,1,0,0
515,2020,Athabasca Oil Corporation,Dover West Clastics,Municipal District of Opportunity,AB,In Review,Energy,615,57.100452,-113.225098,Private,Oil & Gas - Upstream,No,EN-OG-U,1,0,1,0,0
515,2021,Athabasca Oil Corporation,Dover West Clastics,Municipal District of Opportunity,AB,In Review,Energy,615,57.100452,-113.225098,Private,Oil & Gas - Upstream,No,EN-OG-U,1,0,1,0,0
515,2022,Athabasca Oil Corporation,Dover West Clastics,Municipal District of Opportunity,AB,In Review,Energy,615,57.100452,-113.225098,Private,Oil & Gas - Upstream,No,EN-OG-U,1,0,1,0,0
515,2023,Athabasca Oil Corporation,Dover West Clastics,Municipal District of Opportunity,AB,In Review,Energy,615,57.100452,-113.225098,Private,Oil & Gas - Upstream,No,EN-OG-U,1,0,1,0,0
515,2024,Athabasca Oil Corporation,Dover West Clastics,Municipal District of Opportunity,AB,In Review,Energy,615,57.100452,-113.225098,Private,Oil & Gas - Upstream,No,EN-OG-U,1,0,1,0,0
516,2017,Centerra Gold Inc.,Kemess Underground Copper-Gold Mine,Mackenzie,BC,In Review,Mining,708,56.976605,-126.761678,Private,Precious Metal,No,MIN-PM,1,0,1,0,0
516,2018,Centerra Gold Inc.,Kemess Underground Copper-Gold Mine,Mackenzie,BC,In Review,Mining,603,56.976605,-126.761678,Private,Precious Metal,No,MIN-PM,1,0,1,0,0
516,2019,Centerra Gold Inc.,Kemess Underground Copper-Gold Mine,Mackenzie,BC,Approved,Mining,524,56.9766,-126.7617,Private,Precious Metal,No,MIN-PM,1,0,1,0,0
516,2020,Centerra Gold Inc.,Kemess Underground Copper-Gold Mine,Mackenzie,BC,In Review,Mining,524,56.976605,-126.761678,Private,Precious Metal,No,MIN-PM,1,0,1,0,0
516,2021,Centerra Gold Inc.,Kemess Underground Copper-Gold Mine,Mackenzie,BC,In Review,Mining,524,56.976605,-126.761678,Private,Precious Metal,No,MIN-PM,1,0,1,0,0
516,2022,Centerra Gold Inc.,Kemess Underground Copper-Gold Mine,Mackenzie,BC,Approved,Mining,524,56.976605,-126.761678,Private,Precious Metal,No,MIN-PM,1,0,1,0,0
516,2023,Centerra Gold Inc.,Kemess Underground Copper-Gold Mine,Mackenzie,BC,Approved,Mining,524,56.976605,-126.761678,Private,Precious Metal,No,MIN-PM,1,0,1,0,0
516,2024,Centerra Gold Inc.,Kemess Underground Copper-Gold Mine,Mackenzie,BC,Under Construction,Mining,524,56.976605,-126.761678,Private,Precious Metal,No,MIN-PM,0,1,1,0,0
519,2017,BC Hydro,"Surrey Area Substation Project (formerly Fleetwood Substation Project and Fraser Valley West Reinforcements),",Lower Mainland,BC,Under Construction,Energy,94,49.159257,-122.821655,Public,Trans & Distr,No,EN-T&D,0,1,1,0,0
519,2018,BC Hydro,"Surrey Area Substation Project (formerly Fleetwood Substation Project and Fraser Valley West Reinforcements),",Lower Mainland,BC,Under Construction,Energy,94,49.159257,-122.821655,Public,Trans & Distr,No,EN-T&D,0,1,1,0,0
519,2019,BC Hydro,"Surrey Area Substation Project (formerly Fleetwood Substation Project and Fraser Valley West Reinforcements),",Lower Mainland,BC,Under Construction,Energy,94,49.1593,-122.8217,Public,Trans & Distr,No,EN-T&D,0,1,0,1,0
521,2017,BP,Offshore Oil and Gas Exploration,Nova Scotia coast,NS,Under Construction,Energy,1050,42.9725,-62.215576,Private,Oil & Gas - Upstream,No,EN-OG-U,0,1,1,0,0
521,2018,BP,Scotian Basin Offshore Exploratory Drilling Project,Nova Scotia coast,NS,Under Construction,Energy,1050,42.9725,-62.215576,Private,Oil & Gas - Upstream,No,EN-OG-U,0,1,0,1,0
522,2017,BURNCO Rock Products Ltd.,BURNCO Aggregate Project (McNab Creek),Gibson,BC,In Review,Mining,60,49.468116,-123.338801,Private,Other,No,MIN-OTH,1,0,1,0,0
522,2018,BURNCO Rock Products Ltd.,BURNCO Aggregate Project (McNab Creek),Gibson,BC,Approved,Mining,60,49.468116,-123.338801,Private,Other,No,MIN-OTH,1,0,1,0,0
522,2019,BURNCO Rock Products Ltd.,BURNCO Aggregate Project (McNab Creek),Gibson,BC,In Review,Mining,60,49.4681,-123.3388,Private,Other,No,MIN-OTH,1,0,1,0,0
522,2020,BURNCO Rock Products Ltd.,BURNCO Aggregate Project (McNab Creek),Gibson,BC,In Review,Mining,60,49.468116,-123.338801,Private,Other,No,MIN-OTH,1,0,1,0,0
522,2021,BURNCO Rock Products Ltd.,BURNCO Aggregate Project (McNab Creek),Gibson,BC,In Review,Mining,60,49.468116,-123.338801,Private,Other,No,MIN-OTH,1,0,1,0,0
522,2022,BURNCO Rock Products Ltd.,BURNCO Aggregate Project (McNab Creek),Gibson,BC,Approved,Mining,60,49.468116,-123.338801,Private,Other,No,MIN-OTH,1,0,1,0,0
522,2023,BURNCO Rock Products Ltd.,BURNCO Aggregate Project (McNab Creek),Gibson,BC,Approved,Mining,60,49.468116,-123.338801,Private,Other,No,MIN-OTH,1,0,1,0,0
522,2024,BURNCO Rock Products Ltd.,BURNCO Aggregate Project (McNab Creek),Gibson,BC,Approved,Mining,60,49.468116,-123.338801,Private,Other,No,MIN-OTH,1,0,1,0,0
524,2017,Canadian Natural Resources Ltd. (CNRL),Kirby North,RM of Wood Buffalo,AB,Approved,Energy,3333,55.347889,-111.038132,Private,Oil & Gas - Upstream,No,EN-OG-U,1,0,1,0,0
524,2018,Canadian Natural Resources Ltd. (CNRL),Kirby North,RM of Wood Buffalo,AB,Under Construction,Energy,3333,55.347889,-111.038132,Private,Oil & Gas - Upstream,No,EN-OG-U,0,1,1,0,0
524,2019,Canadian Natural Resources Ltd. (CNRL),Kirby North,RM of Wood Buffalo,AB,Under Construction,Energy,3330,55.3479,-111.0381,Private,Oil & Gas - Upstream,No,EN-OG-U,0,1,0,1,0
528,2020,Cardero Coal Ltd.,Carbon Creek Coal Mine,Hudson Hope,BC,In Review,Mining,301,55.983773,-122.398885,Private,Coal,No,MIN-COAL,1,0,1,0,0
528,2022,Cardero Coal Ltd.,Carbon Creek Coal Mine,Hudson Hope,BC,In Review,Mining,301,55.983773,-122.398885,Private,Coal,No,MIN-COAL,1,0,1,0,0
528,2023,Cardero Coal Ltd.,Carbon Creek Coal Mine,Hudson Hope,BC,In Review,Mining,211.814,55.983773,-122.398885,Private,Coal,No,MIN-COAL,1,0,0,0,1
529,2019,Cavalier Energy Inc.,Hoole (Paramount),M.D. of Opportunity No. 17,AB,Approved,Energy,452,56.0429,-113.6742,Private,Clean Electricity,Yes,EN-CLEL,1,0,1,0,0
529,2020,Cavalier Energy Inc.,Hoole (Paramount),M.D. of Opportunity No. 17,AB,Approved,Energy,452,56.042897,-113.674164,Private,Clean Electricity,Yes,EN-CLEL,1,0,1,0,0
529,2021,Cavalier Energy Inc.,Hoole (Paramount),M.D. of Opportunity No. 17,AB,Approved,Energy,452,56.042897,-113.674164,Private,Clean Electricity,Yes,EN-CLEL,1,0,1,0,0
529,2022,Cavalier Energy Inc.,Hoole (Paramount),M.D. of Opportunity No. 17,AB,Approved,Energy,452,56.042897,-113.674164,Private,Clean Electricity,Yes,EN-CLEL,1,0,1,0,0
529,2023,Cavalier Energy Inc.,Hoole (Paramount),M.D. of Opportunity No. 17,AB,Approved,Energy,452,56.042897,-113.674164,Private,Clean Electricity,Yes,EN-CLEL,1,0,0,0,1
530,2019,Centermount Coal Limited,Bingay Main Metallurgical Coal,Elkford,BC,In Review,Mining,380,50.1826,-114.9877,Private,Coal,No,MIN-COAL,1,0,1,0,0
530,2020,Centermount Coal Limited,Bingay Main Metallurgical Coal,Elkford,BC,In Review,Mining,380,50.182614,-114.987717,Private,Coal,No,MIN-COAL,1,0,1,0,0
530,2021,Centermount Coal Limited,Bingay Main Metallurgical Coal,Elkford,BC,In Review,Mining,380,50.182614,-114.987717,Private,Coal,No,MIN-COAL,1,0,1,0,0
530,2022,Centermount Coal Limited,Bingay Main Metallurgical Coal,Elkford,BC,In Review,Mining,380,50.182614,-114.987717,Private,Coal,No,MIN-COAL,1,0,1,0,0
530,2023,Centermount Coal Limited,Bingay Main Metallurgical Coal,Elkford,BC,In Review,Mining,380,50.182614,-114.987717,Private,Coal,No,MIN-COAL,1,0,1,0,0
530,2024,Centermount Coal Limited,Bingay Main Metallurgical Coal,Elkford,BC,In Review,Mining,480,50.182614,-114.987717,Private,Coal,No,MIN-COAL,1,0,1,0,0
531,2017,City of Surrey,Organic Biofuel Facility,Surrey,BC,Under Construction,Energy,65,49.180691,-122.686755,Public,Low Carbon Fuels,Yes,EN-LCF,0,1,1,0,0
531,2018,City of Surrey,Organic Biofuel Facility,Surrey,BC,Under Construction,Energy,65,49.180691,-122.686755,Public,Low Carbon Fuels,Yes,EN-LCF,0,1,0,1,0
533,2017,Granite Creek Copper,Carmacks Copper Project,"220 km north of Whitehorse, Yukon",YK,Announced & Planning,Mining,321,62.343,-136.699,Private,Base Metal,No,MIN-BM,1,0,1,0,0
533,2018,Granite Creek Copper,Carmacks Copper Project,"220 km north of Whitehorse, Yukon",YK,In Review,Mining,319,62.343,-136.699,Private,Base Metal,No,MIN-BM,1,0,1,0,0
533,2019,Granite Creek Copper,Carmacks Copper Project,"220 km north of Whitehorse, Yukon",YK,Announced & Planning,Mining,263.6,62.343,-136.699,Private,Base Metal,No,MIN-BM,1,0,1,0,0
533,2020,Granite Creek Copper,Carmacks Copper Project,"220 km north of Whitehorse, Yukon",YK,Announced & Planning,Mining,319.37,62.343,-136.699,Private,Base Metal,No,MIN-BM,1,0,1,0,0
533,2023,Granite Creek Copper,Carmacks Copper Project,"220 km north of Whitehorse, Yukon",YK,Announced & Planning,Mining,185,62.343,-136.699,Private,Base Metal,No,MIN-BM,1,0,1,0,0
533,2024,Granite Creek Copper,Carmacks Copper Project,"220 km north of Whitehorse, Yukon",YK,Announced & Planning,Mining,220.07,62.343,-136.699,Private,Base Metal,No,MIN-BM,1,0,1,0,0
536,2017,ecoTECH Energy Group (Canada) Inc,Biomass Project - McBride,Mcbride,BC,Announced & Planning,Energy,140,53.342917,-120.267604,Private,Waste Biomass,Yes,EN-BIO,1,0,1,0,0
536,2018,ecoTECH Energy Group (Canada) Inc,Biomass Project - McBride,Mcbride,BC,Announced & Planning,Energy,140,53.342917,-120.267604,Private,Waste Biomass,Yes,EN-BIO,1,0,1,0,0
536,2019,ecoTECH Energy Group (Canada) Inc,Biomass Project - McBride,Mcbride,BC,Announced & Planning,Energy,140,53.3429,-120.2676,Private,Waste Biomass,Yes,EN-BIO,1,0,1,0,0
536,2020,ecoTECH Energy Group (Canada) Inc,Biomass Project - McBride,Mcbride,BC,Announced & Planning,Energy,140,53.342917,-120.267604,Private,Waste Biomass,Yes,EN-BIO,1,0,1,0,0
536,2021,ecoTECH Energy Group (Canada) Inc,Biomass Project - McBride,McBride,BC,Announced & Planning,Energy,140,53.342917,-120.267604,Private,Waste Biomass,Yes,EN-BIO,1,0,1,0,0
536,2022,ecoTECH Energy Group (Canada) Inc,Biomass Project - McBride,McBride,BC,Announced & Planning,Energy,140,53.342917,-120.267604,Private,Waste Biomass,Yes,EN-BIO,1,0,1,0,0
536,2023,ecoTECH Energy Group (Canada) Inc,Biomass Project - McBride,McBride,BC,Announced & Planning,Energy,140,53.342917,-120.267604,Private,Waste Biomass,Yes,EN-BIO,1,0,1,0,0
536,2024,ecoTECH Energy Group (Canada) Inc,Biomass Project - McBride,McBride,BC,In Review,Energy,140,53.342917,-120.267604,Private,Waste Biomass,Yes,EN-BIO,1,0,1,0,0
538,2017,Elizabeth Falls Hydro Development Corporation,Tazi Twe Hydroelectric Project (Elizabeth Falls Hydro Project),Black Lake,SK,Approved,Energy,630,59.175928,-105.557327,Public,Clean Electricity,Yes,EN-CLEL,1,0,0,0,1
540,2017,Enbridge Pipelines Inc.,Northern Gateway Pipeline,"Bruderheim, Alberta to Kitimat, BC",Multi,Approved,Energy,6500,53.8047,-112.9263,Private,Trans & Distr,No,EN-T&D,1,0,0,0,1
542,2017,Encanto Potash / Muskowekwan Resources Ltd.,Muskowekwan Potash Mine,Lestock,SK,In Review,Mining,2990,51.460852,-104.095459,Private,Precious Metal,No,MIN-PM,1,0,1,0,0
542,2018,Encanto Potash / Muskowekwan Resources Ltd.,Muskowekwan Potash Mine,Lestock,SK,In Review,Mining,4031,51.460852,-104.095459,Private,Precious Metal,No,MIN-PM,1,0,1,0,0
542,2019,Encanto Potash / Muskowekwan Resources Ltd.,Muskowekwan Potash Mine,Lestock,SK,In Review,Mining,4031,51.4609,-104.0955,Private,Precious Metal,No,MIN-PM,1,0,1,0,0
542,2020,Encanto Potash / Muskowekwan Resources Ltd.,Muskowekwan Potash Mine,Lestock,SK,In Review,Mining,4031,51.460852,-104.095459,Private,Precious Metal,No,MIN-PM,1,0,1,0,0
542,2021,Encanto Potash / Muskowekwan Resources Ltd.,Muskowekwan Potash Mine,Lestock,SK,In Review,Mining,4031,51.460852,-104.095459,Private,Precious Metal,No,MIN-PM,1,0,0,0,1
545,2019,Holmes Hydro,Robson Valley Hydroelectric Project,McBride,BC,In Review,Energy,200,53.3469,-119.8406,Public,Clean Electricity,Yes,EN-CLEL,1,0,1,0,0
545,2020,Holmes Hydro,Robson Valley Hydroelectric Project,McBride,BC,In Review,Energy,200,53.346859,-119.840635,Public,Clean Electricity,Yes,EN-CLEL,1,0,1,0,0
545,2021,Holmes Hydro,Robson Valley Hydroelectric Project,McBride,BC,In Review,Energy,200,53.346859,-119.840635,Public,Clean Electricity,Yes,EN-CLEL,1,0,1,0,0
545,2022,Holmes Hydro,Robson Valley Hydroelectric Project,McBride,BC,In Review,Energy,200,53.346859,-119.840635,Public,Clean Electricity,Yes,EN-CLEL,1,0,1,0,0
545,2023,Holmes Hydro,Robson Valley Hydroelectric Project,McBride,BC,In Review,Energy,200,53.346859,-119.840635,Public,Clean Electricity,Yes,EN-CLEL,1,0,1,0,0
545,2024,Holmes Hydro,Robson Valley Hydroelectric Project,McBride,BC,In Review,Energy,200,53.346859,-119.840635,Public,Clean Electricity,Yes,EN-CLEL,1,0,1,0,0
546,2020,Imperial Metals Corporation,Huckleberry Copper/Silver/Molybdenum Mine,Houston,BC,Under Construction,Mining,201,53.679882,-127.177575,Private,Precious Metal,No,MIN-PM,0,1,1,0,0
546,2022,Imperial Metals Corporation,Huckleberry Copper/Silver/Molybdenum Mine,Houston,BC,Under Construction,Mining,201,53.679882,-127.177575,Private,Precious Metal,No,MIN-PM,0,1,1,0,0
546,2024,Imperial Metals Corporation,Huckleberry Copper/Silver/Molybdenum Mine,Houston,BC,Under Construction,Mining,201,53.679882,-127.177575,Private,Precious Metal,No,MIN-PM,0,1,1,0,0
547,2017,Hydro-Quebec,Raccordement du complexe de La Romaine au reseau de transport,Camp satellite ligne 34 5KV,QC,Under Construction,Energy,1300,50.488936,-63.127848,Public,Clean Electricity,Yes,EN-CLEL,0,1,1,0,0
547,2018,Hydro-Quebec,Raccordement du complexe de La Romaine au reseau de transport,Camp satellite ligne 34 5KV,QC,Under Construction,Energy,1300,50.488936,-63.127848,Public,Clean Electricity,Yes,EN-CLEL,0,1,1,0,0
547,2019,Hydro-Quebec,Raccordement du complexe de La Romaine au reseau de transport,Camp satellite ligne 34 5KV,QC,Under Construction,Energy,1300,50.4889,-63.1278,Public,Clean Electricity,Yes,EN-CLEL,0,1,1,0,0
547,2020,Hydro-Quebec,Raccordement du complexe de La Romaine au reseau de transport,Camp satellite ligne 34 5KV,QC,Under Construction,Energy,1300,50.488936,-63.127848,Public,Clean Electricity,Yes,EN-CLEL,0,1,1,0,0
547,2021,Hydro-Quebec,Raccordement du complexe de La Romaine au reseau de transport,Camp satellite line 34 5KV,QC,Under Construction,Energy,1300,50.488936,-63.127848,Public,Clean Electricity,Yes,EN-CLEL,0,1,1,0,0
547,2022,Hydro-Quebec,Raccordement du complexe de La Romaine au reseau de transport,Camp satellite line 34 5KV,QC,Under Construction,Energy,1300,50.488936,-63.127848,Public,Clean Electricity,Yes,EN-CLEL,0,1,1,0,0
547,2023,Hydro-Quebec,Raccordement du complexe de La Romaine au reseau de transport,Camp satellite line 34 5KV,QC,Under Construction,Energy,1300,50.488936,-63.127848,Public,Clean Electricity,Yes,EN-CLEL,0,1,1,0,0
547,2024,Hydro-Quebec,Raccordement du complexe de La Romaine au reseau de transport,Camp satellite line 34 5KV,QC,Under Construction,Energy,1300,50.488936,-63.127848,Public,Clean Electricity,Yes,EN-CLEL,0,1,1,0,0
560,2017,Keyera Corp.,Rimbey Gas Plant Expansion,Rimbey-Rocky Mountain House-Sundre,AB,Under Construction,Energy,210,52.63962,-114.24408,Private,Oil & Gas - Downstream,No,EN-OG-D,0,1,0,1,0
564,2023,Value Creation Inc.,Birchwood SAGD Oil Sands Project,Fort McMurray-Conklin,AB,Announced & Planning,Energy,510,56.833949,-112.192383,Private,Oil & Gas - Upstream,No,EN-OG-U,1,0,0,0,1
565,2017,Matamec Explorations Inc.,Kipawa (Zeus),T miscamingue,QC,Announced & Planning,Mining,374,46.819328,-78.500061,Private,Other,No,MIN-OTH,1,0,0,0,1
566,2017,MEG Energy Corp.,Surmont (MEG),Regional Municipality of Wood Buffalo (RMWB),AB,Approved,Energy,5000,56.034459,-110.720215,Private,Clean Electricity,Yes,EN-CLEL,1,0,1,0,0
566,2018,MEG Energy Corp.,Surmont (MEG),Regional Municipality of Wood Buffalo (RMWB),AB,Approved,Energy,5000,56.034459,-110.720215,Private,Clean Electricity,Yes,EN-CLEL,1,0,1,0,0
566,2019,MEG Energy Corp.,Surmont (MEG),Regional Municipality of Wood Buffalo (RMWB),AB,In Review,Energy,5000,56.0345,-110.7202,Private,Clean Electricity,Yes,EN-CLEL,1,0,1,0,0
566,2020,MEG Energy Corp.,Surmont (MEG),Regional Municipality of Wood Buffalo (RMWB),AB,Approved,Energy,5000,56.034459,-110.720215,Private,Clean Electricity,Yes,EN-CLEL,1,0,1,0,0
566,2021,MEG Energy Corp.,Surmont (MEG),Regional Municipality of Wood Buffalo (RMWB),AB,Approved,Energy,5000,56.034459,-110.720215,Private,Clean Electricity,Yes,EN-CLEL,1,0,1,0,0
566,2022,MEG Energy Corp.,Surmont (MEG),Regional Municipality of Wood Buffalo (RMWB),AB,Approved,Energy,5000,56.034459,-110.720215,Private,Clean Electricity,Yes,EN-CLEL,1,0,1,0,0
566,2023,MEG Energy Corp.,Surmont (MEG),Regional Municipality of Wood Buffalo (RMWB),AB,Approved,Energy,5000,56.034459,-110.720215,Private,Clean Electricity,Yes,EN-CLEL,1,0,1,0,0
566,2024,MEG Energy Corp.,Surmont (MEG),Regional Municipality of Wood Buffalo (RMWB),AB,Approved,Energy,5000,56.034459,-110.720215,Private,Clean Electricity,Yes,EN-CLEL,1,0,1,0,0
573,2017,Nalcor Energy,Labrador-Island Transmission Link,Muskrat Falls to Soldier's Pond,NL,Under Construction,Energy,3447.39,53.314467,-60.744232,Private,Trans & Distr,No,EN-T&D,0,1,1,0,0
573,2018,Nalcor Energy,Labrador-Island Transmission Link,Muskrat Falls to Soldier's Pond,NL,Under Construction,Energy,3723,53.314467,-60.744232,Private,Trans & Distr,No,EN-T&D,0,1,1,0,0
573,2019,Nalcor Energy,Labrador-Island Transmission Link,Muskrat Falls to Soldier's Pond,NL,Under Construction,Energy,3723,53.3145,-60.7442,Private,Trans & Distr,No,EN-T&D,0,1,1,0,0
573,2020,Nalcor Energy,Labrador-Island Transmission Link,Muskrat Falls to Soldier's Pond,NL,Under Construction,Energy,3723,53.314467,-60.744232,Private,Trans & Distr,No,EN-T&D,0,1,0,1,0
574,2017,Naturener Energy Canada,Wild Rose' Wind Farm Phase 2 (162MW),Cypress-Medicine Hat,AB,Approved,Energy,410,49.959172,-110.272522,Private,Clean Electricity,Yes,EN-CLEL,1,0,1,0,0
574,2018,Naturener Energy Canada,Wild Rose' Wind Farm Phase 2 (162MW),Cypress-Medicine Hat,AB,Approved,Energy,410,49.959172,-110.272522,Private,Clean Electricity,Yes,EN-CLEL,1,0,1,0,0
574,2019,Naturener Energy Canada,Wild Rose' Wind Farm Phase 2 (210MW),Cypress-Medicine Hat,AB,Approved,Energy,410,49.9592,-110.2725,Private,Clean Electricity,Yes,EN-CLEL,1,0,1,0,0
574,2020,Naturener Energy Canada,Wild Rose' Wind Farm Phase 2 (210MW),Cypress-Medicine Hat,AB,Approved,Energy,410,49.959172,-110.272522,Private,Clean Electricity,Yes,EN-CLEL,1,0,1,0,0
574,2021,Naturener Energy Canada,Wild Rose' Wind Farm,Cypress-Medicine Hat,AB,Approved,Energy,410,49.959172,-110.272522,Private,Clean Electricity,Yes,EN-CLEL,1,0,0,0,1
575,2017,Artemis Gold Inc,Blackwater Gold Project,Vanderhoof,BC,In Review,Mining,2188,53.194923,-124.85452,Private,Precious Metal,No,MIN-PM,1,0,1,0,0
575,2018,Artemis Gold Inc,Blackwater Gold Project,Vanderhoof,BC,In Review,Mining,2188,53.194923,-124.85452,Private,Precious Metal,No,MIN-PM,1,0,1,0,0
575,2019,Artemis Gold Inc,Blackwater Gold Project,Vanderhoof,BC,In Review,Mining,1800,53.1949,-124.8545,Private,Precious Metal,No,MIN-PM,1,0,1,0,0
575,2020,Artemis Gold Inc,Blackwater Gold Project,Vanderhoof,BC,In Review,Mining,1800,53.194923,-124.85452,Private,Precious Metal,No,MIN-PM,1,0,1,0,0
575,2021,Artemis Gold Inc,Blackwater Gold Project,Vanderhoof,BC,Approved,Mining,592,53.194923,-124.85452,Private,Precious Metal,No,MIN-PM,1,0,1,0,0
575,2022,Artemis Gold Inc,Blackwater Gold Project,Vanderhoof,BC,Approved,Mining,645,53.194923,-124.85452,Private,Precious Metal,No,MIN-PM,1,0,1,0,0
575,2023,Artemis Gold Inc,Blackwater Gold Project,Vanderhoof,BC,Approved,Mining,1366,53.194923,-124.85452,Private,Precious Metal,No,MIN-PM,1,0,1,0,0
575,2024,Artemis Gold Inc,Blackwater Gold Project,Vanderhoof,BC,Under Construction,Mining,730,53.194923,-124.85452,Private,Precious Metal,No,MIN-PM,0,1,1,0,0
577,2017,North West Redwater Partnership (Canadian Natural Resources Ltd. (CNRL) / North West Upgrading Inc.),North West Bitumen Upgrader Phase 1,Athabasca-Sturgeon-Redwater,AB,Under Construction,Energy,8500,53.94900131,-113.1070023,Private,Oil & Gas - Upstream,No,EN-OG-U,0,1,1,0,0
577,2018,North West Redwater Partnership (Canadian Natural Resources Ltd. (CNRL) / North West Upgrading Inc.),North West Bitumen Upgrader Phase 1,Athabasca-Sturgeon-Redwater,AB,Under Construction,Energy,9700,53.94900131,-113.1070023,Private,Oil & Gas - Upstream,No,EN-OG-U,0,1,0,1,0
578,2017,Oak Point Energy Ltd.,Lewis Steepbank (Oak Point),Regional Municipality of Wood Buffalo (RMWB),AB,Approved,Energy,65,57.052309,-111.068344,Private,Clean Electricity,Yes,EN-CLEL,1,0,1,0,0
578,2018,Oak Point Energy Ltd.,Lewis Steepbank (Oak Point),Regional Municipality of Wood Buffalo (RMWB),AB,Approved,Energy,65,57.052309,-111.068344,Private,Clean Electricity,Yes,EN-CLEL,1,0,1,0,0
578,2019,Oak Point Energy Ltd.,Lewis Steepbank (Oak Point),Regional Municipality of Wood Buffalo (RMWB),AB,Approved,Energy,65,57.0523,-111.0683,Private,Clean Electricity,Yes,EN-CLEL,1,0,0,0,1
582,2017,Pieridae Energy,Goldboro LNG Export facility,"Goldboro, NS",NS,Approved,Energy,8320,45.172477,-61.617508,Private,Oil & Gas - Downstream,No,EN-OG-D,1,0,1,0,0
582,2018,Pieridae Energy,Goldboro LNG Export facility,Goldboro,NS,Approved,Energy,8320,45.172477,-61.617508,Private,Oil & Gas - Downstream,No,EN-OG-D,1,0,1,0,0
582,2019,Pieridae Energy,Goldboro LNG Export facility,Goldboro,NS,Approved,Energy,8320,45.1725,-61.6175,Private,Oil & Gas - Downstream,No,EN-OG-D,1,0,1,0,0
582,2020,Pieridae Energy,Goldboro LNG Export facility,Goldboro,NS,Approved,Energy,8320,45.172477,-61.617508,Private,Oil & Gas - Downstream,No,EN-OG-D,1,0,0,0,1
583,2017,Wellgreen Platinum Ltd.,Wellgreen,317km northwest of Whitehorse in southwest Yukon,YK,Announced & Planning,Mining,586.2,61.465,-139.538,Private,Other,No,MIN-OTH,1,0,1,0,0
583,2018,Nickel Creek Platinum Corp,Nickel Shaw,317km northwest of Whitehorse in southwest Yukon,YK,Announced & Planning,Mining,586.2,61.465,-139.538,Private,Other,No,MIN-OTH,1,0,1,0,0
583,2019,Nickel Creek Platinum Corp,Nickel Shaw,317km northwest of Whitehorse in southwest Yukon,YK,Announced & Planning,Mining,586.2,61.465,-139.538,Private,Other,No,MIN-OTH,1,0,0,0,1
584,2017,Quicksilver Resources/ Kohlberg Kravis Roberts & Co. L.P. (KKR),Fortune Creek Gas Plant,Fort Nelson,BC,Approved,Energy,760,58.805556,-122.695414,Private,Oil & Gas - Downstream,No,EN-OG-D,1,0,1,0,0
584,2018,Quicksilver Resources/ Kohlberg Kravis Roberts & Co. L.P. (KKR),Fortune Creek Gas Plant,Fort Nelson,BC,Approved,Energy,760,58.805556,-122.695414,Private,Oil & Gas - Downstream,No,EN-OG-D,1,0,1,0,0
584,2019,Quicksilver Resources/ Kohlberg Kravis Roberts & Co. L.P. (KKR),Fortune Creek Gas Plant,Fort Nelson,BC,In Review,Energy,760,58.8056,-122.6954,Private,Oil & Gas - Downstream,No,EN-OG-D,1,0,1,0,0
584,2020,Quicksilver Resources/ Kohlberg Kravis Roberts & Co. L.P. (KKR),Fortune Creek Gas Plant,Fort Nelson,BC,In Review,Energy,760,58.805556,-122.695414,Private,Oil & Gas - Downstream,No,EN-OG-D,1,0,1,0,0
584,2021,Quicksilver Resources/ Kohlberg Kravis Roberts & Co. L.P. (KKR),Fortune Creek Gas Plant,Fort Nelson,BC,In Review,Energy,760,58.805556,-122.695414,Private,Oil & Gas - Downstream,No,EN-OG-D,1,0,1,0,0
584,2023,Quicksilver Resources/ Kohlberg Kravis Roberts & Co. L.P. (KKR),Fortune Creek Gas Plant,Fort Nelson,BC,In Review,Energy,760,58.805556,-122.695414,Private,Oil & Gas - Downstream,No,EN-OG-D,1,0,1,0,0
584,2024,Quicksilver Resources/ Kohlberg Kravis Roberts & Co. L.P. (KKR),Fortune Creek Gas Plant,Fort Nelson,BC,In Review,Energy,760,58.805556,-122.695414,Private,Oil & Gas - Downstream,No,EN-OG-D,1,0,1,0,0
585,2017,New Gold,Rainy River Gold Mine,Fort Frances,ON,Under Construction,Mining,1729.7,49.196064,-93.88916,Private,Precious Metal,No,MIN-PM,0,1,0,1,0
587,2017,Rio Tinto Alcan Inc.,Kemano Tunnel Project (T2),Kitimat,BC,Under Construction,Energy,500,53.638125,-127.924805,Private,Other,Yes,EN-OTH,0,1,1,0,0
587,2018,Rio Tinto Alcan Inc.,Kemano Tunnel Project (T2),Kitimat,BC,Announced & Planning,Energy,500,53.638125,-127.924805,Private,Other,Yes,EN-OTH,1,0,1,0,0
587,2019,Rio Tinto Alcan Inc.,Kemano Tunnel Project (T2),Kitimat,BC,Announced & Planning,Energy,500,53.6381,-127.9248,Private,Other,Yes,EN-OTH,1,0,1,0,0
587,2020,Rio Tinto Alcan Inc.,Kemano Tunnel Project (T2),Kitimat,BC,Under Construction,Energy,500,53.638125,-127.924805,Private,Other,Yes,EN-OTH,0,1,1,0,0
587,2021,Rio Tinto Alcan Inc.,Kemano Tunnel Project (T2),Kitimat,BC,Under Construction,Energy,500,53.638125,-127.924805,Private,Other,Yes,EN-OTH,0,1,1,0,0
587,2022,Rio Tinto Alcan Inc.,Kemano Tunnel Project (T2),Kitimat,BC,Under Construction,Energy,500,53.638125,-127.924805,Private,Other,Yes,EN-OTH,0,1,1,0,0
587,2023,Rio Tinto Alcan Inc.,Kemano Tunnel Project (T2),Kitimat,BC,Under Construction,Energy,500,53.638125,-127.924805,Private,Other,Yes,EN-OTH,0,1,1,0,0
587,2024,Rio Tinto Alcan Inc.,Kemano Tunnel Project (T2),Kitimat,BC,Under Construction,Energy,500,53.638125,-127.924805,Private,Other,Yes,EN-OTH,0,1,1,0,0
588,2019,BridgePower,Rocky Creek Wind Energy Project,Tumbler Ridge,BC,Announced & Planning,Energy,1500,55.2415,-121.8441,Private,Clean Electricity,Yes,EN-CLEL,1,0,0,0,1
593,2017,Enbridge,Westcoast Connector Gas Transmission Project,Fort St John to Prince Rupert,BC,Approved,Energy,7460,56.836954,-122.629395,Private,Trans & Distr,No,EN-T&D,1,0,1,0,0
593,2018,Enbridge,Westcoast Connector Gas Transmission Project,Fort St John to Prince Rupert,BC,Approved,Energy,7460,56.836954,-122.629395,Private,Trans & Distr,No,EN-T&D,1,0,1,0,0
593,2019,Enbridge,Westcoast Connector Gas Transmission Project,Fort St John to Prince Rupert,BC,In Review,Energy,6000,56.837,-122.6294,Private,Trans & Distr,No,EN-T&D,1,0,1,0,0
593,2020,Enbridge,Westcoast Connector Gas Transmission Project,Fort St John to Prince Rupert,BC,Approved,Energy,6000,56.836954,-122.629395,Private,Trans & Distr,No,EN-T&D,1,0,1,0,0
593,2021,Enbridge,Westcoast Connector Gas Transmission Project,Fort St John to Prince Rupert,BC,Approved,Energy,6000,56.836954,-122.629395,Private,Trans & Distr,No,EN-T&D,1,0,1,0,0
593,2022,Enbridge,Westcoast Connector Gas Transmission Project,Fort St John to Prince Rupert,BC,Approved,Energy,6000,56.836954,-122.629395,Private,Trans & Distr,No,EN-T&D,1,0,1,0,0
593,2023,Enbridge,Westcoast Connector Gas Transmission Project,Fort St John to Prince Rupert,BC,Approved,Energy,6000,56.836954,-122.629395,Private,Trans & Distr,No,EN-T&D,1,0,1,0,0
593,2024,Enbridge,Westcoast Connector Gas Transmission Project,Fort St John to Prince Rupert,BC,Approved,Energy,6000,56.836954,-122.629395,Private,Trans & Distr,No,EN-T&D,1,0,1,0,0
595,2017,Surmont Energy Ltd.,Wildwood,Regional Municipality of Wood Buffalo (RMWB),AB,In Review,Energy,500,56.131776,-111.266098,Private,Waste Biomass,Yes,EN-BIO,1,0,1,0,0
595,2018,Surmont Energy Ltd.,Wildwood,Regional Municipality of Wood Buffalo (RMWB),AB,In Review,Energy,500,56.131776,-111.266098,Private,Waste Biomass,Yes,EN-BIO,1,0,0,0,1
599,2017,TransCanada,Northern Courier Pipeline Project,RM of Wood Buffalo,AB,Under Construction,Energy,660,57.3822,-111.632619,Private,Trans & Distr,No,EN-T&D,0,1,0,1,0
600,2017,TransCanada,Coastal GasLink Pipeline Project (TransCanada),Dawson Creek,BC,Approved,Energy,4800,54.033586,-128.63205,Private,Trans & Distr,No,EN-T&D,1,0,1,0,0
600,2018,TransCanada,Coastal GasLink Pipeline Project (TransCanada),Dawson Creek,BC,Approved,Energy,4800,54.033586,-128.63205,Private,Trans & Distr,No,EN-T&D,1,0,1,0,0
600,2019,TransCanada,Coastal GasLink Pipeline Project (TransCanada),Dawson Creek,BC,Under Construction,Energy,6200,54.0336,-128.6321,Private,Trans & Distr,No,EN-T&D,0,1,1,0,0
600,2020,TransCanada,Coastal GasLink Pipeline Project (TransCanada),Dawson Creek,BC,Under Construction,Energy,6200,54.033586,-128.63205,Private,Trans & Distr,No,EN-T&D,0,1,1,0,0
600,2021,TransCanada,Coastal GasLink Pipeline Project (TransCanada),Dawson Creek,BC,Under Construction,Energy,6200,54.033586,-128.63205,Private,Trans & Distr,No,EN-T&D,0,1,1,0,0
600,2022,TransCanada,Coastal GasLink Pipeline Project (TransCanada),Dawson Creek,BC,Under Construction,Energy,6200,54.033586,-128.63205,Private,Trans & Distr,No,EN-T&D,0,1,1,0,0
600,2023,TransCanada,Coastal GasLink Pipeline Project (TransCanada),Dawson Creek,BC,Under Construction,Energy,14500,54.033586,-128.63205,Private,Trans & Distr,No,EN-T&D,0,1,0,1,0
601,2017,TransCanada,Energy East,From Alberta to New Brunswick,Multi,In Review,Energy,15650,50.492463,-110.006104,Private,Clean Electricity,Yes,EN-CLEL,1,0,0,0,1
602,2017,NOVA Gas Transmission Ltd. (TransCanada),Northwest Mainline Komie North Natural Gas Pipeline Expansion,"Northwest of Manning, AB to the Meikle River Compressor Station",Multi,Under Construction,Energy,103,57.171992,-118.114014,Private,NG Power Gen,No,EN-NGPG,0,1,0,1,0
604,2017,TransCanada Keystone Pipeline GP Ltd.,Keystone XL Oil Pipeline Project,"Hardistay, AB to Monchy, Saskatchewan/US Border",Multi,Approved,Energy,1200,52.6751,-111.3035,Private,Trans & Distr,No,EN-T&D,1,0,1,0,0
604,2018,TransCanada Keystone Pipeline GP Ltd.,Keystone XL Oil Pipeline Project,"Hardistay, AB to Monchy, Saskatchewan/US Border",Multi,Approved,Energy,10000,52.6751,-111.3035,Private,Trans & Distr,No,EN-T&D,1,0,1,0,0
604,2019,TransCanada Keystone Pipeline GP Ltd.,Keystone XL Oil Pipeline Project,"Hardistay, AB to Monchy, Saskatchewan/US Border",Multi,Under Construction,Energy,10000,52.6751,-111.3035,Private,Trans & Distr,No,EN-T&D,0,1,1,0,0
604,2020,TransCanada Keystone Pipeline GP Ltd.,Keystone XL Oil Pipeline Project,"Hardistay, AB to Monchy, Saskatchewan/US Border",Multi,Under Construction,Energy,14000,52.6751,-111.3035,Private,Trans & Distr,No,EN-T&D,0,1,0,1,0
605,2017,TransCanada/Phoenix Energy Holding Limited (Grand Rapids Pipeline Limited Partnership),Grand Rapids Pipeline project,Northern Alberta,AB,Under Construction,Energy,3200,56.616537,-113.07229,Private,Trans & Distr,No,EN-T&D,0,1,0,1,0
606,2018,Treasury Metals Inc.,Goliath Complex,Dryden,ON,In Review,Mining,133.2,49.764413,-92.544708,Private,Precious Metal,No,MIN-PM,1,0,1,0,0
606,2019,Treasury Metals Inc.,Goliath Complex,Dryden,ON,In Review,Mining,133.2,49.7644,-92.5447,Private,Precious Metal,No,MIN-PM,1,0,1,0,0
606,2020,Treasury Metals Inc.,Goliath Complex,Dryden,ON,Approved,Mining,133.2,49.764413,-92.544708,Private,Precious Metal,No,MIN-PM,1,0,1,0,0
606,2021,Treasury Metals Inc.,Goliath Complex,Dryden,ON,Approved,Mining,233,49.764413,-92.544708,Private,Precious Metal,No,MIN-PM,1,0,1,0,0
606,2022,Treasury Metals Inc.,Goliath Complex,Dryden,ON,Approved,Mining,232.6,49.757764,-92.608297,Private,Precious Metal,No,MIN-PM,1,0,1,0,0
606,2023,Treasury Metals Inc.,Goliath Complex,Dryden,ON,Approved,Mining,335,49.757764,-92.608297,Private,Precious Metal,No,MIN-PM,1,0,1,0,0
606,2024,Treasury Metals Inc.,Goliath Complex,Dryden,ON,Approved,Mining,335,49.757764,-92.608297,Private,Precious Metal,No,MIN-PM,1,0,1,0,0
607,2017,Value Creation Inc.,TriStar Advanced (In Situ + Upgrader),Regional Municipality of Wood Buffalo (RMWB),AB,In Review,Energy,3390,56.736814,-111.156578,Private,Oil & Gas - Downstream,No,EN-OG-D,1,0,1,0,0
607,2018,Value Creation Inc.,TriStar Advanced (In Situ + Upgrader),Regional Municipality of Wood Buffalo (RMWB),AB,Approved,Energy,3390,56.736814,-111.156578,Private,Oil & Gas - Downstream,No,EN-OG-D,1,0,1,0,0
607,2019,Value Creation Inc.,TriStar Advanced (In Situ + Upgrader),Regional Municipality of Wood Buffalo (RMWB),AB,In Review,Energy,2000,56.7368,-111.1566,Private,Oil & Gas - Downstream,No,EN-OG-D,1,0,1,0,0
607,2020,Value Creation Inc.,TriStar Advanced (In Situ + Upgrader),Regional Municipality of Wood Buffalo (RMWB),AB,In Review,Energy,2000,56.736814,-111.156578,Private,Oil & Gas - Downstream,No,EN-OG-D,1,0,1,0,0
607,2021,Value Creation Inc.,TriStar Advanced (In Situ + Upgrader),Regional Municipality of Wood Buffalo (RMWB),AB,In Review,Energy,2000,56.736814,-111.156578,Private,Oil & Gas - Downstream,No,EN-OG-D,1,0,1,0,0
607,2022,Value Creation Inc.,TriStar Advanced (In Situ + Upgrader),Regional Municipality of Wood Buffalo (RMWB),AB,In Review,Energy,2000,56.736814,-111.156578,Private,Oil & Gas - Downstream,No,EN-OG-D,1,0,1,0,0
607,2023,Value Creation Inc.,TriStar Advanced (In Situ + Upgrader),Regional Municipality of Wood Buffalo (RMWB),AB,In Review,Energy,2000,56.736814,-111.156578,Private,Oil & Gas - Downstream,No,EN-OG-D,1,0,1,0,0
607,2024,Value Creation Inc.,TriStar Advanced (In Situ + Upgrader),Regional Municipality of Wood Buffalo (RMWB),AB,Approved,Energy,2000,56.736814,-111.156578,Private,Oil & Gas - Downstream,No,EN-OG-D,1,0,1,0,0
611,2017,Atlantic Gold Corporation,Moose River Consolidated Project,"Moose River Gold Mines, Halifax County",NS,Under Construction,Mining,137.3,44.831526,-63.075256,Private,Precious Metal,No,MIN-PM,0,1,1,0,0
611,2021,St Barbara Ltd.,Cochrane Hill Mine,Guysborough County,NS,In Review,Mining,131,45.24987,-62.01568,Private,Precious Metal,No,MIN-PM,1,0,1,0,0
611,2022,St Barbara Ltd.,Moose River Consolidated (Cochrane Hill Mine),Guysborough County,NS,In Review,Mining,136.4,45.24987,-62.01568,Private,Precious Metal,No,MIN-PM,1,0,1,0,0
611,2023,St Barbara Ltd.,Moose River Consolidated (Cochrane Hill Mine),Guysborough County,NS,In Review,Mining,136.4,45.24987,-62.01568,Private,Precious Metal,No,MIN-PM,1,0,0,0,1
615,2021,Labrador Iron Mines Holdings Ltd.,Direct Shipping Iron Ore (DSO) Houston Deposit,Northwestern Labrador,NL,Approved,Mining,86.8,54.698043,-66.658859,Private,Base Metal,No,MIN-BM,1,0,1,0,0
615,2022,Labrador Iron Mines Holdings Ltd.,Direct Shipping Iron Ore (DSO) Houston Deposit,Northwestern Labrador,NL,Approved,Mining,86.8,54.698043,-66.658859,Private,Base Metal,No,MIN-BM,1,0,0,0,1
620,2018,KGHM International,Victoria Project,Sudbury,ON,Announced & Planning,Mining,750,46.4235,-81.3864,Private,Other,No,MIN-OTH,1,0,1,0,0
620,2019,KGHM International,Victoria Project,Sudbury,ON,Announced & Planning,Mining,750,46.4235,-81.3864,Private,Other,No,MIN-OTH,1,0,1,0,0
620,2020,KGHM International,Victoria Project,Sudbury,ON,Announced & Planning,Mining,750,46.4235,-81.3864,Private,Other,No,MIN-OTH,1,0,1,0,0
620,2021,KGHM International,Victoria Project,Sudbury,ON,Announced & Planning,Mining,750,46.4235,-81.3864,Private,Other,No,MIN-OTH,1,0,1,0,0
620,2022,KGHM International,Victoria Project,Sudbury,ON,Announced & Planning,Mining,750,46.4235,-81.3864,Private,Other,No,MIN-OTH,1,0,1,0,0
620,2023,KGHM International,Victoria Project,Sudbury,ON,Under Construction,Mining,1000,46.4235,-81.3864,Private,Other,No,MIN-OTH,0,1,1,0,0
620,2024,KGHM International,Victoria Project,Sudbury,ON,Under Construction,Mining,1000,46.4235,-81.3864,Private,Other,No,MIN-OTH,0,1,1,0,0
623,2017,Argonaut Gold,Magino Mine,Wawa,ON,In Review,Mining,783.7,48.284,-84.4522,Private,Precious Metal,No,MIN-PM,1,0,1,0,0
623,2018,Argonaut Gold,Magino Mine,Wawa,ON,In Review,Mining,409,48.284,-84.4522,Private,Precious Metal,No,MIN-PM,1,0,1,0,0
623,2019,Argonaut Gold,Magino Mine,Wawa,ON,Approved,Mining,409,48.284,-84.4522,Private,Precious Metal,No,MIN-PM,1,0,1,0,0
623,2020,Argonaut Gold,Magino Mine,Wawa,ON,Approved,Mining,408.86,48.284,-84.4522,Private,Precious Metal,No,MIN-PM,1,0,1,0,0
623,2021,Argonaut Gold,Magino Mine,Wawa,ON,Under Construction,Mining,408.859,48.284,-84.4522,Private,Precious Metal,No,MIN-PM,0,1,1,0,0
623,2022,Argonaut Gold,Magino Mine,Wawa,ON,Under Construction,Mining,421.648,48.284,-84.4522,Private,Precious Metal,No,MIN-PM,0,1,1,0,0
623,2023,Argonaut Gold,Magino Mine,Wawa,ON,Under Construction,Mining,421.933,48.284,-84.4522,Private,Precious Metal,No,MIN-PM,0,1,0,1,0
625,2017,Agnico Eagle - Yamana Gold,Upper Beaver,Kirkland Lake,ON,Announced & Planning,Mining,240,48.1704,-79.7606,Private,Precious Metal,No,MIN-PM,1,0,0,0,1
626,2018,IAMGOLD Corp./Sumitomo Metal Mining,Cote Lake Project,Gogama,ON,Approved,Mining,1412.61,47.5474,-81.9363,Private,Precious Metal,No,MIN-PM,1,0,1,0,0
626,2019,IAMGOLD Corp./Sumitomo Metal Mining,Cote Lake Project,Gogama,ON,Approved,Mining,1694.71,47.5474,-81.9363,Private,Precious Metal,No,MIN-PM,1,0,1,0,0
626,2020,IAMGOLD Corp./Sumitomo Metal Mining,Cote Lake Project,Gogama,ON,Approved,Mining,1694.71,47.5474,-81.9363,Private,Precious Metal,No,MIN-PM,1,0,1,0,0
626,2021,IAMGOLD Corp./Sumitomo Metal Mining,Cote Lake Project,Gogama,ON,Under Construction,Mining,1694.712,47.5474,-81.9363,Private,Precious Metal,No,MIN-PM,0,1,1,0,0
626,2022,IAMGOLD Corp./Sumitomo Metal Mining,Cote Lake Project,Gogama,ON,Under Construction,Mining,2386.241,47.5474,-81.9363,Private,Precious Metal,No,MIN-PM,0,1,1,0,0
626,2023,IAMGOLD Corp./Sumitomo Metal Mining,Cote Lake Project,Gogama,ON,Under Construction,Mining,2456.493,47.5474,-81.9363,Private,Precious Metal,No,MIN-PM,0,1,1,0,0
626,2024,IAMGOLD Corp./Sumitomo Metal Mining,Cote Lake Project,Gogama,ON,Under Construction,Mining,2385,47.5474,-81.9363,Private,Precious Metal,No,MIN-PM,0,1,1,0,0
627,2017,Algonquin Power & Utilities Corp.,Wind Projects,Chaplin Wind,SK,Under Construction,Energy,355,50.5248,-106.6821,Private,Clean Electricity,Yes,EN-CLEL,0,1,0,1,0
628,2017,Yancoal Canada Resources,Southey Potash Project,"Southey , Strasbourg",SK,In Review,Mining,3600,50.9458191,-104.4997364,Private,Other,No,MIN-OTH,1,0,1,0,0
628,2018,Yancoal Canada Resources,Southey Potash Project,"Southey , Strasbourg",SK,Approved,Mining,3600,50.9458191,-104.4997364,Private,Other,No,MIN-OTH,1,0,1,0,0
628,2019,Yancoal Canada Resources,Southey Potash Project,"Southey , Strasbourg",SK,Approved,Mining,3600,50.9458,-104.4997,Private,Other,No,MIN-OTH,1,0,1,0,0
628,2020,Yancoal Canada Resources,Southey Potash Project,"Southey , Strasbourg",SK,Approved,Mining,3600,50.9458191,-104.4997364,Private,Other,No,MIN-OTH,1,0,1,0,0
628,2021,Yancoal Canada Resources,Southey,"Southey, Strasbourg",SK,Approved,Mining,3600,50.9458191,-104.4997364,Private,Other,No,MIN-OTH,1,0,0,0,1
629,2020,Sunshine Oilsands Ltd.,West Ells,MD of Opportunity,AB,Announced & Planning,Energy,2100,57.202491,-112.7292377,Private,Oil & Gas - Upstream,No,EN-OG-U,1,0,1,0,0
629,2021,Sunshine Oilsands Ltd.,West Ells,MD of Opportunity,AB,Announced & Planning,Energy,2100,57.202491,-112.7292377,Private,Oil & Gas - Upstream,No,EN-OG-U,1,0,1,0,0
629,2022,Sunshine Oilsands Ltd.,West Ells,MD of Opportunity,AB,Announced & Planning,Energy,2100,57.202491,-112.7292377,Private,Oil & Gas - Upstream,No,EN-OG-U,1,0,1,0,0
629,2023,Sunshine Oilsands Ltd.,West Ells,MD of Opportunity,AB,Announced & Planning,Energy,2100,57.202491,-112.7292377,Private,Oil & Gas - Upstream,No,EN-OG-U,1,0,1,0,0
629,2024,Sunshine Oilsands Ltd.,West Ells,MD of Opportunity,AB,Announced & Planning,Energy,2100,57.202491,-112.7292377,Private,Oil & Gas - Upstream,No,EN-OG-U,1,0,1,0,0
633,2018,Glencore plc,Sukunka Coal Mine,Sukunka River,BC,In Review,Mining,433.7,55.1964,-121.569,Private,Coal,No,MIN-COAL,1,0,1,0,0
633,2019,Glencore plc,Sukunka Coal Mine,Sukunka River,BC,In Review,Mining,444,55.1964,-121.569,Private,Coal,No,MIN-COAL,1,0,1,0,0
633,2020,Glencore plc,Sukunka Coal Mine,Sukunka River,BC,In Review,Mining,444,55.1964,-121.569,Private,Coal,No,MIN-COAL,1,0,1,0,0
633,2021,Glencore plc,Sukunka Coal Mine,Sukunka River,BC,In Review,Mining,444,55.1964,-121.569,Private,Coal,No,MIN-COAL,1,0,1,0,0
633,2022,Glencore plc,Sukunka Coal Mine,Sukunka River,BC,In Review,Mining,450,55.1964,-121.569,Private,Coal,No,MIN-COAL,1,0,0,0,1
636,2017,Arianne Phosphate inc.,Lac a Paul Phosphate/Apatite mine,Monts-Valin,QC,In Review,Mining,1275,49.883575,-70.717621,Private,Precious Metal,No,MIN-PM,1,0,1,0,0
636,2018,Arianne Phosphate inc.,Lac a Paul Phosphate/Apatite mine,Monts-Valin,QC,Approved,Mining,1267,49.883575,-70.717621,Private,Precious Metal,No,MIN-PM,1,0,1,0,0
636,2019,Arianne Phosphate inc.,Lac a Paul Phosphate/Apatite mine,Monts-Valin,QC,Approved,Mining,1267,49.8836,-70.7176,Private,Precious Metal,No,MIN-PM,1,0,1,0,0
636,2020,Arianne Phosphate inc.,Lac a Paul Phosphate/Apatite mine,Monts-Valin,QC,Approved,Mining,1267,49.883575,-70.717621,Private,Precious Metal,No,MIN-PM,1,0,1,0,0
636,2021,Arianne Phosphate inc.,Lac a Paul Phosphate/Apatite mine,Monts-Valin,QC,Approved,Mining,1267,49.883575,-70.717621,Private,Precious Metal,No,MIN-PM,1,0,1,0,0
636,2022,Arianne Phosphate inc.,Lac a Paul Phosphate/Apatite mine,Monts-Valin,QC,Approved,Mining,1268.754,49.883575,-70.717621,Private,Precious Metal,No,MIN-PM,1,0,1,0,0
636,2024,Arianne Phosphate inc.,Lac a Paul Phosphate/Apatite mine,Monts-Valin,QC,Approved,Mining,1275,49.883575,-70.717621,Private,Precious Metal,No,MIN-PM,1,0,1,0,0
637,2017,Commerce Resources corp.,Eldor Rare Earth Project,Rivire-Koksoak,QC,Announced & Planning,Mining,763,57.354683,-68.461304,Private,Critical Mineral,Yes,MIN-CM,1,0,1,0,0
637,2018,Commerce Resources corp.,Eldor Rare Earth Project,Rivire-Koksoak,QC,In Review,Mining,778.56,57.354683,-68.461304,Private,Critical Mineral,Yes,MIN-CM,1,0,1,0,0
637,2019,Commerce Resources corp.,Eldor Rare Earth Project,Rivire-Koksoak,QC,In Review,Mining,778.56,57.3547,-68.4613,Private,Critical Mineral,Yes,MIN-CM,1,0,1,0,0
637,2020,Commerce Resources corp.,Ashram,Rivire-Koksoak,QC,In Review,Mining,778.56,57.354683,-68.461304,Private,Critical Mineral,Yes,MIN-CM,1,0,1,0,0
637,2021,Commerce Resources Corp.,Ashram,Rivire-Koksoak,QC,Announced & Planning,Mining,778.556,57.354683,-68.461304,Private,Critical Mineral,Yes,MIN-CM,1,0,1,0,0
637,2022,Commerce Resources Corp.,Ashram,Rivire-Koksoak,QC,Announced & Planning,Mining,778.556,57.354683,-68.461304,Private,Critical Mineral,Yes,MIN-CM,1,0,0,0,1
638,2021,Moneta Porcupine,Golden Highway Gold Project,Black River-Matheson,ON,Announced & Planning,Mining,144.16,48.497498,-80.05188,Private,Precious Metal,No,MIN-PM,1,0,1,0,0
638,2022,Moneta Porcupine,Golden Highway Gold Project,Black River-Matheson,ON,Announced & Planning,Mining,144,48.474607,-80.037998,Private,Precious Metal,No,MIN-PM,1,0,1,0,0
638,2023,Moneta Porcupine,Golden Highway Gold Project,Black River-Matheson,ON,Announced & Planning,Mining,144,48.474607,-80.037998,Private,Precious Metal,No,MIN-PM,1,0,0,0,1
640,2021,"Braveheart Resources Inc. , Canada",Thierry Copper/Nickel Mine,Pickle Lake,ON,Announced & Planning,Mining,407,51.458285,-90.196381,Private,Critical Mineral,Yes,MIN-CM,1,0,1,0,0
640,2022,Braveheart Resources Inc.,Thierry Copper/Nickel Mine,Pickle Lake,ON,Announced & Planning,Mining,322,51.49765,-90.349115,Private,Critical Mineral,Yes,MIN-CM,1,0,1,0,0
640,2023,Braveheart Resources Inc.,Thierry Copper/Nickel Mine,Pickle Lake,ON,Announced & Planning,Mining,322,51.49765,-90.349115,Private,Critical Mineral,Yes,MIN-CM,1,0,0,0,1
643,2017,Search Minerals Inc.,Deep Fox + Foxtrot,Port Hope Simpson,NL,Announced & Planning,Mining,231.7,52.399277,-55.817757,Private,Critical Mineral,Yes,MIN-CM,1,0,1,0,0
643,2018,Search Minerals Inc.,Deep Fox + Foxtrot,Port Hope Simpson,NL,In Review,Mining,231.4,52.399277,-55.817757,Private,Critical Mineral,Yes,MIN-CM,1,0,1,0,0
643,2019,Search Minerals Inc.,Deep Fox + Foxtrot,Port Hope Simpson,NL,In Review,Mining,231.4,52.3993,-55.8178,Private,Critical Mineral,Yes,MIN-CM,1,0,1,0,0
643,2020,Search Minerals Inc.,Deep Fox + Foxtrot,Port Hope Simpson,NL,In Review,Mining,152,52.399277,-55.817757,Private,Critical Mineral,Yes,MIN-CM,1,0,1,0,0
643,2021,Search Minerals Inc.,Deep Fox + Foxtrot,Port Hope Simpson,NL,In Review,Mining,152,52.399277,-55.817757,Private,Critical Mineral,Yes,MIN-CM,1,0,1,0,0
643,2022,Search Minerals Inc.,Deep Fox + Foxtrot,Port Hope Simpson,NL,In Review,Mining,152.2,52.399277,-55.817757,Private,Critical Mineral,Yes,MIN-CM,1,0,1,0,0
643,2023,Search Minerals Inc.,Deep Fox + Foxtrot,Port Hope Simpson,NL,In Review,Mining,421.8,52.399277,-55.817757,Private,Critical Mineral,Yes,MIN-CM,1,0,1,0,0
643,2024,Search Minerals Inc.,Deep Fox + Foxtrot,Port Hope Simpson,NL,Announced & Planning,Mining,421.8,52.399277,-55.817757,Private,Critical Mineral,Yes,MIN-CM,1,0,1,0,0
644,2021,Ontario Power Generation,New Nuclear Power Plant Darlington Small Modular Reactor Project,Darlington,ON,Announced & Planning,Energy,,43.872684,-78.706527,Public,Nuclear,Yes,EN-NUC,1,0,1,0,0
644,2022,Ontario Power Generation,New Nuclear Power Plant - Darlington Small Modular Reactor Project,Darlington,ON,Announced & Planning,Energy,,43.872684,-78.706527,Public,Nuclear,Yes,EN-NUC,1,0,0,0,1
648,2017,Northern Graphite,Bissett Creek,near Pembroke,ON,Announced & Planning,Mining,134.1,46.157005,-77.723637,Private,Critical Mineral,Yes,MIN-CM,1,0,1,0,0
648,2018,Northern Graphite,Bissett Creek,near Pembroke,ON,Approved,Mining,102,46.157005,-77.723637,Private,Critical Mineral,Yes,MIN-CM,1,0,1,0,0
648,2019,Northern Graphite,Bissett Creek,near Pembroke,ON,Approved,Mining,134.1,46.157,-77.7236,Private,Critical Mineral,Yes,MIN-CM,1,0,1,0,0
648,2020,Northern Graphite,Bissett Creek,near Pembroke,ON,Approved,Mining,134,46.157005,-77.723637,Private,Critical Mineral,Yes,MIN-CM,1,0,1,0,0
648,2021,Northern Graphite,Bissett Creek,Pembroke,ON,Approved,Mining,134,46.157005,-77.723637,Private,Critical Mineral,Yes,MIN-CM,1,0,1,0,0
648,2022,Northern Graphite,Bissett Creek,Pembroke,ON,Approved,Mining,134.1,46.123732,-78.059214,Private,Critical Mineral,Yes,MIN-CM,1,0,1,0,0
648,2023,Northern Graphite,Bissett Creek,Pembroke,ON,In Review,Mining,110,46.123732,-78.059214,Private,Critical Mineral,Yes,MIN-CM,1,0,1,0,0
648,2024,Northern Graphite,Bissett Creek,Pembroke,ON,In Review,Mining,110,46.123732,-78.059214,Private,Critical Mineral,Yes,MIN-CM,1,0,1,0,0
649,2017,Husky Oil Operations Ltd.,Saleski' Thermal Oil Sands Project Using CSS,M.D. of Opportunity No. 17,AB,Approved,Energy,300,56.5933435,-113.0127423,Private,Oil & Gas - Upstream,No,EN-OG-U,1,0,1,0,0
649,2018,Husky Oil Operations Ltd.,Saleski' Thermal Oil Sands Project Using CSS,M.D. of Opportunity No. 17,AB,Approved,Energy,300,56.5933435,-113.0127423,Private,Oil & Gas - Upstream,No,EN-OG-U,1,0,1,0,0
649,2019,Husky Oil Operations Ltd.,Saleski' Thermal Oil Sands Project Using CSS,M.D. of Opportunity No. 17,AB,Approved,Energy,300,56.5933,-113.0127,Private,Oil & Gas - Upstream,No,EN-OG-U,1,0,1,0,0
649,2020,Husky Oil Operations Ltd.,Saleski' Thermal Oil Sands Project Using CSS,M.D. of Opportunity No. 17,AB,Approved,Energy,300,56.5933435,-113.0127423,Private,Oil & Gas - Upstream,No,EN-OG-U,1,0,1,0,0
649,2021,Husky Oil Operations Ltd.,Saleski' Thermal Oil Sands Project Using CSS,M.D. of Opportunity No. 17,AB,Approved,Energy,300,56.5933435,-113.0127423,Private,Oil & Gas - Upstream,No,EN-OG-U,1,0,1,0,0
649,2022,Husky Oil Operations Ltd.,Saleski' Thermal Oil Sands Project Using CSS,M.D. of Opportunity No. 17,AB,Approved,Energy,300,56.5933435,-113.0127423,Private,Oil & Gas - Upstream,No,EN-OG-U,1,0,1,0,0
649,2023,Husky Oil Operations Ltd.,Saleski' Thermal Oil Sands Project Using CSS,M.D. of Opportunity No. 17,AB,Approved,Energy,300,56.5933435,-113.0127423,Private,Oil & Gas - Upstream,No,EN-OG-U,1,0,1,0,0
649,2024,Husky Oil Operations Ltd.,Saleski' Thermal Oil Sands Project Using CSS,M.D. of Opportunity No. 17,AB,Approved,Energy,300,56.5933435,-113.0127423,Private,Oil & Gas - Upstream,No,EN-OG-U,1,0,1,0,0
650,2017,TransCanada,Prince Rupert Gas Transmission Project,North Montney to Port Edward (near Prince Rupert),BC,Approved,Energy,5000,54.235538,-130.293442,Private,Trans & Distr,No,EN-T&D,1,0,1,0,0
650,2018,TransCanada,Prince Rupert Gas Transmission Project,North Montney to Port Edward (near Prince Rupert),BC,Approved,Energy,5000,54.235538,-130.293442,Private,Trans & Distr,No,EN-T&D,1,0,1,0,0
650,2019,TransCanada,Prince Rupert Gas Transmission Project,North Montney to Port Edward (near Prince Rupert),BC,Announced & Planning,Energy,5000,54.2355,-130.2934,Private,Trans & Distr,No,EN-T&D,1,0,1,0,0
650,2020,TransCanada,Prince Rupert Gas Transmission Project,North Montney to Port Edward (near Prince Rupert),BC,Announced & Planning,Energy,5000,54.235538,-130.293442,Private,Trans & Distr,No,EN-T&D,1,0,1,0,0
650,2022,TransCanada,Prince Rupert Gas Transmission Project,North Montney to Port Edward (near Prince Rupert),BC,Approved,Energy,5000,54.235538,-130.293442,Private,Trans & Distr,No,EN-T&D,1,0,1,0,0
650,2023,TransCanada,Prince Rupert Gas Transmission Project,North Montney to Port Edward (near Prince Rupert),BC,Approved,Energy,5000,54.235538,-130.293442,Private,Trans & Distr,No,EN-T&D,1,0,1,0,0
650,2024,TransCanada,Prince Rupert Gas Transmission Project,North Montney to Port Edward (near Prince Rupert),BC,Announced & Planning,Energy,5000,54.235538,-130.293442,Private,Trans & Distr,No,EN-T&D,1,0,1,0,0
651,2017,FortisBC Energy (Vancouver Island) Inc.,Eagle Mountain - Woodfibre LNG Gas Pipeline Projects,Coquitlam to Squamish,BC,In Review,Energy,350,49.284917,-122.793083,Private,Trans & Distr,No,EN-T&D,1,0,1,0,0
651,2018,FortisBC Energy (Vancouver Island) Inc.,Eagle Mountain - Woodfibre LNG Gas Pipeline Projects,Coquitlam to Squamish,BC,In Review,Energy,350,49.284917,-122.793083,Private,Trans & Distr,No,EN-T&D,1,0,1,0,0
651,2019,FortisBC Energy (Vancouver Island) Inc.,Eagle Mountain - Woodfibre LNG Gas Pipeline Projects,Coquitlam to Squamish,BC,Approved,Energy,350,49.2849,-122.7931,Private,Trans & Distr,No,EN-T&D,1,0,1,0,0
651,2020,FortisBC Energy (Vancouver Island) Inc.,Eagle Mountain - Woodfibre LNG Gas Pipeline Projects,Coquitlam to Squamish,BC,Approved,Energy,350,49.284917,-122.793083,Private,Trans & Distr,No,EN-T&D,1,0,1,0,0
651,2021,FortisBC Energy (Vancouver Island) Inc.,Eagle Mountain - Woodfibre LNG Gas Pipeline Projects,Coquitlam to Squamish,BC,Approved,Energy,350,49.284917,-122.793083,Private,Trans & Distr,No,EN-T&D,1,0,1,0,0
651,2022,FortisBC Energy (Vancouver Island) Inc.,Eagle Mountain - Woodfibre LNG Gas Pipeline Projects,Coquitlam to Squamish,BC,Approved,Energy,350,49.284917,-122.793083,Private,Trans & Distr,No,EN-T&D,1,0,1,0,0
651,2023,FortisBC Energy (Vancouver Island) Inc.,Eagle Mountain - Woodfibre LNG Gas Pipeline Projects,Coquitlam to Squamish,BC,Approved,Energy,350,49.284917,-122.793083,Private,Trans & Distr,No,EN-T&D,1,0,1,0,0
651,2024,FortisBC Energy (Vancouver Island) Inc.,Eagle Mountain - Woodfibre LNG Gas Pipeline Projects,Coquitlam to Squamish,BC,Under Construction,Energy,350,49.284917,-122.793083,Private,Trans & Distr,No,EN-T&D,0,1,1,0,0
652,2017,Woodfibre LNG,Woodfibre LNG project,Squamish,BC,Approved,Energy,1600,49.666667,-123.252778,Private,Oil & Gas - Downstream,No,EN-OG-D,1,0,1,0,0
652,2018,Woodfibre LNG,Woodfibre LNG project,Squamish,BC,Approved,Energy,1600,49.666667,-123.252778,Private,Oil & Gas - Downstream,No,EN-OG-D,1,0,1,0,0
652,2019,Woodfibre LNG,Woodfibre LNG project,Squamish,BC,Approved,Energy,1600,49.6667,-123.2528,Private,Oil & Gas - Downstream,No,EN-OG-D,1,0,1,0,0
652,2020,Woodfibre LNG,Woodfibre LNG project,Squamish,BC,Approved,Energy,1600,49.666667,-123.252778,Private,Oil & Gas - Downstream,No,EN-OG-D,1,0,1,0,0
652,2021,Woodfibre LNG,Woodfibre LNG project,Squamish,BC,Approved,Energy,3500,49.666667,-123.252778,Private,Oil & Gas - Downstream,No,EN-OG-D,1,0,1,0,0
652,2022,Woodfibre LNG,Woodfibre LNG project,Squamish,BC,Approved,Energy,1600,49.666667,-123.252778,Private,Oil & Gas - Downstream,No,EN-OG-D,1,0,1,0,0
652,2023,Woodfibre LNG,Woodfibre LNG project,Squamish,BC,Approved,Energy,1600,49.666667,-123.252778,Private,Oil & Gas - Downstream,No,EN-OG-D,1,0,1,0,0
652,2024,Woodfibre LNG,Woodfibre LNG project,Squamish,BC,Under Construction,Energy,6880,49.666667,-123.252778,Private,Oil & Gas - Downstream,No,EN-OG-D,0,1,1,0,0
654,2017,Bruce Power,Bruce Nuclear Refurbishment,,ON,Announced & Planning,Energy,13000,44.3273,-81.5861,Private,Nuclear,Yes,EN-NUC,1,0,1,0,0
654,2018,Bruce Power,Bruce Nuclear Refurbishment,Tiverton,ON,In Review,Energy,13000,44.3273,-81.5861,Private,Nuclear,Yes,EN-NUC,1,0,1,0,0
654,2019,Bruce Power,Bruce Nuclear Refurbishment,Tiverton,ON,Approved,Energy,13000,44.3273,-81.5861,Private,Nuclear,Yes,EN-NUC,1,0,1,0,0
654,2020,Bruce Power,Bruce Nuclear Refurbishment,Tiverton,ON,Under Construction,Energy,13000,44.3273,-81.5861,Private,Nuclear,Yes,EN-NUC,0,1,1,0,0
654,2021,Bruce Power,Bruce Nuclear Refurbishment,Tiverton,ON,Under Construction,Energy,13000,44.3273,-81.5861,Private,Nuclear,Yes,EN-NUC,0,1,1,0,0
654,2022,Bruce Power,Bruce Nuclear Refurbishment,Tiverton,ON,Under Construction,Energy,13000,44.3273,-81.5861,Private,Nuclear,Yes,EN-NUC,0,1,1,0,0
654,2023,Bruce Power,Bruce Nuclear Refurbishment,Tiverton,ON,Under Construction,Energy,13000,44.3273,-81.5861,Private,Nuclear,Yes,EN-NUC,0,1,1,0,0
654,2024,Bruce Power,Bruce Nuclear Refurbishment,Tiverton,ON,Under Construction,Energy,13000,44.3273,-81.5861,Private,Nuclear,Yes,EN-NUC,0,1,1,0,0
657,2017,MEG Energy Corp. / Devon NEC,Access Northeast Pipeline Expansion,Conklin to Sturgeon Terminal in Redwater (Alberta),AB,Under Construction,Energy,1000,55.646454,-111.129711,Private,Trans & Distr,No,EN-T&D,0,1,0,1,0
658,2017,TransCanada,Napanee Generating Station,Napanee,ON,Under Construction,Energy,1200,44.1445,-76.8482,Private,Other,Yes,EN-OTH,0,1,1,0,0
658,2018,TransCanada,Napanee Generating Station,Napanee,ON,Under Construction,Energy,1200,44.1445,-76.8482,Private,Other,Yes,EN-OTH,0,1,1,0,0
658,2019,TransCanada,Napanee Generating Station,Napanee,ON,Under Construction,Energy,1200,44.1445,-76.8482,Private,Other,Yes,EN-OTH,0,1,0,1,0
659,2017,TransCanada,Heartland Pipeline Project,Edmonton to Hardisty,AB,Under Construction,Energy,900,53.785042,-113.066024,Private,Trans & Distr,No,EN-T&D,0,1,1,0,0
659,2018,TransCanada,Heartland Pipeline Project,Edmonton to Hardisty,AB,Approved,Energy,600,53.785042,-113.066024,Private,Trans & Distr,No,EN-T&D,1,0,1,0,0
659,2019,TransCanada,Heartland Pipeline Project,Edmonton to Hardisty,AB,Approved,Energy,900,53.785,-113.066,Private,Trans & Distr,No,EN-T&D,1,0,1,0,0
659,2020,TransCanada,Heartland Pipeline Project,Edmonton to Hardisty,AB,Approved,Energy,900,53.785042,-113.066024,Private,Trans & Distr,No,EN-T&D,1,0,1,0,0
659,2021,TransCanada,Heartland Pipeline Project,Edmonton to Hardisty,AB,Approved,Energy,900,53.785042,-113.066024,Private,Trans & Distr,No,EN-T&D,1,0,0,0,1
660,2017,ATCO Pipelines,Urban Pipeline Replacement Project,10 distincts projects in Edmonton and Calgary,AB,Approved,Energy,600,,,Private,Trans & Distr,No,EN-T&D,1,0,1,0,0
660,2018,ATCO Pipelines,Urban Pipeline Replacement Project,10 distincts projects in Edmonton and Calgary,AB,Under Construction,Energy,600,,,Private,Trans & Distr,No,EN-T&D,0,1,1,0,0
660,2019,ATCO Pipelines,Urban Pipeline Replacement Project,10 distincts projects in Edmonton and Calgary,AB,Under Construction,Energy,700,51.154395,-110.154472,Private,Trans & Distr,No,EN-T&D,0,1,1,0,0
660,2020,ATCO Pipelines,Urban Pipeline Replacement Project,10 distincts projects in Edmonton and Calgary,AB,Under Construction,Energy,700,51.154395,-110.154472,Private,Trans & Distr,No,EN-T&D,0,1,1,0,0
660,2021,ATCO Pipelines,Urban Pipeline Replacement Project,10 distincts projects in Edmonton and Calgary,AB,Under Construction,Energy,700,51.154395,-110.154472,Private,Trans & Distr,No,EN-T&D,0,1,0,1,0
662,2017,Prosper Petroleum,Rigel Oil Sands Project,Regional Municipality of Wood Buffalo,AB,In Review,Energy,390,57.36000061,-112.7099991,Private,Oil & Gas - Upstream,No,EN-OG-U,1,0,1,0,0
662,2018,Prosper Petroleum,Rigel Oil Sands Project,Regional Municipality of Wood Buffalo,AB,In Review,Energy,390,57.36000061,-112.7099991,Private,Oil & Gas - Upstream,No,EN-OG-U,1,0,1,0,0
662,2019,Prosper Petroleum,Rigel Oil Sands Project,Regional Municipality of Wood Buffalo,AB,In Review,Energy,390,57.36,-112.71,Private,Oil & Gas - Upstream,No,EN-OG-U,1,0,1,0,0
662,2020,Prosper Petroleum,Rigel Oil Sands Project,Regional Municipality of Wood Buffalo,AB,In Review,Energy,390,57.36000061,-112.7099991,Private,Oil & Gas - Upstream,No,EN-OG-U,1,0,1,0,0
662,2021,Prosper Petroleum,Rigel Oil Sands Project,Regional Municipality of Wood Buffalo,AB,In Review,Energy,390,57.36000061,-112.7099991,Private,Oil & Gas - Upstream,No,EN-OG-U,1,0,1,0,0
662,2022,Prosper Petroleum,Rigel Oil Sands Project,Regional Municipality of Wood Buffalo,AB,In Review,Energy,390,57.36000061,-112.7099991,Private,Oil & Gas - Upstream,No,EN-OG-U,1,0,0,0,1
668,2017,Pteragen Canada,Peace Butte Wind Farm,Cypress County,AB,Approved,Energy,200,49.896077,-110.867664,Private,Clean Electricity,Yes,EN-CLEL,1,0,1,0,0
668,2018,Pteragen Canada,Peace Butte Wind Farm,Cypress County,AB,Approved,Energy,200,49.896077,-110.867664,Private,Clean Electricity,Yes,EN-CLEL,1,0,1,0,0
668,2019,Pteragen Canada,Peace Butte Wind Farm,Cypress County,AB,Approved,Energy,200,49.8961,-110.8677,Private,Clean Electricity,Yes,EN-CLEL,1,0,1,0,0
668,2020,Pteragen Canada,Peace Butte Wind Farm,Cypress County,AB,Approved,Energy,200,49.896077,-110.867664,Private,Clean Electricity,Yes,EN-CLEL,1,0,0,0,1
669,2017,FarmTech,Ethanol plant,Oshawa,ON,Announced & Planning,Energy,200,43.868006,-78.823288,Private,Low Carbon Fuels,Yes,EN-LCF,1,0,0,0,1
671,2017,Pembina Pipeline Corp.,Saturn II Twinning,,AB,Under Construction,Energy,170,53.556136,-116.772683,Private,Oil & Gas - Upstream,No,EN-OG-U,0,1,0,1,0
679,2017,Gibson Energy Inc.,Edmonton Terminal Expansion,Edmonton,AB,Announced & Planning,Energy,100,53.5507,-113.3672,Private,Oil & Gas - Downstream,No,EN-OG-D,1,0,1,0,0
679,2018,Gibson Energy Inc.,Edmonton Terminal Expansion,Edmonton,AB,Announced & Planning,Energy,100,53.5507,-113.3672,Private,Oil & Gas - Downstream,No,EN-OG-D,1,0,0,0,1
684,2017,Osum Oil Sands Corp.,Sepiko Kesik Project,Municipal District of Opportunity,AB,In Review,Energy,3200,56.68899918,-113.1309967,Private,Oil & Gas - Upstream,No,EN-OG-U,1,0,1,0,0
684,2018,Osum Oil Sands Corp.,Sepiko Kesik Project,Municipal District of Opportunity,AB,In Review,Energy,3200,56.68899918,-113.1309967,Private,Oil & Gas - Upstream,No,EN-OG-U,1,0,1,0,0
684,2019,Osum Oil Sands Corp.,Sepiko Kesik Project,Municipal District of Opportunity,AB,Approved,Energy,3200,56.689,-113.131,Private,Oil & Gas - Upstream,No,EN-OG-U,1,0,1,0,0
684,2020,Osum Oil Sands Corp.,Sepiko Kesik Project,Municipal District of Opportunity,AB,Approved,Energy,3200,56.68899918,-113.1309967,Private,Oil & Gas - Upstream,No,EN-OG-U,1,0,1,0,0
684,2021,Osum Oil Sands Corp.,Sepiko Kesik Project,Municipal District of Opportunity,AB,Approved,Energy,3200,56.68899918,-113.1309967,Private,Oil & Gas - Upstream,No,EN-OG-U,1,0,1,0,0
684,2022,Osum Oil Sands Corp.,Sepiko Kesik Project,Municipal District of Opportunity,AB,Approved,Energy,3200,56.68899918,-113.1309967,Private,Oil & Gas - Upstream,No,EN-OG-U,1,0,1,0,0
684,2023,Osum Oil Sands Corp.,Sepiko Kesik Project,Municipal District of Opportunity,AB,Approved,Energy,3200,56.68899918,-113.1309967,Private,Oil & Gas - Upstream,No,EN-OG-U,1,0,1,0,0
684,2024,Osum Oil Sands Corp.,Sepiko Kesik Project,Municipal District of Opportunity,AB,Approved,Energy,3200,56.68899918,-113.1309967,Private,Oil & Gas - Upstream,No,EN-OG-U,1,0,1,0,0
685,2017,Resolute Forest Products,Plant Modernization,Thunder Bay,ON,In Review,Forest,,48.3591328,-89.2334139,Private,Other,Yes,FOR-OTH,1,0,1,0,0
685,2018,Resolute Forest Products,Plant Modernization,Thunder Bay,ON,In Review,Forest,,48.3591328,-89.2334139,Private,Other,Yes,FOR-OTH,1,0,1,0,0
685,2019,Resolute Forest Products,Plant Modernization,Thunder Bay,ON,In Review,Forest,,48.3591,-89.2334,Private,Other,Yes,FOR-OTH,1,0,1,0,0
685,2020,Resolute Forest Products,Plant Modernization,Thunder Bay,ON,In Review,Forest,,48.3591328,-89.2334139,Private,Other,Yes,FOR-OTH,1,0,0,0,1
688,2017,Graymont Western Canada Inc.,Giscome Quarry and Lime Plant Project,Prince George,BC,In Review,Mining,130,54.052936,-122.285282,Private,Other,No,MIN-OTH,1,0,1,0,0
688,2018,Graymont Western Canada Inc.,Giscome Quarry and Lime Plant Project,Prince George,BC,Approved,Mining,130,54.052936,-122.285282,Private,Other,No,MIN-OTH,1,0,1,0,0
688,2019,Graymont Western Canada Inc.,Giscome Quarry and Lime Plant Project,Prince George,BC,In Review,Mining,130,54.0529,-122.2853,Private,Other,No,MIN-OTH,1,0,1,0,0
688,2020,Graymont Western Canada Inc.,Giscome Quarry and Lime Plant Project,Prince George,BC,In Review,Mining,130,54.052936,-122.285282,Private,Other,No,MIN-OTH,1,0,1,0,0
688,2021,Graymont Western Canada Inc.,Giscome Quarry and Lime Plant Project,Prince George,BC,In Review,Mining,130,54.052936,-122.285282,Private,Other,No,MIN-OTH,1,0,1,0,0
688,2023,Graymont Western Canada Inc.,Giscome Quarry and Lime Plant Project,Prince George,BC,Approved,Mining,130,54.052936,-122.285282,Private,Other,No,MIN-OTH,1,0,1,0,0
688,2024,Graymont Western Canada Inc.,Giscome Quarry and Lime Plant Project,Prince George,BC,Approved,Mining,130,54.052936,-122.285282,Private,Other,No,MIN-OTH,1,0,1,0,0
689,2017,Innergex Wind Energy Inc and Saik'uz First Nation,"Nulki Hills, 30 km south of Vanderhoof",Vanderhoof,BC,In Review,Energy,56,53.926988,-124.089095,Private,Clean Electricity,Yes,EN-CLEL,1,0,1,0,0
689,2018,Innergex Wind Energy Inc and Saik'uz First Nation,Nulki Hills Wind Project,Vanderhoof,BC,In Review,Energy,56,53.926988,-124.089095,Private,Clean Electricity,Yes,EN-CLEL,1,0,1,0,0
689,2019,Innergex Wind Energy Inc and Saik'uz First Nation,Nulki Hills Wind Project,Vanderhoof,BC,In Review,Energy,45,53.927,-124.0891,Private,Clean Electricity,Yes,EN-CLEL,1,0,1,0,0
689,2020,Innergex Wind Energy Inc and Saik'uz First Nation,Nulki Hills Wind Project,Vanderhoof,BC,In Review,Energy,45,53.926988,-124.089095,Private,Clean Electricity,Yes,EN-CLEL,1,0,1,0,0
689,2021,Innergex Wind Energy Inc and Saik'uz First Nation,Nulki Hills Wind Project,Vanderhoof,BC,In Review,Energy,45,53.926988,-124.089095,Private,Clean Electricity,Yes,EN-CLEL,1,0,1,0,0
689,2022,Innergex Wind Energy Inc and Saik'uz First Nation,Nulki Hills Wind Project,Vanderhoof,BC,In Review,Energy,45,53.926988,-124.089095,Private,Clean Electricity,Yes,EN-CLEL,1,0,1,0,0
689,2023,Innergex Wind Energy Inc and Saik'uz First Nation,Nulki Hills Wind Project,Vanderhoof,BC,In Review,Energy,45,53.926988,-124.089095,Private,Clean Electricity,Yes,EN-CLEL,1,0,0,0,1
690,2019,Innergex Renewable Energy Inc.,Statlu Creek Hydroelectric Project,Chehalis,BC,Announced & Planning,Energy,25,49.2817,-121.9308,Private,Clean Electricity,Yes,EN-CLEL,1,0,0,0,1
691,2018,EDF Energies Nouvelles,Sundance Wind Project,Tumbler Ridge,BC,In Review,Energy,600,55.334152,-121.100275,Private,Clean Electricity,Yes,EN-CLEL,1,0,0,0,1
692,2017,EDF Renouvelables,Taylor Wind Project,Taylor,BC,In Review,Energy,900,55.999947,-120.764046,Private,Clean Electricity,Yes,EN-CLEL,1,0,1,0,0
692,2018,EDF Renouvelables,Taylor Wind Project,Taylor,BC,In Review,Energy,900,55.999947,-120.764046,Private,Clean Electricity,Yes,EN-CLEL,1,0,1,0,0
692,2019,EDF Renouvelables,Taylor Wind Project,Taylor,BC,In Review,Energy,900,55.9999,-120.764,Private,Clean Electricity,Yes,EN-CLEL,1,0,1,0,0
692,2020,EDF Renouvelables,Taylor Wind Project,Taylor,BC,In Review,Energy,900,55.999947,-120.764046,Private,Clean Electricity,Yes,EN-CLEL,1,0,1,0,0
692,2021,EDF Renouvelables,Taylor Wind Project,Taylor,BC,In Review,Energy,900,55.999947,-120.764046,Private,Clean Electricity,Yes,EN-CLEL,1,0,1,0,0
692,2022,EDF Renouvelables,Taylor Wind Project,Taylor,BC,In Review,Energy,900,55.999947,-120.764046,Private,Clean Electricity,Yes,EN-CLEL,1,0,1,0,0
692,2023,EDF Renouvelables,Taylor Wind Project,Taylor,BC,Announced & Planning,Energy,900,55.999947,-120.764046,Private,Clean Electricity,Yes,EN-CLEL,1,0,1,0,0
692,2024,EDF Renouvelables,Taylor Wind Project,Taylor,BC,In Review,Energy,900,55.999947,-120.764046,Private,Clean Electricity,Yes,EN-CLEL,1,0,1,0,0
693,2017,Imperial Oil Limited,Aspen' oil sands project (SAGD),Regional Municipality of Wood Buffalo,AB,In Review,Energy,7000,57.242382,-111.5391,Private,Oil & Gas - Upstream,No,EN-OG-U,1,0,1,0,0
693,2018,Imperial Oil Limited,Aspen' oil sands project (SAGD),Regional Municipality of Wood Buffalo,AB,Approved,Energy,7000,57.242382,-111.5391,Private,Oil & Gas - Upstream,No,EN-OG-U,1,0,1,0,0
693,2019,Imperial Oil Limited,Aspen' oil sands project (SAGD),Regional Municipality of Wood Buffalo,AB,Under Construction,Energy,5200,57.2424,-111.5391,Private,Oil & Gas - Upstream,No,EN-OG-U,0,1,1,0,0
693,2023,Imperial Oil Limited,Aspen' oil sands project (SAGD),Regional Municipality of Wood Buffalo,AB,Announced & Planning,Energy,5200,57.242382,-111.5391,Private,Oil & Gas - Upstream,No,EN-OG-U,1,0,1,0,0
693,2024,Imperial Oil Limited,Aspen' oil sands project (SAGD),Regional Municipality of Wood Buffalo,AB,Announced & Planning,Energy,5200,57.242382,-111.5391,Private,Oil & Gas - Upstream,No,EN-OG-U,1,0,1,0,0
694,2017,Goldcorp,Cochenour Mine,Red Lake,ON,Under Construction,Mining,496,51.0715,-93.8068,Private,Precious Metal,No,MIN-PM,0,1,1,0,0
694,2018,Goldcorp Inc.,Cochenour Mine,Red Lake,ON,Under Construction,Mining,535.78,51.0715,-93.8068,Private,Precious Metal,No,MIN-PM,0,1,1,0,0
694,2019,Newmont Goldcorp Corp.,Cochenour Mine,Red Lake,ON,Under Construction,Mining,535.78,51.0715,-93.8068,Private,Precious Metal,No,MIN-PM,0,1,0,1,0
695,2017,Enbridge,GTA Project (Pipeline Expansion),Toronto,ON,Under Construction,Energy,900,43.679125,-79.406582,Private,Trans & Distr,No,EN-T&D,0,1,0,1,0
697,2017,"Husky Energy Inc., Suncor, Nalcor Energy",White Rose Expansion - White Rose West,Offshore Newfoundland,NL,Announced & Planning,Energy,2500,46.4719,-48.0054,Private,Clean Electricity,Yes,EN-CLEL,1,0,1,0,0
697,2018,"Husky Energy Inc., Suncor, Nalcor Energy",White Rose Expansion - White Rose West,Offshore Newfoundland,NL,Under Construction,Energy,3200,46.4719,-48.0054,Private,Clean Electricity,Yes,EN-CLEL,0,1,1,0,0
697,2019,"Husky Energy Inc., Suncor, Nalcor Energy",White Rose Expansion - White Rose West,Offshore Newfoundland,NL,Under Construction,Energy,3200,46.4719,-48.0054,Private,Clean Electricity,Yes,EN-CLEL,0,1,1,0,0
697,2020,"Husky Energy Inc., Suncor, Nalcor Energy",White Rose Expansion - White Rose West,Offshore Newfoundland,NL,Under Construction,Energy,3200,46.4719,-48.0054,Private,Clean Electricity,Yes,EN-CLEL,0,1,1,0,0
697,2023,"Husky Energy Inc., Suncor, Nalcor Energy",White Rose Expansion - White Rose West,Offshore Newfoundland,NL,Under Construction,Energy,3800,46.4719,-48.0054,Private,Clean Electricity,Yes,EN-CLEL,0,1,1,0,0
697,2024,"Husky Energy Inc., Suncor, Nalcor Energy",White Rose Expansion - White Rose West,Offshore Newfoundland,NL,Under Construction,Energy,3800,46.4719,-48.0054,Private,Clean Electricity,Yes,EN-CLEL,0,1,1,0,0
703,2017,Ethanol Cellulosique Varennes s.e.c. (Recyclage Carbone Varennes),Usine de carburant a faible intensite carbone (inclut un electrolyseur),Varennes,QC,Under Construction,Energy,150,45.681215,-73.435092,Private,Low Carbon Fuels,Yes,EN-LCF,0,1,1,0,0
703,2018,Ethanol Cellulosique Varennes s.e.c. (Recyclage Carbone Varennes),Usine de carburant a faible intensite carbone (inclut un electrolyseur),Varennes,QC,Under Construction,Energy,150,45.681215,-73.435092,Private,Low Carbon Fuels,Yes,EN-LCF,0,1,1,0,0
703,2019,Ethanol Cellulosique Varennes s.e.c. (Recyclage Carbone Varennes),Usine de carburant a faible intensite carbone (inclut un electrolyseur),Varennes,QC,In Review,Energy,150,45.6812,-73.4351,Private,Low Carbon Fuels,Yes,EN-LCF,1,0,1,0,0
703,2020,Ethanol Cellulosique Varennes s.e.c. (Recyclage Carbone Varennes),Usine de carburant a faible intensite carbone (inclut un electrolyseur),Varennes,QC,In Review,Energy,150,45.681215,-73.435092,Private,Low Carbon Fuels,Yes,EN-LCF,1,0,1,0,0
703,2021,Ethanol Cellulosique Varennes s.e.c. (Recyclage Carbone Varennes),Usine de carburant a faible intensite carbone (inclut un electrolyseur),Varennes,QC,Under Construction,Energy,875,45.681215,-73.435092,Private,Low Carbon Fuels,Yes,EN-LCF,0,1,1,0,0
703,2022,Ethanol Cellulosique Varennes s.e.c. (Recyclage Carbone Varennes),Usine de carburant a faible intensite carbone (inclut un electrolyseur),Varennes,QC,Under Construction,Energy,875,45.681215,-73.435092,Private,Low Carbon Fuels,Yes,EN-LCF,0,1,1,0,0
703,2023,Ethanol Cellulosique Varennes s.e.c. (Recyclage Carbone Varennes),Usine de carburant a faible intensite carbone (inclut un electrolyseur),Varennes,QC,Under Construction,Energy,875,45.681215,-73.435092,Private,Low Carbon Fuels,Yes,EN-LCF,0,1,1,0,0
703,2024,Ethanol Cellulosique Varennes s.e.c. (Recyclage Carbone Varennes),Usine de carburant a faible intensite carbone (inclut un electrolyseur),Varennes,QC,Under Construction,Energy,1200,45.681215,-73.435092,Private,Low Carbon Fuels,Yes,EN-LCF,0,1,1,0,0
706,2017,Quicksilver Resources Canada Inc.,Discovery LNG,Campbell River,BC,In Review,Energy,2000,50.045676,-125.27504,Private,Oil & Gas - Downstream,No,EN-OG-D,1,0,1,0,0
706,2018,Quicksilver Resources Canada Inc.,Discovery LNG,Campbell River,BC,In Review,Energy,2000,50.045676,-125.27504,Private,Oil & Gas - Downstream,No,EN-OG-D,1,0,1,0,0
706,2019,Quicksilver Resources Canada Inc.,Discovery LNG,Campbell River,BC,Announced & Planning,Energy,2000,50.0457,-125.275,Private,Oil & Gas - Downstream,No,EN-OG-D,1,0,1,0,0
706,2020,Quicksilver Resources Canada Inc.,Discovery LNG,Campbell River,BC,Announced & Planning,Energy,2000,50.045676,-125.27504,Private,Oil & Gas - Downstream,No,EN-OG-D,1,0,1,0,0
706,2021,Quicksilver Resources Canada Inc.,Discovery LNG,Campbell River,BC,Announced & Planning,Energy,2000,50.045676,-125.27504,Private,Oil & Gas - Downstream,No,EN-OG-D,1,0,0,0,1
707,2020,Port Alberni Harbour Authority,Port Alberni LNG Export Facility,Port Alberni,BC,Announced & Planning,Energy,1600,49.230014,-124.81106,Public,Oil & Gas - Downstream,No,EN-OG-D,1,0,1,0,0
707,2021,Port Alberni Harbour Authority,Port Alberni LNG Export Facility,Port Alberni,BC,Announced & Planning,Energy,1600,49.230014,-124.81106,Public,Oil & Gas - Downstream,No,EN-OG-D,1,0,1,0,0
707,2024,Port Alberni Harbour Authority,Port Alberni LNG Export Facility,Port Alberni,BC,Announced & Planning,Energy,1600,49.230014,-124.81106,Public,Oil & Gas - Downstream,No,EN-OG-D,1,0,1,0,0
708,2017,Fortis BC,Tilbury LNG Facility Expansion,Delta,BC,Under Construction,Energy,400,49.144436,-123.024216,Private,Oil & Gas - Downstream,No,EN-OG-D,0,1,1,0,0
708,2018,Fortis BC,Tilbury LNG Facility Expansion,Delta,BC,Under Construction,Energy,400,49.144436,-123.024216,Private,Oil & Gas - Downstream,No,EN-OG-D,0,1,0,1,0
709,2017,TimberWest Forest Corp./EDP Renewables,Sooke Wind Project,Sooke,BC,Announced & Planning,Energy,750,48.376863,-123.737726,Private,Clean Electricity,Yes,EN-CLEL,1,0,1,0,0
709,2018,TimberWest Forest Corp./EDP Renewables,Sooke Wind Project,Sooke,BC,Announced & Planning,Energy,750,48.376863,-123.737726,Private,Clean Electricity,Yes,EN-CLEL,1,0,0,0,1
712,2017,Sequoia Energy Inc.,Quottoon Cluster of Hydroelectric Projects,Prince Rupert,BC,Announced & Planning,Energy,120,54.324533,-130.323944,Private,Clean Electricity,Yes,EN-CLEL,1,0,1,0,0
712,2018,Sequoia Energy Inc.,Quottoon Cluster of Hydroelectric Projects,Prince Rupert,BC,In Review,Energy,120,54.324533,-130.323944,Private,Clean Electricity,Yes,EN-CLEL,1,0,1,0,0
712,2019,Sequoia Energy Inc.,Quottoon Cluster of Hydroelectric Projects,Prince Rupert,BC,In Review,Energy,120,54.3245,-130.3239,Private,Clean Electricity,Yes,EN-CLEL,1,0,1,0,0
712,2020,Sequoia Energy Inc.,Quottoon Cluster of Hydroelectric Projects,Prince Rupert,BC,In Review,Energy,120,54.324533,-130.323944,Private,Clean Electricity,Yes,EN-CLEL,1,0,1,0,0
712,2021,Sequoia Energy Inc.,Quottoon Cluster of Hydroelectric Projects,Prince Rupert,BC,In Review,Energy,120,54.324533,-130.323944,Private,Clean Electricity,Yes,EN-CLEL,1,0,1,0,0
712,2022,Sequoia Energy Inc.,Quottoon Cluster of Hydroelectric Projects,Prince Rupert,BC,In Review,Energy,120,54.324533,-130.323944,Private,Clean Electricity,Yes,EN-CLEL,1,0,1,0,0
712,2023,Sequoia Energy Inc.,Quottoon Cluster of Hydroelectric Projects,Prince Rupert,BC,In Review,Energy,120,54.324533,-130.323944,Private,Clean Electricity,Yes,EN-CLEL,1,0,0,0,1
713,2017,NOVA Gas Transmission Ltd.,North Montney Mainline,Peace River,BC,In Review,Energy,1666,56.728622,-123.200684,Private,Trans & Distr,No,EN-T&D,1,0,1,0,0
713,2018,NOVA Gas Transmission Ltd.,North Montney Mainline,Peace River,BC,Approved,Energy,1666,56.728622,-123.200684,Private,Trans & Distr,No,EN-T&D,1,0,1,0,0
713,2019,NOVA Gas Transmission Ltd.,North Montney Mainline,Peace River,BC,Under Construction,Energy,1700,56.7286,-123.2007,Private,Trans & Distr,No,EN-T&D,0,1,1,0,0
713,2020,NOVA Gas Transmission Ltd.,North Montney Mainline,Peace River,BC,In Review,Energy,1700,56.728622,-123.200684,Private,Trans & Distr,No,EN-T&D,1,0,1,0,0
713,2021,NOVA Gas Transmission Ltd.,North Montney Mainline,Peace River,BC,Approved,Energy,1700,56.728622,-123.200684,Private,Trans & Distr,No,EN-T&D,1,0,1,0,0
713,2022,NOVA Gas Transmission Ltd.,North Montney Mainline,Peace River,BC,In Review,Energy,1700,56.728622,-123.200684,Private,Trans & Distr,No,EN-T&D,1,0,0,0,1
714,2017,Fortis Generation Inc.,Hydroelectric Dam,Princeton,BC,Announced & Planning,Energy,150,49.461988,-120.505943,Private,Clean Electricity,Yes,EN-CLEL,1,0,1,0,0
714,2021,Fortis Generation Inc.,Hydroelectric Dam,Princeton,BC,Announced & Planning,Energy,150,49.461988,-120.505943,Private,Clean Electricity,Yes,EN-CLEL,1,0,1,0,0
714,2022,Fortis Generation Inc.,Hydroelectric Dam,Princeton,BC,Announced & Planning,Energy,150,49.461988,-120.505943,Private,Clean Electricity,Yes,EN-CLEL,1,0,1,0,0
714,2023,Fortis Generation Inc.,Hydroelectric Dam,Princeton,BC,Announced & Planning,Energy,150,49.461988,-120.505943,Private,Clean Electricity,Yes,EN-CLEL,1,0,0,0,1
718,2017,Kitimat Clean Ltd.,Kitimat Clean Oil Refinery,Kitimat,BC,Announced & Planning,Energy,22000,54.1666667,-128.7,Private,Oil & Gas - Downstream,No,EN-OG-D,1,0,1,0,0
718,2018,Kitimat Clean Ltd.,Kitimat Clean Oil Refinery,Kitimat,BC,Announced & Planning,Energy,22000,54.1666667,-128.7,Private,Oil & Gas - Downstream,No,EN-OG-D,1,0,1,0,0
718,2019,Kitimat Clean Ltd.,Kitimat Clean Oil Refinery,Kitimat,BC,In Review,Energy,22000,54.1667,-128.7,Private,Oil & Gas - Downstream,No,EN-OG-D,1,0,1,0,0
718,2020,Kitimat Clean Ltd.,Kitimat Clean Oil Refinery,Kitimat,BC,In Review,Energy,22000,54.1666667,-128.7,Private,Oil & Gas - Downstream,No,EN-OG-D,1,0,1,0,0
718,2021,Kitimat Clean Ltd.,Kitimat Clean Oil Refinery,Kitimat,BC,In Review,Energy,22000,54.1666667,-128.7,Private,Oil & Gas - Downstream,No,EN-OG-D,1,0,1,0,0
718,2022,Kitimat Clean Ltd.,Kitimat Clean Oil Refinery,Kitimat,BC,In Review,Energy,22000,54.1666667,-128.7,Private,Oil & Gas - Downstream,No,EN-OG-D,1,0,1,0,0
718,2023,Kitimat Clean Ltd.,Kitimat Clean Oil Refinery,Kitimat,BC,In Review,Energy,22000,54.1666667,-128.7,Private,Oil & Gas - Downstream,No,EN-OG-D,1,0,1,0,0
718,2024,Kitimat Clean Ltd.,Kitimat Clean Oil Refinery,Kitimat,BC,In Review,Energy,22000,54.1666667,-128.7,Private,Oil & Gas - Downstream,No,EN-OG-D,1,0,1,0,0
721,2017,BC Hydro,Horsey GIS Replacement Program,"Horsey Substation, Victoria",BC,Under Construction,Energy,32,48.44259,-123.366429,Public,Clean Electricity,Yes,EN-CLEL,0,1,0,1,0
725,2017,Greater Vancouver Regional District,Capilano (Cleveland) Dam Power Plant,North Vancouver,BC,Announced & Planning,Energy,90,49.360504,-123.11085,Private,Clean Electricity,Yes,EN-CLEL,1,0,1,0,0
725,2018,Greater Vancouver Regional District,Capilano (Cleveland) Dam Power Plant,North Vancouver,BC,Announced & Planning,Energy,90,49.360504,-123.11085,Private,Clean Electricity,Yes,EN-CLEL,1,0,1,0,0
725,2019,Greater Vancouver Regional District,Capilano (Cleveland) Dam Power Plant,North Vancouver,BC,Announced & Planning,Energy,90,49.3605,-123.1109,Private,Clean Electricity,Yes,EN-CLEL,1,0,1,0,0
725,2020,Greater Vancouver Regional District,Capilano (Cleveland) Dam Power Plant,North Vancouver,BC,Announced & Planning,Energy,90,49.360504,-123.11085,Private,Clean Electricity,Yes,EN-CLEL,1,0,1,0,0
725,2021,Greater Vancouver Regional District,Capilano (Cleveland) Dam Power Plant,North Vancouver,BC,Announced & Planning,Energy,90,49.360504,-123.11085,Private,Clean Electricity,Yes,EN-CLEL,1,0,1,0,0
725,2022,Greater Vancouver Regional District,Capilano (Cleveland) Dam Power Plant,North Vancouver,BC,Announced & Planning,Energy,90,49.360504,-123.11085,Private,Clean Electricity,Yes,EN-CLEL,1,0,1,0,0
725,2023,Greater Vancouver Regional District,Capilano (Cleveland) Dam Power Plant,North Vancouver,BC,Announced & Planning,Energy,90,49.360504,-123.11085,Private,Clean Electricity,Yes,EN-CLEL,1,0,1,0,0
725,2024,Greater Vancouver Regional District,Capilano (Cleveland) Dam Power Plant,North Vancouver,BC,Announced & Planning,Energy,90,49.360504,-123.11085,Private,Clean Electricity,Yes,EN-CLEL,1,0,1,0,0
732,2017,BC Hydro,Big Bend Substation (BBS)(was South Burnaby Reinforcement),South Burnaby,BC,Under Construction,Energy,56,49.200394,-122.986563,Public,Trans & Distr,No,EN-T&D,0,1,0,1,0
736,2017,BC Hydro,Courtenay Area Substation,Courtenay Area,BC,Under Construction,Energy,28,49.687268,-124.99051,Public,Trans & Distr,No,EN-T&D,0,1,0,1,0
737,2021,BC Hydro,Capilano Substation Upgrade,North Vancouver,BC,Under Construction,Energy,87,49.33507,-123.108289,Public,Trans & Distr,No,EN-T&D,0,1,1,0,0
737,2022,BC Hydro,Capilano Substation Upgrade,North Vancouver,BC,Under Construction,Energy,87,49.33507,-123.108289,Public,Trans & Distr,No,EN-T&D,0,1,1,0,0
737,2023,BC Hydro,Capilano Substation Upgrade,North Vancouver,BC,Under Construction,Energy,87,49.33507,-123.108289,Public,Trans & Distr,No,EN-T&D,0,1,1,0,0
737,2024,BC Hydro,Capilano Substation Upgrade,North Vancouver,BC,Under Construction,Energy,87,49.33507,-123.108289,Public,Trans & Distr,No,EN-T&D,0,1,1,0,0
746,2021,Innergex Renewable Energy Inc.,Tipella Creek Hydropower Project,Mica,BC,In Review,Energy,44,51.841115,-118.61614,Private,Clean Electricity,Yes,EN-CLEL,1,0,1,0,0
746,2022,Innergex Renewable Energy Inc.,Tipella Creek Hydropower Project,Mica,BC,In Review,Energy,44,51.841115,-118.61614,Private,Clean Electricity,Yes,EN-CLEL,1,0,1,0,0
746,2023,Innergex Renewable Energy Inc.,Tipella Creek Hydropower Project,Mica,BC,In Review,Energy,44,51.841115,-118.61614,Private,Clean Electricity,Yes,EN-CLEL,1,0,0,0,1
752,2017,Swift Power Corp.,Jervis Inlet Hydro Project,Sechelt,BC,Announced & Planning,Energy,25,49.8638,-123.863,Private,Clean Electricity,Yes,EN-CLEL,1,0,0,0,1
753,2017,Kruger Energy Inc.,Maselpanik Creek Hydro Project,Chilliwack,BC,Announced & Planning,Energy,400,,0,Private,Clean Electricity,Yes,EN-CLEL,1,0,1,0,0
753,2020,Kruger Energy Inc.,Maselpanik Creek Hydro Project,Chilliwack,BC,In Review,Energy,35,,0,Private,Clean Electricity,Yes,EN-CLEL,1,0,1,0,0
753,2021,Kruger Energy Inc.,Maselpanik Creek Hydro Project,Chilliwack,BC,In Review,Energy,35,,0,Private,Clean Electricity,Yes,EN-CLEL,1,0,1,0,0
753,2022,Kruger Energy Inc.,Maselpanik Creek Hydro Project,Chilliwack,BC,In Review,Energy,35,,0,Private,Clean Electricity,Yes,EN-CLEL,1,0,1,0,0
753,2023,Kruger Energy Inc.,Maselpanik Creek Hydro Project,Chilliwack,BC,In Review,Energy,35,,0,Private,Clean Electricity,Yes,EN-CLEL,1,0,1,0,0
753,2024,Kruger Energy Inc.,Maselpanik Creek Hydro Project,Chilliwack,BC,In Review,Energy,35,49.089,-121.2584,Private,Clean Electricity,Yes,EN-CLEL,1,0,1,0,0
754,2017,Pacific Coastal Wave Energy Corp.,Wave Energy Project,Ucluelet,BC,Announced & Planning,Energy,20,48.9206,-125.5448,Private,Clean Electricity,Yes,EN-CLEL,1,0,1,0,0
754,2018,Pacific Coastal Wave Energy Corp.,Wave Energy Project,Ucluelet,BC,Announced & Planning,Energy,20,48.9206,-125.5448,Private,Clean Electricity,Yes,EN-CLEL,1,0,1,0,0
754,2019,Pacific Coastal Wave Energy Corp.,Wave Energy Project,Ucluelet,BC,Announced & Planning,Energy,20,48.9206,-125.5448,Private,Clean Electricity,Yes,EN-CLEL,1,0,1,0,0
754,2020,Pacific Coastal Wave Energy Corp.,Wave Energy Project,Ucluelet,BC,Announced & Planning,Energy,20,48.9206,-125.5448,Private,Clean Electricity,Yes,EN-CLEL,1,0,1,0,0
754,2021,Pacific Coastal Wave Energy Corp.,Wave Energy Project,Ucluelet,BC,Announced & Planning,Energy,20,48.9206,-125.5448,Private,Clean Electricity,Yes,EN-CLEL,1,0,1,0,0
754,2022,Pacific Coastal Wave Energy Corp.,Wave Energy Project,Ucluelet,BC,Announced & Planning,Energy,20,48.9206,-125.5448,Private,Clean Electricity,Yes,EN-CLEL,1,0,1,0,0
754,2023,Pacific Coastal Wave Energy Corp.,Wave Energy Project,Ucluelet,BC,Announced & Planning,Energy,20,48.9206,-125.5448,Private,Clean Electricity,Yes,EN-CLEL,1,0,1,0,0
754,2024,Pacific Coastal Wave Energy Corp.,Wave Energy Project,Ucluelet,BC,Announced & Planning,Energy,20,48.9206,-125.5448,Private,Clean Electricity,Yes,EN-CLEL,1,0,1,0,0
757,2020,Innergex Renewable Energy Inc.,Shovel Creek Hydroelectric Project,Harrison Hot Springs,BC,In Review,Energy,40,49.7212,-121.8148,Private,Clean Electricity,Yes,EN-CLEL,1,0,1,0,0
757,2021,Innergex Renewable Energy Inc.,Shovel Creek Hydroelectric Project,Harrison Hot Springs,BC,In Review,Energy,40,49.7212,-121.8148,Private,Clean Electricity,Yes,EN-CLEL,1,0,1,0,0
757,2022,Innergex Renewable Energy Inc.,Shovel Creek Hydroelectric Project,Harrison Hot Springs,BC,In Review,Energy,40,49.7212,-121.8148,Private,Clean Electricity,Yes,EN-CLEL,1,0,1,0,0
757,2023,Innergex Renewable Energy Inc.,Shovel Creek Hydroelectric Project,Harrison Hot Springs,BC,In Review,Energy,40,49.7212,-121.8148,Private,Clean Electricity,Yes,EN-CLEL,1,0,1,0,0
757,2024,Innergex Renewable Energy Inc.,Shovel Creek Hydroelectric Project,Harrison Hot Springs,BC,In Review,Energy,40,49.7212,-121.8148,Private,Clean Electricity,Yes,EN-CLEL,1,0,1,0,0
758,2017,Pristine Power Inc./Cheslatta Forest Products,Cheslatta Green Energy Project,Burns Lake,BC,Announced & Planning,Energy,46,53.5792,-124.95,Private,Clean Electricity,Yes,EN-CLEL,1,0,1,0,0
758,2018,Pristine Power Inc./Cheslatta Forest Products,Cheslatta Green Energy Project,Burns Lake,BC,Announced & Planning,Energy,46,53.5792,-124.95,Private,Clean Electricity,Yes,EN-CLEL,1,0,1,0,0
758,2019,Pristine Power Inc./Cheslatta Forest Products,Cheslatta Green Energy Project,Burns Lake,BC,In Review,Energy,46,53.5792,-124.95,Private,Clean Electricity,Yes,EN-CLEL,1,0,1,0,0
758,2020,Pristine Power Inc./Cheslatta Forest Products,Cheslatta Green Energy Project,Burns Lake,BC,In Review,Energy,46,53.5792,-124.95,Private,Clean Electricity,Yes,EN-CLEL,1,0,1,0,0
758,2021,Pristine Power Inc./Cheslatta Forest Products,Cheslatta Green Energy Project,Burns Lake,BC,In Review,Energy,46,53.5792,-124.95,Private,Clean Electricity,Yes,EN-CLEL,1,0,1,0,0
758,2022,Pristine Power Inc./Cheslatta Forest Products,Cheslatta Green Energy Project,Burns Lake,BC,In Review,Energy,46,53.5792,-124.95,Private,Clean Electricity,Yes,EN-CLEL,1,0,1,0,0
758,2023,Pristine Power Inc./Cheslatta Forest Products,Cheslatta Green Energy Project,Burns Lake,BC,In Review,Energy,46,53.5792,-124.95,Private,Clean Electricity,Yes,EN-CLEL,1,0,1,0,0
758,2024,Pristine Power Inc./Cheslatta Forest Products,Cheslatta Green Energy Project,Burns Lake,BC,In Review,Energy,46,53.5792,-124.95,Private,Clean Electricity,Yes,EN-CLEL,1,0,1,0,0
759,2017,KMC Power,Tamihi Creek Hydro Project,Chilliwack,BC,In Review,Energy,50,49.0461,-121.8196,Private,Clean Electricity,Yes,EN-CLEL,1,0,1,0,0
759,2018,KMC Power,Tamihi Creek Hydro Project,Chilliwack,BC,In Review,Energy,50,49.0461,-121.8196,Private,Clean Electricity,Yes,EN-CLEL,1,0,1,0,0
759,2019,KMC Power,Tamihi Creek Hydro Project,Chilliwack,BC,In Review,Energy,50,49.0461,-121.8196,Private,Clean Electricity,Yes,EN-CLEL,1,0,1,0,0
759,2020,KMC Power,Tamihi Creek Hydro Project,Chilliwack,BC,In Review,Energy,50,49.0461,-121.8196,Private,Clean Electricity,Yes,EN-CLEL,1,0,1,0,0
759,2021,KMC Power,Tamihi Creek Hydro Project,Chilliwack,BC,In Review,Energy,50,49.0461,-121.8196,Private,Clean Electricity,Yes,EN-CLEL,1,0,1,0,0
759,2022,KMC Power,Tamihi Creek Hydro Project,Chilliwack,BC,In Review,Energy,50,49.0461,-121.8196,Private,Clean Electricity,Yes,EN-CLEL,1,0,1,0,0
759,2023,KMC Power,Tamihi Creek Hydro Project,Chilliwack,BC,In Review,Energy,50,49.0461,-121.8196,Private,Clean Electricity,Yes,EN-CLEL,1,0,1,0,0
759,2024,KMC Power,Tamihi Creek Hydro Project,Chilliwack,BC,In Review,Energy,50,49.0461,-121.8196,Private,Clean Electricity,Yes,EN-CLEL,1,0,1,0,0
761,2021,TransAlta Corporation - Sorgente,Clemina Creek Hydro Project,Kamloops,BC,Under Construction,Energy,45,52.763464,-119.268265,Private,Clean Electricity,Yes,EN-CLEL,0,1,1,0,0
761,2022,TransAlta Corporation - Sorgente,Clemina Creek Hydro Project,Kamloops,BC,Under Construction,Energy,45,52.763464,-119.268265,Private,Clean Electricity,Yes,EN-CLEL,0,1,0,1,0
762,2017,Kitsault Hydroelectric Corp.,Kitsault River and Homestake Creek Hydro Project,Alice Arm,BC,Under Construction,Energy,21,55.483636,-124.490098,Private,Clean Electricity,Yes,EN-CLEL,0,1,0,1,0
763,2017,Highwater Power Corporation,Kookipi Creek Water Power Project,Boston Bar,BC,Announced & Planning,Energy,20,49.963971,-121.6835,Private,Clean Electricity,Yes,EN-LCF,1,0,1,0,0
763,2018,Highwater Power Corporation Altagas Ltd.,Kookipi Creek Water Power Project,Boston Bar,BC,Announced & Planning,Energy,20,49.963971,-121.6835,Private,Clean Electricity,Yes,EN-LCF,1,0,1,0,0
763,2019,Highwater Power Corporation Altagas Ltd.,Kookipi Creek Water Power Project,Boston Bar,BC,Announced & Planning,Energy,20,49.964,-121.6835,Private,Clean Electricity,Yes,EN-LCF,1,0,1,0,0
763,2020,Highwater Power Corporation Altagas Ltd.,Kookipi Creek Water Power Project,Boston Bar,BC,Announced & Planning,Energy,20,49.963971,-121.6835,Private,Clean Electricity,Yes,EN-LCF,1,0,0,0,1
764,2017,Highwater Power Corporation Altagas Ltd.,Log Creek Water Power Project,Boston Bar,BC,Announced & Planning,Energy,20,50.05884,-121.717396,Private,Clean Electricity,Yes,EN-LCF,1,0,1,0,0
764,2018,Highwater Power Corporation Altagas Ltd.,Log Creek Water Power Project,Boston Bar,BC,Announced & Planning,Energy,20,50.05884,-121.717396,Private,Clean Electricity,Yes,EN-LCF,1,0,1,0,0
764,2019,Highwater Power Corporation Altagas Ltd.,Log Creek Water Power Project,Boston Bar,BC,Announced & Planning,Energy,20,50.0588,-121.7174,Private,Clean Electricity,Yes,EN-LCF,1,0,1,0,0
764,2020,Highwater Power Corporation Altagas Ltd.,Log Creek Water Power Project,Boston Bar,BC,Announced & Planning,Energy,20,50.05884,-121.717396,Private,Clean Electricity,Yes,EN-LCF,1,0,1,0,0
764,2021,Highwater Power Corporation Altagas Ltd.,Log Creek Water Power Project,Boston Bar,BC,Announced & Planning,Energy,20,50.05884,-121.717396,Private,Clean Electricity,Yes,EN-LCF,1,0,1,0,0
764,2022,Highwater Power Corporation Altagas Ltd.,Log Creek Water Power Project,Boston Bar,BC,Announced & Planning,Energy,20,50.05884,-121.717396,Private,Clean Electricity,Yes,EN-LCF,1,0,1,0,0
764,2023,Highwater Power Corporation Altagas Ltd.,Log Creek Water Power Project,Boston Bar,BC,Announced & Planning,Energy,20,50.05884,-121.717396,Private,Clean Electricity,Yes,EN-LCF,1,0,1,0,0
764,2024,Highwater Power Corporation Altagas Ltd.,Log Creek Water Power Project,Boston Bar,BC,Announced & Planning,Energy,20,50.05884,-121.717396,Private,Clean Electricity,Yes,EN-LCF,1,0,1,0,0
768,2017,Hiranandani Group / AC LNG,AC LNG,Melford,NS,In Review,Energy,3000,45.5293117,-61.2934716,Private,Oil & Gas - Downstream,No,EN-OG-D,1,0,1,0,0
768,2018,Hiranandani Group / AC LNG,AC LNG,Melford,NS,In Review,Energy,3000,45.5293117,-61.2934716,Private,Oil & Gas - Downstream,No,EN-OG-D,1,0,1,0,0
768,2019,Hiranandani Group / AC LNG,AC LNG,Melford,NS,In Review,Energy,3000,45.5293,-61.2935,Private,Oil & Gas - Downstream,No,EN-OG-D,1,0,0,0,1
770,2019,TransAlta,Sundance 7 Gas fired power plant,Parkland County,AB,Approved,Energy,1600,53.3027,-114.3326,Private,NG Power Gen,Yes,EN-LCF,1,0,1,0,0
770,2020,TransAlta,Sundance 7 Gas fired power plant,Parkland County,AB,Approved,Energy,1600,53.3027,-114.3326,Private,NG Power Gen,Yes,EN-LCF,1,0,0,0,1
774,2017,Ironhead First Nations Partnership,Great Spirit Power Project,Parkland County,AB,Announced & Planning,Energy,1000,53.5485,-114.269,Private,Low Carbon Fuels,Yes,EN-LCF,1,0,1,0,0
774,2018,Ironhead First Nations Partnership,Great Spirit Power Project,Parkland County,AB,Announced & Planning,Energy,1500,53.5485,-114.269,Private,Low Carbon Fuels,Yes,EN-LCF,1,0,1,0,0
774,2019,Ironhead First Nations Partnership,Great Spirit Power Project,Parkland County,AB,Announced & Planning,Energy,1500,53.5485,-114.269,Private,Low Carbon Fuels,Yes,EN-LCF,1,0,1,0,0
774,2020,Ironhead First Nations Partnership,Great Spirit Power Project,Parkland County,AB,Announced & Planning,Energy,1500,53.5485,-114.269,Private,Low Carbon Fuels,Yes,EN-LCF,1,0,0,0,1
775,2017,ATCO Power,ATCO Heartland Generating Station,Strathcona County,AB,Approved,Energy,800,53.76290131,-113.0651016,Private,Other,Yes,EN-OTH,1,0,1,0,0
775,2018,ATCO Power,ATCO Heartland Generating Station,Strathcona County,AB,Approved,Energy,800,53.76290131,-113.0651016,Private,Other,Yes,EN-OTH,1,0,1,0,0
775,2019,ATCO Power,ATCO Heartland Generating Station,Strathcona County,AB,Approved,Energy,800,53.7629,-113.0651,Private,Other,Yes,EN-OTH,1,0,0,0,1
776,2017,North Atlantic Ironsands (a joint venture of Grand River Ironsands and Petmin Ltd.),Labrador Ironsands Project,Churchill River near Happy Valley-Goose Bay,NL,Announced & Planning,Mining,800,53.095317,-61.090398,Private,Base Metal,No,MIN-BM,1,0,1,0,0
776,2018,North Atlantic Ironsands (a joint venture of Grand River Ironsands and Petmin Ltd.),Pig Iron Plant,Churchill River near Happy Valley-Goose Bay,NL,Announced & Planning,Mining,400,53.095317,-61.090398,Private,Base Metal,No,MIN-BM,1,0,0,0,1
777,2017,Severstal North America,Iron Ore Pelletization Plant (Sydney),Sydney's Harbourside Commercial Park,NS,Announced & Planning,Mining,800,46.157753,-60.19372,Private,Base Metal,No,MIN-BM,1,0,0,0,1
778,2017,West High Yield Resources,Record Ridge Magnesium Project,Rossland,BC,Announced & Planning,Mining,608,49.0425,-117.889444,Private,Critical Mineral,Yes,MIN-CM,1,0,1,0,0
778,2018,West High Yield Resources,Record Ridge Magnesium Project,Rossland,BC,Announced & Planning,Mining,608,49.0425,-117.889444,Private,Critical Mineral,Yes,MIN-CM,1,0,1,0,0
778,2019,West High Yield Resources,Record Ridge Magnesium Project,Rossland,BC,Announced & Planning,Mining,608,49.0425,-117.8894,Private,Critical Mineral,Yes,MIN-CM,1,0,1,0,0
778,2020,West High Yield Resources,Record Ridge Magnesium Project,Rossland,BC,Announced & Planning,Mining,608,49.0425,-117.889444,Private,Critical Mineral,Yes,MIN-CM,1,0,1,0,0
778,2021,West High Yield Resources,Record Ridge,Rossland,BC,In Review,Mining,300,49.0425,-117.889444,Private,Critical Mineral,Yes,MIN-CM,1,0,1,0,0
778,2022,West High Yield Resources,Record Ridge,Rossland,BC,In Review,Mining,300,49.0425,-117.889444,Private,Critical Mineral,Yes,MIN-CM,1,0,1,0,0
778,2023,West High Yield Resources,Rossland,Rossland,BC,In Review,Mining,300,49.0425,-117.889444,Private,Critical Mineral,Yes,MIN-CM,1,0,0,0,1
782,2024,J.D. Irving,Saint John Pulp Mill Upgrades,Saint John,NB,In Review,Forest,1100,45.2627,-66.0915,Private,Pulp & Paper,No,FOR-P&P,1,0,1,0,0
783,2018,First Mining Gold Corp.,Springpole Lake Gold Project,Uchi Lake,ON,In Review,Mining,723.183,51.3961,-92.293,Private,Precious Metal,No,MIN-PM,1,0,1,0,0
783,2019,First Mining Gold Corp.,Springpole Lake Gold Project,Uchi Lake,ON,In Review,Mining,723.18,51.3961,-92.293,Private,Precious Metal,No,MIN-PM,1,0,1,0,0
783,2020,First Mining Gold Corp.,Springpole Lake Gold Project,Uchi Lake,ON,In Review,Mining,1067.04673,51.3961,-92.293,Private,Precious Metal,No,MIN-PM,1,0,1,0,0
783,2021,First Mining Gold Corp.,Springpole Lake Gold Project,Uchi Lake,ON,In Review,Mining,907.76,51.3961,-92.293,Private,Precious Metal,No,MIN-PM,1,0,1,0,0
783,2022,First Mining Gold Corp.,Springpole Lake Gold Project,Uchi Lake,ON,In Review,Mining,908.14,51.3961,-92.293,Private,Precious Metal,No,MIN-PM,1,0,1,0,0
783,2023,First Mining Gold Corp.,Springpole Lake Gold Project,Uchi Lake,ON,In Review,Mining,908.14,51.3961,-92.293,Private,Precious Metal,No,MIN-PM,1,0,1,0,0
783,2024,First Mining Gold Corp.,Springpole Lake Gold Project,Uchi Lake,ON,Approved,Mining,957.7,51.3961,-92.293,Private,Precious Metal,No,MIN-PM,1,0,1,0,0
785,2017,Greenstone Gold Mines LP (Equinox Gold Corp./Orion Mine Finance Group),Greenstone,Geraldton,ON,In Review,Mining,1247,49.6667,-86.9333,Private,Precious Metal,No,MIN-PM,1,0,1,0,0
785,2018,Greenstone Gold Mines LP (Equinox Gold Corp./Orion Mine Finance Group),Greenstone,Geraldton,ON,In Review,Mining,1247,49.6667,-86.9333,Private,Precious Metal,No,MIN-PM,1,0,1,0,0
785,2019,Greenstone Gold Mines LP (Equinox Gold Corp./Orion Mine Finance Group),Greenstone,Geraldton,ON,Approved,Mining,1246.9,49.6667,-86.9333,Private,Precious Metal,No,MIN-PM,1,0,1,0,0
785,2020,Greenstone Gold Mines LP (Equinox Gold Corp./Orion Mine Finance Group),Greenstone,Geraldton,ON,Approved,Mining,1246.9,49.6667,-86.9333,Private,Precious Metal,No,MIN-PM,1,0,1,0,0
785,2021,Greenstone Gold Mines LP (Equinox Gold Corp./Orion Mine Finance Group),Greenstone,Geraldton,ON,Approved,Mining,1214.352,49.6667,-86.9333,Private,Precious Metal,No,MIN-PM,1,0,1,0,0
785,2022,Greenstone Gold Mines LP (Equinox Gold Corp./Orion Mine Finance Group),Greenstone,Geraldton,ON,Under Construction,Mining,1512.165,49.679394,-86.94145,Private,Precious Metal,No,MIN-PM,0,1,1,0,0
785,2023,Greenstone Gold Mines LP (Equinox Gold Corp./Orion Mine Finance Group),Greenstone,Geraldton,ON,Under Construction,Mining,1512.165,49.679394,-86.94145,Private,Precious Metal,No,MIN-PM,0,1,1,0,0
785,2024,Greenstone Gold Mines LP (Equinox Gold Corp./Orion Mine Finance Group),Greenstone,Geraldton,ON,Under Construction,Mining,1300,49.679394,-86.94145,Private,Precious Metal,No,MIN-PM,0,1,1,0,0
786,2017,Riversdale Resources,Grassy Mountain,Crowsnest Pass,AB,In Review,Mining,371,49.69362,-114.434,Private,Other,No,MIN-OTH,1,0,1,0,0
786,2018,Riversdale Resources,Grassy Mountain,Crowsnest Pass,AB,In Review,Mining,371,49.69362,-114.434,Private,Other,No,MIN-OTH,1,0,1,0,0
786,2019,Riversdale Resources,Grassy Mountain,Crowsnest Pass,AB,In Review,Mining,800,49.6936,-114.434,Private,Other,No,MIN-OTH,1,0,1,0,0
786,2020,Riversdale Resources,Grassy Mountain,Crowsnest Pass,AB,In Review,Mining,800,49.69362,-114.434,Private,Other,No,MIN-OTH,1,0,1,0,0
786,2021,Riversdale Resources,Grassy Mountain,Crowsnest Pass,AB,In Review,Mining,5000,49.69362,-114.434,Private,Other,No,MIN-OTH,1,0,0,0,1
787,2017,Commerce Resources,Blue River (Upper Fir) Tantalum/Niobium Project,Blue River,BC,Announced & Planning,Mining,369,52.3167,-119.1667,Private,Other,No,MIN-OTH,1,0,1,0,0
787,2018,Commerce Resources,Blue River (Upper Fir) Tantalum/Niobium Project,Blue River,BC,Announced & Planning,Mining,379,52.3167,-119.1667,Private,Other,No,MIN-OTH,1,0,1,0,0
787,2019,Commerce Resources,Blue River (Upper Fir) Tantalum/Niobium Project,Blue River,BC,Announced & Planning,Mining,379,52.3167,-119.1667,Private,Other,No,MIN-OTH,1,0,1,0,0
787,2020,Commerce Resources,Blue River (Upper Fir) Tantalum/Niobium Project,Blue River,BC,Announced & Planning,Mining,379,52.3167,-119.1667,Private,Other,No,MIN-OTH,1,0,0,0,1
788,2017,Newfoundland and Labrador Hydro,New Island 230 kV Transmission Line TL 267,Bay d'Espoir to the Western Avalon Peninsula,NL,Under Construction,Energy,291.6,47.99,-55.8,Public,Trans & Distr,No,EN-T&D,0,1,0,1,0
790,2017,Puma Exploration,Murray Brook Zinc/Lead/Gold Mine,Bathurst,NB,Announced & Planning,Mining,261,47.52651,-66.432324,Private,Precious Metal,No,MIN-PM,1,0,1,0,0
790,2018,Puma Exploration,Murray Brook Zinc/Lead/Gold Mine,Bathurst,NB,Announced & Planning,Mining,269.54,47.52651,-66.432324,Private,Precious Metal,No,MIN-PM,1,0,0,0,1
792,2017,Enbridge,Sunday Creek terminal expansion,Wood Buffalo,AB,Under Construction,Energy,200,55.6329,-110.9898,Private,Oil & Gas - Downstream,No,EN-OG-D,0,1,0,1,0
793,2017,Chaleur Terminals Inc.,Belledune Rail Terminal and Transfer System,Port of Belledune,NB,Approved,Energy,200,47.905444,-65.860029,Private,Oil & Gas - Downstream,No,EN-OG-D,1,0,1,0,0
793,2018,Chaleur Terminals Inc.,Belledune Rail Terminal and Transfer System,Port of Belledune,NB,Approved,Energy,200,47.905444,-65.860029,Private,Oil & Gas - Downstream,No,EN-OG-D,1,0,0,0,1
794,2018,Ascot Resources Ltd,Premier Gold Project,Stewart,BC,In Review,Mining,135.7,55.993725,-129.761651,Private,Precious Metal,No,MIN-PM,1,0,1,0,0
794,2019,Ascot Resources Ltd,Premier Gold Project,Stewart,BC,In Review,Mining,76,55.9937,-129.7617,Private,Precious Metal,No,MIN-PM,1,0,1,0,0
794,2020,Ascot Resources Ltd,Premier Gold Project,Stewart,BC,In Review,Mining,146.6,55.993725,-129.761651,Private,Precious Metal,No,MIN-PM,1,0,1,0,0
794,2021,Ascot Resources Ltd,Premier Gold Project,Stewart,BC,Approved,Mining,176,56.09639,-130.05244,Private,Precious Metal,No,MIN-PM,1,0,1,0,0
794,2022,Ascot Resources Ltd,Premier Gold Project,Stewart,BC,Approved,Mining,224,56.09639,-130.05244,Private,Precious Metal,No,MIN-PM,1,0,1,0,0
794,2023,Ascot Resources Ltd,Premier Gold Project,Stewart,BC,Under Construction,Mining,300,56.09639,-130.05244,Private,Precious Metal,No,MIN-PM,0,1,1,0,0
794,2024,Ascot Resources Ltd,Premier Gold Project,Stewart,BC,Under Construction,Mining,146.6,56.09639,-130.05244,Private,Precious Metal,No,MIN-PM,0,1,1,0,0
795,2017,Nouveau Monde Graphite inc.,Uatnan,300 KMs NW of Baie Comeau,QC,In Review,Mining,166,51.125343,-69.064963,Private,Critical Mineral,Yes,MIN-CM,1,0,1,0,0
795,2018,Nouveau Monde Graphite inc.,Uatnan,300 KMs NW of Baie Comeau,QC,In Review,Mining,166,51.125343,-69.064963,Private,Critical Mineral,Yes,MIN-CM,1,0,1,0,0
795,2019,Nouveau Monde Graphite inc.,Uatnan,300 KMs NW of Baie Comeau,QC,In Review,Mining,258.2,51.1253,-69.065,Private,Critical Mineral,Yes,MIN-CM,1,0,1,0,0
795,2023,Nouveau Monde Graphite inc.,Uatnan,300 KMs NW of Baie Comeau,QC,Announced & Planning,Mining,1564,51.125343,-69.064963,Private,Critical Mineral,Yes,MIN-CM,1,0,1,0,0
795,2024,Nouveau Monde Graphite inc.,Uatnan,300 KMs NW of Baie Comeau,QC,Announced & Planning,Mining,1417,51.125343,-69.064963,Private,Critical Mineral,Yes,MIN-CM,1,0,1,0,0
797,2017,Integra Gold,Lamaque Gold Project,Val d'Or,QC,Announced & Planning,Mining,239,48.092994,-77.753047,Private,Precious Metal,No,MIN-PM,1,0,1,0,0
797,2018,Eldorado Gold Corp.,Lamaque Gold Project,Val d'Or,QC,In Review,Mining,364,48.092994,-77.753047,Private,Precious Metal,No,MIN-PM,1,0,0,0,1
798,2017,Paper Excellence,Restart of Pulp Mill and new Biomass Power Generation,Prince Albert,SK,Announced & Planning,Forest,300,53.258607,-105.554253,Private,Pulp & Paper,No,FOR-P&P,1,0,1,0,0
798,2018,Paper Excellence,Restart of Pulp Mill and new Biomass Power Generation,Prince Albert,SK,Announced & Planning,Forest,400,53.258607,-105.554253,Private,Pulp & Paper,No,FOR-P&P,1,0,1,0,0
798,2019,Paper Excellence,Restart of Pulp Mill and new Biomass Power Generation,Prince Albert,SK,Announced & Planning,Forest,300,53.2586,-105.5543,Private,Pulp & Paper,No,FOR-P&P,1,0,1,0,0
798,2020,Paper Excellence,Restart of Pulp Mill and new Biomass Power Generation,Prince Albert,SK,Announced & Planning,Forest,300,53.258607,-105.554253,Private,Pulp & Paper,No,FOR-P&P,1,0,1,0,0
798,2021,Paper Excellence,Restart of Pulp Mill and new Biomass Power Generation,Prince Albert,SK,Announced & Planning,Forest,550,53.258607,-105.554253,Private,Pulp & Paper,No,FOR-P&P,1,0,1,0,0
798,2022,Paper Excellence,Restart of Pulp Mill and new Biomass Power Generation,Prince Albert,SK,Announced & Planning,Forest,550,53.258607,-105.554253,Private,Pulp & Paper,No,FOR-P&P,1,0,1,0,0
798,2023,Paper Excellence,Restart of Pulp Mill and new Biomass Power Generation,Prince Albert,SK,Announced & Planning,Forest,550,53.258607,-105.554253,Private,Pulp & Paper,No,FOR-P&P,1,0,0,0,1
799,2017,Alton Natural Gas Storage,Natural Gas Storage Facility,Alton,NS,Under Construction,Energy,100,45.207672,-63.269594,Private,"DER, Storage, EV",Yes,EN-DER,0,1,1,0,0
799,2018,Alton Natural Gas Storage,Natural Gas Storage Facility,Alton,NS,Under Construction,Energy,100,45.207672,-63.269594,Private,"DER, Storage, EV",Yes,EN-DER,0,1,1,0,0
799,2019,Alton Natural Gas Storage,Natural Gas Storage Facility,Alton,NS,In Review,Energy,100,45.2077,-63.2696,Private,"DER, Storage, EV",Yes,EN-DER,1,0,1,0,0
799,2020,Alton Natural Gas Storage,Natural Gas Storage Facility,Alton,NS,In Review,Energy,100,45.207672,-63.269594,Private,"DER, Storage, EV",Yes,EN-DER,1,0,1,0,0
799,2021,Alton Natural Gas Storage,Natural Gas Storage Facility,Alton,NS,In Review,Energy,100,45.207672,-63.269594,Private,"DER, Storage, EV",Yes,EN-DER,1,0,0,0,1
800,2017,Joyce Direct Iron Inc.,Joyce Lake DSO (the Attikamagen Project),Schefferville,NL,In Review,Mining,260,53.6069,-77.6882,Private,Other,No,MIN-OTH,1,0,1,0,0
800,2021,Joyce Direct Iron Inc.,Joyce Lake DSO (the Attikamagen Project),Menihek,NL,In Review,Mining,259.6,54.9749,-66.7118,Private,Other,No,MIN-OTH,1,0,1,0,0
800,2022,Joyce Direct Iron Inc.,Joyce Lake DSO (the Attikamagen Project),Menihek,NL,In Review,Mining,259.6,54.9749,-66.7118,Private,Other,No,MIN-OTH,1,0,1,0,0
800,2023,Joyce Direct Iron Inc.,Joyce Lake DSO (the Attikamagen Project),Menihek,NL,In Review,Mining,259.6,54.9749,-66.7118,Private,Other,No,MIN-OTH,1,0,1,0,0
800,2024,Joyce Direct Iron Inc.,Joyce Lake DSO (the Attikamagen Project),Menihek,NL,In Review,Mining,270.4,54.9749,-66.7118,Private,Other,No,MIN-OTH,1,0,1,0,0
802,2017,Vulcan Materials Company,Black Point Aggregate Project,Guysborough County,NS,Approved,Mining,95,45.347966,-61.14967,Private,Other,No,MIN-OTH,1,0,1,0,0
802,2018,Vulcan Materials Company,Black Point Aggregate Project,Guysborough County,NS,Approved,Mining,95,45.347966,-61.14967,Private,Other,No,MIN-OTH,1,0,1,0,0
802,2019,Vulcan Materials Company,Black Point Aggregate Project,Guysborough County,NS,Approved,Mining,95,45.348,-61.1497,Private,Other,No,MIN-OTH,1,0,1,0,0
802,2020,Vulcan Materials Company,Black Point Aggregate Project,Guysborough County,NS,Approved,Mining,95,45.347966,-61.14967,Private,Other,No,MIN-OTH,1,0,1,0,0
802,2021,Vulcan Materials Company,Black Point Aggregate Project,Guysborough County,NS,Approved,Mining,95,45.347966,-61.14967,Private,Other,No,MIN-OTH,1,0,1,0,0
802,2022,Vulcan Materials Company,Black Point Aggregate Project,Guysborough County,NS,Approved,Mining,95,45.347966,-61.14967,Private,Other,No,MIN-OTH,1,0,1,0,0
802,2023,Vulcan Materials Company,Black Point Aggregate Project,Guysborough County,NS,Approved,Mining,95,45.347966,-61.14967,Private,Other,No,MIN-OTH,1,0,1,0,0
802,2024,Vulcan Materials Company,Black Point Aggregate Project,Guysborough County,NS,Approved,Mining,95,45.347966,-61.14967,Private,Other,No,MIN-OTH,1,0,1,0,0
807,2017,Fourth State Energy,Energy-from-Waste Facility,,NS,Announced & Planning,Energy,100,44.647401,-63.590651,Private,Waste Biomass,Yes,EN-BIO,1,0,1,0,0
807,2018,Fourth State Energy,Energy-from-Waste Facility,Halifax,NS,Announced & Planning,Energy,100,44.647401,-63.590651,Private,Waste Biomass,Yes,EN-BIO,1,0,0,0,1
808,2017,Spartan Delta Inception Exploration Ltd.,Greenview Sour Gas plant,Greenview,AB,Announced & Planning,Energy,50,54.70000076,-119.0149994,Private,Oil & Gas - Downstream,No,EN-OG-D,1,0,1,0,0
808,2018,Spartan Delta Inception Exploration Ltd.,Greenview Sour Gas plant,Greenview,AB,Announced & Planning,Energy,50,54.70000076,-119.0149994,Private,Oil & Gas - Downstream,No,EN-OG-D,1,0,1,0,0
808,2019,Spartan Delta Inception Exploration Ltd.,Greenview Sour Gas plant,Greenview,AB,Announced & Planning,Energy,50,54.7,-119.015,Private,Oil & Gas - Downstream,No,EN-OG-D,1,0,1,0,0
808,2020,Spartan Delta Inception Exploration Ltd.,Greenview Sour Gas plant,Greenview,AB,Announced & Planning,Energy,50,54.70000076,-119.0149994,Private,Oil & Gas - Downstream,No,EN-OG-D,1,0,1,0,0
808,2021,Spartan Delta Inception Exploration Ltd.,Greenview Sour Gas plant,Greenview,AB,Announced & Planning,Energy,50,54.70000076,-119.0149994,Private,Oil & Gas - Downstream,No,EN-OG-D,1,0,1,0,0
808,2022,Spartan Delta Inception Exploration Ltd.,Greenview Sour Gas plant,Greenview,AB,Announced & Planning,Energy,50,54.70000076,-119.0149994,Private,Oil & Gas - Downstream,No,EN-OG-D,1,0,1,0,0
808,2023,Spartan Delta Inception Exploration Ltd.,Greenview Sour Gas plant,Greenview,AB,Announced & Planning,Energy,50,54.70000076,-119.0149994,Private,Oil & Gas - Downstream,No,EN-OG-D,1,0,1,0,0
808,2024,Spartan Delta Inception Exploration Ltd.,Greenview Sour Gas plant,Greenview,AB,Announced & Planning,Energy,50,54.70000076,-119.0149994,Private,Oil & Gas - Downstream,No,EN-OG-D,1,0,1,0,0
810,2017,CelluFuel,Bio-Diesel Project,,NS,Announced & Planning,Energy,35,44.051434,-64.695984,Private,Low Carbon Fuels,Yes,EN-LCF,1,0,1,0,0
810,2018,CelluFuel,Bio-Diesel Project,Brooklyn,NS,Announced & Planning,Energy,35,44.051434,-64.695984,Private,Low Carbon Fuels,Yes,EN-LCF,1,0,0,0,1
812,2017,Ledwidge Lumber Co,Enfield Biomass Plant,,NS,Announced & Planning,Energy,30,44.9291,-63.5272,Private,Waste Biomass,Yes,EN-BIO,1,0,1,0,0
812,2018,Ledwidge Lumber Co,Enfield Biomass Plant,Oldham,NS,Announced & Planning,Energy,30,44.9291,-63.5272,Private,Waste Biomass,Yes,EN-BIO,1,0,0,0,1
815,2019,Vanderwell Contractors,Bioenergy Project,Slave Lake,AB,Under Construction,Forest,40,55.2864,-114.5112,Private,Other,Yes,FOR-OTH,0,1,1,0,0
815,2020,Vanderwell Contractors,Bioenergy Project,Slave Lake,AB,Under Construction,Forest,40,55.2864,-114.5112,Private,Other,Yes,FOR-OTH,0,1,0,1,0
817,2017,Focus Graphite inc.,Lac Knife,Caniapiscau,QC,In Review,Mining,166,52.54809,-67.18002,Private,Critical Mineral,Yes,MIN-CM,1,0,1,0,0
817,2018,Focus Graphite inc.,Lac Knife,Caniapiscau,QC,In Review,Mining,166,52.54809,-67.18002,Private,Critical Mineral,Yes,MIN-CM,1,0,1,0,0
817,2023,Focus Graphite inc.,Lac Knife,Caniapiscau,QC,Announced & Planning,Mining,236.8,52.54809,-67.18002,Private,Critical Mineral,Yes,MIN-CM,1,0,1,0,0
817,2024,Focus Graphite inc.,Lac Knife,Caniapiscau,QC,In Review,Mining,236.8,52.54809,-67.18002,Private,Critical Mineral,Yes,MIN-CM,1,0,1,0,0
818,2020,Athabasca Oil Corporation,Hangingstone Oil Sands,Fort McMurray-Conklin,AB,In Review,Energy,640,56.4761389,-111.4076389,Private,Oil & Gas - Upstream,No,EN-OG-U,1,0,1,0,0
818,2021,Athabasca Oil Corporation,Hangingstone Oil Sands,Fort McMurray-Conklin,AB,In Review,Energy,640,56.4761389,-111.4076389,Private,Oil & Gas - Upstream,No,EN-OG-U,1,0,1,0,0
818,2022,Athabasca Oil Corporation,Hangingstone Oil Sands,Fort McMurray-Conklin,AB,In Review,Energy,640,56.4761389,-111.4076389,Private,Oil & Gas - Upstream,No,EN-OG-U,1,0,1,0,0
818,2023,Athabasca Oil Corporation,Hangingstone Oil Sands,Fort McMurray-Conklin,AB,In Review,Energy,640,56.4761389,-111.4076389,Private,Oil & Gas - Upstream,No,EN-OG-U,1,0,1,0,0
818,2024,Athabasca Oil Corporation,Hangingstone Oil Sands,Fort McMurray-Conklin,AB,In Review,Energy,640,56.4761389,-111.4076389,Private,Oil & Gas - Upstream,No,EN-OG-U,1,0,1,0,0
819,2017,Ville de Qu bec,Centre de biom thanisation de loagglom ration de Qu bec (CBAQ),Ville de Qu bec,QC,Announced & Planning,Energy,125,46.8347,-71.2033,Private,Waste Biomass,Yes,EN-BIO,1,0,1,0,0
819,2018,Ville de Qu bec,Centre de biom thanisation de loagglom ration de Qu bec (CBAQ),Ville de Qu bec,QC,Announced & Planning,Energy,125,46.8347,-71.2033,Private,Waste Biomass,Yes,EN-BIO,1,0,1,0,0
819,2019,Ville de Qu bec,Centre de biom thanisation de loagglom ration de Qu bec (CBAQ),Ville de Qu bec,QC,Announced & Planning,Energy,125,46.8347,-71.2033,Private,Waste Biomass,Yes,EN-BIO,1,0,1,0,0
819,2020,Ville de Qu bec,Centre de biom thanisation de loagglom ration de Qu bec (CBAQ),Ville de Qu bec,QC,Under Construction,Energy,190,46.8347,-71.2033,Private,Waste Biomass,Yes,EN-BIO,0,1,1,0,0
819,2021,Ville de Qu bec,Centre de biom thanisation de loagglom ration de Qu bec (CBAQ),Ville de Qu bec,QC,Under Construction,Energy,190,46.8347,-71.2033,Private,Waste Biomass,Yes,EN-BIO,0,1,1,0,0
819,2022,Ville de Qu bec,Centre de biom thanisation de loagglom ration de Qu bec (CBAQ),Ville de Qu bec,QC,Under Construction,Energy,190,46.8347,-71.2033,Private,Waste Biomass,Yes,EN-BIO,0,1,1,0,0
819,2023,Ville de Qu bec,Centre de biom thanisation de loagglom ration de Qu bec (CBAQ),Ville de Qu bec,QC,Under Construction,Energy,190,46.8347,-71.2033,Private,Waste Biomass,Yes,EN-BIO,0,1,0,1,0
825,2017,Val ao soci t en commandite / Algonquin Power Trust,Parc olien Belle-Rivire,"Saguenay-Lac-Saint-Jean dans les municipalit s Saint-G d on; Saint-Bruno; M tabetchouan-Lac--la-Croix, H bertville et H bertville Station.",QC,Under Construction,Energy,70,48.4651,-71.7508,Private,Clean Electricity,Yes,EN-LCF,0,1,1,0,0
825,2018,Val ao soci t en commandite / Algonquin Power Trust,Parc olien Belle-Rivire,"Saguenay-Lac-Saint-Jean dans les municipalit s Saint-G d on; Saint-Bruno; M tabetchouan-Lac--la-Croix, H bertville et H bertville Station.",QC,Approved,Energy,70,48.4651,-71.7508,Private,Clean Electricity,Yes,EN-LCF,1,0,1,0,0
825,2019,Val ao soci t en commandite / Algonquin Power Trust,Parc olien Belle-Rivire,"Saguenay-Lac-Saint-Jean dans les municipalit s Saint-G d on; Saint-Bruno; M tabetchouan-Lac--la-Croix, H bertville et H bertville Station.",QC,Approved,Energy,70,48.4651,-71.7508,Private,Clean Electricity,Yes,EN-LCF,1,0,1,0,0
825,2020,Val ao soci t en commandite / Algonquin Power Trust,Parc olien Belle-Rivire,"Saguenay-Lac-Saint-Jean dans les municipalit s Saint-G d on; Saint-Bruno; M tabetchouan-Lac--la-Croix, H bertville et H bertville Station.",QC,Under Construction,Energy,70,48.4651,-71.7508,Private,Clean Electricity,Yes,EN-LCF,0,1,1,0,0
825,2021,Val ao soci t en commandite / Algonquin Power Trust,Parc olien Belle-Rivire,"Saguenay-Lac-Saint-Jean dans les municipalit s Saint-G d on; Saint-Bruno; M tabetchouan-Lac--la-Croix, H bertville et H bertville Station.",QC,Under Construction,Energy,70,48.4651,-71.7508,Private,Clean Electricity,Yes,EN-LCF,0,1,0,1,0
828,2017,Soci t do conomie mixte de loest de la Couronne Sud (SEMECS),biomethanation facilities of the Soci t d' conomie mixte de l'est de la couronne sud (SEMECS).,Varennes,QC,Under Construction,Energy,59,45.7077,-73.4246,Private,Waste Biomass,Yes,EN-BIO,0,1,0,1,0
833,2017,Nexen/Inpex Corp./JGC Corp.,Aurora LNG Facility,Prince Rupert,BC,In Review,Energy,17000,54.318639,-130.319707,Private,Oil & Gas - Downstream,No,EN-OG-D,1,0,0,0,1
834,2017,MEG Energy Corp.,Christina Lake SAGD Project,Regional Municipality of Wood Buffalo,AB,Approved,Energy,500,55.6664,-110.714,Private,Oil & Gas - Upstream,No,EN-OG-U,1,0,1,0,0
834,2018,MEG Energy Corp.,Christina Lake SAGD Project,Regional Municipality of Wood Buffalo,AB,Under Construction,Energy,500,55.6664,-110.714,Private,Oil & Gas - Upstream,No,EN-OG-U,0,1,1,0,0
834,2019,MEG Energy Corp.,Christina Lake SAGD Project,Regional Municipality of Wood Buffalo,AB,Under Construction,Energy,500,55.6664,-110.714,Private,Oil & Gas - Upstream,No,EN-OG-U,0,1,0,1,0
837,2017,Pembina Pipeline Corp.,Redwater RFS 3 Fractionator,Redwater,AB,Announced & Planning,Energy,460,53.94900131,-113.1070023,Private,Oil & Gas - Downstream,No,EN-OG-D,1,0,0,0,1
838,2017,Pembina Pipeline Corp.,Canadian Diluent Hub,Strathcona County,AB,Under Construction,Energy,350,53.78954697,-113.0995255,Private,Oil & Gas - Upstream,No,EN-OG-U,0,1,1,0,0
838,2018,Pembina Pipeline Corp.,Canadian Diluent Hub,Strathcona County,AB,Under Construction,Energy,350,53.78954697,-113.0995255,Private,Oil & Gas - Upstream,No,EN-OG-U,0,1,1,0,0
838,2019,Pembina Pipeline Corp.,Canadian Diluent Hub,Strathcona County,AB,Under Construction,Energy,350,53.789547,-113.099525,Private,Oil & Gas - Upstream,No,EN-OG-U,0,1,1,0,0
838,2020,Pembina Pipeline Corp.,Canadian Diluent Hub,Strathcona County,AB,Under Construction,Energy,350,53.78954697,-113.0995255,Private,Oil & Gas - Upstream,No,EN-OG-U,0,1,0,1,0
839,2017,ATCO Energy Solutions / Petrogas Energy Corp.,Strathcona Salt Cavern Storage Project,Strathcona County,AB,Under Construction,Energy,200,53.76699829,-113.0579987,Private,"DER, Storage, EV",Yes,EN-DER,0,1,0,1,0
841,2017,Canadian Natural Resources Limited,Jackfish,RM of Wood Buffalo (SE of Conklin),AB,Announced & Planning,Energy,1300,55.5279,-110.8738,Private,Oil & Gas - Upstream,No,EN-OG-U,1,0,1,0,0
841,2018,Canadian Natural Resources Limited,Jackfish,RM of Wood Buffalo (SE of Conklin),AB,Announced & Planning,Energy,1300,55.5279,-110.8738,Private,Oil & Gas - Upstream,No,EN-OG-U,1,0,1,0,0
841,2019,Canadian Natural Resources Limited,Jackfish,RM of Wood Buffalo (SE of Conklin),AB,Announced & Planning,Energy,1300,55.5279,-110.8738,Private,Oil & Gas - Upstream,No,EN-OG-U,1,0,1,0,0
841,2020,Canadian Natural Resources Limited,Jackfish,RM of Wood Buffalo (SE of Conklin),AB,Announced & Planning,Energy,1300,55.5279,-110.8738,Private,Oil & Gas - Upstream,No,EN-OG-U,1,0,1,0,0
841,2021,Canadian Natural Resources Limited,Jackfish,Regional Municipality of Wood Buffalo (SE of Conklin),AB,Announced & Planning,Energy,1300,55.5279,-110.8738,Private,Oil & Gas - Upstream,No,EN-OG-U,1,0,1,0,0
841,2022,Canadian Natural Resources Limited,Jackfish,Regional Municipality of Wood Buffalo (SE of Conklin),AB,Announced & Planning,Energy,1300,55.5279,-110.8738,Private,Oil & Gas - Upstream,No,EN-OG-U,1,0,1,0,0
841,2023,Canadian Natural Resources Limited,Jackfish,Regional Municipality of Wood Buffalo (SE of Conklin),AB,Announced & Planning,Energy,1300,55.5279,-110.8738,Private,Oil & Gas - Upstream,No,EN-OG-U,1,0,1,0,0
841,2024,Canadian Natural Resources Limited,Jackfish,Regional Municipality of Wood Buffalo (SE of Conklin),AB,Announced & Planning,Energy,1300,55.5279,-110.8738,Private,Oil & Gas - Upstream,No,EN-OG-U,1,0,1,0,0
842,2017,Hydro-Quebec,Reconstruction du poste De Lorimier 315-25 kV,Montr al,QC,Under Construction,Energy,217,45.5113,-73.5625,Public,Trans & Distr,No,EN-LCF,0,1,0,1,0
843,2017,Hogh LNG,GNL - Plan Nord - Hogh LNG navire,Sept-eles et Qu bec,QC,Announced & Planning,Energy,675,50.2078,-66.3683,Private,Oil & Gas - Downstream,No,EN-OG-D,1,0,1,0,0
843,2018,Hogh LNG,GNL - Plan Nord - Hogh LNG navire,Sept-eles et Qu bec,QC,Announced & Planning,Energy,675,50.2078,-66.3683,Private,Oil & Gas - Downstream,No,EN-OG-D,1,0,0,0,1
846,2017,ENMAX Energy Corp. / Capital Power Corp,Genesee Generating Units 4 and 5,Leduc County,AB,Approved,Energy,1400,56.723639,-111.371093,Private,Other,Yes,EN-OTH,1,0,1,0,0
846,2018,ENMAX Energy Corp. / Capital Power Corp,Genesee Generating Units 4 and 5,Leduc County,AB,Approved,Energy,1400,56.723639,-111.371093,Private,Other,Yes,EN-OTH,1,0,1,0,0
846,2019,ENMAX Energy Corp. / Capital Power Corp,Genesee Generating Units 4 and 5,Leduc County,AB,Approved,Energy,1400,56.723639,-111.371093,Private,Other,Yes,EN-OTH,1,0,1,0,0
846,2020,ENMAX Energy Corp. / Capital Power Corp,Genesee Generating Units 4 and 5,Leduc County,AB,Approved,Energy,1400,56.723639,-111.371093,Private,Other,Yes,EN-OTH,1,0,0,0,1
847,2017,Cenovus Energy Inc.,Pelican Lake,M.D. of Opportunity No. 17,AB,Approved,Energy,4000,56.14272308,-113.589798,Private,Clean Electricity,Yes,EN-CLEL,1,0,1,0,0
847,2018,Cenovus Energy Inc.,Pelican Lake,M.D. of Opportunity No. 17,AB,Approved,Energy,4000,56.14272308,-113.589798,Private,Clean Electricity,Yes,EN-CLEL,1,0,1,0,0
847,2019,Cenovus Energy Inc.,Pelican Lake,M.D. of Opportunity No. 17,AB,Approved,Energy,4000,56.142723,-113.589798,Private,Clean Electricity,Yes,EN-CLEL,1,0,1,0,0
847,2020,Cenovus Energy Inc.,Pelican Lake,M.D. of Opportunity No. 17,AB,In Review,Energy,4000,56.14272308,-113.589798,Private,Clean Electricity,Yes,EN-CLEL,1,0,1,0,0
847,2021,Cenovus Energy Inc.,Pelican Lake,M.D. of Opportunity No. 17,AB,In Review,Energy,4000,56.14272308,-113.589798,Private,Clean Electricity,Yes,EN-CLEL,1,0,1,0,0
847,2022,Canadian Natural Resources Limited,Pelican Lake,M.D. of Opportunity No. 17,AB,In Review,Energy,4000,56.14272308,-113.589798,Private,Clean Electricity,Yes,EN-CLEL,1,0,0,0,1
848,2017,Gascana AB Energy,LNG Production Plant and other facilities,Sturgeon County,AB,Announced & Planning,Energy,4000,53.79999924,-113.1999969,Private,Oil & Gas - Downstream,No,EN-OG-D,1,0,1,0,0
848,2018,Gascana AB Energy,LNG Production Plant and other facilities,Sturgeon County,AB,Announced & Planning,Energy,4000,53.79999924,-113.1999969,Private,Oil & Gas - Downstream,No,EN-OG-D,1,0,1,0,0
848,2019,Gascana AB Energy,LNG Production Plant and other facilities,Sturgeon County,AB,Announced & Planning,Energy,4000,53.799999,-113.199997,Private,Oil & Gas - Downstream,No,EN-OG-D,1,0,1,0,0
848,2020,Gascana AB Energy,LNG Production Plant and other facilities,Sturgeon County,AB,Announced & Planning,Energy,4000,53.79999924,-113.1999969,Private,Oil & Gas - Downstream,No,EN-OG-D,1,0,1,0,0
848,2021,Gascana AB Energy,LNG Production Plant and other facilities,Sturgeon County,AB,Announced & Planning,Energy,4000,53.79999924,-113.1999969,Private,Oil & Gas - Downstream,No,EN-OG-D,1,0,0,0,1
849,2017,Pembina Pipeline Corp.,Two Pipelines Edson - Fox Creek,Edson - Fox Creek,AB,Under Construction,Energy,100,54.391202,-116.809679,Private,Trans & Distr,No,EN-T&D,0,1,0,1,0
850,2017,Syncrude Canada Ltd.,Stage 4a - MLX-W,,AB,In Review,Energy,1500,57.045211,-111.585088,Private,Other,Yes,EN-OTH,1,0,1,0,0
850,2018,Syncrude Canada Ltd.,Stage 4a - MLX-W,Mildred Lake,AB,In Review,Energy,1500,57.045211,-111.585088,Private,Other,Yes,EN-OTH,1,0,1,0,0
850,2019,Syncrude Canada Ltd.,Stage 4a - MLX-W,Mildred Lake,AB,In Review,Energy,1500,57.045211,-111.585088,Private,Other,Yes,EN-OTH,1,0,1,0,0
850,2020,Syncrude Canada Ltd.,Stage 4a - MLX-W,Mildred Lake,AB,Approved,Energy,1500,57.045211,-111.585088,Private,Other,Yes,EN-OTH,1,0,1,0,0
850,2021,Syncrude Canada Ltd.,Stage 4a - MLX-W,Mildred Lake,AB,Approved,Energy,3300,57.045211,-111.585088,Private,Other,Yes,EN-OTH,1,0,1,0,0
850,2022,Syncrude Canada Ltd.,Stage 4a - MLX-W,Mildred Lake,AB,Approved,Energy,3300,57.045211,-111.585088,Private,Other,Yes,EN-OTH,1,0,1,0,0
850,2023,Syncrude Canada Ltd.,Stage 4a - MLX-W,Mildred Lake,AB,Approved,Energy,3300,57.045211,-111.585088,Private,Other,Yes,EN-OTH,1,0,1,0,0
850,2024,Syncrude Canada Ltd.,Stage 4a - MLX-W,Mildred Lake,AB,Under Construction,Energy,3300,57.045211,-111.585088,Private,Other,Yes,EN-OTH,0,1,1,0,0
854,2017,ATCO Pipelines,Calgary Urban Pipeline Replacement Project,Calgary,AB,Announced & Planning,Energy,450,51.1788,-113.951977,Private,Trans & Distr,No,EN-T&D,1,0,1,0,0
854,2018,ATCO Pipelines,Calgary Urban Pipeline Replacement Project,Calgary,AB,Under Construction,Energy,450,51.1788,-113.951977,Private,Trans & Distr,No,EN-T&D,0,1,1,0,0
854,2019,ATCO Pipelines,Calgary Urban Pipeline Replacement Project,Calgary,AB,Under Construction,Energy,450,51.1788,-113.951977,Private,Trans & Distr,No,EN-T&D,0,1,1,0,0
854,2020,ATCO Pipelines,Calgary Urban Pipeline Replacement Project,Calgary,AB,Under Construction,Energy,450,51.1788,-113.951977,Private,Trans & Distr,No,EN-T&D,0,1,1,0,0
854,2021,ATCO LTD.,Calgary Urban Pipeline Replacement Project,Calgary,AB,Under Construction,Energy,450,51.1788,-113.951977,Private,Trans & Distr,No,EN-T&D,0,1,0,1,0
855,2017,Pembina Pipeline Corp.,Pipeline System Expansions,Edmonton to Fox Creek,AB,Under Construction,Energy,2445,53.5925,-113.336027,Private,Trans & Distr,No,EN-T&D,0,1,0,1,0
857,2017,Bear Head Energy,Bear Head Energy,Richmond County,NS,Approved,Energy,8000,45.596588,-61.356844,Private,Oil & Gas - Downstream,No,EN-OG-D,1,0,1,0,0
857,2018,Bear Head Energy,Bear Head Energy,Richmond County,NS,Approved,Energy,8000,45.596588,-61.356844,Private,Oil & Gas - Downstream,No,EN-OG-D,1,0,1,0,0
857,2019,Bear Head Energy,Bear Head Energy,Richmond County,NS,Approved,Energy,8000,45.596588,-61.356844,Private,Oil & Gas - Downstream,No,EN-OG-D,1,0,1,0,0
857,2020,Bear Head Energy,Bear Head Energy,Richmond County,NS,In Review,Energy,8000,45.596588,-61.356844,Private,Oil & Gas - Downstream,No,EN-OG-D,1,0,1,0,0
857,2021,Bear Head Energy,Bear Head Energy,Richmond County,NS,Approved,Energy,8000,45.596588,-61.356844,Private,Oil & Gas - Downstream,No,EN-OG-D,1,0,1,0,0
857,2023,Bear Head Energy,Bear Head Energy,Richmond County,NS,Announced & Planning,Energy,8000,45.596588,-61.356844,Private,Oil & Gas - Downstream,No,EN-OG-D,1,0,1,0,0
857,2024,Bear Head Energy,Bear Head Energy,Richmond County,NS,Announced & Planning,Energy,8000,45.596588,-61.356844,Private,Oil & Gas - Downstream,No,EN-OG-D,1,0,1,0,0
858,2020,ConocoPhillips Canada,Surmont (ConocoPhillips),RM of Wood Buffalo,AB,In Review,Energy,6000,56.1936,-110.9506,Private,Oil & Gas - Upstream,No,EN-OG-U,1,0,1,0,0
858,2021,ConocoPhillips Canada,Surmont (ConocoPhillips),Regional Municipality of Wood Buffalo,AB,In Review,Energy,6000,56.1936,-110.9506,Private,Oil & Gas - Upstream,No,EN-OG-U,1,0,1,0,0
858,2022,ConocoPhillips Canada,Surmont (ConocoPhillips),Regional Municipality of Wood Buffalo,AB,In Review,Energy,6000,56.1936,-110.9506,Private,Oil & Gas - Upstream,No,EN-OG-U,1,0,1,0,0
858,2023,ConocoPhillips Canada,Surmont (ConocoPhillips),Regional Municipality of Wood Buffalo,AB,In Review,Energy,6000,56.1936,-110.9506,Private,Oil & Gas - Upstream,No,EN-OG-U,1,0,1,0,0
858,2024,ConocoPhillips Canada,Surmont (ConocoPhillips),Regional Municipality of Wood Buffalo,AB,In Review,Energy,6000,56.1936,-110.9506,Private,Oil & Gas - Upstream,No,EN-OG-U,1,0,1,0,0
862,2017,Taseko Mines Ltd.,Aley Niobium Project,Mackenzie Region,BC,In Review,Mining,870,56.968715,-122.439746,Private,Critical Mineral,Yes,MIN-CM,1,0,1,0,0
862,2018,Taseko Mines Ltd.,Aley Niobium Project,Mackenzie Region,BC,In Review,Mining,870,56.968715,-122.439746,Private,Critical Mineral,Yes,MIN-CM,1,0,1,0,0
862,2019,Taseko Mines Ltd.,Aley Niobium Project,Mackenzie Region,BC,In Review,Mining,870,56.968715,-122.439746,Private,Critical Mineral,Yes,MIN-CM,1,0,1,0,0
862,2020,Taseko Mines Ltd.,Aley Niobium Project,Mackenzie Region,BC,In Review,Mining,700,56.968715,-122.439746,Private,Critical Mineral,Yes,MIN-CM,1,0,1,0,0
862,2021,Taseko Mines Ltd.,Aley Niobium Project,Mackenzie,BC,In Review,Mining,700,56.968715,-122.439746,Private,Critical Mineral,Yes,MIN-CM,1,0,1,0,0
862,2022,Taseko Mines Ltd.,Aley Niobium Project,Mackenzie,BC,In Review,Mining,870,56.968715,-122.439746,Private,Critical Mineral,Yes,MIN-CM,1,0,1,0,0
862,2023,Taseko Mines Ltd.,Aley Niobium Project,Mackenzie,BC,In Review,Mining,700,56.968715,-122.439746,Private,Critical Mineral,Yes,MIN-CM,1,0,1,0,0
862,2024,Taseko Mines Ltd.,Aley Niobium Project,Mackenzie,BC,In Review,Mining,870,56.968715,-122.439746,Private,Critical Mineral,Yes,MIN-CM,1,0,1,0,0
863,2017,anergie Saguenay GNL Qu bec inc.,anergie Saguenay LNG,SaguenayiLac-Saint-Jean,QC,Announced & Planning,Energy,7000,48.4459,-71.0717,Private,Oil & Gas - Downstream,No,EN-OG-D,1,0,1,0,0
863,2018,anergie Saguenay GNL Qu bec inc.,anergie Saguenay LNG,SaguenayiLac-Saint-Jean,QC,In Review,Energy,7000,48.4459,-71.0717,Private,Oil & Gas - Downstream,No,EN-OG-D,1,0,1,0,0
863,2019,anergie Saguenay GNL Qu bec inc.,anergie Saguenay LNG,SaguenayiLac-Saint-Jean,QC,In Review,Energy,7800,48.4459,-71.0717,Private,Oil & Gas - Downstream,No,EN-OG-D,1,0,1,0,0
863,2020,GNL Qu bec inc.,anergie Saguenay,SaguenayiLac-Saint-Jean,QC,In Review,Energy,7800,48.4459,-71.0717,Private,Oil & Gas - Downstream,No,EN-OG-D,1,0,0,0,1
865,2017,Imperial Metals Corporation,Ruddock Creek Zinc-Lead Mine Development Project,Clearwater,BC,In Review,Mining,144.7,51.822198,-119.00528,Private,Base Metal,No,MIN-BM,1,0,1,0,0
865,2018,Imperial Metals Corporation,Ruddock Creek Zinc-Lead Mine Development Project,Clearwater,BC,In Review,Mining,144,51.822198,-119.00528,Private,Base Metal,No,MIN-BM,1,0,1,0,0
865,2019,Imperial Metals Corporation,Ruddock Creek Zinc-Lead Mine Development Project,Clearwater,BC,In Review,Mining,100,51.822198,-119.00528,Private,Base Metal,No,MIN-BM,1,0,1,0,0
865,2022,Imperial Metals Corporation,Ruddock Creek Zinc-Lead Mine Development Project,Clearwater,BC,In Review,Mining,100,51.822198,-119.00528,Private,Base Metal,No,MIN-BM,1,0,1,0,0
865,2023,Imperial Metals Corporation,Ruddock Creek Zinc-Lead Mine Development Project,Clearwater,BC,In Review,Mining,100,51.822198,-119.00528,Private,Base Metal,No,MIN-BM,1,0,1,0,0
865,2024,Imperial Metals Corporation,Ruddock Creek Zinc-Lead Mine Development Project,Clearwater,BC,In Review,Mining,100,51.822198,-119.00528,Private,Base Metal,No,MIN-BM,1,0,1,0,0
867,2017,AltaGas Ltd./ Painted Pony Petroleum Ltd,Townsend Gas Processing Facility,Fort St. John,BC,Announced & Planning,Energy,350,57.313567,-120.965505,Private,Other,Yes,EN-OTH,1,0,0,0,1
868,2017,Teck Coal Ltd.,Baldy Ridge Extension Project,Sparwood,BC,Approved,Mining,1630,49.7258959,-114.884334,Private,Coal,No,MIN-COAL,1,0,1,0,0
868,2018,Teck Coal Ltd.,Baldy Ridge Extension Project,Sparwood,BC,Under Construction,Mining,60,49.7258959,-114.884334,Private,Coal,No,MIN-COAL,0,1,1,0,0
868,2019,Teck Coal Ltd.,Baldy Ridge Extension Project,Sparwood,BC,In Review,Mining,1630,49.7258959,-114.884334,Private,Coal,No,MIN-COAL,1,0,1,0,0
868,2020,Teck Coal Ltd.,Baldy Ridge Extension Project,Sparwood,BC,In Review,Mining,1630,49.7258959,-114.884334,Private,Coal,No,MIN-COAL,1,0,1,0,0
868,2021,Teck Coal Ltd.,Baldy Ridge Extension Project,Sparwood,BC,In Review,Mining,1630,49.7258959,-114.884334,Private,Coal,No,MIN-COAL,1,0,1,0,0
868,2022,Teck Coal Ltd.,Baldy Ridge Extension Project,Sparwood,BC,Approved,Mining,60,49.7258959,-114.884334,Private,Coal,No,MIN-COAL,1,0,1,0,0
868,2023,Teck Coal Ltd.,Baldy Ridge Extension Project,Sparwood,BC,Under Construction,Mining,1630,49.7258959,-114.884334,Private,Coal,No,MIN-COAL,0,1,0,1,0
869,2017,BC Hydro,Cheakamus Unit 1 and Unit 2 Generator Replacement,Squamish,BC,Under Construction,Energy,29,49.8302275,-123.13461,Public,Clean Electricity,Yes,EN-CLEL,0,1,1,0,0
869,2018,BC Hydro,Cheakamus Unit 1 and Unit 2 Generator Replacement,Squamish,BC,Under Construction,Energy,74,49.8302275,-123.13461,Public,Clean Electricity,Yes,EN-CLEL,0,1,1,0,0
869,2019,BC Hydro,Cheakamus Unit 1 and Unit 2 Generator Replacement,Squamish,BC,Under Construction,Energy,74,49.8302275,-123.13461,Public,Clean Electricity,Yes,EN-CLEL,0,1,0,1,0
870,2017,BC Hydro,Peace Region Load Shedding RAS,Dawson Creek,BC,Under Construction,Energy,49,55.760369,-120.237777,Public,Clean Electricity,Yes,EN-CLEL,0,1,1,0,0
870,2018,BC Hydro,Peace Region Load Shedding RAS,Dawson Creek,BC,Under Construction,Energy,26,55.760369,-120.237777,Public,Clean Electricity,Yes,EN-CLEL,0,1,0,1,0
873,2021,Orca LNG Ltd.,Orca LNG,Prince Rupert,BC,Approved,Energy,,54.312194,-130.327083,Private,Oil & Gas - Downstream,No,EN-OG-D,1,0,0,0,1
875,2017,Steelhead LNG Corp./ Huu-ay-aht First Nations,Steelhead LNG: Sarita LNG + Malahat LNG,Port Alberni,BC,In Review,Energy,30000,48.832253,-125.135945,Private,Oil & Gas - Downstream,No,EN-OG-D,1,0,1,0,0
875,2018,Steelhead LNG Corp./ Huu-ay-aht First Nations,Kwispaa LNG project,Port Alberni,BC,In Review,Energy,18000,48.832253,-125.135945,Private,Oil & Gas - Downstream,No,EN-OG-D,1,0,0,0,1
876,2017,Kitsault Energy Ltd. of Canada,Kitsault LNG Facility,Kitsault,BC,In Review,Energy,,55.45712,-129.47784,Private,Oil & Gas - Downstream,No,EN-OG-D,1,0,1,0,0
876,2018,Kitsault Energy Ltd. of Canada,Kitsault LNG Facility,Kitsault,BC,In Review,Energy,,55.45712,-129.47784,Private,Oil & Gas - Downstream,No,EN-OG-D,1,0,0,0,1
878,2017,Woodside Energy Holdings Pty Ltd.,Grassy Point LNG,Prince Rupert,BC,In Review,Energy,10000,54.644661,-130.360229,Private,Oil & Gas - Downstream,No,EN-OG-D,1,0,0,0,1
882,2017,ExxonMobil Canada Ltd./Imperial Oil Resources Limited,WCC LNG Ltd.,Prince Rupert,BC,In Review,Energy,25000,54.216494,-130.253112,Private,Oil & Gas - Downstream,No,EN-OG-D,1,0,1,0,0
882,2018,ExxonMobil Canada Ltd./Imperial Oil Resources Limited,WCC LNG Ltd.,Prince Rupert,BC,In Review,Energy,25000,54.216494,-130.253112,Private,Oil & Gas - Downstream,No,EN-OG-D,1,0,1,0,0
882,2019,ExxonMobil Canada Ltd./Imperial Oil Resources Limited,WCC LNG Ltd.,Prince Rupert,BC,Announced & Planning,Energy,25000,54.216494,-130.253112,Private,Oil & Gas - Downstream,No,EN-OG-D,1,0,0,0,1
885,2017,Pacific Northern Gas Ltd.,Pacific Northern Gas Pipeline Looping Project,Kitimat To Summit Lake,BC,In Review,Energy,130,54.040484,-128.648436,Private,Trans & Distr,No,EN-T&D,1,0,1,0,0
885,2018,Pacific Northern Gas Ltd.,Pacific Northern Gas Pipeline Looping Project,Kitimat To Summit Lake,BC,In Review,Energy,130,54.040484,-128.648436,Private,Trans & Distr,No,EN-T&D,1,0,1,0,0
885,2019,Pacific Northern Gas Ltd.,Pacific Northern Gas Pipeline Looping Project,Kitimat To Summit Lake,BC,In Review,Energy,1300,54.040484,-128.648436,Private,Trans & Distr,No,EN-T&D,1,0,1,0,0
885,2020,Pacific Northern Gas Ltd.,Pacific Northern Gas Pipeline Looping Project,Kitimat To Summit Lake,BC,In Review,Energy,1300,54.040484,-128.648436,Private,Trans & Distr,No,EN-T&D,1,0,1,0,0
885,2021,Pacific Northern Gas Ltd.,Pacific Northern Gas Pipeline Looping Project,Kitimat To Summit Lake,BC,In Review,Energy,1300,54.040484,-128.648436,Private,Trans & Distr,No,EN-T&D,1,0,1,0,0
885,2023,Pacific Northern Gas Ltd.,Pacific Northern Gas Pipeline Looping Project,Kitimat To Summit Lake,BC,In Review,Energy,1300,54.033019,-128.685544,Private,Trans & Distr,No,EN-T&D,1,0,1,0,0
885,2024,Pacific Northern Gas Ltd.,Pacific Northern Gas Pipeline Looping Project,Kitimat To Summit Lake,BC,In Review,Energy,1300,54.033019,-128.685544,Private,Trans & Distr,No,EN-T&D,1,0,1,0,0
886,2017,Rio Tinto,Tio Titanium Mine Expansion,40 km north of Havre-Saint-Pierre,QC,In Review,Mining,270,46.0403,-73.1347,Private,Precious Metal,No,MIN-PM,1,0,0,0,1
888,2018,"Stolt-Nielsen Gas Ltd., Sun LNG Holding, LNGaz Inc",Stolt LNGaz,B cancour,QC,In Review,Energy,570,46.364,-72.393,Private,Oil & Gas - Downstream,No,EN-OG-D,1,0,0,0,1
890,2017,Tugliq,GNL - Plan Nord - Tugliq/Oc an-navire,"Qu bec, Cte-Nord et Nord-du-Qu bec",QC,Announced & Planning,Energy,400,56.441,-72.5078,Private,Other,Yes,EN-OTH,1,0,1,0,0
890,2018,Tugliq,GNL - Plan Nord - Tugliq/Oc an-navire,"Qu bec, Cte-Nord et Nord-du-Qu bec",QC,Announced & Planning,Energy,400,56.441,-72.5078,Private,Other,Yes,EN-OTH,1,0,0,0,1
891,2018,Arctic Canadian Diamond Corp,Ekati (Misery Deep),Ekati Mine,NT,Approved,Mining,94,64.445237,-110.695595,Private,Other,No,MIN-OTH,1,0,1,0,0
891,2019,Arctic Canadian Diamond Corp,Ekati (Misery Deep),Ekati Mine,NT,Approved,Mining,94,64.445237,-110.695595,Private,Other,No,MIN-OTH,1,0,1,0,0
891,2022,Arctic Canadian Diamond Corp,Ekati (Misery Deep),Ekati Mine,NT,Approved,Mining,126.721,64.445237,-110.695595,Private,Other,No,MIN-OTH,1,0,1,0,0
891,2023,Arctic Canadian Diamond Corp,Ekati (Misery Deep),Ekati Mine,NT,Approved,Mining,126.721,64.445237,-110.695595,Private,Other,No,MIN-OTH,1,0,1,0,0
891,2024,Arctic Canadian Diamond Corp,Ekati (Misery Deep),Ekati Mine,NT,Approved,Mining,126.721,64.445237,-110.695595,Private,Other,No,MIN-OTH,1,0,1,0,0
892,2017,Rio Tinto and Dominion Diamond Corporation,A-21 Kimberlite Pipe Development,Diavik Mine,NT,Under Construction,Mining,350,64.493475,-110.250648,Private,Critical Mineral,Yes,MIN-CM,0,1,1,0,0
892,2018,Rio Tinto and Dominion Diamond Corporation,A-21 Kimberlite Pipe Development,Diavik Mine,NT,Under Construction,Mining,350,64.493475,-110.250648,Private,Critical Mineral,Yes,MIN-CM,0,1,1,0,0
892,2019,Rio Tinto and Dominion Diamond Corporation,A-21 Kimberlite Pipe Development,Diavik Mine,NT,Under Construction,Mining,350,64.493475,-110.250648,Private,Critical Mineral,Yes,MIN-CM,0,1,0,1,0
893,2017,PRISM Diversifed Ltd.,Clear Hills Project,MD of Clear Hills,AB,Announced & Planning,Mining,300,56.5481588,-117.8880444,Private,Other,No,MIN-OTH,1,0,1,0,0
893,2018,PRISM Diversifed Ltd.,Clear Hills Project,MD of Clear Hills,AB,Announced & Planning,Mining,300,56.5481588,-117.8880444,Private,Other,No,MIN-OTH,1,0,1,0,0
893,2019,PRISM Diversifed Ltd.,Clear Hills Project,MD of Clear Hills,AB,Announced & Planning,Mining,300,56.5481588,-117.8880444,Private,Other,No,MIN-OTH,1,0,1,0,0
893,2020,PRISM Diversifed Ltd.,Clear Hills Project,MD of Clear Hills,AB,Announced & Planning,Mining,300,56.5481588,-117.8880444,Private,Other,No,MIN-OTH,1,0,1,0,0
893,2022,PRISM Diversifed Ltd.,Clear Hills Project,MD of Clear Hills,AB,Announced & Planning,Mining,300,56.5481588,-117.8880444,Private,Other,No,MIN-OTH,1,0,1,0,0
893,2023,PRISM Diversifed Ltd.,Clear Hills Project,MD of Clear Hills,AB,Announced & Planning,Mining,300,56.5481588,-117.8880444,Private,Other,No,MIN-OTH,1,0,1,0,0
893,2024,PRISM Diversifed Ltd.,Clear Hills Project,MD of Clear Hills,AB,Announced & Planning,Mining,300,56.5481588,-117.8880444,Private,Other,No,MIN-OTH,1,0,1,0,0
894,2017,Newmont Goldcorp Corp.,Coffee Gold Mine,"Located approximately 130km south of Dawson City, Yukon",YK,In Review,Mining,317,62.847528,-139.515693,Private,Precious Metal,No,MIN-PM,1,0,1,0,0
894,2018,Newmont Goldcorp Corp.,Coffee Gold Mine,"Located approximately 130km south of Dawson City, Yukon",YK,In Review,Mining,317,62.847528,-139.515693,Private,Precious Metal,No,MIN-PM,1,0,1,0,0
894,2019,Newmont Goldcorp Corp.,Coffee Gold Mine,"Located approximately 130km south of Dawson City, Yukon",YK,In Review,Mining,317,62.847528,-139.515693,Private,Precious Metal,No,MIN-PM,1,0,1,0,0
894,2020,Newmont Goldcorp Corp.,Coffee Gold Mine,"Located approximately 130km south of Dawson City, Yukon",YK,Approved,Mining,317,62.847528,-139.515693,Private,Precious Metal,No,MIN-PM,1,0,1,0,0
894,2021,Newmont Goldcorp Corp.,Coffee Gold Mine,"130km south of Dawson City, Yukon",YK,Announced & Planning,Mining,317,62.847528,-139.515693,Private,Precious Metal,No,MIN-PM,1,0,1,0,0
894,2022,Newmont Goldcorp Corp.,Coffee Gold Mine,"130km south of Dawson City, Yukon",YK,Approved,Mining,317,62.847528,-139.515693,Private,Precious Metal,No,MIN-PM,1,0,1,0,0
894,2023,Newmont Goldcorp Corp.,Coffee Gold Mine,"130km south of Dawson City, Yukon",YK,Approved,Mining,317,62.847528,-139.515693,Private,Precious Metal,No,MIN-PM,1,0,1,0,0
894,2024,Newmont Goldcorp Corp.,Coffee Gold Mine,"130km south of Dawson City, Yukon",YK,In Review,Mining,317,62.847528,-139.515693,Private,Precious Metal,No,MIN-PM,1,0,1,0,0
895,2017,OPG and Coral Rapids L.P.,Peter Sutherland Sr. Generating Station,90 km north of the Town of Smooth Rock,ON,Announced & Planning,Energy,300,49.987208,-81.534773,Private,Other,Yes,EN-OTH,1,0,0,0,1
896,2024,Uranium Energy Corp,Roughrider Project,North Point Landing,SK,Announced & Planning,Mining,650,52.255289,-106.674981,Private,Critical Mineral,Yes,MIN-CM,1,0,1,0,0
900,2017,Hydro-Quebec,Projet Chamouchouane-BDI & Poste Judith-Jasmin,Lac Saint-Jean jusqu' Terrebonne,QC,Under Construction,Energy,1344,45.6849,-73.7338,Public,Clean Electricity,Yes,EN-LCF,0,1,1,0,0
900,2018,Hydro-Quebec,Projet Chamouchouane-BDI & Poste Judith-Jasmin,Lac Saint-Jean jusqu' Terrebonne,QC,Under Construction,Energy,1344,45.6849,-73.7338,Public,Clean Electricity,Yes,EN-LCF,0,1,1,0,0
900,2019,Hydro-Quebec,Projet Chamouchouane-BDI & Poste Judith-Jasmin,Lac Saint-Jean jusqu' Terrebonne,QC,Under Construction,Energy,1344,45.6849,-73.7338,Public,Clean Electricity,Yes,EN-LCF,0,1,1,0,0
900,2020,Hydro-Quebec,Projet Chamouchouane-BDI & Poste Judith-Jasmin,Lac Saint-Jean jusqu' Terrebonne,QC,Under Construction,Energy,1344,45.6849,-73.7338,Public,Clean Electricity,Yes,EN-LCF,0,1,0,1,0
902,2017,ATCO,NW Ft McMurray Transmission Development,Birchwood Creek + Ells River,AB,Under Construction,Energy,199,57.3058333,-111.6736111,Private,Trans & Distr,No,EN-T&D,0,1,0,1,0
903,2017,Osum Oil Sands Corp.,Orion,Municipal District of Bonnyville,AB,Approved,Energy,170,54.323,-110.25,Private,Oil & Gas - Upstream,No,EN-OG-U,1,0,1,0,0
903,2018,Osum Oil Sands Corp.,Orion,Municipal District of Bonnyville,AB,Approved,Energy,170,54.323,-110.25,Private,Oil & Gas - Upstream,No,EN-OG-U,1,0,1,0,0
903,2019,Osum Oil Sands Corp.,Orion,Municipal District of Bonnyville,AB,Approved,Energy,170,54.323,-110.25,Private,Oil & Gas - Upstream,No,EN-OG-U,1,0,0,0,1
906,2017,Northern Blizzard Resources Inc.,Pirtuk,Plover Lake area,SK,Announced & Planning,Energy,190,52.019444,-109.703389,Private,Other,Yes,EN-OTH,1,0,1,0,0
906,2018,Northern Blizzard Resources Inc.,Pirtuk,Plover Lake area,SK,Announced & Planning,Energy,190,52.019444,-109.703389,Private,Other,Yes,EN-OTH,1,0,1,0,0
906,2019,Northern Blizzard Resources Inc.,Pirtuk,Plover Lake area,SK,Announced & Planning,Energy,190,52.019444,-109.703389,Private,Other,Yes,EN-OTH,1,0,1,0,0
906,2020,Cona Resources Ltd.,Pirtuk,Plover Lake area,SK,Announced & Planning,Energy,190,52.019444,-109.703389,Private,Other,Yes,EN-OTH,1,0,1,0,0
906,2021,Cona Resources Ltd.,Pirtuk,Plover Lake area,SK,Announced & Planning,Energy,190,52.019444,-109.703389,Private,Other,Yes,EN-OTH,1,0,1,0,0
906,2022,Cona Resources Ltd.,Pirtuk,Plover Lake area,SK,Announced & Planning,Energy,190,52.019444,-109.703389,Private,Other,Yes,EN-OTH,1,0,0,0,1
907,2017,Jien Canada Mining Ltd.,North American Lithium Mine,60kmnorth of Val-d'Or,QC,Under Construction,Mining,350,48.4137,-77.8092,Private,Critical Mineral,Yes,MIN-CM,0,1,0,1,0
910,2017,Paper Excellence,Meadow Lake PulpMill Capacity Expansion (20%),Meadow Lake,SK,Announced & Planning,Forest,150,54.1568562,-108.2802842,Private,Pulp & Paper,No,FOR-P&P,1,0,0,0,1
912,2017,Newfoundland Transshipment Limited,Transshipment Terminal Expansion,Whiffen Head,NL,Under Construction,Energy,150,47.571831,-52.699949,Private,Oil & Gas - Downstream,No,EN-OG-D,0,1,0,1,0
915,2017,"anergie Hydro lectrique Mistassini, Soci t en commandite",Centrale hydro lectrique Onzime chute,Girardville et NotreeDameedeeLorette,QC,Under Construction,Energy,75,49.0202,-72.4891,Public,Clean Electricity,Yes,EN-CLEL,0,1,0,1,0
918,2017,Northern Cross Ltd.,Eagle Plains Oil and Gas Exploration,Eagle Plains Oil and Gas Basin in North Yukon,YK,In Review,Energy,100,66.553197,-137.839103,Private,Oil & Gas - Upstream,No,EN-OG-U,1,0,1,0,0
918,2018,Northern Cross Ltd.,Eagle Plains Oil and Gas Exploration,Eagle Plains Oil and Gas Basin in North Yukon,YK,In Review,Energy,100,66.553197,-137.839103,Private,Oil & Gas - Upstream,No,EN-OG-U,1,0,1,0,0
918,2019,Chance Oil & Gas,Eagle Plains Oil and Gas Exploration,Eagle Plains Oil and Gas Basin in North Yukon,YK,Announced & Planning,Energy,100,66.553197,-137.839103,Private,Oil & Gas - Upstream,No,EN-OG-U,1,0,1,0,0
918,2020,Chance Oil & Gas,Eagle Plains Oil and Gas Exploration,Eagle Plains Oil and Gas Basin in North Yukon,YK,Announced & Planning,Energy,100,66.553197,-137.839103,Private,Oil & Gas - Upstream,No,EN-OG-U,1,0,0,0,1
919,2017,ATAC Resources Ltd.,Rackla Gold Project (Tiger Deposit),"located approximately 55 km northeast of Keno City, Yukon.",YK,Announced & Planning,Mining,109.4,64.25305,-134.335288,Private,Precious Metal,No,MIN-PM,1,0,1,0,0
919,2018,ATAC Resources Ltd.,Rackla Gold Project (Tiger Deposit),"located approximately 55 km northeast of Keno City, Yukon.",YK,Announced & Planning,Mining,109.4,64.25305,-134.335288,Private,Precious Metal,No,MIN-PM,1,0,1,0,0
919,2019,ATAC Resources Ltd.,Rackla Gold Project (Tiger Deposit),"located approximately 55 km northeast of Keno City, Yukon.",YK,Announced & Planning,Mining,109.4,64.25305,-134.335288,Private,Precious Metal,No,MIN-PM,1,0,1,0,0
919,2020,ATAC Resources Ltd.,Rackla Gold Project (Tiger Deposit),"located approximately 55 km northeast of Keno City, Yukon.",YK,Announced & Planning,Mining,110.1,64.25305,-134.335288,Private,Precious Metal,No,MIN-PM,1,0,1,0,0
919,2021,ATAC Resources Ltd.,Rackla Gold Project (Tiger Deposit),"55 km northeast of Keno City, Yukon.",YK,Announced & Planning,Mining,110.1,64.25305,-134.335288,Private,Precious Metal,No,MIN-PM,1,0,0,0,1
921,2017,Aurvista Gold Corporation,Douay Ouest,50 km au sud-ouest de la ville de Matagami,QC,Announced & Planning,Mining,57,49.7283,-77.7463,Private,Precious Metal,No,MIN-PM,1,0,1,0,0
921,2018,Aurvista Gold Corporation,Douay Ouest,50 km au sud-ouest de la ville de Matagami,QC,Announced & Planning,Mining,73,49.7283,-77.7463,Private,Precious Metal,No,MIN-PM,1,0,0,0,1
928,2017,Interfor Corporation,Mill upgrade,Castlegar,BC,Under Construction,Forest,50,49.335625,-117.737002,Private,Pulp & Paper,No,FOR-P&P,0,1,1,0,0
928,2018,Interfor Corporation,Mill upgrade,Castlegar,BC,Under Construction,Forest,50,49.335625,-117.737002,Private,Pulp & Paper,No,FOR-P&P,0,1,1,0,0
928,2019,Interfor Corporation,Mill upgrade,Castlegar,BC,Under Construction,Forest,50,49.335625,-117.737002,Private,Pulp & Paper,No,FOR-P&P,0,1,1,0,0
928,2020,Interfor Corporation,Mill upgrade,Castlegar,BC,Under Construction,Forest,50,49.335625,-117.737002,Private,Pulp & Paper,No,FOR-P&P,0,1,1,0,0
928,2021,Interfor Corporation,Mill upgrade,Castlegar,BC,Under Construction,Forest,50,49.335625,-117.737002,Private,Pulp & Paper,No,FOR-P&P,0,1,1,0,0
928,2022,Interfor Corporation,Mill upgrade,Castlegar,BC,Under Construction,Forest,50,49.335625,-117.737002,Private,Pulp & Paper,No,FOR-P&P,0,1,1,0,0
928,2023,Interfor Corporation,Mill upgrade,Castlegar,BC,Under Construction,Forest,50,49.335625,-117.737002,Private,Pulp & Paper,No,FOR-P&P,0,1,1,0,0
928,2024,Interfor Corporation,Mill upgrade,Castlegar,BC,Under Construction,Forest,50,49.335625,-117.737002,Private,Pulp & Paper,No,FOR-P&P,0,1,1,0,0
931,2017,Tugliq Energie S.A.R.F.,aolienne jumel e un systme de stockage avanc lohydrogne la mine Raglan,Nunavik,QC,Announced & Planning,Energy,19,46.3264,-73.8977,Private,Clean Electricity,Yes,EN-CLEL,1,0,0,0,1
936,2017,Mines Agnico Eagle ltee,Akasaba West Copper-Gold Mine,15 kIlometers east of Val-doOrQC,QC,In Review,Mining,51,48.09981,-77.644167,Private,Precious Metal,No,MIN-PM,1,0,1,0,0
936,2018,Mines Agnico Eagle ltee,Akasaba West Copper-Gold Mine,15 kIlometers east of Val-doOrQC,QC,In Review,Mining,50,48.09981,-77.644167,Private,Precious Metal,No,MIN-PM,1,0,1,0,0
936,2019,Mines Agnico Eagle ltee,Akasaba West Copper-Gold Mine,15 kIlometers east of Val-doOrQC,QC,Approved,Mining,50,48.09981,-77.644167,Private,Precious Metal,No,MIN-PM,1,0,1,0,0
936,2020,Mines Agnico Eagle ltee,Akasaba West Copper-Gold Mine,15 kIlometers east of Val-doOrQC,QC,Approved,Mining,50,48.09981,-77.644167,Private,Precious Metal,No,MIN-PM,1,0,1,0,0
936,2021,Mines Agnico Eagle ltee,Akasaba West Copper-Gold Mine,15 kIlometers east of Val-doOrQC,QC,Approved,Mining,50,48.09981,-77.644167,Private,Precious Metal,No,MIN-PM,1,0,1,0,0
936,2023,Mines Agnico Eagle ltee,Akasaba West Copper-Gold Mine,15 kIlometers east of Val-doOrQC,QC,Under Construction,Mining,50,48.09981,-77.644167,Private,Precious Metal,No,MIN-PM,0,1,1,0,0
936,2024,Mines Agnico Eagle ltee,Akasaba West Copper-Gold Mine,15 kIlometers east of Val-doOrQC,QC,Under Construction,Mining,50,48.09981,-77.644167,Private,Precious Metal,No,MIN-PM,0,1,1,0,0
937,2017,"Canada Stewart Energy Group Ltd. (Northwest World Energy Services, Great United Petroleum Holding Co. Ltd.)",Canada Stewart Energy LNG Project,Stewart,BC,In Review,Energy,,55.92848,-129.989627,Private,Oil & Gas - Downstream,No,EN-OG-D,1,0,1,0,0
937,2018,"Canada Stewart Energy Group Ltd. (Northwest World Energy Services, Great United Petroleum Holding Co. Ltd.)",Canada Stewart Energy LNG Project,Stewart,BC,In Review,Energy,,55.92848,-129.989627,Private,Oil & Gas - Downstream,No,EN-OG-D,1,0,1,0,0
937,2019,"Canada Stewart Energy Group Ltd. (Northwest World Energy Services, Great United Petroleum Holding Co. Ltd.)",Canada Stewart Energy LNG Project,Stewart,BC,In Review,Energy,,55.92848,-129.989627,Private,Oil & Gas - Downstream,No,EN-OG-D,1,0,1,0,0
937,2020,"Canada Stewart Energy Group Ltd. (Northwest World Energy Services, Great United Petroleum Holding Co. Ltd.)",Canada Stewart Energy LNG Project,Stewart,BC,Announced & Planning,Energy,,55.92848,-129.989627,Private,Oil & Gas - Downstream,No,EN-OG-D,1,0,1,0,0
937,2021,"Canada Stewart Energy Group Ltd. (Northwest World Energy Services, Great United Petroleum Holding Co. Ltd.)",Canada Stewart Energy LNG Project,Stewart,BC,Announced & Planning,Energy,,55.92848,-129.989627,Private,Oil & Gas - Downstream,No,EN-OG-D,1,0,0,0,1
938,2017,Cedar LNG (partnership between Pembina Pipeline Corporation and Haisla Nation),Cedar LNG,Kitimat,BC,In Review,Energy,,53.925411,-128.727915,Private,Oil & Gas - Downstream,No,EN-OG-D,1,0,1,0,0
938,2018,Cedar LNG (partnership between Pembina Pipeline Corporation and Haisla Nation),Cedar LNG,Kitimat,BC,In Review,Energy,,53.925411,-128.727915,Private,Oil & Gas - Downstream,No,EN-OG-D,1,0,1,0,0
938,2019,Cedar LNG (partnership between Pembina Pipeline Corporation and Haisla Nation),Cedar LNG,Kitimat,BC,In Review,Energy,,53.925411,-128.727915,Private,Oil & Gas - Downstream,No,EN-OG-D,1,0,1,0,0
938,2020,Cedar LNG (partnership between Pembina Pipeline Corporation and Haisla Nation),Cedar LNG,Kitimat,BC,Approved,Energy,1400,53.925411,-128.727915,Private,Oil & Gas - Downstream,No,EN-OG-D,1,0,1,0,0
938,2021,Cedar LNG (partnership between Pembina Pipeline Corporation and Haisla Nation),Cedar LNG,Kitimat,BC,Announced & Planning,Energy,1400,53.925411,-128.727915,Private,Oil & Gas - Downstream,No,EN-OG-D,1,0,1,0,0
938,2022,Cedar LNG (partnership between Pembina Pipeline Corporation and Haisla Nation),Cedar LNG,Kitimat,BC,In Review,Energy,1400,53.925411,-128.727915,Private,Oil & Gas - Downstream,No,EN-OG-D,1,0,1,0,0
938,2023,Cedar LNG (partnership between Pembina Pipeline Corporation and Haisla Nation),Cedar LNG,Kitimat,BC,Approved,Energy,1400,53.925411,-128.727915,Private,Oil & Gas - Downstream,No,EN-OG-D,1,0,1,0,0
938,2024,Cedar LNG (partnership between Pembina Pipeline Corporation and Haisla Nation),Cedar LNG,Kitimat,BC,Announced & Planning,Energy,4600,53.925411,-128.727915,Private,Oil & Gas - Downstream,No,EN-OG-D,1,0,1,0,0
939,2017,NewTimes Energy Ltd.,NewTimes Energy,Prince Rupert,BC,In Review,Energy,,,,Private,Clean Electricity,Yes,EN-CLEL,1,0,1,0,0
939,2018,NewTimes Energy Ltd.,NewTimes Energy,Prince Rupert,BC,In Review,Energy,,,,Private,Clean Electricity,Yes,EN-CLEL,1,0,1,0,0
939,2019,NewTimes Energy Ltd.,NewTimes Energy,Prince Rupert,BC,In Review,Energy,,,0,Private,Clean Electricity,Yes,EN-CLEL,1,0,1,0,0
939,2020,NewTimes Energy Ltd.,NewTimes Energy,Prince Rupert,BC,Announced & Planning,Energy,,,0,Private,Clean Electricity,Yes,EN-CLEL,1,0,1,0,0
939,2021,NewTimes Energy Ltd.,NewTimes Energy,Prince Rupert,BC,Announced & Planning,Energy,,54.312194,-130.327083,Private,Clean Electricity,Yes,EN-CLEL,1,0,0,0,1
942,2017,Watson Island LNG Corporation,Watson Island LNG,Prince Rupert,BC,Announced & Planning,Energy,,,,Private,Oil & Gas - Downstream,No,EN-OG-D,1,0,1,0,0
942,2018,Watson Island LNG Corporation,Watson Island LNG,Prince Rupert,BC,Announced & Planning,Energy,,,,Private,Oil & Gas - Downstream,No,EN-OG-D,1,0,1,0,0
942,2019,Watson Island LNG Corporation,Watson Island LNG,Prince Rupert,BC,Announced & Planning,Energy,,54.241151,-130.297155,Private,Oil & Gas - Downstream,No,EN-OG-D,1,0,1,0,0
942,2020,Watson Island LNG Corporation,Watson Island LNG,Prince Rupert,BC,Announced & Planning,Energy,270,54.241151,-130.297155,Private,Oil & Gas - Downstream,No,EN-OG-D,1,0,1,0,0
942,2021,Watson Island LNG Corporation,Watson Island LNG,Prince Rupert,BC,Announced & Planning,Energy,270,54.241151,-130.297155,Private,Oil & Gas - Downstream,No,EN-OG-D,1,0,1,0,0
942,2023,Watson Island LNG Corporation,Watson Island LNG,Prince Rupert,BC,Announced & Planning,Energy,270,54.241151,-130.297155,Private,Oil & Gas - Downstream,No,EN-OG-D,1,0,1,0,0
942,2024,Watson Island LNG Corporation,Watson Island LNG,Prince Rupert,BC,Announced & Planning,Energy,270,54.241151,-130.297155,Private,Oil & Gas - Downstream,No,EN-OG-D,1,0,1,0,0
943,2017,"Tilbury Jetty Marine Partnership (Fortis, Seaspan, Shell)",Tilbury Marine Jetty,Delta,BC,In Review,Energy,175,49.1417976,-123.023505,Private,Oil & Gas - Downstream,No,EN-OG-D,1,0,1,0,0
943,2018,"Tilbury Jetty Marine Partnership (Fortis, Seaspan, Shell)",Tilbury Marine Jetty,Delta,BC,In Review,Energy,175,49.1417976,-123.023505,Private,Oil & Gas - Downstream,No,EN-OG-D,1,0,1,0,0
943,2019,"Tilbury Jetty Marine Partnership (Fortis, Seaspan, Shell)",Tilbury Marine Jetty,Delta,BC,In Review,Energy,175,49.1417976,-123.023505,Private,Oil & Gas - Downstream,No,EN-OG-D,1,0,1,0,0
943,2020,"Tilbury Jetty Marine Partnership (Fortis, Seaspan, Shell)",Tilbury Marine Jetty,Delta,BC,In Review,Energy,175,49.1417976,-123.023505,Private,Oil & Gas - Downstream,No,EN-OG-D,1,0,1,0,0
943,2021,"Tilbury Jetty Marine Partnership (Fortis, Seaspan, Shell)",Tilbury Marine Jetty,Delta,BC,In Review,Energy,1100,49.1417976,-123.023505,Private,Oil & Gas - Downstream,No,EN-OG-D,1,0,1,0,0
943,2022,"Tilbury Jetty Marine Partnership (Fortis, Seaspan, Shell)",Tilbury Marine Jetty,Delta,BC,In Review,Energy,175,49.1417976,-123.023505,Private,Oil & Gas - Downstream,No,EN-OG-D,1,0,1,0,0
943,2023,"Tilbury Jetty Marine Partnership (Fortis, Seaspan, Shell)",Tilbury Marine Jetty,Delta,BC,In Review,Energy,175,49.1417976,-123.023505,Private,Oil & Gas - Downstream,No,EN-OG-D,1,0,1,0,0
943,2024,"Tilbury Jetty Marine Partnership (Fortis, Seaspan, Shell)",Tilbury Marine Jetty,Delta,BC,In Review,Energy,175,49.1417976,-123.023505,Private,Oil & Gas - Downstream,No,EN-OG-D,1,0,1,0,0
944,2017,Vale Newfoundland and Labrador Limited,Underground Mine Development,"Voisey's Bay, Labrador",NL,Under Construction,Mining,2551.36,56.339569,-62.096443,Private,Precious Metal,No,MIN-PM,0,1,1,0,0
944,2018,Vale Newfoundland and Labrador Limited,Underground Mine Development,"Voisey's Bay, Labrador",NL,Under Construction,Mining,2227,56.339569,-62.096443,Private,Precious Metal,No,MIN-PM,0,1,1,0,0
944,2019,Vale Newfoundland and Labrador Limited,Underground Mine Development,"Voisey's Bay, Labrador",NL,Under Construction,Mining,2227,56.339569,-62.096443,Private,Precious Metal,No,MIN-PM,0,1,1,0,0
944,2020,Vale Newfoundland and Labrador Limited,Underground Mine Development,"Voisey's Bay, Labrador",NL,Under Construction,Mining,2227,56.339569,-62.096443,Private,Precious Metal,No,MIN-PM,0,1,0,1,0
946,2017,Unibord,Mill upgrade,Val-doOr,QC,Announced & Planning,Forest,53,48.11554,-77.778944,Private,Pulp & Paper,No,FOR-P&P,1,0,1,0,0
946,2018,Unibord,Mill upgrade,Val-doOr,QC,Announced & Planning,Forest,53,48.11554,-77.778944,Private,Pulp & Paper,No,FOR-P&P,1,0,0,0,1
947,2017,TransCanada,Eastern Mainline,Markham - Iroquois,ON,In Review,Energy,1500,43.728668,-79.2751,Private,Trans & Distr,No,EN-T&D,1,0,0,0,1
949,2017,Hydro-Quebec,Ligne 735 kV de la Chamouchouane-BDe,Lac-St-Jean-Montr al,QC,Under Construction,Energy,1340,45.7217,-73.7072,Public,Clean Electricity,Yes,EN-CLEL,0,1,0,1,0
951,2017,Dominion Diamonds Corp.,Ekati Diamond Mine Expansion - Jay Pipe,310 kilometres northeast of Yellowknife,NT,Approved,Mining,840,64.445237,-110.695595,Private,Precious Metal,No,MIN-PM,1,0,1,0,0
951,2018,Dominion Diamonds Corp.,Ekati Diamond Mine Expansion - Jay Pipe,310 kilometres northeast of Yellowknife,NT,Approved,Mining,840,64.445237,-110.695595,Private,Precious Metal,No,MIN-PM,1,0,1,0,0
951,2019,Dominion Diamonds Corp.,Ekati Diamond Mine Expansion - Jay Pipe,310 kilometres northeast of Yellowknife,NT,Approved,Mining,840,64.445237,-110.695595,Private,Precious Metal,No,MIN-PM,1,0,0,0,1
952,2017,Glencore,Raglan(phase 2),South of Salluit (nunavik),QC,In Review,Mining,1000,61.6877,-73.6772,Private,Other,No,MIN-OTH,1,0,1,0,0
952,2018,Glencore plc,Raglan(phase 2),South of Salluit (nunavik),QC,Approved,Mining,1000,61.6877,-73.6772,Private,Other,No,MIN-OTH,1,0,1,0,0
952,2019,Glencore plc,Raglan (phase 2),South of Salluit (nunavik),QC,Approved,Mining,1000,61.6877,-73.6772,Private,Other,No,MIN-OTH,1,0,1,0,0
952,2020,Glencore plc,Raglan (phase 2),South of Salluit (nunavik),QC,Approved,Mining,1000,61.6877,-73.6772,Private,Other,No,MIN-OTH,1,0,1,0,0
952,2021,Glencore plc,Raglan,South of Salluit (nunavik),QC,Under Construction,Mining,583,61.6877,-73.6772,Private,Other,No,MIN-OTH,0,1,1,0,0
952,2022,Glencore plc,Raglan Mineos Phase II (Sivumut Project),South of Salluit (nunavik),QC,Under Construction,Mining,508.8,61.6877,-73.6772,Private,Other,No,MIN-OTH,0,1,0,1,0
954,2017,AltaGas Ltd.,Fort St. John Liquids Hub,Fort St. John,BC,Announced & Planning,Energy,100,56.246614,-120.847647,Private,Other,Yes,EN-OTH,1,0,1,0,0
954,2018,AltaGas Ltd.,Fort St. John Liquids Hub,Fort St. John,BC,Under Construction,Energy,100,56.246614,-120.847647,Private,Other,Yes,EN-OTH,0,1,1,0,0
954,2019,AltaGas Ltd.,Fort St. John Liquids Hub,Fort St. John,BC,Under Construction,Energy,100,56.246614,-120.847647,Private,Other,Yes,EN-OTH,0,1,0,1,0
955,2017,AltaGas Ltd.,Ridley Island Propane Export Terminal,Prince Rupert,BC,Approved,Energy,450,54.224372,-130.328187,Private,Oil & Gas - Downstream,No,EN-OG-D,1,0,1,0,0
955,2018,AltaGas Ltd.,Ridley Island Propane Export Terminal,Prince Rupert,BC,Under Construction,Energy,450,54.224372,-130.328187,Private,Oil & Gas - Downstream,No,EN-OG-D,0,1,0,1,0
956,2017,Altalink,Chapel Rock to Pincher Creek Area Transmission Development,M.D. of Pincher Creek No. 9,AB,Announced & Planning,Energy,500,49.739198,-114.300651,Private,Trans & Distr,No,EN-T&D,1,0,1,0,0
956,2018,Altalink,Chapel Rock to Pincher Creek Area Transmission Development,M.D. of Pincher Creek No. 9,AB,Announced & Planning,Energy,500,49.739198,-114.300651,Private,Trans & Distr,No,EN-T&D,1,0,1,0,0
956,2019,Altalink,Chapel Rock to Pincher Creek Area Transmission Development,M.D. of Pincher Creek No. 9,AB,Announced & Planning,Energy,500,49.7392,-114.3007,Private,Trans & Distr,No,EN-T&D,1,0,1,0,0
956,2020,Altalink,Chapel Rock to Pincher Creek Area Transmission Development,M.D. of Pincher Creek No. 9,AB,Announced & Planning,Energy,500,49.739198,-114.300651,Private,Trans & Distr,No,EN-T&D,1,0,1,0,0
956,2021,Altalink,Chapel Rock to Pincher Creek Area Transmission Development,M.D. of Pincher Creek No. 9,AB,Announced & Planning,Energy,500,49.739198,-114.300651,Private,Trans & Distr,No,EN-T&D,1,0,1,0,0
956,2022,Altalink,Chapel Rock to Pincher Creek Area Transmission Development,M.D. of Pincher Creek No. 9,AB,Announced & Planning,Energy,500,49.739198,-114.300651,Private,Trans & Distr,No,EN-T&D,1,0,1,0,0
956,2023,Altalink,Chapel Rock to Pincher Creek Area Transmission Development,M.D. of Pincher Creek No. 9,AB,Announced & Planning,Energy,500,49.739198,-114.300651,Private,Trans & Distr,No,EN-T&D,1,0,1,0,0
956,2024,Altalink,Chapel Rock to Pincher Creek Area Transmission Development,M.D. of Pincher Creek No. 9,AB,Announced & Planning,Energy,500,49.739198,-114.300651,Private,Trans & Distr,No,EN-T&D,1,0,1,0,0
957,2017,Atrum Coal,Groundhog Project Anthracite Coal Mine,Smithers Area,BC,Announced & Planning,Mining,179.74,56.70066,-128.762292,Private,Coal,No,MIN-COAL,1,0,1,0,0
957,2018,Atrum Coal,Groundhog Project Anthracite Coal Mine,Smithers Area,BC,Announced & Planning,Mining,180.65,56.70066,-128.762292,Private,Coal,No,MIN-COAL,1,0,1,0,0
957,2019,Atrum Coal,Groundhog Project Anthracite Coal Mine,Smithers Area,BC,Announced & Planning,Mining,180,56.7007,-128.7623,Private,Coal,No,MIN-COAL,1,0,1,0,0
957,2020,Atrum Coal,Groundhog Project Anthracite Coal Mine,Smithers Area,BC,Announced & Planning,Mining,600,56.70066,-128.762292,Private,Coal,No,MIN-COAL,1,0,1,0,0
957,2021,Atrum Coal,Groundhog Project Anthracite Coal Mine,Smithers Area,BC,Announced & Planning,Mining,600,56.70066,-128.762292,Private,Coal,No,MIN-COAL,1,0,1,0,0
957,2022,Atrum Coal,Groundhog Project Anthracite Coal Mine,Smithers Area,BC,Announced & Planning,Mining,180.652,56.70066,-128.762292,Private,Coal,No,MIN-COAL,1,0,1,0,0
957,2024,Atrum Coal,Groundhog Project Anthracite Coal Mine,Smithers Area,BC,Announced & Planning,Mining,600,56.70066,-128.762292,Private,Coal,No,MIN-COAL,1,0,1,0,0
958,2017,BC Hydro,Tofino and Ahousaht LongTerm Power Supply,Tofino,BC,In Review,Energy,21,49.283514,-125.679419,Public,Trans & Distr,No,EN-LCF,1,0,1,0,0
958,2018,BC Hydro,Tofino and Ahousaht LongTerm Power Supply,Tofino,BC,Under Construction,Energy,20,49.283514,-125.679419,Public,Trans & Distr,No,EN-LCF,0,1,1,0,0
958,2019,BC Hydro,Tofino and Ahousaht LongTerm Power Supply,Tofino,BC,Under Construction,Energy,21,49.2835,-125.6794,Public,Trans & Distr,No,EN-LCF,0,1,1,0,0
958,2020,BC Hydro,Tofino and Ahousaht LongTerm Power Supply,Tofino,BC,Under Construction,Energy,21,49.283514,-125.679419,Public,Trans & Distr,No,EN-LCF,0,1,0,1,0
962,2017,BC Hydro,Arnott Substation Capacity Upgrade Project,Delta,BC,Under Construction,Energy,38,49.091794,-123.042209,Public,Trans & Distr,No,EN-T&D,0,1,1,0,0
962,2018,BC Hydro,Arnott Substation Capacity Upgrade Project,Delta,BC,Under Construction,Energy,40,49.091794,-123.042209,Public,Trans & Distr,No,EN-T&D,0,1,0,1,0
963,2017,BC Hydro,Kamloops Substation,Kamloops,BC,Under Construction,Energy,49,50.67394,-120.383922,Public,Trans & Distr,No,EN-T&D,0,1,1,0,0
963,2018,BC Hydro,Kamloops Substation,Kamloops,BC,Under Construction,Energy,56,50.67394,-120.383922,Public,Trans & Distr,No,EN-T&D,0,1,0,1,0
964,2017,BC Hydro,Fort St. John and Taylor Electrical Supply,Fort St. John,BC,Under Construction,Energy,53,56.1359375,-121.0004997,Public,Clean Electricity,Yes,EN-CLEL,0,1,1,0,0
964,2018,BC Hydro,Fort St. John and Taylor Electric Supply,Fort St. John,BC,Under Construction,Energy,53,56.1359375,-121.0004997,Public,Clean Electricity,Yes,EN-CLEL,0,1,1,0,0
964,2019,BC Hydro,Fort St. John and Taylor Electric Supply,Fort St. John,BC,Under Construction,Energy,53,56.1359,-121.0005,Public,Clean Electricity,Yes,EN-CLEL,0,1,1,0,0
964,2020,BC Hydro,Fort St. John and Taylor Electric Supply,Fort St. John,BC,Under Construction,Energy,53,56.1359375,-121.0004997,Public,Clean Electricity,Yes,EN-CLEL,0,1,0,1,0
965,2017,BC Hydro,G.M. Shrum Units 1 to 10 Control Systems Upgrade Project,Hudson Hope,BC,Under Construction,Energy,60,56.01667,-122.2027447,Public,Other,Yes,EN-OTH,0,1,1,0,0
965,2018,BC Hydro,G.M. Shrum Units 1 to 10 Control Systems Upgrade Project,Hudson Hope,BC,Under Construction,Energy,75,56.01667,-122.2027447,Public,Other,Yes,EN-OTH,0,1,1,0,0
965,2019,BC Hydro,G.M. Shrum Units 1 to 10 Control Systems Upgrade Project,Hudson Hope,BC,Under Construction,Energy,75,56.0167,-122.2027,Public,Other,Yes,EN-OTH,0,1,1,0,0
965,2020,BC Hydro,G.M. Shrum Units 1 to 10 Control Systems Upgrade Project,Hudson Hope,BC,Under Construction,Energy,75,56.01667,-122.2027447,Public,Other,Yes,EN-OTH,0,1,1,0,0
965,2021,BC Hydro,G.M. Shrum Units 1 to 10 Control Systems Upgrade Project,Hudson Hope,BC,Under Construction,Energy,75,56.01667,-122.2027447,Public,Other,Yes,EN-OTH,0,1,1,0,0
965,2022,BC Hydro,G.M. Shrum Units 1 to 10 Control Systems Upgrade Project,Hudson Hope,BC,Under Construction,Energy,75,56.01667,-122.2027447,Public,Other,Yes,EN-OTH,0,1,1,0,0
965,2023,BC Hydro,G.M. Shrum Units 1 to 10 Control Systems Upgrade Project,Hudson Hope,BC,Under Construction,Energy,75,56.01667,-122.2027447,Public,Other,Yes,EN-OTH,0,1,1,0,0
965,2024,BC Hydro,G.M. Shrum Units 1 to 10 Control Systems Upgrade Project,Hudson Hope,BC,Under Construction,Energy,75,56.01667,-122.2027447,Public,Other,Yes,EN-OTH,0,1,1,0,0
966,2017,BC Hydro,Horne Payne Substation Project,Burnaby,BC,Under Construction,Energy,93,49.266566,-123.016964,Public,Trans & Distr,No,EN-T&D,0,1,1,0,0
966,2018,BC Hydro,Horne Payne Substation Project,Burnaby,BC,Under Construction,Energy,93,49.266566,-123.016964,Public,Trans & Distr,No,EN-T&D,0,1,1,0,0
966,2019,BC Hydro,Horne Payne Substation Project,Burnaby,BC,Under Construction,Energy,93,49.2666,-123.017,Public,Trans & Distr,No,EN-T&D,0,1,0,1,0
967,2017,BC Hydro,Campbell River Substation Capacity Upgrade,Campbell River,BC,Under Construction,Energy,29,50.020199,-125.25365,Public,Trans & Distr,No,EN-T&D,0,1,1,0,0
967,2018,BC Hydro,Campbell River Substation Capacity Upgrade,Campbell River,BC,Under Construction,Energy,40,50.020199,-125.25365,Public,Trans & Distr,No,EN-T&D,0,1,0,1,0
968,2017,BC Hydro,BR1 Replace Transformers T1 & T2,Campbell River,BC,Under Construction,Energy,45,50.020199,-125.25365,Public,Clean Electricity,Yes,EN-CLEL,0,1,1,0,0
968,2018,BC Hydro,BR1 Replace Transformers T1 & T2,Campbell River,BC,Under Construction,Energy,45,50.020199,-125.25365,Public,Clean Electricity,Yes,EN-CLEL,0,1,0,1,0
969,2017,City of Medicine Hat,Secondary Power Plant,Medicine Hat,AB,Under Construction,Energy,55,50.0870018,-110.7320023,Public,NG Power Gen,Yes,EN-LCF,0,1,0,1,0
970,2017,Creative Energy Vancouver Platforms Inc.,Creative Energy Plant,Vancouver,BC,In Review,Energy,100,49.278184,-123.112438,Private,Clean Electricity,Yes,EN-CLEL,1,0,1,0,0
970,2018,Creative Energy Vancouver Platforms Inc.,Creative Energy Plant,Vancouver,BC,In Review,Energy,100,49.278184,-123.112438,Private,Clean Electricity,Yes,EN-CLEL,1,0,1,0,0
970,2019,Creative Energy Vancouver Platforms Inc.,Creative Energy Plant,Vancouver,BC,In Review,Energy,100,49.278184,-123.112438,Private,Clean Electricity,Yes,EN-CLEL,1,0,1,0,0
970,2020,Creative Energy Vancouver Platforms Inc.,Creative Energy Plant,Vancouver,BC,In Review,Energy,100,49.278184,-123.112438,Private,Clean Electricity,Yes,EN-CLEL,1,0,1,0,0
970,2021,Creative Energy Vancouver Platforms Inc.,Creative Energy Plant,Vancouver,BC,In Review,Energy,100,49.278184,-123.112438,Private,Clean Electricity,Yes,EN-CLEL,1,0,1,0,0
970,2022,Creative Energy Vancouver Platforms Inc.,Creative Energy Plant,Vancouver,BC,Announced & Planning,Energy,100,49.278184,-123.112438,Private,Clean Electricity,Yes,EN-CLEL,1,0,1,0,0
970,2023,Creative Energy Vancouver Platforms Inc.,Creative Energy Plant,Vancouver,BC,In Review,Energy,100,49.278184,-123.112438,Private,Clean Electricity,Yes,EN-CLEL,1,0,1,0,0
970,2024,Creative Energy Vancouver Platforms Inc.,Creative Energy Plant,Vancouver,BC,Under Construction,Energy,100,49.278184,-123.112438,Private,Clean Electricity,Yes,EN-CLEL,0,1,1,0,0
971,2017,Cutbank Ridge Partnership (Mitsubishi Corporation and Encana),Sunrise Gas Plant,Dawson Creek,BC,Under Construction,Energy,860,55.837543,-120.550968,Private,Oil & Gas - Downstream,No,EN-OG-D,0,1,0,1,0
972,2017,Eagle Spirit Energy Holdings Ltd./Aquilini Group,ESE Synthetic Crude Pipeline,Prince Rupert,BC,Announced & Planning,Energy,18000,54.2685198,-130.304303,Private,Trans & Distr,No,EN-T&D,1,0,1,0,0
972,2018,Eagle Spirit Energy Holdings Ltd./Aquilini Group,ESE Synthetic Crude Pipeline,Prince Rupert,BC,Announced & Planning,Energy,18000,54.2685198,-130.304303,Private,Trans & Distr,No,EN-T&D,1,0,1,0,0
972,2019,Eagle Spirit Energy Holdings Ltd./Aquilini Group,ESE Synthetic Crude Pipeline,Prince Rupert,BC,Announced & Planning,Energy,18000,54.2685198,-130.304303,Private,Trans & Distr,No,EN-T&D,1,0,1,0,0
972,2020,Eagle Spirit Energy Holdings Ltd./Aquilini Group,ESE Synthetic Crude Pipeline,Prince Rupert,BC,Announced & Planning,Energy,18000,54.2685198,-130.304303,Private,Trans & Distr,No,EN-T&D,1,0,1,0,0
972,2021,Eagle Spirit Energy Holdings Ltd./Aquilini Group,ESE Synthetic Crude Pipeline,Prince Rupert,BC,Announced & Planning,Energy,18000,54.2685198,-130.304303,Private,Trans & Distr,No,EN-T&D,1,0,1,0,0
972,2022,Eagle Spirit Energy Holdings Ltd./Aquilini Group,ESE Synthetic Crude Pipeline,Prince Rupert,BC,Announced & Planning,Energy,18000,54.2685198,-130.304303,Private,Trans & Distr,No,EN-T&D,1,0,0,0,1
973,2017,Enbridge Inc.,Norlite Pipeline,Regional Municipality of Wood Buffalo,AB,Under Construction,Energy,1400,53.925373,-113.037806,Private,Trans & Distr,No,EN-T&D,0,1,0,1,0
974,2017,Enbridge/ Borealis Inc./ Kitselas First Nation,Lakelse Geothermal Power Plant,Terrace,BC,Announced & Planning,Energy,30,54.44564,-128.5403,Private,Clean Electricity,Yes,EN-CLEL,1,0,1,0,0
974,2018,Enbridge/ Borealis Inc./ Kitselas First Nation,Lakelse Geothermal Power Plant,Terrace,BC,In Review,Energy,30,54.44564,-128.5403,Private,Clean Electricity,Yes,EN-CLEL,1,0,1,0,0
974,2019,Enbridge/ Borealis Inc./ Kitselas First Nation,Lakelse Geothermal Power Plant,Terrace,BC,In Review,Energy,120,54.44564,-128.5403,Private,Clean Electricity,Yes,EN-CLEL,1,0,1,0,0
974,2020,Enbridge/ Borealis Inc./ Kitselas First Nation,Lakelse Geothermal Power Plant,Terrace,BC,In Review,Energy,120,54.44564,-128.5403,Private,Clean Electricity,Yes,EN-CLEL,1,0,1,0,0
974,2021,Enbridge/ Borealis Inc./ Kitselas First Nation,Lakelse Geothermal Power Plant,Terrace,BC,In Review,Energy,120,54.44564,-128.5403,Private,Clean Electricity,Yes,EN-CLEL,1,0,1,0,0
974,2022,Enbridge/ Borealis Inc./ Kitselas First Nation,Lakelse Geothermal Power Plant,Terrace,BC,In Review,Energy,120,54.44564,-128.5403,Private,Clean Electricity,Yes,EN-CLEL,1,0,1,0,0
974,2023,Enbridge/ Borealis Inc./ Kitselas First Nation,Lakelse Geothermal Power Plant,Terrace,BC,In Review,Energy,120,54.44564,-128.5403,Private,Clean Electricity,Yes,EN-CLEL,1,0,1,0,0
974,2024,Enbridge/ Borealis Inc./ Kitselas First Nation,Lakelse Geothermal Power Plant,Terrace,BC,In Review,Energy,120,54.44564,-128.5403,Private,Clean Electricity,Yes,EN-CLEL,1,0,1,0,0
975,2017,ENN Canada Corp. / Ferus Natural Gas Fuels,LNG Liquification Plant,Edmonton,AB,Announced & Planning,Energy,45,53.55363464,-113.6735077,Private,Oil & Gas - Downstream,No,EN-OG-D,1,0,0,0,1
976,2017,Infinity Energy,Bio-Diesel Refinery,Lamont,AB,Announced & Planning,Energy,1920,53.79058456,-112.8427505,Private,Oil & Gas - Downstream,No,EN-OG-D,1,0,0,0,1
977,2017,Keyera Corp.,Baseline Terminal,Edmonton,AB,Under Construction,Energy,672,53.52799225,-113.36409,Private,Oil & Gas - Downstream,No,EN-OG-D,0,1,0,1,0
978,2017,Keyera Corp.,Condensate tanks at Edmonton Terminal,Edmonton,AB,Announced & Planning,Energy,90,53.53188324,-113.3671417,Private,Oil & Gas - Downstream,No,EN-OG-D,1,0,0,0,1
979,2017,Kitsault Energy Ltd. of Canada,Kitsault LNG Facility,Kitsault,BC,In Review,Energy,,55.45712,-129.47784,Private,Oil & Gas - Downstream,No,EN-OG-D,1,0,1,0,0
979,2018,Kitsault Energy Ltd. of Canada,Kitsault LNG Facility,Kitsault,BC,In Review,Energy,,55.45712,-129.47784,Private,Oil & Gas - Downstream,No,EN-OG-D,1,0,1,0,0
979,2019,Kitsault Energy Ltd. of Canada,Kitsault LNG Facility,Kitsault,BC,In Review,Energy,34000,55.45712,-129.47784,Private,Oil & Gas - Downstream,No,EN-OG-D,1,0,1,0,0
979,2020,Kitsault Energy Ltd. of Canada,Kitsault LNG Facility,Kitsault,BC,Approved,Energy,34000,55.45712,-129.47784,Private,Oil & Gas - Downstream,No,EN-OG-D,1,0,1,0,0
979,2021,Kitsault Energy Ltd. of Canada,Kitsault LNG Facility,Kitsault,BC,Announced & Planning,Energy,34000,55.45712,-129.47784,Private,Oil & Gas - Downstream,No,EN-OG-D,1,0,0,0,1
980,2017,Kruger Energy Inc.,Isle Pierre Wind Farm,Prince George,BC,In Review,Energy,400,53.912778,-123.403889,Private,Clean Electricity,Yes,EN-CLEL,1,0,1,0,0
980,2018,Kruger Energy Inc.,Isle Pierre Wind Farm,Prince George,BC,In Review,Energy,400,53.912778,-123.403889,Private,Clean Electricity,Yes,EN-CLEL,1,0,1,0,0
980,2019,Kruger Energy Inc.,Isle Pierre Wind Farm,Prince George,BC,Announced & Planning,Energy,400,53.912778,-123.403889,Private,Clean Electricity,Yes,EN-CLEL,1,0,1,0,0
980,2020,Kruger Energy Inc.,Isle Pierre Wind Farm,Prince George,BC,In Review,Energy,400,53.912778,-123.403889,Private,Clean Electricity,Yes,EN-CLEL,1,0,1,0,0
980,2021,Kruger Energy Inc.,Isle Pierre Wind Farm,Prince George,BC,Announced & Planning,Energy,400,53.912778,-123.403889,Private,Clean Electricity,Yes,EN-CLEL,1,0,1,0,0
980,2022,Kruger Energy Inc.,Isle Pierre Wind Farm,Prince George,BC,Announced & Planning,Energy,400,53.912778,-123.403889,Private,Clean Electricity,Yes,EN-CLEL,1,0,1,0,0
980,2023,Kruger Energy Inc.,Isle Pierre Wind Farm,Prince George,BC,Announced & Planning,Energy,400,53.912778,-123.403889,Private,Clean Electricity,Yes,EN-CLEL,1,0,0,0,1
981,2017,Pembina Pipeline Corp.,Sturgeon Refinery Terminal,Sturgeon County,AB,Under Construction,Energy,180,53.81531906,-113.1297302,Private,Oil & Gas - Downstream,No,EN-OG-D,0,1,0,1,0
982,2017,Plateau Pipe Line Ltd.,Northeast British Columbia (NEBC) Expansion Project,Wonowon,BC,In Review,Energy,210,56.799672,-121.939706,Private,Other,Yes,EN-OTH,1,0,1,0,0
982,2018,Plateau Pipe Line Ltd.,Northeast British Columbia (NEBC) Expansion Project,Wonowon,BC,In Review,Energy,210,56.799672,-121.939706,Private,Other,Yes,EN-OTH,1,0,0,0,1
983,2017,Red Willow Wind LP,Red Willow Wind Farm,Tumbler Ridge,BC,In Review,Energy,480,54.808663,-120.375011,Private,Clean Electricity,Yes,EN-CLEL,1,0,1,0,0
983,2018,Red Willow Wind LP,Red Willow Wind Farm,Tumbler Ridge,BC,In Review,Energy,480,54.808663,-120.375011,Private,Clean Electricity,Yes,EN-CLEL,1,0,1,0,0
983,2019,Red Willow Wind LP,Red Willow Wind Farm,Tumbler Ridge,BC,In Review,Energy,480,54.808663,-120.375011,Private,Clean Electricity,Yes,EN-CLEL,1,0,1,0,0
983,2020,Red Willow Wind LP,Red Willow Wind Farm,Tumbler Ridge,BC,In Review,Energy,480,54.808663,-120.375011,Private,Clean Electricity,Yes,EN-CLEL,1,0,1,0,0
983,2021,Red Willow Wind LP,Red Willow Wind Farm,Tumbler Ridge,BC,In Review,Energy,480,54.808663,-120.375011,Private,Clean Electricity,Yes,EN-CLEL,1,0,1,0,0
983,2022,Red Willow Wind LP,Red Willow Wind Farm,Tumbler Ridge,BC,In Review,Energy,480,54.808663,-120.375011,Private,Clean Electricity,Yes,EN-CLEL,1,0,1,0,0
983,2023,Red Willow Wind LP,Red Willow Wind Farm,Tumbler Ridge,BC,Announced & Planning,Energy,480,54.808663,-120.375011,Private,Clean Electricity,Yes,EN-CLEL,1,0,1,0,0
983,2024,Red Willow Wind LP,Red Willow Wind Farm,Tumbler Ridge,BC,In Review,Energy,480,54.808663,-120.375011,Private,Clean Electricity,Yes,EN-CLEL,1,0,1,0,0
984,2017,Terasen Gas/Kelowna City,Kelowna City Centre Renewable Energy System,Kelowna,BC,Announced & Planning,Energy,38,49.888107,-119.485567,Private,Clean Electricity,Yes,EN-CLEL,1,0,1,0,0
984,2018,Terasen Gas/Kelowna City,Kelowna City Centre Renewable Energy System,Kelowna,BC,Announced & Planning,Energy,38,49.888107,-119.485567,Private,Clean Electricity,Yes,EN-CLEL,1,0,1,0,0
984,2019,Terasen Gas/Kelowna City,Kelowna City Centre Renewable Energy System,Kelowna,BC,Announced & Planning,Energy,22,49.888107,-119.485567,Private,Clean Electricity,Yes,EN-CLEL,1,0,0,0,1
985,2017,TransAlta - Sorgente,TransAlta - Sorgente,Blue River,BC,Announced & Planning,Energy,45,0,,Private,Waste Biomass,Yes,EN-BIO,1,0,0,0,1
987,2017,Veresen Midstream,Tower Gas Plant,Fort St. John,BC,Approved,Energy,715,56.002882,-120.685274,Private,Oil & Gas - Downstream,No,EN-OG-D,1,0,0,0,1
988,2017,Zero Emission Energy Developments Inc.,Septimus Creek Wind Power Project,Taylor,BC,Under Construction,Energy,45,56.07097,-120.900421,Private,Clean Electricity,Yes,EN-CLEL,0,1,1,0,0
988,2018,Zero Emission Energy Developments Inc.,Septimus Creek Wind Power Project,Taylor,BC,Under Construction,Energy,45,56.07097,-120.900421,Private,Clean Electricity,Yes,EN-CLEL,0,1,1,0,0
988,2019,Zero Emission Energy Developments Inc.,Septimus Creek Wind Power Project,Taylor,BC,Under Construction,Energy,45,56.07097,-120.900421,Private,Clean Electricity,Yes,EN-CLEL,0,1,0,1,0
989,2017,Zero Emission Energy Developments Inc.,Pennask Wind Power Project,Kelowna,BC,Under Construction,Energy,45,49.921589,-120.109921,Private,Clean Electricity,Yes,EN-CLEL,0,1,0,1,0
990,2017,Zero Emission Energy Developments Inc.,Shinish Creek Wind Power Project,Summerland,BC,Under Construction,Energy,45,49.685672,-120.106659,Private,Clean Electricity,Yes,EN-CLEL,0,1,0,1,0
993,2017,MRC de Lotbinire / RES Canada et municipalit s de Saint-S verin et de Saint-Sylvestre,Parc olien Mont Sainte-Marguerite,"Saint-Sylvestre, Saint-S verin, Sacr -Ciur-de-J sus, Chaudire-Appalaches",QC,Under Construction,Energy,300,46.3343,-71.1332,Private,Other,Yes,EN-OTH,0,1,0,1,0
994,2017,"EDF EN Canada, Alliance aolienne de loEst et R gie intermunicipale Gasp sie",Parc olien Nicolas-Riou,"TNO Lac-Boisbouscache, municipalit s de Sainte-Franssoise, Saint-M dard, Saint-Guy, Saint-Mathieu-de-Rioux, Saint-Eugne-de-Ladrire, Bas-Saint-Laurent",QC,Under Construction,Energy,500,,,Private,Other,Yes,EN-OTH,0,1,0,1,0
996,2019,"AltaLink, ATCO",Central East Area Transmission Development,Multiple locations,AB,Announced & Planning,Energy,82.77,52.848469,-110.899511,Private,Trans & Distr,No,EN-T&D,1,0,1,0,0
996,2020,"AltaLink, ATCO",Central East Area Transmission Development,Multiple locations,AB,Announced & Planning,Energy,82.77,52.848469,-110.899511,Private,Trans & Distr,No,EN-T&D,1,0,1,0,0
996,2021,"AltaLink, ATCO",Central East Area Transmission Development,Multiple locations,AB,In Review,Energy,82.77,52.848469,-110.899511,Private,Trans & Distr,No,EN-T&D,1,0,1,0,0
996,2022,"AltaLink, ATCO",Central East Area Transmission Development,Multiple locations,AB,Approved,Energy,82.77,52.848469,-110.899511,Private,Trans & Distr,No,EN-T&D,1,0,1,0,0
996,2023,"AltaLink, ATCO",Central East Area Transmission Development,Multiple locations,AB,Approved,Energy,82.77,52.848469,-110.899511,Private,Trans & Distr,No,EN-T&D,1,0,1,0,0
996,2024,"AltaLink, ATCO",Central East Area Transmission Development,Multiple locations,AB,Under Construction,Energy,332,52.848469,-110.899511,Private,Trans & Distr,No,EN-T&D,0,1,1,0,0
997,2017,AltaLink,Edmonton Region 240kV Line Upgrades,Multiple locations,AB,Under Construction,Energy,114.01,53.54194,-113.491623,Private,Trans & Distr,No,EN-T&D,0,1,0,1,0
998,2017,AltaLink,Fidler Substation Connection,Multiple locations,AB,In Review,Energy,86.91,,,Private,Trans & Distr,No,EN-T&D,1,0,0,0,1
999,2017,AltaLink,Foothills Area Transmission Development - Third Circuit,Multiple locations,AB,In Review,Energy,25.53,,,Private,Trans & Distr,No,EN-T&D,1,0,0,0,1
1000,2017,AltaLink,Fort McMurray West 500 kV Transmission Project,Multiple locations,AB,Under Construction,Energy,1600,53.344208,-114.303682,Private,Trans & Distr,No,EN-T&D,0,1,1,0,0
1000,2018,AltaLink,Fort McMurray West 500 kV Transmission Project,Multiple locations,AB,Under Construction,Energy,1600,53.344208,-114.303682,Private,Trans & Distr,No,EN-T&D,0,1,1,0,0
1000,2019,AltaLink,Fort McMurray West 500 kV Transmission Project,Multiple locations,AB,Under Construction,Energy,1430,53.344208,-114.303682,Private,Trans & Distr,No,EN-T&D,0,1,0,1,0
1002,2017,"Ministere du developpement durable, de l'environnement et des parcs",Refection du barrage des Quinze,Angliers,QC,Under Construction,Energy,79,47.5536405,-79.2401968,Private,Other,Yes,EN-OTH,0,1,1,0,0
1002,2018,"Ministere du developpement durable, de l'environnement et des parcs",Refection du barrage des Quinze,Angliers,QC,Under Construction,Energy,79,47.5536405,-79.2401968,Private,Other,Yes,EN-OTH,0,1,1,0,0
1002,2019,"Ministere du developpement durable, de l'environnement et des parcs",Refection du barrage des Quinze,Angliers,QC,Under Construction,Energy,79,47.5536405,-79.2401968,Private,Other,Yes,EN-OTH,0,1,1,0,0
1002,2020,"Ministere du developpement durable, de l'environnement et des parcs",Refection du barrage des Quinze,Angliers,QC,Under Construction,Energy,98.3,47.5536405,-79.2401968,Private,Other,Yes,EN-OTH,0,1,1,0,0
1002,2021,"Ministere du developpement durable, de l'environnement et des parcs",Refection du barrage des Quinze,Angliers,QC,Under Construction,Energy,110,47.5536405,-79.2401968,Private,Other,Yes,EN-OTH,0,1,1,0,0
1002,2022,"Ministere du developpement durable, de l'environnement et des parcs",Refection du barrage des Quinze,Angliers,QC,Under Construction,Energy,110,47.5536405,-79.2401968,Private,Other,Yes,EN-OTH,0,1,1,0,0
1002,2023,"Ministere du developpement durable, de l'environnement et des parcs",Refection du barrage des Quinze,Angliers,QC,Under Construction,Energy,110,47.5536405,-79.2401968,Private,Other,Yes,EN-OTH,0,1,1,0,0
1002,2024,"Ministere du developpement durable, de l'environnement et des parcs",Refection du barrage des Quinze,Angliers,QC,Under Construction,Energy,110,47.5536405,-79.2401968,Private,Other,Yes,EN-OTH,0,1,1,0,0
1003,2017,Churchill Falls (Labrador) Corporation,Electric Utility Capital Expenditures,Churchill Falls,NL,Under Construction,Energy,70,53.594608,-64.308031,Private,Other,Yes,EN-OTH,0,1,1,0,0
1003,2018,Churchill Falls (Labrador) Corporation,Electric Utility Capital Expenditures,Churchill Falls,NL,Under Construction,Energy,65.7,53.594608,-64.308031,Private,Other,Yes,EN-OTH,0,1,1,0,0
1003,2019,Churchill Falls (Labrador) Corporation,Electric Utility 2019 Capital Program,Churchill Falls,NL,Under Construction,Energy,65.7,53.594608,-64.308031,Private,Other,Yes,EN-OTH,0,1,1,0,0
1003,2020,Churchill Falls (Labrador) Corporation,Electric Utility 2019 Capital Program,Churchill Falls,NL,Under Construction,Energy,65.7,53.594608,-64.308031,Private,Other,Yes,EN-OTH,0,1,1,0,0
1003,2021,Churchill Falls (Labrador) Corporation,Electric Utility 2020 Capital Program,Churchill Falls,NL,Under Construction,Energy,66.1,53.594608,-64.308031,Private,Other,Yes,EN-OTH,0,1,1,0,0
1003,2022,Churchill Falls (Labrador) Corporation,Electric Utility 2020 Capital Program,Churchill Falls,NL,Under Construction,Energy,66.1,53.594608,-64.308031,Private,Other,Yes,EN-OTH,0,1,1,0,0
1003,2023,Churchill Falls (Labrador) Corporation,Electric Utility 2020 Capital Program (Churchill Falls (Labrador) Corporation),Churchill Falls,NL,Under Construction,Energy,66.1,53.594608,-64.308031,Private,Other,Yes,EN-OTH,0,1,0,1,0
1004,2017,Manitoba Hydro,ManitobaiMinnesota Transmission Project,Manitoba to Minnesota,MB,In Review,Energy,453,49.988,-97.43,Public,Trans & Distr,No,EN-T&D,1,0,1,0,0
1004,2018,Manitoba Hydro,ManitobaiMinnesota Transmission Project,Manitoba to Minnesota,MB,In Review,Energy,453,49.988,-97.43,Public,Trans & Distr,No,EN-T&D,1,0,1,0,0
1004,2019,Manitoba Hydro,ManitobaiMinnesota Transmission Project,Manitoba to Minnesota,MB,In Review,Energy,451.7,49.988,-97.43,Public,Trans & Distr,No,EN-T&D,1,0,0,0,1
1007,2017,Iron Ore Company of Canada,Wabush 3 open Pit Mine,Labrador West,NL,Under Construction,Mining,79,47.615464,-56.681538,Private,Precious Metal,No,MIN-PM,0,1,1,0,0
1007,2018,Iron Ore Company of Canada,Wabush 3 open Pit Mine,Labrador West,NL,Under Construction,Mining,79,52.980611,-66.941151,Private,Precious Metal,No,MIN-PM,0,1,0,1,0
1009,2017,Newfoundland Power,Electrical Substation and Emergency Power Capacity Upgrade,St. John's,NL,Under Construction,Energy,21.6,47.5701156,-52.7432242,Private,Trans & Distr,No,EN-T&D,0,1,0,1,0
1010,2017,Newfoundland Power Inc.,Electric Utility Capital Program,Various,NL,Under Construction,Energy,89.4,,,Private,Clean Electricity,Yes,EN-CLEL,0,1,1,0,0
1010,2018,Newfoundland Power Inc.,Electric Utility 2018 Capital Program,Various,NL,Under Construction,Energy,84,,,Private,Clean Electricity,Yes,EN-CLEL,0,1,1,0,0
1010,2019,Newfoundland Power Inc.,Electric Utility 2019 Capital Program,Various,NL,Under Construction,Energy,93.3,48.553042,-58.55137,Private,Clean Electricity,Yes,EN-CLEL,0,1,1,0,0
1010,2020,Newfoundland Power Inc.,Electric Utility 2019 Capital Program,Various,NL,Under Construction,Energy,96.6,48.553042,-58.55137,Private,Clean Electricity,Yes,EN-CLEL,0,1,1,0,0
1010,2021,Newfoundland Power Inc.,Electric Utility 2020 Capital Program,Various,NL,Under Construction,Energy,96.6,48.553042,-58.55137,Private,Clean Electricity,Yes,EN-CLEL,0,1,1,0,0
1010,2022,Newfoundland Power Inc.,Electric Utility 2020 Capital Program,Various,NL,Under Construction,Energy,96.6,48.553042,-58.55137,Private,Clean Electricity,Yes,EN-CLEL,0,1,1,0,0
1010,2023,Newfoundland Power Inc.,Electric Utility 2020 Capital Program (Newfoundland Power Inc.),Various,NL,Under Construction,Energy,96.6,48.553042,-58.55137,Private,Clean Electricity,Yes,EN-CLEL,0,1,0,1,0
1012,2017,Kahnawake Sustainable Energies (KSE),Parc olien Saint-Cyprien,Saint-Cyprien-de-Napierville,QC,In Review,Energy,60,45.1112401,-73.4103012,Private,Other,Yes,EN-OTH,1,0,1,0,0
1012,2018,Kahnawake Sustainable Energies (KSE),Parc olien Saint-Cyprien,Saint-Cyprien-de-Napierville,QC,In Review,Energy,65,45.1112401,-73.4103012,Private,Other,Yes,EN-OTH,1,0,1,0,0
1012,2019,Kahnawake Sustainable Energies (KSE),Parc olien Saint-Cyprien,Saint-Cyprien-de-Napierville,QC,In Review,Energy,65,45.1112,-73.4103,Private,Other,Yes,EN-OTH,1,0,0,0,1
1013,2017,Gaz M tro,Agrandissement dousine de transformation de gaz naturel liqu fi,l'est de Montr al,QC,Under Construction,Energy,118,45.6140193,-73.5093898,Private,Other,Yes,EN-OTH,0,1,0,1,0
1015,2017,Newfoundland and Labrador Hydro,Various (2016 Capital Program),Various,NL,Under Construction,Energy,104,,,Public,Clean Electricity,Yes,EN-CLEL,0,1,1,0,0
1015,2018,Newfoundland and Labrador Hydro,Various (2018 Capital Program),Various,NL,Under Construction,Energy,170.87,,,Public,Clean Electricity,Yes,EN-CLEL,0,1,1,0,0
1015,2019,Newfoundland and Labrador Hydro,Electric Utility 2019 Capital Program,Various,NL,Under Construction,Energy,115.9,54.178584,-58.4269,Public,Clean Electricity,Yes,EN-CLEL,0,1,1,0,0
1015,2020,Newfoundland and Labrador Hydro,Electric Utility 2019 Capital Program,Various,NL,Under Construction,Energy,108.5,54.178584,-58.4269,Public,Clean Electricity,Yes,EN-CLEL,0,1,1,0,0
1015,2021,Newfoundland and Labrador Hydro,Electric Utility 2020 Capital Program,Various,NL,Under Construction,Energy,126.5,54.178584,-58.4269,Public,Clean Electricity,Yes,EN-CLEL,0,1,1,0,0
1015,2022,Newfoundland and Labrador Hydro,Electric Utility 2020 Capital Program,Various,NL,Under Construction,Energy,126.5,54.178584,-58.4269,Public,Clean Electricity,Yes,EN-CLEL,0,1,1,0,0
1015,2023,Newfoundland and Labrador Hydro,Electric Utility 2020 Capital Program (Newfoundland and Labrador Hydro),Various,NL,Under Construction,Energy,126.5,54.178584,-58.4269,Public,Clean Electricity,Yes,EN-CLEL,0,1,0,1,0
1017,2017,AltaLink,Red Deer Transmission Development,Red Deer,AB,Under Construction,Energy,372.73,52.326193,-113.905932,Private,Trans & Distr,No,EN-T&D,0,1,1,0,0
1017,2018,AltaLink,Red Deer Transmission Development,Red Deer,AB,Under Construction,Energy,350,52.326193,-113.905932,Private,Trans & Distr,No,EN-T&D,0,1,1,0,0
1017,2019,AltaLink,Red Deer Transmission Development,Red Deer,AB,Under Construction,Energy,350,52.3262,-113.9059,Private,Trans & Distr,No,EN-T&D,0,1,0,1,0
1018,2017,AltaLink,South and West of Edmonton Transmission Development,Multiple locations,AB,In Review,Energy,306.65,,,Private,Trans & Distr,No,EN-T&D,1,0,1,0,0
1018,2018,AltaLink,South and West of Edmonton Transmission Development,Multiple locations,AB,Under Construction,Energy,306.65,,,Private,Trans & Distr,No,EN-T&D,0,1,1,0,0
1018,2019,AltaLink,South and West of Edmonton Transmission Development,Multiple locations,AB,Approved,Energy,306.65,53.357687,-113.720132,Private,Trans & Distr,No,EN-T&D,1,0,0,0,1
1019,2017,AltaLink,Southern Alberta Transmission Reinforcement (including Castle Rock Ridge to Chapel Rock 240 kV Line),Multiple locations,AB,Under Construction,Energy,683.33,49.5717994,-113.9574974,Private,Trans & Distr,No,EN-T&D,0,1,0,1,0
1020,2017,AltaLink,Sunnybrook and Livock Interconnection with Fort McMurray West 500 kV Transmission Facilities,Multiple locations,AB,In Review,Energy,37.31,,,Private,Trans & Distr,No,EN-T&D,1,0,1,0,0
1020,2018,AltaLink,Sunnybrook and Livock Interconnection with Fort McMurray West 500 kV Transmission Facilities,Multiple locations,AB,In Review,Energy,37.31,,,Private,Trans & Distr,No,EN-T&D,1,0,0,0,1
1021,2017,AltaLink,Thickwood Hills 240 kV Transmission Development and Reactive Power Reinforcement,Multiple locations,AB,In Review,Energy,132.43,,,Private,Trans & Distr,No,EN-T&D,1,0,1,0,0
1021,2018,AltaLink,Thickwood Hills 240 kV Transmission Development and Reactive Power Reinforcement,Multiple locations,AB,In Review,Energy,132.43,,,Private,Trans & Distr,No,EN-T&D,1,0,0,0,1
1022,2017,De Beers Canada,Victor Extension,Attawapiskat,ON,In Review,Mining,,52.868344,-83.957825,Private,Other,No,MIN-OTH,1,0,1,0,0
1022,2018,De Beers Canada,Victor Extension,Attawapiskat,ON,In Review,Mining,,52.868344,-83.957825,Private,Other,No,MIN-OTH,1,0,0,0,1
1023,2017,Nukik Corp.,Kivalliq Hydro Fibre Link,Churchill to Baker Lake via Rankin Inlet,Multi,Announced & Planning,Energy,904,58.765245,-94.167571,Public,Clean Electricity,Yes,EN-CLEL,1,0,1,0,0
1023,2018,Nukik Corp.,Kivalliq Hydro Fibre Link,Churchill to Baker Lake via Rankin Inlet,Multi,Announced & Planning,Energy,904,58.765245,-94.167571,Public,Clean Electricity,Yes,EN-CLEL,1,0,1,0,0
1023,2019,Nukik Corp.,Kivalliq Hydro Fibre Link,Churchill to Baker Lake via Rankin Inlet,Multi,Announced & Planning,Energy,904,58.7652,-94.167571,Public,Clean Electricity,Yes,EN-CLEL,1,0,1,0,0
1023,2020,Nukik Corp.,Kivalliq Hydro Fibre Link,Gillam to Baker Lake,Multi,Announced & Planning,Energy,904,,,Public,Clean Electricity,Yes,EN-CLEL,1,0,1,0,0
1023,2021,Nukik Corp.,Kivalliq Hydro Fibre Link,Gillam to Baker Lake,Multi,Announced & Planning,Energy,1200,64.3176,-96.022,Public,Clean Electricity,Yes,EN-CLEL,1,0,1,0,0
1023,2022,Nukik Corp.,Kivalliq Hydro Fibre Link,Gillam to Baker Lake,Multi,Announced & Planning,Energy,1200,64.42351739,-96.08106678,Public,Clean Electricity,Yes,EN-CLEL,1,0,1,0,0
1023,2023,Nukik Corp.,Kivalliq Hydro Fibre Link,Gillam to Baker Lake,Multi,Announced & Planning,Energy,1600,64.32351739,-96.08106678,Public,Clean Electricity,Yes,EN-CLEL,1,0,1,0,0
1023,2024,Nukik Corp.,Kivalliq Hydro Fibre Link,Gillam to Baker Lake,Multi,Announced & Planning,Energy,1600,64.32351739,-96.08106678,Public,Clean Electricity,Yes,EN-CLEL,1,0,1,0,0
1024,2017,NextBridge,East-West Tie Transmission Project,Wawa to Thunder Bay,ON,Announced & Planning,Energy,500,48.4511225,-89.1749954,Private,Trans & Distr,No,EN-T&D,1,0,1,0,0
1024,2018,NextBridge/Hydro One (only one can be granted a construction permit),"East-West Tie Transmission Project (alternatively, if Hydro One receives the construction permit, then the project will be named the Lake Superior Link)",Wawa to Thunder Bay,ON,In Review,Energy,777,48.4511225,-89.1749954,Private,Trans & Distr,No,EN-T&D,1,0,1,0,0
1024,2019,NextBridge/Hydro One (only one can be granted a construction permit),"East-West Tie Transmission Project (alternatively, if Hydro One receives the construction permit, then the project will be named the Lake Superior Link)",Wawa to Thunder Bay,ON,Approved,Energy,767,48.4511,-89.175,Private,Trans & Distr,No,EN-T&D,1,0,1,0,0
1024,2020,NextBridge/Hydro One (only one can be granted a construction permit),East-West Tie Transmission Project,Wawa to Thunder Bay,ON,Under Construction,Energy,767,48.4511225,-89.1749954,Private,Trans & Distr,No,EN-T&D,0,1,1,0,0
1024,2021,NextBridge/Hydro One (only one can be granted a construction permit),East-West Tie Transmission Project,Wawa to Thunder Bay,ON,Under Construction,Energy,777,48.4511225,-89.1749954,Private,Trans & Distr,No,EN-T&D,0,1,0,1,0
1025,2017,Hydro-Quebec,Poste de Baie-Saint-Paul 315-25kV,Baie-St-Paul,QC,Under Construction,Energy,,,,Public,Trans & Distr,No,EN-LCF,0,1,0,1,0
1026,2017,Hydro-Quebec,Rehabilitation de la centrale Robert-Bourassa,Baie-James,QC,Under Construction,Energy,,,,Public,Clean Electricity,Yes,EN-CLEL,0,1,1,0,0
1026,2018,Hydro-Quebec,Rehabilitation de la centrale Robert-Bourassa,Baie-James,QC,Under Construction,Energy,743,53.795196,-77.439972,Public,Clean Electricity,Yes,EN-CLEL,0,1,1,0,0
1026,2019,Hydro-Quebec,Rehabilitation de la centrale Robert-Bourassa,Baie-James,QC,Under Construction,Energy,743,53.7952,-77.44,Public,Clean Electricity,Yes,EN-CLEL,0,1,1,0,0
1026,2020,Hydro-Quebec,Rehabilitation de la centrale Robert-Bourassa,Baie-James,QC,Under Construction,Energy,743,53.795196,-77.439972,Public,Clean Electricity,Yes,EN-CLEL,0,1,1,0,0
1026,2021,Hydro-Quebec,Rehabilitation de la centrale Robert-Bourassa,Baie-James,QC,Under Construction,Energy,732,53.795196,-77.439972,Public,Clean Electricity,Yes,EN-CLEL,0,1,1,0,0
1026,2022,Hydro-Quebec,Rehabilitation de la centrale Robert-Bourassa,Baie-James,QC,Under Construction,Energy,732,53.795196,-77.439972,Public,Clean Electricity,Yes,EN-CLEL,0,1,1,0,0
1026,2023,Hydro-Quebec,Rehabilitation de la centrale Robert-Bourassa,Baie-James,QC,Under Construction,Energy,732,53.795196,-77.439972,Public,Clean Electricity,Yes,EN-CLEL,0,1,1,0,0
1026,2024,Hydro-Quebec,Rehabilitation de la centrale Robert-Bourassa,Baie-James,QC,Under Construction,Energy,732,53.795196,-77.439972,Public,Clean Electricity,Yes,EN-CLEL,0,1,1,0,0
1028,2017,Alamos Gold Inc.,Island Gold Expansion,Dubreuilville,ON,Announced & Planning,Mining,62.44,48.346963,-84.477053,Private,Precious Metal,No,MIN-PM,1,0,1,0,0
1028,2018,Alamos Gold Inc.,Island Gold Expansion,Dubreuilville,ON,Under Construction,Mining,68,48.346963,-84.477053,Private,Precious Metal,No,MIN-PM,0,1,1,0,0
1028,2019,Alamos Gold Inc.,Island Gold Expansion,Dubreuilville,ON,Under Construction,Mining,68.2,48.346963,-84.477053,Private,Precious Metal,No,MIN-PM,0,1,1,0,0
1028,2020,Alamos Gold Inc.,Island Gold Expansion,Dubreuilville,ON,Under Construction,Mining,68.2,48.346963,-84.477053,Private,Precious Metal,No,MIN-PM,0,1,1,0,0
1028,2021,Alamos Gold Inc.,Island Gold Expansion,Dubreuilville,ON,Under Construction,Mining,699.975,48.346963,-84.477053,Private,Precious Metal,No,MIN-PM,0,1,1,0,0
1028,2022,Alamos Gold Inc.,Island Gold Expansion,Dubreuilville,ON,Under Construction,Mining,699.975,48.28345,-84.41081,Private,Precious Metal,No,MIN-PM,0,1,1,0,0
1028,2023,Alamos Gold Inc.,Island Gold Expansion,Dubreuilville,ON,Under Construction,Mining,974.492,48.28345,-84.41081,Private,Precious Metal,No,MIN-PM,0,1,1,0,0
1028,2024,Alamos Gold Inc.,Island Gold Expansion,Dubreuilville,ON,Under Construction,Mining,966,48.28345,-84.41081,Private,Precious Metal,No,MIN-PM,0,1,1,0,0
1029,2017,Dominion Diamonds Corp.,Sable,Lac de Gras region,NT,Announced & Planning,Mining,190,64.875028,-110.58604,Private,Other,No,MIN-OTH,1,0,1,0,0
1029,2018,Dominion Diamonds Corp.,Ekati (Sable),Lac de Gras region,NT,Under Construction,Mining,194.27,64.875028,-110.58604,Private,Other,No,MIN-OTH,0,1,1,0,0
1029,2019,Dominion Diamonds Corp.,Ekati (Sable),Lac de Gras region,NT,Under Construction,Mining,194.27,64.875028,-110.58604,Private,Other,No,MIN-OTH,0,1,0,1,0
1030,2017,Rockhaven Resources Ltd.,Klaza,50 km west of the village of Carmacks,YK,Announced & Planning,Mining,262,62.155926,-137.342635,Private,Other,No,MIN-OTH,1,0,1,0,0
1030,2018,Rockhaven Resources Ltd.,Klaza,50 km west of the village of Carmacks,YK,Announced & Planning,Mining,262,62.155926,-137.342635,Private,Other,No,MIN-OTH,1,0,1,0,0
1030,2019,Rockhaven Resources Ltd.,Klaza,50 km west of the village of Carmacks,YK,Announced & Planning,Mining,262,62.155926,-137.342635,Private,Other,No,MIN-OTH,1,0,0,0,1
1031,2017,NOVA Gas Transmission Ltd.,Towerbirch Expansion Project,Tower Lake Area along the AB and BC provincial border,Multi,Approved,Energy,470,56.001785,-120.673554,Private,Other,Yes,EN-OTH,1,0,0,0,1
1032,2017,TransCanada,Upland Pipeline Project,"Williston, North Dakota north to Moosomin, Saskatchewan or Cromer, Manitoba",Multi,In Review,Energy,600,49.00001,-102.369498,Private,Trans & Distr,No,EN-T&D,1,0,0,0,1
1034,2020,Fission Uranium Corp.,Patterson Lake South,Athabasca Basin District,SK,Announced & Planning,Mining,1177,57.635749,-109.316745,Private,Critical Mineral,Yes,MIN-CM,1,0,1,0,0
1034,2021,Fission Uranium Corp.,Patterson Lake South,Athabasca Basin District,SK,In Review,Mining,1176,57.635749,-109.316745,Private,Critical Mineral,Yes,MIN-CM,1,0,1,0,0
1034,2022,Fission Uranium Corp.,Patterson Lake South,Athabasca Basin District,SK,In Review,Mining,1176.884,57.635749,-109.316745,Private,Critical Mineral,Yes,MIN-CM,1,0,1,0,0
1034,2023,Fission Uranium Corp.,Patterson Lake South,Athabasca Basin District,SK,In Review,Mining,1155,57.635749,-109.316745,Private,Critical Mineral,Yes,MIN-CM,1,0,1,0,0
1034,2024,Fission Uranium Corp.,Patterson Lake South,Athabasca Basin District,SK,In Review,Mining,1155,57.635749,-109.316745,Private,Critical Mineral,Yes,MIN-CM,1,0,1,0,0
1035,2017,NOVA Gas Transmission Ltd.,2017 NGTL System Expansion Project,Multiple locations,AB,Approved,Energy,1100,,,Private,Other,Yes,EN-OTH,1,0,0,0,1
1036,2017,Enbridge Pipelines Inc.,Line 3 Replacement Project,"Hardisty, AB to Gretna, MB",Multi,Approved,Energy,4800,52.674529,-111.304076,Private,Trans & Distr,No,EN-T&D,1,0,1,0,0
1036,2018,Enbridge Pipelines Inc.,Line 3 Replacement Project,"Hardisty, AB to Gretna, MB",Multi,Under Construction,Energy,4900,52.674529,-111.304076,Private,Trans & Distr,No,EN-T&D,0,1,1,0,0
1036,2019,Enbridge Pipelines Inc.,Line 3 Replacement Project,"Hardisty, AB to Gretna, MB",Multi,Under Construction,Energy,4900,52.674529,-111.304076,Private,Trans & Distr,No,EN-T&D,0,1,1,0,0
1036,2020,Enbridge Pipelines Inc.,Line 3 Replacement Project,"Hardisty, AB to Gretna, MB",Multi,Under Construction,Energy,5300,52.674529,-111.304076,Private,Trans & Distr,No,EN-T&D,0,1,0,1,0
1037,2021,"Western LNG, Nisga'a Nation, Rockies LNG Partners",Ksi Lisims LNG,Nasoga Gulf,BC,Announced & Planning,Energy,,54.901569,-130.072604,Private,Oil & Gas - Downstream,No,EN-OG-D,1,0,1,0,0
1037,2022,"Western LNG, Nisga'a Nation, Rockies LNG Partners",Ksi Lisims LNG,Nasoga Gulf,BC,Announced & Planning,Energy,,54.901569,-130.072604,Private,Oil & Gas - Downstream,No,EN-OG-D,1,0,1,0,0
1037,2024,"Western LNG, Nisga'a Nation, Rockies LNG Partners",Ksi Lisims LNG,Nasoga Gulf,BC,Announced & Planning,Energy,10000,54.901569,-130.072604,Private,Oil & Gas - Downstream,No,EN-OG-D,1,0,1,0,0
1039,2017,Daishowa Marubeni Intl Ltd.,Steeper Energy - HydrofactionTM Oil from wood,Peace River,AB,Under Construction,Forest,26,56.1849,-117.1849,Private,Other,Yes,FOR-OTH,0,1,1,0,0
1039,2018,Daishowa Marubeni Intl Ltd.,Steeper Energy - HydrofactionTM Oil from wood,Peace River,AB,Under Construction,Forest,26,56.1849,-117.1849,Private,Other,Yes,FOR-OTH,0,1,1,0,0
1039,2019,Daishowa Marubeni Intl Ltd.,Steeper Energy - HydrofactionTM Oil from wood,Peace River,AB,Announced & Planning,Forest,26,56.1849,-117.1849,Private,Other,Yes,FOR-OTH,1,0,1,0,0
1039,2020,Daishowa Marubeni Intl Ltd.,Steeper Energy - HydrofactionTM Oil from wood,Peace River,AB,Announced & Planning,Forest,26,56.1849,-117.1849,Private,Other,Yes,FOR-OTH,1,0,0,0,1
1040,2017,Biomont anergie Inc,Centrale de cog n ration Biomont,Montr al,QC,Announced & Planning,Energy,,,,Private,Waste Biomass,Yes,EN-BIO,1,0,0,0,1
1041,2017,"Energie hydroelectrique Pessamit, Societe en commandite",Centrale hydroelectrique des chutes du six milles,Forestville,QC,In Review,Energy,51,48.7238889,-69.1583333,Public,Clean Electricity,Yes,EN-CLEL,1,0,1,0,0
1041,2018,"Energie hydroelectrique Pessamit, Societe en commandite",Centrale hydroelectrique des chutes du six milles,Forestville,QC,In Review,Energy,51,48.7238889,-69.1583333,Public,Clean Electricity,Yes,EN-CLEL,1,0,1,0,0
1041,2019,"Energie hydroelectrique Pessamit, Societe en commandite",Centrale hydroelectrique des chutes du six milles,Forestville,QC,In Review,Energy,51,48.7238889,-69.1583333,Public,Clean Electricity,Yes,EN-CLEL,1,0,1,0,0
1041,2020,"Energie hydroelectrique Pessamit, Societe en commandite",Centrale hydroelectrique des chutes du six milles,Forestville,QC,In Review,Energy,51,48.7238889,-69.1583333,Public,Clean Electricity,Yes,EN-CLEL,1,0,1,0,0
1041,2021,"Energie hydroelectrique Pessamit, Societe en commandite",Centrale hydroelectrique des chutes du six milles,Forestville,QC,Under Construction,Energy,45,48.7238889,-69.1583333,Public,Clean Electricity,Yes,EN-CLEL,0,1,1,0,0
1041,2022,"Energie hydroelectrique Pessamit, Societe en commandite",Centrale hydroelectrique des chutes du six milles,Forestville,QC,In Review,Energy,45,48.7238889,-69.1583333,Public,Clean Electricity,Yes,EN-CLEL,1,0,1,0,0
1041,2023,"Energie hydroelectrique Pessamit, Societe en commandite",Centrale hydroelectrique des chutes du six milles,Forestville,QC,In Review,Energy,45,48.7238889,-69.1583333,Public,Clean Electricity,Yes,EN-CLEL,1,0,1,0,0
1041,2024,"Energie hydroelectrique Pessamit, Societe en commandite",Centrale hydroelectrique des chutes du six milles,Forestville,QC,In Review,Energy,45,48.7238889,-69.1583333,Public,Clean Electricity,Yes,EN-CLEL,1,0,1,0,0
1042,2018,BMC Minerals Ltd.,Kudz Ze Kayah,135 km south of Ross River,YK,Announced & Planning,Mining,400.88,61.45805,-130.61,Private,Other,No,MIN-OTH,1,0,1,0,0
1042,2019,BMC Minerals Ltd.,Kudz Ze Kayah,135 km south of Ross River,YK,In Review,Mining,400.88,61.45805,-130.61,Private,Other,No,MIN-OTH,1,0,1,0,0
1042,2020,BMC Minerals Ltd.,Kudz Ze Kayah,135 km south of Ross River,YK,In Review,Mining,496,61.45805,-130.61,Private,Other,No,MIN-OTH,1,0,1,0,0
1042,2021,BMC Minerals Ltd.,Kudz Ze Kayah,135 km south of Ross River,YK,Announced & Planning,Mining,496,61.45805,-130.61,Private,Other,No,MIN-OTH,1,0,1,0,0
1042,2022,BMC Minerals Ltd.,Kudz Ze Kayah,115 km southeast of Ross River,YK,Announced & Planning,Mining,488.507,61.45805,-130.61,Private,Other,No,MIN-OTH,1,0,1,0,0
1042,2023,BMC Minerals Ltd.,Kudz Ze Kayah,115 km southeast of Ross River,YK,In Review,Mining,488.507,61.45805,-130.61,Private,Other,No,MIN-OTH,1,0,1,0,0
1042,2024,BMC Minerals Ltd.,Kudz Ze Kayah,115 km southeast of Ross River,YK,In Review,Mining,488.507,61.45805,-130.61,Private,Other,No,MIN-OTH,1,0,1,0,0
1045,2017,Northern Energy Solutions (NES),NES Wood Pellet Plant,Miramichi,NB,In Review,Forest,45,47.022825,-65.495815,Private,Other,Yes,FOR-OTH,1,0,1,0,0
1045,2018,Northern Energy Solutions (NES),NES Wood Pellet Plant,Miramichi,NB,In Review,Forest,45,47.022825,-65.495815,Private,Other,Yes,FOR-OTH,1,0,1,0,0
1045,2019,Northern Energy Solutions (NES),NES Wood Pellet Plant,Miramichi,NB,In Review,Forest,45,47.022825,-65.495815,Private,Other,Yes,FOR-OTH,1,0,1,0,0
1045,2020,Northern Energy Solutions (NES),NES Wood Pellet Plant,Miramichi,NB,In Review,Forest,70,47.022825,-65.495815,Private,Other,Yes,FOR-OTH,1,0,1,0,0
1045,2021,Northern Energy Solutions (NES),NES Wood Pellet Plant,Miramichi,NB,In Review,Forest,70,47.022825,-65.495815,Private,Other,Yes,FOR-OTH,1,0,1,0,0
1045,2022,Northern Energy Solutions (NES),NES Wood Pellet Plant,Miramichi,NB,In Review,Forest,70,47.022825,-65.495815,Private,Other,Yes,FOR-OTH,1,0,1,0,0
1045,2023,Northern Energy Solutions (NES),NES Wood Pellet Plant,Miramichi,NB,In Review,Forest,70,47.022825,-65.495815,Private,Other,Yes,FOR-OTH,1,0,1,0,0
1045,2024,Northern Energy Solutions (NES),NES Wood Pellet Plant,Miramichi,NB,In Review,Forest,70,47.022825,-65.495815,Private,Other,Yes,FOR-OTH,1,0,1,0,0
1048,2017,9139-3991 Qu bec Inc (Les Industries JPB),Centrale de cog n ration Valleyfied,Valleyfield,QC,Under Construction,Energy,,45.23069,-74.083293,Private,Other,Yes,EN-OTH,0,1,1,0,0
1048,2018,9139-3991 Qu bec Inc (Les Industries JPB),Centrale de cog n ration Valleyfied,Valleyfield,QC,Under Construction,Energy,,45.23069,-74.083293,Private,Other,Yes,EN-OTH,0,1,1,0,0
1048,2019,9139-3991 Qu bec Inc (Les Industries JPB),Centrale de cog n ration Valleyfied,Valleyfield,QC,Under Construction,Energy,,45.23,-74.08,Private,Other,Yes,EN-OTH,0,1,1,0,0
1048,2020,9139-3991 Qu bec Inc (Les Industries JPB),Centrale de cog n ration Valleyfied,Valleyfield,QC,Under Construction,Energy,,45.23069,-74.083293,Private,Other,Yes,EN-OTH,0,1,1,0,0
1048,2021,9139-3991 Qu bec Inc (Les Industries JPB),Centrale de cog n ration Valleyfied,Valleyfield,QC,Under Construction,Energy,67,45.23069,-74.083293,Private,Other,Yes,EN-OTH,0,1,0,1,0
1049,2017,"Energie hydroelectrique Pessamit, Societe en commandite",Centrale hydroelectrique de la chute du quatre milles,Forestville,QC,In Review,Energy,22,48.7263889,-69.0927778,Public,Clean Electricity,Yes,EN-CLEL,1,0,1,0,0
1049,2018,"Energie hydroelectrique Pessamit, Societe en commandite",Centrale hydroelectrique de la chute du quatre milles,Forestville,QC,In Review,Energy,22,48.7263889,-69.0927778,Public,Clean Electricity,Yes,EN-CLEL,1,0,1,0,0
1049,2019,"Energie hydroelectrique Pessamit, Societe en commandite",Centrale hydroelectrique de la chute du quatre milles,Forestville,QC,In Review,Energy,22,48.73,-69.09,Public,Clean Electricity,Yes,EN-CLEL,1,0,1,0,0
1049,2020,"Energie hydroelectrique Pessamit, Societe en commandite",Centrale hydroelectrique de la chute du quatre milles,Forestville,QC,In Review,Energy,22,48.7263889,-69.0927778,Public,Clean Electricity,Yes,EN-CLEL,1,0,1,0,0
1049,2021,"Energie hydroelectrique Pessamit, Societe en commandite",Centrale hydroelectrique de la chute du quatre milles,Forestville,QC,In Review,Energy,22,48.7263889,-69.0927778,Public,Clean Electricity,Yes,EN-CLEL,1,0,1,0,0
1049,2022,"Energie hydroelectrique Pessamit, Societe en commandite",Centrale hydroelectrique de la chute du quatre milles,Forestville,QC,In Review,Energy,22,48.7263889,-69.0927778,Public,Clean Electricity,Yes,EN-CLEL,1,0,1,0,0
1049,2023,"Energie hydroelectrique Pessamit, Societe en commandite",Centrale hydroelectrique de la chute du quatre milles,Forestville,QC,In Review,Energy,22,48.7263889,-69.0927778,Public,Clean Electricity,Yes,EN-CLEL,1,0,1,0,0
1049,2024,"Energie hydroelectrique Pessamit, Societe en commandite",Centrale hydroelectrique de la chute du quatre milles,Forestville,QC,In Review,Energy,22,48.7263889,-69.0927778,Public,Clean Electricity,Yes,EN-CLEL,1,0,1,0,0
1050,2017,"Manouane Sipi, Societe en commandite",Centrale hydroelectrique Manouane Sipi (Dam B),La Tuque,QC,In Review,Energy,99,47.3812,-73.5727,Private,Clean Electricity,Yes,EN-CLEL,1,0,1,0,0
1050,2018,"Manouane Sipi, Societe en commandite",Centrale hydroelectrique Manouane Sipi (Dam B),La Tuque,QC,In Review,Energy,99,47.3812,-73.5727,Private,Clean Electricity,Yes,EN-CLEL,1,0,1,0,0
1050,2019,"Manouane Sipi, Societe en commandite",Centrale hydroelectrique Manouane Sipi (Dam B),La Tuque,QC,Approved,Energy,99,47.38,-73.57,Private,Clean Electricity,Yes,EN-CLEL,1,0,1,0,0
1050,2020,"Manouane Sipi, Societe en commandite",Centrale hydroelectrique Manouane Sipi (Dam B),La Tuque,QC,Announced & Planning,Energy,99,47.3812,-73.5727,Private,Clean Electricity,Yes,EN-CLEL,1,0,1,0,0
1050,2021,"Manouane Sipi, Societe en commandite",Centrale hydroelectrique Manouane Sipi (Dam B),La Tuque,QC,Approved,Energy,99,47.3812,-73.5727,Private,Clean Electricity,Yes,EN-CLEL,1,0,1,0,0
1050,2022,"Manouane Sipi, Societe en commandite",Centrale hydroelectrique Manouane Sipi (Dam B),La Tuque,QC,In Review,Energy,99,47.3812,-73.5727,Private,Clean Electricity,Yes,EN-CLEL,1,0,1,0,0
1050,2023,"Manouane Sipi, Societe en commandite",Centrale hydroelectrique Manouane Sipi (Dam B),La Tuque,QC,In Review,Energy,100,47.3812,-73.5727,Private,Clean Electricity,Yes,EN-CLEL,1,0,1,0,0
1050,2024,"Manouane Sipi, Societe en commandite",Centrale hydroelectrique Manouane Sipi (Dam B),La Tuque,QC,In Review,Energy,100,47.3812,-73.5727,Private,Clean Electricity,Yes,EN-CLEL,1,0,1,0,0
1051,2017,Fluorspar Holdings PTE Ltd.,St. Lawrence Fluorspar Mine,St. Lawrence,NL,Approved,Mining,,,,Private,Precious Metal,No,MIN-PM,1,0,1,0,0
1051,2024,Fluorspar Holdings PTE Ltd.,St. Lawrence Fluorspar Mine,St. Lawrence,NL,Approved,Mining,250,46.90798,-55.4682,Private,Precious Metal,No,MIN-PM,1,0,1,0,0
1052,2017,Howse Minerals Limited,Howse Property Direct Shipping Ore Mine,"25 kilometres northwest of Schefferville, Quebec",NL,In Review,Mining,100,54.94981,-67.169373,Private,Precious Metal,No,MIN-PM,1,0,1,0,0
1052,2018,Tata Steel Ltd.,Howse Property Direct Shipping Ore Mine,"25 kilometres northwest of Schefferville, Quebec",NL,Approved,Mining,100,54.94981,-67.169373,Private,Precious Metal,No,MIN-PM,1,0,1,0,0
1052,2019,Tata Steel Ltd.,Howse Property Direct Shipping Ore Mine,Menihek,NL,Approved,Mining,100,54.95,-67.17,Private,Precious Metal,No,MIN-PM,1,0,1,0,0
1052,2020,Tata Steel Ltd.,Howse Property Direct Shipping Ore Mine,Menihek,NL,Approved,Mining,100,54.94981,-67.169373,Private,Precious Metal,No,MIN-PM,1,0,1,0,0
1052,2023,Tata Steel Minerals Canada,Howse Property Direct Shipping Ore Mine,Menihek,NL,Under Construction,Mining,100,54.94981,-67.169373,Private,Precious Metal,No,MIN-PM,0,1,0,1,0
1053,2017,NB Power,Demand Side Management (Accelerated Energy Efficiency Programs - annually over 10 years),Various locations across NB,NB,In Review,Energy,65,,,Public,Other,Yes,EN-OTH,1,0,0,0,1
1056,2017,FPInnovations et Bio nergie La Tuque,Vision La Tuque 2023,La Tuque,QC,Announced & Planning,Forest,700,47.43839,-72.783938,Private,Other,Yes,FOR-OTH,1,0,1,0,0
1056,2018,FPInnovations et Bio nergie La Tuque,Vision La Tuque 2023,La Tuque,QC,Announced & Planning,Forest,700,47.43839,-72.783938,Private,Other,Yes,FOR-OTH,1,0,1,0,0
1056,2019,d terminer FPInnovations et Bio nergie La Tuque,Vision La Tuque 2023,La Tuque,QC,Announced & Planning,Forest,700,47.4384,-72.7839,Private,Other,Yes,FOR-OTH,1,0,1,0,0
1056,2020,FPInnovations et Bio nergie La Tuque,Vision La Tuque 2023,La Tuque,QC,Announced & Planning,Forest,700,47.43839,-72.783938,Private,Other,Yes,FOR-OTH,1,0,1,0,0
1056,2021,FPInnovations et Bio nergie La Tuque,Vision La Tuque 2023,La Tuque,QC,Announced & Planning,Forest,1000,47.43839,-72.783938,Private,Other,Yes,FOR-OTH,1,0,1,0,0
1056,2022,FPInnovations et Bio nergie La Tuque,Vision La Tuque 2023 (Biorefinery),La Tuque,QC,Announced & Planning,Forest,1000,47.43839,-72.783938,Private,Other,Yes,FOR-OTH,1,0,1,0,0
1056,2023,FPInnovations et Bio nergie La Tuque,Vision La Tuque 2023 (Biorefinery),La Tuque,QC,Announced & Planning,Forest,1200,47.43839,-72.783938,Private,Other,Yes,FOR-OTH,1,0,0,0,1
1057,2017,Pacific Future Energy,Pacific Future Energy Oil Refinery,Kitimat,BC,Announced & Planning,Energy,12720,53.9528963,-128.722594,Private,Oil & Gas - Downstream,No,EN-OG-D,1,0,1,0,0
1057,2018,Pacific Future Energy,Pacific Future Energy Oil Refinery,Kitimat,BC,Announced & Planning,Energy,12720,53.9528963,-128.722594,Private,Oil & Gas - Downstream,No,EN-OG-D,1,0,1,0,0
1057,2019,Pacific Future Energy,Pacific Future Energy Oil Refinery,Kitimat,BC,Announced & Planning,Energy,12720,53.9528963,-128.722594,Private,Oil & Gas - Downstream,No,EN-OG-D,1,0,1,0,0
1057,2020,Pacific Future Energy,Pacific Future Energy Oil Refinery,Kitimat,BC,Announced & Planning,Energy,10000,53.9528963,-128.722594,Private,Oil & Gas - Downstream,No,EN-OG-D,1,0,1,0,0
1057,2021,Pacific Future Energy,Pacific Future Energy Oil Refinery,Kitimat,BC,Announced & Planning,Energy,10000,53.9528963,-128.722594,Private,Oil & Gas - Downstream,No,EN-OG-D,1,0,1,0,0
1057,2022,Pacific Future Energy,Pacific Future Energy Oil Refinery,Kitimat,BC,Announced & Planning,Energy,10000,53.9528963,-128.722594,Private,Oil & Gas - Downstream,No,EN-OG-D,1,0,1,0,0
1057,2023,Pacific Future Energy,Pacific Future Energy Oil Refinery,Kitimat,BC,Announced & Planning,Energy,10000,53.9528963,-128.722594,Private,Oil & Gas - Downstream,No,EN-OG-D,1,0,1,0,0
1057,2024,Pacific Future Energy,Pacific Future Energy Oil Refinery,Kitimat,BC,Announced & Planning,Energy,10000,53.9528963,-128.722594,Private,Oil & Gas - Downstream,No,EN-OG-D,1,0,1,0,0
1058,2017,Protocol Biomass,Pellet Plant,Prescot,ON,Announced & Planning,Forest,73,44.709294,-75.518972,Private,Other,Yes,FOR-OTH,1,0,1,0,0
1058,2018,Protocol Biomass,Pellet Plant,Prescot,ON,Announced & Planning,Forest,73,44.709294,-75.518972,Private,Other,Yes,FOR-OTH,1,0,1,0,0
1058,2019,Protocol Biomass,Pellet Plant,Prescot,ON,Announced & Planning,Forest,73,44.709294,-75.518972,Private,Other,Yes,FOR-OTH,1,0,1,0,0
1058,2020,Protocol Biomass,Pellet Plant,Prescot,ON,Announced & Planning,Forest,73,44.709294,-75.518972,Private,Other,Yes,FOR-OTH,1,0,0,0,1
1060,2017,Pinnacle Pellets,Pellet Plant,Entwistle,AB,Under Construction,Forest,85,53.598751,-114.97372,Private,Other,Yes,FOR-OTH,0,1,0,1,0
1061,2017,Tembec (General Partnership),Specialty Cellulose Upgrade (digesters change),Temiscaming,QC,Announced & Planning,Forest,136,46.718739,-79.101879,Private,Pulp & Paper,No,FOR-P&P,1,0,1,0,0
1061,2018,Tembec (General Partnership),Specialty Cellulose Upgrade (digesters change),Temiscaming,QC,Announced & Planning,Forest,136,46.718739,-79.101879,Private,Pulp & Paper,No,FOR-P&P,1,0,1,0,0
1061,2019,Rayonier Advanced Materials,Specialty Cellulose Upgrade (digesters change),Temiscaming,QC,Announced & Planning,Forest,136,46.718739,-79.101879,Private,Pulp & Paper,No,FOR-P&P,1,0,1,0,0
1061,2020,Rayonier Advanced Materials,Specialty Cellulose Upgrade (digesters change),Temiscaming,QC,Announced & Planning,Forest,136,46.718739,-79.101879,Private,Pulp & Paper,No,FOR-P&P,1,0,1,0,0
1061,2021,Rayonier Advanced Materials,Specialty Cellulose Upgrade (digesters change),Temiscaming,QC,Announced & Planning,Forest,136,46.718739,-79.101879,Private,Pulp & Paper,No,FOR-P&P,1,0,1,0,0
1061,2022,Rayonier Advanced Materials,Specialty Cellulose Upgrade (digesters change),Temiscaming,QC,Announced & Planning,Forest,136,46.718739,-79.101879,Private,Pulp & Paper,No,FOR-P&P,1,0,0,0,1
1062,2017,Municipalit de Shannon,Centrale hydro lectrique de Saint-Gabriel,Municipalit de Shannon,QC,In Review,Energy,16,46.889947,-71.518663,Private,Clean Electricity,Yes,EN-CLEL,1,0,0,0,1
1063,2017,NTPC,Taltson Hydroelectricity Expansion Project (Phase 1),Multiple locations,NT,Announced & Planning,Energy,2275,61.443073,-112.714441,Private,Clean Electricity,Yes,EN-CLEL,1,0,1,0,0
1063,2018,NTPC,Taltson Hydroelectricity Expansion Project (Phase 1),Multiple locations,NT,Announced & Planning,Energy,2275,61.443073,-112.714441,Private,Clean Electricity,Yes,EN-CLEL,1,0,1,0,0
1063,2019,NTPC,Taltson Hydroelectricity Expansion Project (Phase 1),Multiple locations,NT,Approved,Energy,925,61.443073,-112.714441,Private,Clean Electricity,Yes,EN-CLEL,1,0,1,0,0
1063,2020,NTPC,Taltson Hydroelectricity Expansion Project (Phase 1),Multiple locations,NT,Approved,Energy,925,61.443073,-112.714441,Private,Clean Electricity,Yes,EN-CLEL,1,0,1,0,0
1063,2021,NTPC,Taltson Hydroelectricity Expansion Project (Phase 1),Multiple locations,NT,Announced & Planning,Energy,1200,61.443073,-112.714441,Private,Clean Electricity,Yes,EN-CLEL,1,0,1,0,0
1063,2022,NTPC,Taltson Hydroelectricity Expansion Project (Phase 1),Multiple locations,NT,Announced & Planning,Energy,1200,61.443073,-112.714441,Private,Clean Electricity,Yes,EN-CLEL,1,0,1,0,0
1063,2023,NTPC,Taltson Hydroelectricity Expansion Project (Phase 1),Multiple locations,NT,Announced & Planning,Energy,,61.443073,-112.714441,Private,Clean Electricity,Yes,EN-CLEL,1,0,1,0,0
1063,2024,NTPC,Taltson Hydroelectricity Expansion Project (Phase 1),Multiple locations,NT,Under Construction,Energy,1200,61.443073,-112.714441,Private,Clean Electricity,Yes,EN-CLEL,0,1,1,0,0
1066,2017,Enbridge Inc.,Line 10 Westover Segment Replacement,"Hamilton, ON",ON,Approved,Energy,219,43.252361,-79.830082,Private,Trans & Distr,No,EN-T&D,1,0,0,0,1
1067,2017,Sayona Quebec inc.,Authier,45km away from the city of Val-d'Or,QC,Announced & Planning,Mining,65.6,48.400581,-78.257358,Private,Other,No,MIN-OTH,1,0,1,0,0
1067,2018,Sayona Quebec inc.,Authier,45km away from the city of Val-d'Or,QC,Announced & Planning,Mining,65.6,48.400581,-78.257358,Private,Other,No,MIN-OTH,1,0,1,0,0
1067,2019,Sayona Quebec inc.,Authier,45km away from the city of Val-d'Or,QC,Announced & Planning,Mining,223,48.400581,-78.257358,Private,Other,No,MIN-OTH,1,0,1,0,0
1067,2020,Sayona Quebec inc.,Authier,45km away from the city of Val-d'Or,QC,Announced & Planning,Mining,120.5,48.400581,-78.257358,Private,Other,No,MIN-OTH,1,0,1,0,0
1067,2021,Sayona Quebec inc.,Authier,45km away from the city of Val-d'Or,QC,In Review,Mining,120.5,48.400581,-78.257358,Private,Other,No,MIN-OTH,1,0,1,0,0
1067,2022,Sayona Quebec inc.,Authier,45km away from the city of Val-d'Or,QC,In Review,Mining,120.5,48.400581,-78.257358,Private,Other,No,MIN-OTH,1,0,1,0,0
1067,2023,Sayona Quebec inc.,Authier,45km away from the city of Val-d'Or,QC,In Review,Mining,120,48.400581,-78.257358,Private,Other,No,MIN-OTH,1,0,1,0,0
1067,2024,Sayona Quebec inc.,Authier,45km away from the city of Val-d'Or,QC,In Review,Mining,74.85,48.400581,-78.257358,Private,Other,No,MIN-OTH,1,0,1,0,0
1072,2017,BlackPearl Resources Inc.,Onion Lake Ohase 2,Onion Lake,SK,Under Construction,Energy,180,53.717275,-109.997613,Private,Other,Yes,EN-OTH,0,1,1,0,0
1072,2018,BlackPearl Resources Inc.,Onion Lake Ohase 2,Onion Lake,SK,Under Construction,Energy,180,53.717275,-109.997613,Private,Other,Yes,EN-OTH,0,1,0,1,0
1073,2017,Husky Energy Inc.,Rush Lake,,SK,Under Construction,Energy,,,,Private,Clean Electricity,Yes,EN-CLEL,0,1,1,0,0
1073,2018,Husky Energy Inc.,Rush Lake,,SK,Under Construction,Energy,,,,Private,Clean Electricity,Yes,EN-CLEL,0,1,1,0,0
1073,2019,Husky Energy Inc.,Rush Lake,,SK,Under Construction,Energy,,,,Private,Clean Electricity,Yes,EN-CLEL,0,1,0,1,0
1074,2017,Athabasca Oil Sands Corporation,Kai Kos Dehseh,,AB,Approved,Energy,,,,Private,Oil & Gas - Upstream,No,EN-OG-U,1,0,1,0,0
1074,2018,Athabasca Oil Sands Corporation,Kai Kos Dehseh,,AB,Approved,Energy,,,,Private,Oil & Gas - Upstream,No,EN-OG-U,1,0,1,0,0
1074,2019,Athabasca Oil Sands Corporation,Kai Kos Dehseh,,AB,Approved,Energy,,,,Private,Oil & Gas - Upstream,No,EN-OG-U,1,0,1,0,0
1074,2020,Athabasca Oil Sands Corporation,Kai Kos Dehseh,,AB,Approved,Energy,,,,Private,Oil & Gas - Upstream,No,EN-OG-U,1,0,1,0,0
1074,2021,Athabasca Oil Corporation,Kai Kos Dehseh,Lac la Biche County,AB,Approved,Energy,,55.71751003,-111.5132917,Private,Oil & Gas - Upstream,No,EN-OG-U,1,0,1,0,0
1074,2022,Athabasca Oil Corporation,Kai Kos Dehseh,Lac la Biche County,AB,Approved,Energy,,55.71751003,-111.5132917,Private,Oil & Gas - Upstream,No,EN-OG-U,1,0,0,0,1
1076,2017,OSum Oil Sands Corp.,Orion,,AB,Approved,Energy,,,,Private,Oil & Gas - Upstream,No,EN-OG-U,1,0,1,0,0
1076,2018,OSum Oil Sands Corp.,Orion,,AB,Approved,Energy,,,,Private,Oil & Gas - Upstream,No,EN-OG-U,1,0,1,0,0
1076,2019,OSum Oil Sands Corp.,Orion,,AB,Approved,Energy,,,,Private,Oil & Gas - Upstream,No,EN-OG-U,1,0,1,0,0
1076,2020,OSum Oil Sands Corp.,Orion,,AB,Approved,Energy,,,,Private,Oil & Gas - Upstream,No,EN-OG-U,1,0,1,0,0
1076,2021,OSum Oil Sands Corp.,Orion,Bonnyville No. 87,AB,Approved,Energy,,54.55416276,-110.4095821,Private,Oil & Gas - Upstream,No,EN-OG-U,1,0,1,0,0
1076,2022,OSum Oil Sands Corp.,Orion,Bonnyville No. 87,AB,Approved,Energy,,54.55416276,-110.4095821,Private,Oil & Gas - Upstream,No,EN-OG-U,1,0,0,0,1
1077,2017,Cenovus Energy Inc.,Christina Lake,Cenovus Christina Lake,AB,Approved,Energy,900,55.576423,-110.89741,Private,Other,Yes,EN-OTH,1,0,1,0,0
1077,2018,Cenovus Energy Inc.,Christina Lake,Cenovus Christina Lake,AB,Approved,Energy,900,55.576423,-110.89741,Private,Other,Yes,EN-OTH,1,0,1,0,0
1077,2019,Cenovus Energy Inc.,Christina Lake,Cenovus Christina Lake,AB,Approved,Energy,900,55.576423,-110.89741,Private,Other,Yes,EN-OTH,1,0,1,0,0
1077,2020,Cenovus Energy Inc.,Christina Lake,Cenovus Christina Lake,AB,Approved,Energy,900,55.576423,-110.89741,Private,Other,Yes,EN-OTH,1,0,1,0,0
1077,2021,Cenovus Energy Inc.,Christina Lake,Cenovus Christina Lake,AB,Approved,Energy,900,55.576423,-110.89741,Private,Other,Yes,EN-OTH,1,0,1,0,0
1077,2022,Cenovus Energy Inc.,Christina Lake,Cenovus Christina Lake,AB,Approved,Energy,900,55.576423,-110.89741,Private,Other,Yes,EN-OTH,1,0,1,0,0
1077,2023,Cenovus Energy Inc.,Christina Lake,Cenovus Christina Lake,AB,Approved,Energy,900,55.576423,-110.89741,Private,Other,Yes,EN-OTH,1,0,1,0,0
1077,2024,Cenovus Energy Inc.,Christina Lake,Cenovus Christina Lake,AB,Approved,Energy,900,55.576423,-110.89741,Private,Other,Yes,EN-OTH,1,0,1,0,0
1078,2017,ConocoPhillips Canada Limited,Surmont 2,Fort McMurray,AB,Approved,Energy,2000,56.738016,-111.380025,Private,Oil & Gas - Upstream,No,EN-OG-U,1,0,1,0,0
1078,2018,ConocoPhillips Canada Limited,Surmont 2,Fort McMurray,AB,Approved,Energy,2000,56.738016,-111.380025,Private,Oil & Gas - Upstream,No,EN-OG-U,1,0,1,0,0
1078,2019,ConocoPhillips Canada Limited,Surmont 2,Fort McMurray,AB,Approved,Energy,2000,56.738016,-111.380025,Private,Oil & Gas - Upstream,No,EN-OG-U,1,0,1,0,0
1078,2020,ConocoPhillips Canada Limited,Surmont 2,Fort McMurray,AB,Approved,Energy,2000,56.738016,-111.380025,Private,Oil & Gas - Upstream,No,EN-OG-U,1,0,1,0,0
1078,2021,ConocoPhillips Canada,Surmont 2,Fort McMurray,AB,Approved,Energy,2000,56.738016,-111.380025,Private,Oil & Gas - Upstream,No,EN-OG-U,1,0,1,0,0
1078,2022,ConocoPhillips Canada,Surmont 2,Fort McMurray,AB,Approved,Energy,2000,56.738016,-111.380025,Private,Oil & Gas - Upstream,No,EN-OG-U,1,0,1,0,0
1078,2023,ConocoPhillips Canada,Surmont 2,Fort McMurray,AB,Approved,Energy,2000,56.738016,-111.380025,Private,Oil & Gas - Upstream,No,EN-OG-U,1,0,0,0,1
1079,2017,Japan Canada Oil Sands Limited (JACOS),Hangingstone,Fort McMurray,AB,Approved,Energy,1200,56.28806,-111.604233,Private,Oil & Gas - Upstream,No,EN-OG-U,1,0,1,0,0
1079,2018,Japan Canada Oil Sands Limited (JACOS),Hangingstone,Fort McMurray,AB,Approved,Energy,1200,56.28806,-111.604233,Private,Oil & Gas - Upstream,No,EN-OG-U,1,0,1,0,0
1079,2019,Japan Canada Oil Sands Limited (JACOS),Hangingstone,Fort McMurray,AB,Approved,Energy,1200,56.28806,-111.604233,Private,Oil & Gas - Upstream,No,EN-OG-U,1,0,1,0,0
1079,2020,Japan Canada Oil Sands Limited (JACOS),Hangingstone,Fort McMurray,AB,Approved,Energy,1200,56.28806,-111.604233,Private,Oil & Gas - Upstream,No,EN-OG-U,1,0,1,0,0
1079,2021,Japan Canada Oil Sands Limited (JACOS),Hangingstone,Fort McMurray,AB,Approved,Energy,1200,56.28806,-111.604233,Private,Oil & Gas - Upstream,No,EN-OG-U,1,0,1,0,0
1079,2022,Japan Canada Oil Sands Limited (JACOS),Hangingstone,Fort McMurray,AB,Approved,Energy,1200,56.28806,-111.604233,Private,Oil & Gas - Upstream,No,EN-OG-U,1,0,1,0,0
1079,2023,Japan Canada Oil Sands Limited (JACOS),Hangingstone,Fort McMurray,AB,Approved,Energy,1200,56.28806,-111.604233,Private,Oil & Gas - Upstream,No,EN-OG-U,1,0,1,0,0
1079,2024,Japan Canada Oil Sands Limited (JACOS),Hangingstone,Fort McMurray,AB,Approved,Energy,1200,56.28806,-111.604233,Private,Oil & Gas - Upstream,No,EN-OG-U,1,0,1,0,0
1080,2017,Suncor Energy Inc.,Meadow Creek,,AB,Approved,Energy,,,,Private,Clean Electricity,Yes,EN-CLEL,1,0,1,0,0
1080,2018,Suncor Energy Inc.,Meadow Creek,,AB,Approved,Energy,,,,Private,Clean Electricity,Yes,EN-CLEL,1,0,1,0,0
1080,2019,Suncor Energy Inc.,Meadow Creek,,AB,Approved,Energy,,,,Private,Clean Electricity,Yes,EN-CLEL,1,0,1,0,0
1080,2020,Suncor Energy Inc.,Meadow Creek,,AB,Approved,Energy,,,,Private,Clean Electricity,Yes,EN-CLEL,1,0,1,0,0
1080,2021,Suncor Energy Inc.,Meadow Creek,Regional Municipality of Wood Buffalo,AB,Approved,Energy,,56.33402271,-111.3155691,Private,Clean Electricity,Yes,EN-CLEL,1,0,1,0,0
1080,2022,Suncor Energy Inc.,Meadow Creek,Regional Municipality of Wood Buffalo,AB,Approved,Energy,,56.33402271,-111.3155691,Private,Clean Electricity,Yes,EN-CLEL,1,0,0,0,1
1081,2017,Sunshine Oilsands Ltd.,Thickwood,,AB,Approved,Energy,,,,Private,Waste Biomass,Yes,EN-BIO,1,0,1,0,0
1081,2018,Sunshine Oilsands Ltd.,Thickwood,,AB,Approved,Energy,,,,Private,Waste Biomass,Yes,EN-BIO,1,0,1,0,0
1081,2019,Sunshine Oilsands Ltd.,Thickwood,,AB,Approved,Energy,,,,Private,Waste Biomass,Yes,EN-BIO,1,0,1,0,0
1081,2020,Sunshine Oilsands Ltd.,Thickwood,,AB,Approved,Energy,,,,Private,Waste Biomass,Yes,EN-BIO,1,0,1,0,0
1081,2021,Sunshine Oilsands Ltd.,Thickwood,Regional Municipality of Wood Buffalo,AB,Approved,Energy,,56.91616224,-112.6530022,Private,Waste Biomass,Yes,EN-BIO,1,0,1,0,0
1081,2022,Sunshine Oilsands Ltd.,Thickwood,Regional Municipality of Wood Buffalo,AB,Approved,Energy,,56.91616224,-112.6530022,Private,Waste Biomass,Yes,EN-BIO,1,0,0,0,1
1082,2017,Cenovus Energy Inc.,Narrows Lake,Meanook,AB,Approved,Energy,1600,0,,Private,Clean Electricity,Yes,EN-CLEL,1,0,1,0,0
1082,2018,Cenovus Energy Inc.,Narrows Lake,Meanook,AB,Approved,Energy,1600,0,,Private,Clean Electricity,Yes,EN-CLEL,1,0,1,0,0
1082,2019,Cenovus Energy Inc.,Narrows Lake,Meanook,AB,Approved,Energy,1600,0,,Private,Clean Electricity,Yes,EN-CLEL,1,0,1,0,0
1082,2020,Cenovus Energy Inc.,Narrows Lake,Meanook,AB,Approved,Energy,1600,0,,Private,Clean Electricity,Yes,EN-CLEL,1,0,1,0,0
1082,2021,Cenovus Energy Inc.,Narrows Lake,Meanook,AB,Approved,Energy,1600,54.616103,-113.426459,Private,Clean Electricity,Yes,EN-CLEL,1,0,1,0,0
1082,2022,Cenovus Energy Inc.,Narrows Lake,Meanook,AB,Approved,Energy,1600,54.616103,-113.426459,Private,Clean Electricity,Yes,EN-CLEL,1,0,1,0,0
1082,2023,Cenovus Energy Inc.,Narrows Lake,Meanook,AB,Approved,Energy,1600,54.616103,-113.426459,Private,Clean Electricity,Yes,EN-CLEL,1,0,1,0,0
1082,2024,Cenovus Energy Inc.,Narrows Lake,Meanook,AB,Approved,Energy,1600,54.616103,-113.426459,Private,Clean Electricity,Yes,EN-CLEL,1,0,1,0,0
1083,2017,Value Creation Inc.,Heartland Upgrader,,AB,In Review,Energy,,,,Private,Oil & Gas - Downstream,No,EN-OG-D,1,0,1,0,0
1083,2018,Value Creation Inc.,Heartland Upgrader,,AB,In Review,Energy,,,,Private,Oil & Gas - Downstream,No,EN-OG-D,1,0,1,0,0
1083,2019,Value Creation Inc.,Heartland Upgrader,Strathcona County,AB,Approved,Energy,2000,53.548729,-113.356421,Private,Oil & Gas - Downstream,No,EN-OG-D,1,0,1,0,0
1083,2020,Value Creation Inc.,Heartland Upgrader,Strathcona County,AB,Approved,Energy,2000,53.548729,-113.356421,Private,Oil & Gas - Downstream,No,EN-OG-D,1,0,1,0,0
1083,2021,Value Creation Inc.,Heartland Upgrader,Strathcona County,AB,Approved,Energy,2000,53.548729,-113.356421,Private,Oil & Gas - Downstream,No,EN-OG-D,1,0,1,0,0
1083,2022,Value Creation Inc.,Heartland Upgrader,Strathcona County,AB,Approved,Energy,2000,53.548729,-113.356421,Private,Oil & Gas - Downstream,No,EN-OG-D,1,0,1,0,0
1083,2023,Value Creation Inc.,Heartland Upgrader,Strathcona County,AB,Approved,Energy,2000,53.548729,-113.356421,Private,Oil & Gas - Downstream,No,EN-OG-D,1,0,1,0,0
1083,2024,Value Creation Inc.,Heartland Upgrader,Strathcona County,AB,Announced & Planning,Energy,2000,53.548729,-113.356421,Private,Oil & Gas - Downstream,No,EN-OG-D,1,0,1,0,0
1084,2017,Penn West,Seal,,AB,In Review,Energy,,,,Private,Other,Yes,EN-OTH,1,0,1,0,0
1084,2018,Penn West,Seal,,AB,In Review,Energy,,,,Private,Other,Yes,EN-OTH,1,0,1,0,0
1084,2019,Penn West,Seal,,AB,In Review,Energy,,,,Private,Other,Yes,EN-OTH,1,0,1,0,0
1084,2020,Penn West,Seal,,AB,In Review,Energy,,,,Private,Other,Yes,EN-OTH,1,0,1,0,0
1084,2021,Penn West,Seal,,AB,In Review,Energy,,,,Private,Other,Yes,EN-OTH,1,0,1,0,0
1084,2022,Penn West,Seal,,AB,In Review,Energy,,,,Private,Other,Yes,EN-OTH,1,0,0,0,1
1085,2017,Andora Energy Corporation,Sawn Lake,,AB,In Review,Energy,,,,Private,Clean Electricity,Yes,EN-CLEL,1,0,1,0,0
1085,2018,Andora Energy Corporation,Sawn Lake,,AB,In Review,Energy,,,,Private,Clean Electricity,Yes,EN-CLEL,1,0,1,0,0
1085,2019,Andora Energy Corporation,Sawn Lake,,AB,In Review,Energy,,,,Private,Clean Electricity,Yes,EN-CLEL,1,0,0,0,1
1086,2017,ConocoPhillips Canada Limited,Surmont,,AB,In Review,Energy,,,,Private,Oil & Gas - Upstream,No,EN-OG-U,1,0,1,0,0
1086,2018,ConocoPhillips Canada Limited,Surmont,,AB,In Review,Energy,,,,Private,Oil & Gas - Upstream,No,EN-OG-U,1,0,1,0,0
1086,2019,ConocoPhillips Canada Limited,Surmont,,AB,In Review,Energy,,,,Private,Oil & Gas - Upstream,No,EN-OG-U,1,0,1,0,0
1086,2020,ConocoPhillips Canada Limited,Surmont,,AB,In Review,Energy,,,,Private,Oil & Gas - Upstream,No,EN-OG-U,1,0,1,0,0
1086,2021,ConocoPhillips Canada,Surmont,Regional Municipality of Wood Buffalo,AB,In Review,Energy,,56.17014102,-110.8960624,Private,Oil & Gas - Upstream,No,EN-OG-U,1,0,1,0,0
1086,2022,ConocoPhillips Canada,Surmont,Regional Municipality of Wood Buffalo,AB,In Review,Energy,,56.17014102,-110.8960624,Private,Oil & Gas - Upstream,No,EN-OG-U,1,0,0,0,1
1087,2017,Husky Energy Inc.,Dee Valley,Maidstone,SK,In Review,Energy,350,53.08829,-109.292046,Private,Clean Electricity,Yes,EN-CLEL,1,0,1,0,0
1087,2018,Husky Energy Inc.,Dee Valley,Maidstone,SK,In Review,Energy,350,53.08829,-109.292046,Private,Clean Electricity,Yes,EN-CLEL,1,0,1,0,0
1087,2019,Husky Energy Inc.,Dee Valley,Maidstone,SK,Under Construction,Energy,350,53.08829,-109.292046,Private,Clean Electricity,Yes,EN-CLEL,0,1,0,1,0
1088,2017,Husky Energy Inc.,Spruce Lake Central,Spruce Lake,SK,In Review,Energy,350,53.544447,-109.089619,Private,Clean Electricity,Yes,EN-CLEL,1,0,1,0,0
1088,2018,Husky Energy Inc.,Spruce Lake Central,Spruce Lake,SK,In Review,Energy,350,53.544447,-109.089619,Private,Clean Electricity,Yes,EN-CLEL,1,0,1,0,0
1088,2019,Husky Energy Inc.,Spruce Lake Central,Spruce Lake,SK,Under Construction,Energy,350,53.544447,-109.089619,Private,Clean Electricity,Yes,EN-CLEL,0,1,1,0,0
1088,2020,Husky Energy Inc.,Spruce Lake Central,Spruce Lake,SK,Under Construction,Energy,350,53.544447,-109.089619,Private,Clean Electricity,Yes,EN-CLEL,0,1,1,0,0
1088,2021,Cenovus Energy Inc.,Spruce Lake Central,Spruce Lake,SK,Under Construction,Energy,350,53.544447,-109.089619,Private,Clean Electricity,Yes,EN-CLEL,0,1,1,0,0
1088,2022,Cenovus Energy Inc.,Spruce Lake Central,Spruce Lake,SK,Under Construction,Energy,350,53.544447,-109.089619,Private,Clean Electricity,Yes,EN-CLEL,0,1,0,1,0
1089,2017,Husky Energy Inc.,Spruce Lake North,Spruce Lake,SK,In Review,Energy,350,53.544447,-109.089619,Private,Clean Electricity,Yes,EN-CLEL,1,0,1,0,0
1089,2018,Husky Energy Inc.,Spruce Lake North,Spruce Lake,SK,In Review,Energy,350,53.544447,-109.089619,Private,Clean Electricity,Yes,EN-CLEL,1,0,1,0,0
1089,2019,Husky Energy Inc.,Spruce Lake North,Spruce Lake,SK,Approved,Energy,350,53.544447,-109.089619,Private,Clean Electricity,Yes,EN-CLEL,1,0,1,0,0
1089,2020,Husky Energy Inc.,Spruce Lake North,Spruce Lake,SK,Under Construction,Energy,350,53.544447,-109.089619,Private,Clean Electricity,Yes,EN-CLEL,0,1,1,0,0
1089,2021,Cenovus Energy Inc.,Spruce Lake North,Spruce Lake,SK,Under Construction,Energy,350,53.544447,-109.089619,Private,Clean Electricity,Yes,EN-CLEL,0,1,1,0,0
1089,2022,Cenovus Energy Inc.,Spruce Lake North,Spruce Lake,SK,Under Construction,Energy,350,53.544447,-109.089619,Private,Clean Electricity,Yes,EN-CLEL,0,1,0,1,0
1090,2017,Value Creation Inc.,Heartland Upgrader,,AB,In Review,Energy,,,,Private,Oil & Gas - Downstream,No,EN-OG-D,1,0,1,0,0
1090,2018,Value Creation Inc.,Heartland Upgrader,,AB,In Review,Energy,,,,Private,Oil & Gas - Downstream,No,EN-OG-D,1,0,1,0,0
1090,2019,Value Creation Inc.,Heartland Upgrader,Strathcona County,AB,In Review,Energy,,,,Private,Oil & Gas - Downstream,No,EN-OG-D,1,0,1,0,0
1090,2020,Value Creation Inc.,Heartland Upgrader,Strathcona County,AB,In Review,Energy,,,,Private,Oil & Gas - Downstream,No,EN-OG-D,1,0,1,0,0
1090,2021,Value Creation Inc.,Heartland Upgrader,Strathcona County,AB,In Review,Energy,2000,53.77217377,-113.1167603,Private,Oil & Gas - Downstream,No,EN-OG-D,1,0,1,0,0
1090,2022,Value Creation Inc.,Heartland Upgrader,Strathcona County,AB,In Review,Energy,2000,53.77217377,-113.1167603,Private,Oil & Gas - Downstream,No,EN-OG-D,1,0,1,0,0
1090,2023,Value Creation Inc.,Heartland Upgrader,Strathcona County,AB,In Review,Energy,2000,53.77217377,-113.1167603,Private,Oil & Gas - Downstream,No,EN-OG-D,1,0,1,0,0
1090,2024,Value Creation Inc.,Heartland Upgrader,Strathcona County,AB,Announced & Planning,Energy,2000,53.77217377,-113.1167603,Private,Oil & Gas - Downstream,No,EN-OG-D,1,0,1,0,0
1091,2017,PTTEP Canada Limited,Mariana,,AB,In Review,Energy,,,,Private,Other,Yes,EN-OTH,1,0,1,0,0
1091,2018,PTTEP Canada Limited,Mariana,,AB,In Review,Energy,,,,Private,Other,Yes,EN-OTH,1,0,1,0,0
1091,2019,PTTEP Canada Limited,Mariana,,AB,In Review,Energy,,,,Private,Other,Yes,EN-OTH,1,0,1,0,0
1091,2020,PTTEP Canada Limited,Mariana,,AB,In Review,Energy,,,,Private,Other,Yes,EN-OTH,1,0,1,0,0
1091,2021,PTTEP Canada Limited,Mariana,Regional Municipality of Wood Buffalo,AB,In Review,Energy,,55.69623392,-111.1409831,Private,Other,Yes,EN-OTH,1,0,1,0,0
1091,2022,PTTEP Canada Limited,Mariana,Regional Municipality of Wood Buffalo,AB,In Review,Energy,,55.69623392,-111.1409831,Private,Other,Yes,EN-OTH,1,0,0,0,1
1092,2017,Imperial Oil Ltd.,Cold Lake SAGD,,AB,In Review,Energy,,,,Private,Oil & Gas - Upstream,No,EN-OG-U,1,0,1,0,0
1092,2018,Imperial Oil Ltd.,Cold Lake SAGD,,AB,In Review,Energy,,,,Private,Oil & Gas - Upstream,No,EN-OG-U,1,0,1,0,0
1092,2019,Imperial Oil Ltd.,Cold Lake SAGD,,AB,In Review,Energy,,,,Private,Oil & Gas - Upstream,No,EN-OG-U,1,0,1,0,0
1092,2020,Imperial Oil Ltd.,Cold Lake SAGD,,AB,In Review,Energy,,,,Private,Oil & Gas - Upstream,No,EN-OG-U,1,0,1,0,0
1092,2021,Imperial Oil Limited,Cold Lake SAGD,Bonnyville No. 87,AB,In Review,Energy,,54.61747468,-110.5379393,Private,Oil & Gas - Upstream,No,EN-OG-U,1,0,1,0,0
1092,2022,Imperial Oil Limited,Cold Lake SAGD,Bonnyville No. 87,AB,In Review,Energy,,54.61747468,-110.5379393,Private,Oil & Gas - Upstream,No,EN-OG-U,1,0,0,0,1
1093,2017,Athabasca Oil Sands Corporation,Hangingstone,,AB,In Review,Energy,,,,Private,Oil & Gas - Upstream,No,EN-OG-U,1,0,1,0,0
1093,2018,Athabasca Oil Sands Corporation,Hangingstone,,AB,In Review,Energy,,,,Private,Oil & Gas - Upstream,No,EN-OG-U,1,0,1,0,0
1093,2019,Athabasca Oil Sands Corporation,Hangingstone,,AB,In Review,Energy,,,,Private,Oil & Gas - Upstream,No,EN-OG-U,1,0,1,0,0
1093,2020,Athabasca Oil Sands Corporation,Hangingstone,,AB,In Review,Energy,,,,Private,Oil & Gas - Upstream,No,EN-OG-U,1,0,1,0,0
1093,2021,Athabasca Oil Corporation,Hangingstone,Regional Municipality of Wood Buffalo,AB,In Review,Energy,,56.46792679,-111.4246085,Private,Oil & Gas - Upstream,No,EN-OG-U,1,0,1,0,0
1093,2022,Athabasca Oil Corporation,Hangingstone,Regional Municipality of Wood Buffalo,AB,In Review,Energy,,56.46792679,-111.4246085,Private,Oil & Gas - Upstream,No,EN-OG-U,1,0,0,0,1
1094,2017,Imperial Oil Limited,Syncrude Mildred Lake Extension,,AB,In Review,Energy,,,,Private,Oil & Gas - Upstream,No,EN-OG-U,1,0,1,0,0
1094,2018,Imperial Oil Limited,Syncrude Mildred Lake Extension,,AB,In Review,Energy,,,,Private,Oil & Gas - Upstream,No,EN-OG-U,1,0,1,0,0
1094,2019,Imperial Oil Limited,Syncrude Mildred Lake Extension,,AB,In Review,Energy,,,,Private,Oil & Gas - Upstream,No,EN-OG-U,1,0,1,0,0
1094,2020,Imperial Oil Limited,Syncrude Mildred Lake Extension,,AB,In Review,Energy,,,,Private,Oil & Gas - Upstream,No,EN-OG-U,1,0,1,0,0
1094,2021,Imperial Oil Limited,Syncrude Mildred Lake Extension,Regional Municipality of Wood Buffalo,AB,In Review,Energy,,57.0727083,-111.5898548,Private,Oil & Gas - Upstream,No,EN-OG-U,1,0,1,0,0
1094,2022,Imperial Oil Limited,Syncrude Mildred Lake Extension,Regional Municipality of Wood Buffalo,AB,In Review,Energy,,57.0727083,-111.5898548,Private,Oil & Gas - Upstream,No,EN-OG-U,1,0,1,0,0
1094,2024,Imperial Oil Limited,Syncrude Mildred Lake Extension,Regional Municipality of Wood Buffalo,AB,Under Construction,Energy,3300,57.0727083,-111.5898548,Private,Oil & Gas - Upstream,No,EN-OG-U,0,1,1,0,0
1095,2017,MEG Energy Corp.,May River,Conklin,AB,In Review,Energy,10000,55.691362,-111.27878,Private,Clean Electricity,Yes,EN-CLEL,1,0,1,0,0
1095,2018,MEG Energy Corp.,May River,Conklin,AB,In Review,Energy,10000,55.691362,-111.27878,Private,Clean Electricity,Yes,EN-CLEL,1,0,1,0,0
1095,2019,MEG Energy Corp.,May River,Conklin,AB,In Review,Energy,10000,55.691362,-111.27878,Private,Clean Electricity,Yes,EN-CLEL,1,0,1,0,0
1095,2020,MEG Energy Corp.,May River,Conklin,AB,In Review,Energy,10000,55.691362,-111.27878,Private,Clean Electricity,Yes,EN-CLEL,1,0,1,0,0
1095,2021,MEG Energy Corp.,May River,Conklin,AB,In Review,Energy,10000,55.691362,-111.27878,Private,Clean Electricity,Yes,EN-CLEL,1,0,1,0,0
1095,2022,MEG Energy Corp.,May River,Conklin,AB,In Review,Energy,10000,55.691362,-111.27878,Private,Clean Electricity,Yes,EN-CLEL,1,0,0,0,1
1096,2017,BP Plc,Terre De Grace,,AB,Announced & Planning,Energy,,,,Private,Other,Yes,EN-OTH,1,0,1,0,0
1096,2018,BP Plc,Terre De Grace,,AB,Announced & Planning,Energy,,,,Private,Other,Yes,EN-OTH,1,0,1,0,0
1096,2019,BP Plc,Terre De Grace,,AB,Announced & Planning,Energy,,,,Private,Other,Yes,EN-OTH,1,0,1,0,0
1096,2020,BP Plc,Terre De Grace,,AB,Announced & Planning,Energy,,,,Private,Other,Yes,EN-OTH,1,0,1,0,0
1096,2021,BP LP,Terre De Grace,Regional Municipality of Wood Buffalo,AB,Announced & Planning,Energy,,57.37199083,-111.3883719,Private,Other,Yes,EN-OTH,1,0,1,0,0
1096,2022,BP LP,Terre De Grace,Regional Municipality of Wood Buffalo,AB,Announced & Planning,Energy,,57.37199083,-111.3883719,Private,Other,Yes,EN-OTH,1,0,0,0,1
1097,2017,Canadian Natural Resources Limited,CCS Follow UP,,AB,Announced & Planning,Energy,,,,Private,"DER, Storage, EV",Yes,EN-LCF,1,0,1,0,0
1097,2018,Canadian Natural Resources Limited,CCS Follow UP,,AB,Announced & Planning,Energy,,,,Private,"DER, Storage, EV",Yes,EN-LCF,1,0,1,0,0
1097,2019,Canadian Natural Resources Limited,CCS Follow UP,,AB,Announced & Planning,Energy,,,,Private,"DER, Storage, EV",Yes,EN-LCF,1,0,1,0,0
1097,2020,Canadian Natural Resources Limited,CCS Follow UP,,AB,Announced & Planning,Energy,,,,Private,"DER, Storage, EV",Yes,EN-LCF,1,0,1,0,0
1097,2021,Canadian Natural Resources Limited,CCS Follow UP,,AB,Announced & Planning,Energy,,,,Private,"DER, Storage, EV",Yes,EN-LCF,1,0,1,0,0
1097,2022,Canadian Natural Resources Limited,CCS Follow UP,,AB,Announced & Planning,Energy,,,,Private,"DER, Storage, EV",Yes,EN-LCF,1,0,0,0,1
1098,2017,Lacrina Energy,Saleski JV (Laricina/Osum),,AB,Announced & Planning,Energy,,,,Private,Clean Electricity,Yes,EN-CLEL,1,0,1,0,0
1098,2018,Lacrina Energy,Saleski JV (Laricina/Osum),,AB,Approved,Energy,,,,Private,Clean Electricity,Yes,EN-CLEL,1,0,1,0,0
1098,2019,Lacrina Energy,Saleski JV (Laricina/Osum),,AB,Approved,Energy,,,,Private,Clean Electricity,Yes,EN-CLEL,1,0,1,0,0
1098,2020,Lacrina Energy,Saleski JV (Laricina/Osum),,AB,Approved,Energy,,,,Private,Clean Electricity,Yes,EN-CLEL,1,0,1,0,0
1098,2021,"Laricina Energy, Osum",Saleski JV (Laricina/Osum),MD of Opportunity,AB,Approved,Energy,,56.3916415,-112.9029559,Private,Clean Electricity,Yes,EN-CLEL,1,0,1,0,0
1098,2022,"Laricina Energy, Osum",Saleski JV (Laricina/Osum),MD of Opportunity,AB,Approved,Energy,,56.3916415,-112.9029559,Private,Clean Electricity,Yes,EN-CLEL,1,0,0,0,1
1099,2017,Nexxen,Long Lake,,AB,Announced & Planning,Energy,,,,Private,Other,Yes,EN-OTH,1,0,1,0,0
1099,2018,Nexxen,Long Lake,,AB,Announced & Planning,Energy,,,,Private,Other,Yes,EN-OTH,1,0,1,0,0
1099,2019,Nexxen,Long Lake,,AB,Under Construction,Energy,400,56.43177,-111.015496,Private,Other,Yes,EN-OTH,0,1,1,0,0
1099,2020,Nexxen,Long Lake,,AB,Under Construction,Energy,400,56.43177,-111.015496,Private,Other,Yes,EN-OTH,0,1,1,0,0
1099,2021,Nexen Energy,Long Lake,Regional Municipality of Wood Buffalo,AB,Under Construction,Energy,400,56.43177,-111.015496,Private,Other,Yes,EN-OTH,0,1,0,1,0
2000,2017,E-T Energy Ltd.,Popular Creek,,AB,Announced & Planning,Energy,,,,Private,Clean Electricity,Yes,EN-CLEL,1,0,1,0,0
2000,2018,E-T Energy Ltd.,Popular Creek,,AB,Announced & Planning,Energy,,,,Private,Clean Electricity,Yes,EN-CLEL,1,0,1,0,0
2000,2019,E-T Energy Ltd.,Popular Creek,,AB,Announced & Planning,Energy,,,,Private,Clean Electricity,Yes,EN-CLEL,1,0,1,0,0
2000,2020,E-T Energy Ltd.,Popular Creek,,AB,Announced & Planning,Energy,,,,Private,Clean Electricity,Yes,EN-CLEL,1,0,1,0,0
2000,2021,E-T Energy Ltd.,Poplar Creek,Regional Municipality of Wood Buffalo,AB,Announced & Planning,Energy,,56.8443189,-111.4641288,Private,Clean Electricity,Yes,EN-CLEL,1,0,1,0,0
2000,2022,E-T Energy Ltd.,Poplar Creek,Regional Municipality of Wood Buffalo,AB,Announced & Planning,Energy,,56.8443189,-111.4641288,Private,Clean Electricity,Yes,EN-CLEL,1,0,0,0,1
2001,2017,Sunshine Oilsands Ltd.,Thickwood (Sunshine),,AB,Announced & Planning,Energy,,,,Private,Waste Biomass,Yes,EN-BIO,1,0,1,0,0
2001,2018,Sunshine Oilsands Ltd.,Thickwood (Sunshine),,AB,Announced & Planning,Energy,,,,Private,Waste Biomass,Yes,EN-BIO,1,0,1,0,0
2001,2019,Sunshine Oilsands Ltd.,Thickwood (Sunshine),,AB,Announced & Planning,Energy,,,,Private,Waste Biomass,Yes,EN-BIO,1,0,1,0,0
2001,2020,Sunshine Oilsands Ltd.,Thickwood (Sunshine),,AB,Announced & Planning,Energy,,,,Private,Waste Biomass,Yes,EN-BIO,1,0,1,0,0
2001,2021,Sunshine Oilsands Ltd.,Thickwood (Sunshine),Regional Municipality of Wood Buffalo,AB,Announced & Planning,Energy,,56.91616224,-112.6530022,Private,Waste Biomass,Yes,EN-BIO,1,0,1,0,0
2001,2022,Sunshine Oilsands Ltd.,Thickwood (Sunshine),Regional Municipality of Wood Buffalo,AB,Announced & Planning,Energy,,56.91616224,-112.6530022,Private,Waste Biomass,Yes,EN-BIO,1,0,0,0,1
2002,2017,Sunshine Oilsands Ltd.,Harper,,AB,Announced & Planning,Energy,,,,Private,Oil & Gas - Upstream,No,EN-OG-U,1,0,1,0,0
2002,2018,Sunshine Oilsands Ltd.,Harper,,AB,Announced & Planning,Energy,,,,Private,Oil & Gas - Upstream,No,EN-OG-U,1,0,1,0,0
2002,2019,Sunshine Oilsands Ltd.,Harper,,AB,Announced & Planning,Energy,,,,Private,Oil & Gas - Upstream,No,EN-OG-U,1,0,1,0,0
2002,2020,Sunshine Oilsands Ltd.,Harper,,AB,Announced & Planning,Energy,,,,Private,Oil & Gas - Upstream,No,EN-OG-U,1,0,1,0,0
2002,2021,Sunshine Oilsands Ltd.,Harper,Regional Municipality of Wood Buffalo,AB,Announced & Planning,Energy,,57.70332522,-113.385494,Private,Oil & Gas - Upstream,No,EN-OG-U,1,0,1,0,0
2002,2022,Sunshine Oilsands Ltd.,Harper,Regional Municipality of Wood Buffalo,AB,Announced & Planning,Energy,,57.70332522,-113.385494,Private,Oil & Gas - Upstream,No,EN-OG-U,1,0,0,0,1
2003,2017,Devon Oil Canada,Pike (Formely Kirby),,AB,Announced & Planning,Energy,,,,Private,Oil & Gas - Upstream,No,EN-OG-U,1,0,1,0,0
2003,2018,Devon Oil Canada,Pike (Formely Kirby),,AB,Announced & Planning,Energy,,,,Private,Oil & Gas - Upstream,No,EN-OG-U,1,0,1,0,0
2003,2019,Devon Oil Canada,Pike (Formely Kirby),,AB,Announced & Planning,Energy,,,,Private,Oil & Gas - Upstream,No,EN-OG-U,1,0,1,0,0
2003,2020,Devon Oil Canada,Pike (Formely Kirby),,AB,Announced & Planning,Energy,,,,Private,Oil & Gas - Upstream,No,EN-OG-U,1,0,1,0,0
2003,2021,Devon Oil Canada,Pike (Formely Kirby),Lac la Biche County,AB,Announced & Planning,Energy,,55.34117856,-110.671694,Private,Oil & Gas - Upstream,No,EN-OG-U,1,0,1,0,0
2003,2022,Canadian Natural Resources Limited,Pike (Formely Kirby),Lac la Biche County,AB,Announced & Planning,Energy,,55.34117856,-110.671694,Private,Oil & Gas - Upstream,No,EN-OG-U,1,0,0,0,1
2004,2017,Husky Energy Inc.,Mcmullin,,AB,Announced & Planning,Energy,,,,Private,Clean Electricity,Yes,EN-CLEL,1,0,1,0,0
2004,2018,Husky Energy Inc.,Mcmullin,,AB,Announced & Planning,Energy,,,,Private,Clean Electricity,Yes,EN-CLEL,1,0,1,0,0
2004,2019,Husky Energy Inc.,Mcmullin,,AB,Announced & Planning,Energy,,,,Private,Clean Electricity,Yes,EN-CLEL,1,0,1,0,0
2004,2020,Husky Energy Inc.,Mcmullin,,AB,Announced & Planning,Energy,,,,Private,Clean Electricity,Yes,EN-CLEL,1,0,1,0,0
2004,2021,Husky Energy Inc.,Mcmullen Thermal Project,M.D. of Opportunity No. 17,AB,Announced & Planning,Energy,,55.74623907,-113.78401,Private,Clean Electricity,Yes,EN-CLEL,1,0,1,0,0
2004,2022,Husky Energy Inc.,Mcmullen Thermal Project,M.D. of Opportunity No. 17,AB,Announced & Planning,Energy,,55.74623907,-113.78401,Private,Clean Electricity,Yes,EN-CLEL,1,0,0,0,1
2005,2017,Cenovus Energy Inc.,Ravin Ridge and Wallace Creek,,AB,Announced & Planning,Energy,,,,Private,Clean Electricity,Yes,EN-CLEL,1,0,1,0,0
2005,2018,Cenovus Energy Inc.,Ravin Ridge and Wallace Creek,,AB,Announced & Planning,Energy,,,,Private,Clean Electricity,Yes,EN-CLEL,1,0,1,0,0
2005,2019,Cenovus Energy Inc.,Ravin Ridge and Wallace Creek,,AB,Announced & Planning,Energy,,,,Private,Clean Electricity,Yes,EN-CLEL,1,0,1,0,0
2005,2020,Cenovus Energy Inc.,Ravin Ridge and Wallace Creek,,AB,Announced & Planning,Energy,,,,Private,Clean Electricity,Yes,EN-CLEL,1,0,1,0,0
2005,2021,Cenovus Energy Inc.,Ravin Ridge and Wallace Creek,Athabasca,AB,Announced & Planning,Energy,,57.01142533,-110.8420692,Private,Clean Electricity,Yes,EN-CLEL,1,0,1,0,0
2005,2022,Cenovus Energy Inc.,Ravin Ridge and Wallace Creek,Athabasca,AB,Announced & Planning,Energy,,57.01142533,-110.8420692,Private,Clean Electricity,Yes,EN-CLEL,1,0,0,0,1
2006,2017,Strata Oil & Gas Inc.,Cadotte,,AB,Announced & Planning,Energy,,,,Private,Oil & Gas - Upstream,No,EN-OG-U,1,0,1,0,0
2006,2018,Strata Oil & Gas Inc.,Cadotte,,AB,Announced & Planning,Energy,,,,Private,Oil & Gas - Upstream,No,EN-OG-U,1,0,1,0,0
2006,2019,Strata Oil & Gas Inc.,Cadotte,,AB,Announced & Planning,Energy,,,,Private,Oil & Gas - Upstream,No,EN-OG-U,1,0,0,0,1
2007,2017,Lacrina Energy,Burnt Lakes,,AB,Announced & Planning,Energy,,,,Private,Clean Electricity,Yes,EN-CLEL,1,0,1,0,0
2007,2018,Lacrina Energy,Burnt Lakes,,AB,Announced & Planning,Energy,,,,Private,Clean Electricity,Yes,EN-CLEL,1,0,1,0,0
2007,2019,Lacrina Energy,Burnt Lakes,,AB,Announced & Planning,Energy,,,,Private,Clean Electricity,Yes,EN-CLEL,1,0,1,0,0
2007,2020,Lacrina Energy,Burnt Lakes,,AB,Announced & Planning,Energy,,,,Private,Clean Electricity,Yes,EN-CLEL,1,0,1,0,0
2007,2021,Laricina Energy,Burnt Lakes,M.D. of Opportunity No. 17,AB,Announced & Planning,Energy,,57.28628833,-113.9177401,Private,Clean Electricity,Yes,EN-CLEL,1,0,1,0,0
2007,2022,Canadian Natural Resources Limited,Burnt Lakes,M.D. of Opportunity No. 17,AB,Announced & Planning,Energy,,57.28628833,-113.9177401,Private,Clean Electricity,Yes,EN-CLEL,1,0,0,0,1
2008,2017,Lacrina Energy,"Conn Creek, Germain and Popular Creek",,AB,Announced & Planning,Energy,,,,Private,Clean Electricity,Yes,EN-CLEL,1,0,1,0,0
2008,2018,Lacrina Energy,"Conn Creek, Germain and Popular Creek",,AB,Announced & Planning,Energy,,,,Private,Clean Electricity,Yes,EN-CLEL,1,0,1,0,0
2008,2019,Lacrina Energy,"Conn Creek, Germain and Popular Creek",,AB,Announced & Planning,Energy,,,,Private,Clean Electricity,Yes,EN-CLEL,1,0,1,0,0
2008,2020,Lacrina Energy,"Conn Creek, Germain and Popular Creek",,AB,Announced & Planning,Energy,,,,Private,Clean Electricity,Yes,EN-CLEL,1,0,1,0,0
2008,2021,Laricina Energy,"Conn Creek, Germain and Poplar Creek",M.D. of Opportunity No. 17,AB,Announced & Planning,Energy,,56.3026432,-113.5496981,Private,Clean Electricity,Yes,EN-CLEL,1,0,1,0,0
2008,2022,Canadian Natural Resources Limited,"Conn Creek, Germain and Poplar Creek",M.D. of Opportunity No. 17,AB,Announced & Planning,Energy,,56.3026432,-113.5496981,Private,Clean Electricity,Yes,EN-CLEL,1,0,0,0,1
2009,2017,Athabasca Oil Sands Corporation,Dover West Carbonites and Clastics,,AB,Announced & Planning,Energy,,,,Private,Oil & Gas - Upstream,No,EN-OG-U,1,0,1,0,0
2009,2018,Athabasca Oil Sands Corporation,Dover West Carbonites and Clastics,,AB,Announced & Planning,Energy,,,,Private,Oil & Gas - Upstream,No,EN-OG-U,1,0,1,0,0
2009,2019,Athabasca Oil Sands Corporation,Dover West Carbonites and Clastics,,AB,Announced & Planning,Energy,,,,Private,Oil & Gas - Upstream,No,EN-OG-U,1,0,1,0,0
2009,2020,Athabasca Oil Sands Corporation,Dover West Carbonites and Clastics,,AB,Announced & Planning,Energy,,,,Private,Oil & Gas - Upstream,No,EN-OG-U,1,0,1,0,0
2009,2021,Athabasca Oil Corporation,Dover West Carbonites and Clastics,M.D. of Opportunity No. 17,AB,Announced & Planning,Energy,,57.25880225,-112.8886243,Private,Oil & Gas - Upstream,No,EN-OG-U,1,0,1,0,0
2009,2022,Athabasca Oil Corporation,Dover West Carbonites and Clastics,M.D. of Opportunity No. 17,AB,Announced & Planning,Energy,,57.25880225,-112.8886243,Private,Oil & Gas - Upstream,No,EN-OG-U,1,0,0,0,1
2013,2017,Bremner Trio Hydro Corp,Trio Creek Hydro Project,Harrison Lake,BC,Under Construction,Energy,55,49.640851,-121.982244,Public,Clean Electricity,Yes,EN-CLEL,0,1,1,0,0
2013,2018,Bremner Trio Hydro Corp,Trio Creek Hydro Project,Harrison Lake,BC,Under Construction,Energy,90,49.640851,-121.982244,Public,Clean Electricity,Yes,EN-CLEL,0,1,0,1,0
2014,2017,Goldcorp Inc.,Borden,near Chapleau,ON,Announced & Planning,Mining,,,,Private,Precious Metal,No,MIN-PM,1,0,1,0,0
2014,2018,Goldcorp Inc.,Borden,near Chapleau,ON,Approved,Mining,324.65,47.860849,-83.266212,Private,Precious Metal,No,MIN-PM,1,0,1,0,0
2014,2019,Newmont Goldcorp Corp.,Borden,near Chapleau,ON,Under Construction,Mining,324.65,47.860849,-83.266212,Private,Precious Metal,No,MIN-PM,0,1,0,1,0
2015,2017,Tahoe Resources Inc.,Bell Creek Mill Expansion,Timmins,ON,Under Construction,Mining,81,48.3345,-81.1041,Private,Other,No,MIN-OTH,0,1,1,0,0
2015,2018,Tahoe Resources Inc.,Bell Creek Mill Expansion,Timmins,ON,Under Construction,Mining,81,48.3345,-81.1041,Private,Other,No,MIN-OTH,0,1,0,1,0
2016,2017,Goldcorp Inc.,Musselwhite Materials Handling Project,128 km N of Pickle Lake,ON,Under Construction,Mining,118,51.468187,-90.193935,Private,Precious Metal,No,MIN-PM,0,1,1,0,0
2016,2018,Goldcorp Inc.,Musselwhite Materials Handling Project,128 km N of Pickle Lake,ON,Under Construction,Mining,117.79,51.468187,-90.193935,Private,Precious Metal,No,MIN-PM,0,1,1,0,0
2016,2019,Newmont Goldcorp Corp.,Musselwhite Materials Handling Project,128 km N of Pickle Lake,ON,Under Construction,Mining,117.79,51.468187,-90.193935,Private,Precious Metal,No,MIN-PM,0,1,1,0,0
2016,2020,Newmont Goldcorp Corp.,Musselwhite Materials Handling Project,128 km N of Pickle Lake,ON,Under Construction,Mining,117.79,51.468187,-90.193935,Private,Precious Metal,No,MIN-PM,0,1,0,1,0
2017,2017,Swift River LP,North Bala Small Hydro Project,Bala,ON,Announced & Planning,Energy,15,45.01229,-79.612782,Private,Clean Electricity,Yes,EN-CLEL,1,0,1,0,0
2017,2018,Swift River LP,North Bala Small Hydro Project,Bala,ON,Under Construction,Energy,15,45.01229,-79.612782,Private,Clean Electricity,Yes,EN-CLEL,0,1,1,0,0
2017,2019,Swift River LP,North Bala Small Hydro Project,Bala,ON,Under Construction,Energy,22,45.01229,-79.612782,Private,Clean Electricity,Yes,EN-CLEL,0,1,0,1,0
2018,2017,Peeshoo Energy Limited Partnership,Peeshoo Project,Constance Lake,ON,Announced & Planning,Energy,19.5,49.808455,-84.18037,Private,Clean Electricity,Yes,EN-CLEL,1,0,1,0,0
2018,2018,Peeshoo Energy Limited Partnership,Peeshoo Project,Constance Lake,ON,Announced & Planning,Energy,20,49.808455,-84.18037,Private,Clean Electricity,Yes,EN-CLEL,1,0,1,0,0
2018,2019,Peeshoo Energy Limited Partnership,Peeshoo Project,Constance Lake,ON,In Review,Energy,20,49.808455,-84.18037,Private,Clean Electricity,Yes,EN-CLEL,1,0,0,0,1
2019,2017,Horizon Hydro LP,Trout Lake River Hydroelectric Project,Ear Falls,ON,Announced & Planning,Energy,12,50.818113,-93.419995,Public,Clean Electricity,Yes,EN-CLEL,1,0,1,0,0
2019,2018,Horizon Hydro LP,Trout Lake River Hydroelectric Project,Ear Falls,ON,Announced & Planning,Energy,12,50.818113,-93.419995,Public,Clean Electricity,Yes,EN-CLEL,1,0,1,0,0
2019,2019,Horizon Hydro LP,Trout Lake River Hydroelectric Project,Ear Falls,ON,In Review,Energy,25,50.818113,-93.419995,Public,Clean Electricity,Yes,EN-CLEL,1,0,0,0,1
2020,2017,PEI Energy Corporation,PEIEC Wind Farm #5,Constance Lake,ON,Announced & Planning,Energy,19.5,45.408804,-75.980109,Private,Clean Electricity,Yes,EN-CLEL,1,0,1,0,0
2020,2017,PEI Energy Corporation,PEIEC Wind Farm #5,PEI,PE,Announced & Planning,Energy,60,46.433846,-62.099822,Private,Clean Electricity,Yes,EN-CLEL,1,0,1,0,0
2020,2018,PEI Energy Corporation,PEIEC Wind Farm #5,PEI,PE,In Review,Energy,60,46.433846,-62.099822,Private,Clean Electricity,Yes,EN-CLEL,1,0,1,0,0
2020,2019,PEI Energy Corporation,PEIEC Wind Farm #5,PEI,PE,In Review,Energy,60,46.433846,-62.099822,Private,Clean Electricity,Yes,EN-CLEL,1,0,1,0,0
2020,2020,PEI Energy Corporation,PEIEC Wind Farm #5,PEI,PE,In Review,Energy,60,46.433846,-62.099822,Private,Clean Electricity,Yes,EN-CLEL,1,0,1,0,0
2020,2021,PEI Energy Corporation,PEIEC Wind Farm #5,Eastern Kings,PE,In Review,Energy,60,46.433846,-62.099822,Private,Clean Electricity,Yes,EN-CLEL,1,0,1,0,0
2020,2022,PEI Energy Corporation,PEIEC Wind Farm #5,Eastern Kings,PE,In Review,Energy,60,46.433846,-62.099822,Private,Clean Electricity,Yes,EN-CLEL,1,0,1,0,0
2020,2023,PEI Energy Corporation,PEIEC Wind Farm #5,Eastern Kings,PE,In Review,Energy,60,46.433846,-62.099822,Private,Clean Electricity,Yes,EN-CLEL,1,0,1,0,0
2020,2024,PEI Energy Corporation,PEIEC Wind Farm #5,Eastern Kings,PE,Under Construction,Energy,80,46.433846,-62.099822,Private,Clean Electricity,Yes,EN-CLEL,0,1,1,0,0
2021.1,2017,Wendigo Power Partnership Inc.,Wendigo Waterpower Project,New Liskeard,ON,Announced & Planning,Energy,10,47.518093,-79.683859,Private,Clean Electricity,Yes,EN-LCF,1,0,0,0,1
2021.2,2017,Ainsworth Energy Co. Ltd.,Anahim Lake Bioenergy Project,"Cariboo, Anahim Lake",BC,Announced & Planning,Energy,15,52.418398,-126.486276,Private,Clean Electricity,Yes,EN-LCF,1,0,0,0,1
2022.1,2017,Yun Ka Whu'ten Holdings,Biomass Project - Anahim Lake,"Cariboo, Anahim Lake",BC,Announced & Planning,Energy,15,52.465348,-125.317541,Private,Clean Electricity,Yes,EN-CLEL,1,0,0,0,1
2022.2,2017,Neeskah Energy Limited Partnership,Neeskah Project,Constance Lake,ON,Announced & Planning,Energy,19.5,49.930648,-83.894398,Private,Clean Electricity,Yes,EN-CLEL,1,0,1,0,0
2022.2,2018,Neeskah Energy Limited Partnership,Neeskah Project,Constance Lake,ON,Announced & Planning,Energy,20,49.930648,-83.894398,Private,Clean Electricity,Yes,EN-CLEL,1,0,1,0,0
2022.2,2019,Neeskah Energy Limited Partnership,Neeskah Project,Constance Lake,ON,In Review,Energy,20,49.930648,-83.894398,Private,Clean Electricity,Yes,EN-CLEL,1,0,0,0,1
2023.1,2017,Wapoose Energy Limited Partnership,Wapoose Project,Constance Lake,ON,Announced & Planning,Energy,19.5,49.930648,-83.894398,Private,Clean Electricity,Yes,EN-CLEL,1,0,1,0,0
2023.1,2018,Wapoose Energy Limited Partnership,Wapoose Project,Constance Lake,ON,Announced & Planning,Energy,20,49.930648,-83.894398,Private,Clean Electricity,Yes,EN-CLEL,1,0,1,0,0
2023.1,2019,Wapoose Energy Limited Partnership,Wapoose Project,Constance Lake,ON,In Review,Energy,20,49.930648,-83.894398,Private,Clean Electricity,Yes,EN-CLEL,1,0,0,0,1
2023.2,2017,Ainsworth Energy Co. Ltd.,Tumbler Ridge Bioenergy Project,"Thompson, Okanagan, Kelowna",BC,Announced & Planning,Energy,15,50.024653,-119.373429,Private,Clean Electricity,Yes,EN-CLEL,1,0,0,0,1
2024.1,2017,Peterborough Utilities Inc.,London Street GS (Expansion),Peterborough,ON,Announced & Planning,Energy,18,44.311629,-78.314268,Private,Other,Yes,EN-OTH,1,0,0,0,1
2024.2,2017,Nations Energy Corp.,Biomass Project - Kamloops,"Thompson, Okanagan, Kamloops",BC,Announced & Planning,Energy,15,50.716188,-120.388986,Private,Other,Yes,EN-OTH,1,0,0,0,1
2025.1,2017,Synex Energy Resources Ltd.,Victoria Lake Hydro Project,Kenora,ON,Announced & Planning,Energy,12,49.777918,-94.497042,Private,Other,Yes,EN-OTH,1,0,0,0,1
2025.2,2017,Synex Energy Resources Ltd.,Victoria Lake Hydro Project,"Vancouver Island/Coast, Port Alice",BC,In Review,Energy,18,50.434865,-127.486752,Private,Other,Yes,EN-OTH,1,0,1,0,0
2025.2,2024,Synex Energy Resources Ltd.,Victoria Lake Hydro Project,"Vancouver Island/Coast, Port Alice",BC,In Review,Energy,18,50.434865,-127.486752,Private,Other,Yes,EN-OTH,1,0,1,0,0
2026.1,2017,H2O Power Limited Partnership,Fort Frances (Expansion),Fort Frances,ON,Announced & Planning,Energy,10,48.611685,-93.406471,Private,Other,Yes,EN-OTH,1,0,0,0,1
2026.2,2017,CNRL / NRC / Pond Biofuels,Algae Carbon Conversion Pilot Project,Bonnyville No. 87,AB,Announced & Planning,Energy,19,54.585082,-110.262585,Private,Other,Yes,EN-OTH,1,0,0,0,1
2027.1,2017,St. Catharines Hydro Generation Inc.,Shickluna Hydro Electric Generating Station,St. Catherines,ON,Announced & Planning,Energy,12.6,43.158735,-79.258495,Public,Clean Electricity,Yes,EN-CLEL,1,0,0,0,1
2027.2,2017,GTE Power Corp.,Brooks 1 Solar Power Plant,Newell County,AB,Announced & Planning,Energy,10,50.580712,-111.868545,Public,Clean Electricity,Yes,EN-CLEL,1,0,0,0,1
2028,2017,Peterborough Utilities Hydro 24 LP,Peterborough Utilities Dam Hydro,Peterborough,ON,Announced & Planning,Energy,10,44.293011,-78.29954,Public,Clean Electricity,Yes,EN-CLEL,1,0,0,0,1
2029,2017,Trenton Lock 1 Hydro LP,Trenton Lock 1 Hydro Project,Trenton,ON,Announced & Planning,Energy,21,44.121785,-77.591427,Public,Clean Electricity,Yes,EN-CLEL,1,0,0,0,1
2030,2017,Bawitik Power Corporation,Lock 25 Generating Station,Peterborough,ON,Announced & Planning,Energy,10,44.422172,-78.274801,Private,Other,Yes,EN-OTH,1,0,0,0,1
2031,2017,Chaudiere Hydro LP,Chaudiere Hydro GS2 Facility,Ottawa,ON,Announced & Planning,Energy,88,45.420014,-75.721152,Public,Clean Electricity,Yes,EN-CLEL,1,0,0,0,1
2032,2017,Yellow Falls Power Limited Partnership,Yellow Falls Hydro GS,Smooth Rock Falls,ON,Announced & Planning,Energy,48,49.197785,-81.650557,Private,Clean Electricity,Yes,EN-CLEL,1,0,1,0,0
2032,2018,Boralex/Yellow Falls Power Limited Partnership,Yellow Falls Hydro Generating Station,Smooth Rock Falls,ON,Under Construction,Energy,48,49.197785,-81.650557,Private,Clean Electricity,Yes,EN-CLEL,0,1,0,1,0
2033,2017,OPG/Lower Mattagami Energy Limited Partnership,Little Long GS (Runner Upgrade) - Lower Mattagami,Val Rita,ON,Announced & Planning,Energy,23,50.111496,-82.208949,Private,Other,Yes,EN-OTH,1,0,1,0,0
2033,2018,OPG/Lower Mattagami Energy Limited Partnership,Little Long GS (Runner Upgrade) - Lower Mattagami,Val Rita,ON,Under Construction,Energy,23,50.111496,-82.208949,Private,Other,Yes,EN-OTH,0,1,0,1,0
2034,2017,OPG/Lower Mattagami Energy Limited Partnership,Harmon GS (Runner Upgrade),Val Rita,ON,Announced & Planning,Energy,53,50.146159,-82.211958,Private,Other,Yes,EN-OTH,1,0,1,0,0
2034,2018,OPG/Lower Mattagami Energy Limited Partnership,Harmon GS (Runner Upgrade),Val Rita,ON,Under Construction,Energy,53,50.146159,-82.211958,Private,Other,Yes,EN-OTH,0,1,0,1,0
2035,2017,Namewaminikan Hydro Inc.,Namewaminikan Waterpower Project,Beardmore,ON,Announced & Planning,Energy,30,49.683321,-88.0056,Public,Clean Electricity,Yes,EN-LCF,1,0,0,0,1
2036,2017,Loyalist Solar LP,Loyalist Solar Project,Centreville,ON,Announced & Planning,Energy,135,44.376616,-76.948684,Private,Clean Electricity,Yes,EN-CLEL,1,0,1,0,0
2036,2018,Loyalist Solar LP,Loyalist Solar Project,Centreville,ON,Under Construction,Energy,135,44.376616,-76.948684,Private,Clean Electricity,Yes,EN-CLEL,0,1,0,1,0
2037,2017,Windsor Solar LP,Windsor Solar,Windsor,ON,Announced & Planning,Energy,125,42.275418,-82.944771,Private,Clean Electricity,Yes,EN-CLEL,1,0,0,0,1
2038,2017,Southgate Solar LP,Southgate Solar,Holstein,ON,Announced & Planning,Energy,125,43.976139,-80.770801,Private,Clean Electricity,Yes,EN-CLEL,1,0,0,0,1
2039,2017,Nanticoke Solar LP,Nanticoke Solar,Nanticoke,ON,Announced & Planning,Energy,110,42.799589,-80.052075,Private,Clean Electricity,Yes,EN-CLEL,1,0,1,0,0
2039,2018,Nanticoke Solar LP,Nanticoke Solar,Nanticoke,ON,Under Construction,Energy,110,42.799589,-80.052075,Private,Clean Electricity,Yes,EN-CLEL,0,1,0,1,0
2040,2017,Pendleton Energy Centre Limited Partnership,Pendleton Solar Energy Centre,Curran,ON,Announced & Planning,Energy,30,0,,Private,Clean Electricity,Yes,EN-CLEL,1,0,1,0,0
2040,2018,Pendleton Energy Centre Limited Partnership,Pendleton Solar Energy Centre,Curran,ON,Under Construction,Energy,30,0,,Private,Clean Electricity,Yes,EN-CLEL,0,1,0,1,0
2041,2017,Sky Solar Ryerson LRP limited partnership,Sky One,Burks Falls,ON,Announced & Planning,Energy,30,45.610068,-79.421249,Private,Clean Electricity,Yes,EN-CLEL,1,0,0,0,1
2042,2017,Barlow Energy Centre Limited Partnership,Barlow Energy Centre,Cornwall,ON,Announced & Planning,Energy,25,45.046707,-74.812532,Private,Clean Electricity,Yes,EN-CLEL,1,0,1,0,0
2042,2018,Barlow Energy Centre Limited Partnership,Barlow Energy Centre,Cornwall,ON,Under Construction,Energy,25,45.046707,-74.812532,Private,Clean Electricity,Yes,EN-CLEL,0,1,0,1,0
2043,2017,LSRA Solar Energy Partnership,Lake Simcoe Regional Airport Solar Project,Oro Station,ON,Announced & Planning,Energy,16.9,44.472646,-79.559585,Private,Clean Electricity,Yes,EN-CLEL,1,0,0,0,1
2044,2017,Settlers landing Wind Development Joint Venture,Settlers Landing Wind Park,Pontypool,ON,Announced & Planning,Energy,20,44.109968,-78.648312,Private,Clean Electricity,Yes,EN-CLEL,1,0,0,0,1
2045,2017,Henvey Inlet Wind LP,Nigig Power Corporation,Pickerel,ON,Announced & Planning,Energy,750,45.983546,-80.532996,Private,Clean Electricity,Yes,EN-LCF,1,0,1,0,0
2045,2018,Henvey Inlet Wind LP,Nigig Power Corporation,Pickerel,ON,Under Construction,Energy,750,45.983546,-80.532996,Private,Clean Electricity,Yes,EN-LCF,0,1,1,0,0
2045,2019,Henvey Inlet Wind LP,Nigig Power Corporation,Pickerel,ON,Under Construction,Energy,750,45.983546,-80.532996,Private,Clean Electricity,Yes,EN-LCF,0,1,0,1,0
2046,2017,Belle River Wind LP,Belle River Wind,South Woodslee,ON,Announced & Planning,Energy,250,42.24188,-82.702027,Private,Clean Electricity,Yes,EN-CLEL,1,0,0,0,1
2047,2017,North Kent Wind 1 LP,North Kent Wind 1,Dresden,ON,Announced & Planning,Energy,250,42.516451,-82.326944,Private,Clean Electricity,Yes,EN-CLEL,1,0,0,0,1
2048,2017,Nation Rise Wind Farm Limited Partnership,Nation Rise Wind,Cryselr,ON,Announced & Planning,Energy,250,45.121541,-75.065137,Private,Clean Electricity,Yes,EN-CLEL,1,0,1,0,0
2048,2018,Nation Rise Wind Farm Limited Partnership,Nation Rise Wind,Crysler,ON,In Review,Energy,250,45.121541,-75.065137,Private,Clean Electricity,Yes,EN-CLEL,1,0,1,0,0
2048,2019,Nation Rise Wind Farm Limited Partnership,Nation Rise Wind,Crysler,ON,Under Construction,Energy,250,45.121541,-75.065137,Private,Clean Electricity,Yes,EN-CLEL,0,1,1,0,0
2048,2020,Nation Rise Wind Farm Limited Partnership,Nation Rise Wind,Crysler,ON,Under Construction,Energy,250,45.121541,-75.065137,Private,Clean Electricity,Yes,EN-CLEL,0,1,1,0,0
2048,2021,Nation Rise Wind Farm Limited Partnership,Nation Rise Wind,Crysler,ON,Under Construction,Energy,200,45.121541,-75.065137,Private,Clean Electricity,Yes,EN-CLEL,0,1,0,1,0
2049,2017,wpd White Pines Wind Incorporated,White Pines Wind Farm,Milford,ON,Announced & Planning,Energy,150,43.883995,-77.111537,Private,Clean Electricity,Yes,EN-CLEL,1,0,1,0,0
2049,2018,wpd White Pines Wind Incorporated,White Pines Wind Farm,Milford,ON,Under Construction,Energy,150,43.883995,-77.111537,Private,Clean Electricity,Yes,EN-CLEL,0,1,0,1,0
2050,2017,Windlectric Inc.,Amherst Island Wind Project,Stella,ON,Announced & Planning,Energy,188,44.170336,-76.701045,Private,Clean Electricity,Yes,EN-CLEL,1,0,1,0,0
2050,2018,Windlectric Inc.,Amherst Island Wind Project,Stella,ON,Under Construction,Energy,188,44.170336,-76.701045,Private,Clean Electricity,Yes,EN-CLEL,0,1,0,1,0
2051,2017,Romney Energy Centre Limited Partnership,Romney Wind Energy Centre,Tilbury,ON,Announced & Planning,Energy,150,42.203341,-82.401444,Private,Clean Electricity,Yes,EN-CLEL,1,0,1,0,0
2051,2018,Romney Energy Centre Limited Partnership,Romney Wind Energy Centre,Tilbury,ON,Under Construction,Energy,150,42.203341,-82.401444,Private,Clean Electricity,Yes,EN-CLEL,0,1,1,0,0
2051,2019,Romney Energy Centre Limited Partnership,Romney Wind Energy Centre,Tilbury,ON,Under Construction,Energy,150,42.203341,-82.401444,Private,Clean Electricity,Yes,EN-CLEL,0,1,0,1,0
2052,2017,Otter Creek Wind Farm Limited Partnership,Otter Creek Wind Farm,Wallaceburg,ON,Announced & Planning,Energy,125,42.630072,-82.410322,Private,Clean Electricity,Yes,EN-CLEL,1,0,0,0,1
2053,2017,Strong Breeze Wind Power Partnership,Strong Breeze Wind Project,Dutton,ON,Announced & Planning,Energy,144,42.630712,-81.518193,Private,Clean Electricity,Yes,EN-CLEL,1,0,0,0,1
2054,2017,Parc eolien Gauthier LP,Parc eolien Gauthier,St. Bernardin,ON,Announced & Planning,Energy,80,45.458481,-74.80017,Private,Other,Yes,EN-OTH,1,0,0,0,1
2055,2017,wpd Fairview Wind Incorporated,Fairview Wind Farm,Stayner,ON,Announced & Planning,Energy,46,44.411399,-80.128027,Private,Clean Electricity,Yes,EN-CLEL,1,0,0,0,1
2056,2017,Port Ryerse Wind Farm Limited Partnership,UDI Port Ryerse Wind Farm,Simcoe,ON,Announced & Planning,Energy,25,42.759673,-80.259393,Private,Clean Electricity,Yes,EN-CLEL,1,0,0,0,1
2057,2017,Windstream Wolfe Island Shoals Inc.,Wolfe Island Shoals Wind Farm,Marysville,ON,Announced & Planning,Energy,750,44.227472,-76.400535,Private,Clean Electricity,Yes,EN-CLEL,1,0,0,0,1
2058,2017,wpd Sumac Ridge Wind Incorporated,Sumac Ridge Wind Farm,Pontypool,ON,Announced & Planning,Energy,26,44.129144,-78.604182,Private,Clean Electricity,Yes,EN-CLEL,1,0,0,0,1
2059,2017,Aeolis / Boralex,Hackney Hills Wind Park (Aeolis / Boralex),Fort St. John,BC,Approved,Energy,45,56.247719,-120.841882,Private,Other,Yes,EN-OTH,1,0,1,0,0
2059,2018,Aeolis / Boralex,Hackney Hills Wind Park (Aeolis / Boralex),Fort St. John,BC,Under Construction,Energy,45,56.247719,-120.841882,Private,Other,Yes,EN-OTH,0,1,1,0,0
2059,2019,Aeolis / Boralex,Hackney Hills Wind Park (Aeolis / Boralex),Fort St. John,BC,Under Construction,Energy,45,56.247719,-120.841882,Private,Other,Yes,EN-OTH,0,1,1,0,0
2059,2021,Aeolis / Boralex,Hackney Hills Wind Park (Aeolis / Boralex),Fort St. John,BC,Announced & Planning,Energy,5200,56.247719,-120.841882,Private,Other,Yes,EN-OTH,1,0,1,0,0
2059,2022,Aeolis / Boralex,Hackney Hills Wind Park (Aeolis / Boralex),Fort St. John,BC,Announced & Planning,Energy,5200,56.247719,-120.841882,Private,Other,Yes,EN-OTH,1,0,1,0,0
2059,2023,Aeolis / Boralex,Hackney Hills Wind Park (Aeolis / Boralex),Fort St. John,BC,Announced & Planning,Energy,5200,56.247719,-120.841882,Private,Other,Yes,EN-OTH,1,0,1,0,0
2059,2024,Aeolis / Boralex,Hackney Hills Wind Park (Aeolis / Boralex),Fort St. John,BC,In Review,Energy,5200,56.247719,-120.841882,Private,Other,Yes,EN-OTH,1,0,1,0,0
2060,2017,Pacific Future Energy,Pacific Future Energy Refinery Project,Harrison Lake,BC,Under Construction,Energy,55,54.283896,-128.617569,Private,Clean Electricity,Yes,EN-CLEL,0,1,1,0,0
2060,2018,Pacific Future Energy,Pacific Future Energy Refinery Project,Harrison Lake,BC,Under Construction,Energy,55,54.283896,-128.617569,Private,Clean Electricity,Yes,EN-CLEL,0,1,1,0,0
2060,2019,Pacific Future Energy,Pacific Future Energy Refinery Project,Harrison Lake,BC,Under Construction,Energy,55,54.283896,-128.617569,Private,Clean Electricity,Yes,EN-CLEL,0,1,1,0,0
2060,2020,Pacific Future Energy,Pacific Future Energy Refinery Project,Harrison Lake,BC,Under Construction,Energy,55,54.283896,-128.617569,Private,Clean Electricity,Yes,EN-CLEL,0,1,1,0,0
2060,2021,Pacific Future Energy,Pacific Future Energy Refinery Project,Harrison Lake,BC,Under Construction,Energy,55,54.283896,-128.617569,Private,Clean Electricity,Yes,EN-CLEL,0,1,1,0,0
2060,2022,Pacific Future Energy,Pacific Future Energy Refinery Project,Harrison Lake,BC,Under Construction,Energy,55,54.283896,-128.617569,Private,Clean Electricity,Yes,EN-CLEL,0,1,1,0,0
2060,2023,Pacific Future Energy,Pacific Future Energy Refinery Project,Harrison Lake,BC,Under Construction,Energy,55,54.283896,-128.617569,Private,Clean Electricity,Yes,EN-CLEL,0,1,1,0,0
2060,2024,Pacific Future Energy,Pacific Future Energy Refinery Project,Harrison Lake,BC,Under Construction,Energy,55,54.283896,-128.617569,Private,Clean Electricity,Yes,EN-CLEL,0,1,1,0,0
2061,2017,Manitoba Hydro,Manitoba-Saskatchewan Transmission Projecct,Britle,MB,In Review,Energy,57,50.423681,-101.044651,Public,Trans & Distr,No,EN-T&D,1,0,1,0,0
2061,2018,Manitoba Hydro,Birtle Transmission,Birtle,MB,In Review,Energy,56.5,50.423681,-101.044651,Public,Trans & Distr,No,EN-T&D,1,0,1,0,0
2061,2019,Manitoba Hydro,Birtle Tantallon Transmission Project,Birtle,MB,In Review,Energy,56.5,50.423681,-101.044651,Public,Trans & Distr,No,EN-T&D,1,0,1,0,0
2061,2020,Manitoba Hydro,Birtle Tantallon Transmission Project,Birtle,MB,Under Construction,Energy,69.3,50.423681,-101.044651,Public,Trans & Distr,No,EN-T&D,0,1,0,1,0
2062,2017,Manitoba Hydro,Pine Falls Units 1-4 Major Overhauls,St. Georges,MB,Under Construction,Energy,88.8,50.566201,-96.180067,Public,Clean Electricity,Yes,EN-CLEL,0,1,1,0,0
2062,2018,Manitoba Hydro,Pine Falls Units 1-4 Major Overhauls,St. Georges,MB,Under Construction,Energy,77.1,50.566201,-96.180067,Public,Clean Electricity,Yes,EN-CLEL,0,1,1,0,0
2062,2019,Manitoba Hydro,Pine Falls Units 1-4 Major Overhauls,St. Georges,MB,Under Construction,Energy,77.1,50.566201,-96.180067,Public,Clean Electricity,Yes,EN-CLEL,0,1,1,0,0
2062,2020,Manitoba Hydro,Pine Falls Units 1-4 Major Overhauls,St. Georges,MB,Under Construction,Energy,80.7,50.566201,-96.180067,Public,Clean Electricity,Yes,EN-CLEL,0,1,1,0,0
2062,2021,Manitoba Hydro,Pine Falls Units 1-4 Major Overhauls,St. Georges,MB,Under Construction,Energy,77.1,50.566201,-96.180067,Public,Clean Electricity,Yes,EN-CLEL,0,1,1,0,0
2062,2022,Manitoba Hydro,Pine Falls Units 1-4 Major Overhauls,St. Georges,MB,Under Construction,Energy,83,50.566201,-96.180067,Public,Clean Electricity,Yes,EN-CLEL,0,1,1,0,0
2062,2023,Manitoba Hydro,Pine Falls Units 1-4 Major Overhauls,St. Georges,MB,Under Construction,Energy,83,50.566201,-96.180067,Public,Clean Electricity,Yes,EN-CLEL,0,1,0,1,0
2063,2017,Manitoba Hydro,Lake Winnipeg East System Improvements,Lake Winnipeg,MB,Under Construction,Energy,75.5,51.11797,-96.23973,Public,Clean Electricity,Yes,EN-CLEL,0,1,0,1,0
2064,2017,Manitoba Hydro,Letellier - St. Vital 230kV Transmission,Letellier,MB,Under Construction,Energy,58.8,49.134303,-97.312115,Public,Trans & Distr,No,EN-T&D,0,1,1,0,0
2064,2018,Manitoba Hydro,De Salaberry-Letellier 230kV Transmission Line,St. Vital to Letellier,MB,In Review,Energy,67.95,49.134303,-97.312115,Public,Trans & Distr,No,EN-T&D,1,0,1,0,0
2064,2019,Manitoba Hydro,De Salaberry-Letellier 230kV Transmission Line,St. Vital to Letellier,MB,Approved,Energy,67.9,49.134303,-97.312115,Public,Trans & Distr,No,EN-T&D,1,0,1,0,0
2064,2020,Manitoba Hydro,De Salaberry-Letellier 230kV Transmission Line,St. Vital to Letellier,MB,Approved,Energy,67.9,49.134303,-97.312115,Public,Trans & Distr,No,EN-T&D,1,0,1,0,0
2064,2021,Manitoba Hydro,De Salaberry-Letellier 230kV Transmission Line,St. Vital to Letellier,MB,Under Construction,Energy,68,49.134303,-97.312115,Public,Trans & Distr,No,EN-T&D,0,1,1,0,0
2064,2022,Manitoba Hydro,De Salaberry-Letellier 230kV Transmission Line,St. Vital to Letellier,MB,Under Construction,Energy,73.8,49.134303,-97.312115,Public,Trans & Distr,No,EN-T&D,0,1,1,0,0
2064,2023,Manitoba Hydro,De Salaberry-Letellier 230kV Transmission Line,St. Vital to Letellier,MB,Under Construction,Energy,74.2,49.134303,-97.312115,Public,Trans & Distr,No,EN-T&D,0,1,0,1,0
2065,2017,Manitoba Hydro,Transmission Line Upgrades for Improved Clearance,,MB,Under Construction,Energy,74.7,50.158961,-96.87988,Public,Trans & Distr,No,EN-T&D,0,1,1,0,0
2065,2018,Manitoba Hydro,Transmission Line Upgrades for Improved Clearance,Various locations,MB,Under Construction,Energy,74,,,Public,Trans & Distr,No,EN-T&D,0,1,1,0,0
2065,2019,Manitoba Hydro,Transmission Line Upgrades for Improved Clearance,Various locations,MB,Under Construction,Energy,74,49.984854,-97.421103,Public,Trans & Distr,No,EN-T&D,0,1,1,0,0
2065,2020,Manitoba Hydro,Transmission Line Upgrades for Improved Clearance,Various locations,MB,Under Construction,Energy,13.8,49.984854,-97.421103,Public,Trans & Distr,No,EN-T&D,0,1,1,0,0
2065,2021,Manitoba Hydro,Transmission Line Upgrades for Improved Clearance,Various locations,MB,Under Construction,Energy,13.8,49.984854,-97.421103,Public,Trans & Distr,No,EN-T&D,0,1,1,0,0
2065,2022,Manitoba Hydro,Transmission Line Upgrades for Improved Clearance,Various locations,MB,Under Construction,Energy,13.8,49.984854,-97.421103,Public,Trans & Distr,No,EN-T&D,0,1,1,0,0
2065,2023,Manitoba Hydro,Transmission Line Upgrades for Improved Clearance,Various locations,MB,Under Construction,Energy,13.8,49.984854,-97.421103,Public,Trans & Distr,No,EN-T&D,0,1,0,1,0
2066,2017,Manitoba Hydro,Steinbach Area 230-66kV Capacity Enhancements,Steinbach Area,MB,Under Construction,Energy,83.9,49.536716,-96.699815,Public,Other,Yes,EN-OTH,0,1,1,0,0
2066,2018,Manitoba Hydro,St. Vital-De Salaberry Transmission Line & De Salaberry Station,Steinbach Area,MB,Under Construction,Energy,118.9,49.536716,-96.699815,Public,Other,Yes,EN-OTH,0,1,1,0,0
2066,2019,Manitoba Hydro,St. Vital-De Salaberry Transmission Line & De Salaberry Station,Steinbach Area,MB,Under Construction,Energy,118.9,49.536716,-96.699815,Public,Other,Yes,EN-OTH,0,1,1,0,0
2066,2020,Manitoba Hydro,St. Vital-De Salaberry Transmission Line & De Salaberry Station,Steinbach Area,MB,Under Construction,Energy,118.9,49.536716,-96.699815,Public,Other,Yes,EN-OTH,0,1,0,1,0
2067,2017,Manitoba Hydro,St. Vital Station 115/24kV Station,Southdale,MB,Under Construction,Energy,51.3,49.844,-97.048248,Public,Clean Electricity,Yes,EN-CLEL,0,1,0,1,0
2068,2017,Manitoba Hydro,Dawson Road Station - 66/24kV,,MB,Under Construction,Energy,51.8,49.734729,-96.919916,Public,Clean Electricity,Yes,EN-CLEL,0,1,1,0,0
2068,2018,Manitoba Hydro,Panet Station - 66/24kV,Dawson Rd. Winnipeg,MB,Under Construction,Energy,51.8,49.734729,-96.919916,Public,Clean Electricity,Yes,EN-CLEL,0,1,1,0,0
2068,2019,Manitoba Hydro,Panet Station - 66/24kV,Dawson Rd. Winnipeg,MB,Under Construction,Energy,51.8,49.734729,-96.919916,Public,Clean Electricity,Yes,EN-CLEL,0,1,0,1,0
2069,2017,Manitoba Hydro,New Adelaide Station - 66/12kV,Winnipeg,MB,Under Construction,Energy,62.1,49.895829,-97.135675,Public,Clean Electricity,Yes,EN-CLEL,0,1,1,0,0
2069,2019,Manitoba Hydro,Adelaide Station - 66/12kV,Winnipeg,MB,Under Construction,Energy,69.6,49.895829,-97.135675,Public,Clean Electricity,Yes,EN-CLEL,0,1,0,1,0
2070,2017,BMC Minerals Ltd.,Kudz Ze Kayah,135km south of Ross River in South Central Yukon,YK,Announced & Planning,Mining,,,,Private,Other,No,MIN-OTH,1,0,0,0,1
2072,2019,Baffinland Iron Mines Corporation,Mary River Iron Ore project,Eastern Nunavut (Qikiqtaaluk region); 160 km south of Pond Inlet,NU,In Review,Mining,1000,71.9109,-79.6289,Private,Base Metal,No,MIN-BM,1,0,1,0,0
2072,2020,Baffinland Iron Mines Corporation,Mary River Iron Ore project,Eastern Nunavut (Qikiqtaaluk region); 160 km south of Pond Inlet,NU,In Review,Mining,1000,71.910888,-79.628906,Private,Base Metal,No,MIN-BM,1,0,1,0,0
2072,2021,Baffinland Iron Mines Corporation,Mary River Iron Ore project,Eastern Nunavut (Qikiqtaaluk region); 160 km south of Pond Inlet,NU,In Review,Mining,1000,71.910888,-79.628906,Private,Base Metal,No,MIN-BM,1,0,1,0,0
2072,2022,Baffinland Iron Mines Corporation,Mary River Iron Ore (Phase 2) Project,Eastern Nunavut (Qikiqtaaluk region); 160 km south of Pond Inlet,NU,In Review,Mining,1250,71.31,-79.275,Private,Base Metal,No,MIN-BM,1,0,0,0,1
2074,2017,Agnico-Eagle Mines Limited,Amaruq,Central Nunavut (Kivalliq region); 120 km north of Baker Lake,NU,In Review,Mining,400,62.810099,-92.093431,Private,Other,No,MIN-OTH,1,0,1,0,0
2074,2018,Agnico-Eagle Mines Limited,Amaruq,Central Nunavut (Kivalliq region); 120 km north of Baker Lake,NU,In Review,Mining,413.85,65.4055,-96.6875,Private,Other,No,MIN-OTH,1,0,1,0,0
2074,2019,Agnico-Eagle Mines Limited,Amaruq,Central Nunavut (Kivalliq region); 125 km north of Baker Lake,NU,Under Construction,Mining,424.2,65.4055,-96.6875,Private,Other,No,MIN-OTH,0,1,0,1,0
2075,2017,FireFly Metals Ltd. (previously owned by Rambler Mining and Metals),Green Bay Copper-Gold Project (formerly Ming Mine),Baie Verte Peninsula,NL,Announced & Planning,Mining,66.24,49.975196,-56.180174,Private,Other,No,MIN-OTH,1,0,1,0,0
2075,2018,FireFly Metals Ltd. (previously owned by Rambler Mining and Metals),Green Bay Copper-Gold Project (formerly Ming Mine),Baie Verte Peninsula,NL,Under Construction,Mining,66.24,49.975196,-56.180174,Private,Other,No,MIN-OTH,0,1,1,0,0
2075,2019,FireFly Metals Ltd. (previously owned by Rambler Mining and Metals),Green Bay Copper-Gold Project (formerly Ming Mine),Baie Verte Peninsula,NL,Under Construction,Mining,66.24,49.9237,-56.0797,Private,Other,No,MIN-OTH,0,1,1,0,0
2075,2024,FireFly Metals Ltd. (previously owned by Rambler Mining and Metals),Green Bay Copper-Gold Project (formerly Ming Mine),Baie Verte Peninsula,NL,Approved,Mining,66.24,49.9237,-56.0797,Private,Other,No,MIN-OTH,1,0,1,0,0
2076,2017,Nalcor Energy,Labrador Transmission Assets,Labrador,NL,Under Construction,Energy,878,53.246485,-60.780056,Private,Trans & Distr,No,EN-T&D,0,1,1,0,0
2076,2018,Nalcor Energy,Labrador Transmission Assets,Labrador,NL,Under Construction,Energy,894,53.246485,-60.780056,Private,Trans & Distr,No,EN-T&D,0,1,1,0,0
2076,2019,Nalcor Energy,Labrador Transmission Assets,Labrador,NL,Under Construction,Energy,894,53.246485,-60.780056,Private,Trans & Distr,No,EN-T&D,0,1,1,0,0
2076,2020,Nalcor Energy,Labrador Transmission Assets,Labrador,NL,Under Construction,Energy,889,53.246485,-60.780056,Private,Trans & Distr,No,EN-T&D,0,1,0,1,0
2077,2017,Newfoundland and Labrador Hydro,TL 266: 230 kV transmission line,Soliders Pond to Hardwoods,NL,Under Construction,Energy,26.6,47.554964,-52.690356,Public,Trans & Distr,No,EN-T&D,0,1,0,1,0
2078,2017,Algonquin Power & Utilities Corp.,Wind Project,Blue Hills Wind Project Herbert SK,SK,Announced & Planning,Energy,355,50.42527,-107.214788,Private,Clean Electricity,Yes,EN-CLEL,1,0,1,0,0
2078,2018,Algonquin Power & Utilities Corp.,Blue Hills Wind Project,Herbert SK,SK,Announced & Planning,Energy,345,50.42527,-107.214788,Private,Clean Electricity,Yes,EN-CLEL,1,0,1,0,0
2078,2019,Algonquin Power & Utilities Corp.,Blue Hills Wind Project,Herbert SK,SK,Announced & Planning,Energy,345,50.42527,-107.214788,Private,Clean Electricity,Yes,EN-CLEL,1,0,1,0,0
2078,2020,Algonquin Power & Utilities Corp.,Blue Hills Wind Project,Herbert SK,SK,Announced & Planning,Energy,345,50.42527,-107.214788,Private,Clean Electricity,Yes,EN-CLEL,1,0,1,0,0
2078,2021,Algonquin Power & Utilities Corp.,Blue Hills Wind Project,Herbert SK,SK,Under Construction,Energy,345,50.42527,-107.214788,Private,Clean Electricity,Yes,EN-CLEL,0,1,0,1,0
2079,2017,Rocky Mountain Power,Qu'Appelle Hydroelectric Project,Qu'Appelle River Dam RM of Maple Bush No. 224,SK,In Review,Energy,,,,Private,Clean Electricity,Yes,EN-CLEL,1,0,0,0,1
2080,2017,SaskPower,Proposed Solar Power Project,Undetermined,SK,Announced & Planning,Energy,,,,Public,Clean Electricity,Yes,EN-CLEL,1,0,1,0,0
2080,2018,SaskPower,Proposed Solar Power Project,Undetermined,SK,In Review,Energy,,,,Public,Clean Electricity,Yes,EN-CLEL,1,0,0,0,1
2081,2017,SaskPower,Chinook Natural Gas Power Station,Swift Current SK,SK,Under Construction,Energy,680,50.285671,-107.797323,Public,NG Power Gen,No,EN-NGPG,0,1,1,0,0
2081,2018,SaskPower,Chinook Natural Gas Power Station,Swift Current SK,SK,Under Construction,Energy,680,50.285671,-107.797323,Public,NG Power Gen,No,EN-NGPG,0,1,1,0,0
2081,2019,SaskPower,Chinook Natural Gas Power Station,Swift Current SK,SK,Under Construction,Energy,680,50.285671,-107.797323,Public,NG Power Gen,No,EN-NGPG,0,1,0,1,0
2082,2017,SaskPower,Proposed Natural Gas Power Station,Moose Jaw SK,SK,Announced & Planning,Energy,700,50.391121,-105.542153,Public,NG Power Gen,No,EN-NGPG,1,0,1,0,0
2082,2018,SaskPower,Proposed Natural Gas Power Station,"TBD: Moose Jaw, West Sherwood, Belle Plaine or Rowatt",SK,Announced & Planning,Energy,700,50.391121,-105.542153,Public,NG Power Gen,No,EN-NGPG,1,0,1,0,0
2082,2021,SaskPower,Great Plains Power Station,Moose Jaw,SK,Under Construction,Energy,680,50.391121,-105.542153,Public,NG Power Gen,No,EN-NGPG,0,1,1,0,0
2082,2022,SaskPower,Great Plains Power Station,Moose Jaw,SK,Under Construction,Energy,760,50.391121,-105.542153,Public,NG Power Gen,No,EN-NGPG,0,1,1,0,0
2082,2023,SaskPower,Great Plains Power Station,Moose Jaw,SK,Under Construction,Energy,760,50.391121,-105.542153,Public,NG Power Gen,No,EN-NGPG,0,1,0,1,0
2083,2017,Ressources Falco ltee,Horne 5,Rouyn-Noranda,QC,Announced & Planning,Mining,905.2,48.234558,-78.996534,Private,Other,No,MIN-OTH,1,0,1,0,0
2083,2018,Ressources Falco ltee,Horne 5,Rouyn-Noranda,QC,In Review,Mining,1005.65,48.234558,-78.996534,Private,Other,No,MIN-OTH,1,0,1,0,0
2083,2019,Ressources Falco ltee,Horne 5,Rouyn-Noranda,QC,Announced & Planning,Mining,1062.1,48.234558,-78.996534,Private,Other,No,MIN-OTH,1,0,1,0,0
2083,2020,Ressources Falco ltee,Horne 5,Rouyn-Noranda,QC,In Review,Mining,1062.1,48.234558,-78.996534,Private,Other,No,MIN-OTH,1,0,1,0,0
2083,2021,Ressources Falco ltee,Horne 5,Rouyn-Noranda,QC,Announced & Planning,Mining,1059.2,48.234558,-78.996534,Private,Other,No,MIN-OTH,1,0,1,0,0
2083,2022,Ressources Falco ltee,Horne 5,Rouyn-Noranda,QC,In Review,Mining,970.37,48.234558,-78.996534,Private,Other,No,MIN-OTH,1,0,1,0,0
2083,2023,Ressources Falco ltee,Horne 5,Rouyn-Noranda,QC,In Review,Mining,1080,48.234558,-78.996534,Private,Other,No,MIN-OTH,1,0,1,0,0
2083,2024,Ressources Falco ltee,Horne 5,Rouyn-Noranda,QC,In Review,Mining,1080,48.234558,-78.996534,Private,Other,No,MIN-OTH,1,0,1,0,0
2084,2017,Agnico Eagle Mines,Goldex (extension : Deep 1),Val d'Or,QC,Under Construction,Mining,140,48.091913,-77.863014,Private,Precious Metal,No,MIN-PM,0,1,0,1,0
2085,2017,Agnico Eagle Mines,LaRonde (extension LaRonde Zone 5),Preissac,QC,Announced & Planning,Mining,80,0,,Private,Other,No,MIN-OTH,1,0,0,0,1
2087,2017,Canadian Malartic GP,Canadian Malartic,Malartic,QC,In Review,Mining,194,48.073668,-78.14115,Private,Other,No,MIN-OTH,1,0,1,0,0
2087,2018,Canadian Malartic GP,Canadian Malartic,Malartic,QC,Under Construction,Mining,194,48.073668,-78.14115,Private,Other,No,MIN-OTH,0,1,1,0,0
2087,2019,Canadian Malartic GP,Canadian Malartic,Malartic,QC,Under Construction,Mining,194,48.073668,-78.14115,Private,Other,No,MIN-OTH,0,1,1,0,0
2087,2020,Canadian Malartic GP,Malartic extension project,Malartic,QC,Under Construction,Mining,194,48.073668,-78.14115,Private,Other,No,MIN-OTH,0,1,1,0,0
2087,2021,Canadian Malartic GP,Malartic extension project - Odyssey,Malartic,QC,Under Construction,Mining,1451,48.073668,-78.14115,Private,Other,No,MIN-OTH,0,1,0,1,0
2088,2017,Hecla Qu bec inc.,Casa Berardi (Golden Pound),95 km au nord de La Sarre,QC,Under Construction,Mining,155,49.573475,-79.293246,Private,Precious Metal,No,MIN-PM,0,1,0,1,0
2092,2017,Miniere Osisko Inc.,Lac Windfall,200 km au nord-est de Val-d'Or,QC,Announced & Planning,Mining,241,49.026695,-75.642654,Private,Other,No,MIN-OTH,1,0,1,0,0
2092,2018,Miniere Osisko Inc.,Lac Windfall,200 km au nord-est de Val-d'Or,QC,Announced & Planning,Mining,375,49.026695,-75.642654,Private,Other,No,MIN-OTH,1,0,1,0,0
2092,2019,Miniere Osisko Inc.,Lac Windfall,200 km au nord-est de Val-d'Or,QC,Announced & Planning,Mining,397.3,49.026695,-75.642654,Private,Other,No,MIN-OTH,1,0,1,0,0
2092,2020,Miniere Osisko Inc.,Lac Windfall,200 km au nord-est de Val-d'Or,QC,Announced & Planning,Mining,397.3,49.026695,-75.642654,Private,Other,No,MIN-OTH,1,0,1,0,0
2092,2021,Miniere Osisko Inc.,Lac Windfall,200 km au nord-est de Val-d'Or,QC,In Review,Mining,544,49.026695,-75.642654,Private,Other,No,MIN-OTH,1,0,1,0,0
2092,2022,Miniere Osisko Inc.,Lac Windfall,200 km au nord-est de Val-d'Or,QC,In Review,Mining,544,49.026695,-75.642654,Private,Other,No,MIN-OTH,1,0,1,0,0
2092,2023,Miniere Osisko Inc.,Lac Windfall,200 km au nord-est de Val-d'Or,QC,In Review,Mining,788.6,49.026695,-75.642654,Private,Other,No,MIN-OTH,1,0,1,0,0
2092,2024,Miniere Osisko Inc.,Lac Windfall,200 km au nord-est de Val-d'Or,QC,In Review,Mining,788.6,49.026695,-75.642654,Private,Other,No,MIN-OTH,1,0,1,0,0
2093,2017,Nouveau Monde Graphite inc.,Matawinie,Saint-Michel-des-Saints,QC,Announced & Planning,Mining,145,46.732001,-73.700146,Private,Other,No,MIN-OTH,1,0,1,0,0
2093,2018,Nouveau Monde Graphite inc.,Matawinie,Saint-Michel-des-Saints,QC,In Review,Mining,180.81,46.732001,-73.700146,Private,Other,No,MIN-OTH,1,0,1,0,0
2093,2019,Nouveau Monde Graphite inc.,Matawinie,Saint-Michel-des-Saints,QC,In Review,Mining,276.23,46.732001,-73.700146,Private,Other,No,MIN-OTH,1,0,1,0,0
2093,2020,Nouveau Monde Graphite inc.,Matawinie,Saint-Michel-des-Saints,QC,In Review,Mining,276.23,46.732001,-73.700146,Private,Other,No,MIN-OTH,1,0,1,0,0
2093,2021,Nouveau Monde Graphite inc.,Matawinie,Saint-Michel-des-Saints,QC,Approved,Mining,276.23,46.732001,-73.700146,Private,Other,No,MIN-OTH,1,0,1,0,0
2093,2022,Nouveau Monde Graphite inc.,Matawinie,Saint-Michel-des-Saints,QC,Approved,Mining,283.4,46.732001,-73.700146,Private,Other,No,MIN-OTH,1,0,1,0,0
2093,2023,Nouveau Monde Graphite inc.,Matawinie,Saint-Michel-des-Saints,QC,Under Construction,Mining,480.8,46.732001,-73.700146,Private,Other,No,MIN-OTH,0,1,1,0,0
2093,2024,Nouveau Monde Graphite inc.,Matawinie,Saint-Michel-des-Saints,QC,Under Construction,Mining,480.8,46.732001,-73.700146,Private,Other,No,MIN-OTH,0,1,1,0,0
2094,2017,Tata Steel Minerals Canada,DSO-Volet Qu b cois,Schefferville,QC,Announced & Planning,Mining,,,,Private,Other,No,MIN-OTH,1,0,0,0,1
2095,2017,Quebec iron Ore Inc.,Lac Bloom,Fermont,QC,Announced & Planning,Mining,,,,Private,Other,No,MIN-OTH,1,0,1,0,0
2095,2018,Quebec iron Ore Inc.,Lac Bloom,Fermont,QC,Under Construction,Mining,326.8,52.84,-67.28,Private,Other,No,MIN-OTH,0,1,0,1,0
2096,2017,Glencore,McLeod-Deep,Matagami,QC,Announced & Planning,Mining,,,,Private,Other,No,MIN-OTH,1,0,1,0,0
2096,2018,Glencore,McLeod-Deep,Matagami,QC,Announced & Planning,Mining,,,,Private,Other,No,MIN-OTH,1,0,0,0,1
2098,2017,Exploration Typhon / H cla Qu bec inc.,Fayolle,35 km au nord-est de Rouyn-Noranda,QC,Announced & Planning,Mining,,,,Private,Other,No,MIN-OTH,1,0,1,0,0
2098,2018,Exploration Typhon / H cla Qu bec inc.,Fayolle,35 km au nord-est de Rouyn-Noranda,QC,Announced & Planning,Mining,,,,Private,Other,No,MIN-OTH,1,0,0,0,1
2099,2017,Forex,Restart of LVL mill and addition of an OSB mill,Amos,QC,Under Construction,Forest,60,48.632659,-77.861811,Private,EWP,Yes,FOR-EWP,0,1,0,1,0
2101,2017,Kruger,Convert newsprint machine to board machine for boxboard,Trois-Rivieres,QC,Under Construction,Forest,250,46.323959,-72.565226,Private,Pulp & Paper,No,FOR-P&P,0,1,0,1,0
2102,2017,Fortress,Addition of 5th digester unit for dissolving pulp,Thurso (Gatineau),QC,Under Construction,Forest,22.2,45.598715,-75.256778,Private,Pulp & Paper,No,FOR-P&P,0,1,0,1,0
2103,2017,Neste / BELT,Biorefinery,La Tuque,QC,In Review,Forest,700,47.439788,-72.790831,Private,Other,Yes,FOR-OTH,1,0,1,0,0
2103,2018,Neste / BELT,Biorefinery,La Tuque,QC,In Review,Forest,700,47.439788,-72.790831,Private,Other,Yes,FOR-OTH,1,0,0,0,1
2104,2017,Domtar,Co generation addition 18 MW,Windsor,QC,Under Construction,Forest,36,45.564345,-71.978617,Private,Other,Yes,FOR-OTH,0,1,0,1,0
2106,2017,AE Cote Nord,Biorefinery,Port Cartier,QC,Under Construction,Forest,104,50.030062,-66.87335,Private,Other,Yes,FOR-OTH,0,1,1,0,0
2106,2018,AE Cote Nord,Biorefinery,Port Cartier,QC,Under Construction,Forest,104,50.030062,-66.87335,Private,Other,Yes,FOR-OTH,0,1,0,1,0
2107,2017,Kruger,Install new tissue paper machine,Crabtree,QC,Under Construction,Forest,55,45.964884,-73.469801,Private,Pulp & Paper,No,FOR-P&P,0,1,0,1,0
2108,2017,White Birch Paper,Fiber extraction for bioplastics,Masson (Gatineau),QC,Under Construction,Forest,20.5,45.542579,-75.424609,Private,Other,Yes,FOR-OTH,0,1,1,0,0
2108,2018,White Birch Paper,Fiber extraction for bioplastics,Masson (Gatineau),QC,Under Construction,Forest,20.5,45.542579,-75.424609,Private,Other,Yes,FOR-OTH,0,1,1,0,0
2108,2019,White Birch Paper,Fiber extraction for bioplastics,Masson (Gatineau),QC,Under Construction,Forest,20.5,45.542579,-75.424609,Private,Other,Yes,FOR-OTH,0,1,1,0,0
2108,2020,White Birch Paper,Fiber extraction for bioplastics,Masson (Gatineau),QC,Under Construction,Forest,25.5,45.542579,-75.424609,Private,Other,Yes,FOR-OTH,0,1,1,0,0
2108,2021,White Birch Paper,Fiber extraction for bioplastics,Masson (Gatineau),QC,Under Construction,Forest,25.5,45.542579,-75.424609,Private,Other,Yes,FOR-OTH,0,1,1,0,0
2108,2022,White Birch Paper,Fiber extraction for bioplastics,Masson (Gatineau),QC,Under Construction,Forest,25.5,45.542579,-75.424609,Private,Other,Yes,FOR-OTH,0,1,0,1,0
2109,2017,Kruger,Paper machine #10 conversion on paperboard,Trois-Rivieres,QC,Under Construction,Forest,250,46.32724,-72.557502,Private,Pulp & Paper,No,FOR-P&P,0,1,0,1,0
2110,2017,"Nation Innue, RES et Boralex",Apuiat,MRC de Sept-Rivires,QC,In Review,Energy,700,50.21056,-66.374653,Private,Other,Yes,EN-OTH,1,0,1,0,0
2110,2018,"Nation Innue, RES et Boralex",Apuiat,MRC de Sept-Rivires,QC,In Review,Energy,700,50.21056,-66.374653,Private,Other,Yes,EN-OTH,1,0,1,0,0
2110,2019,"Nation Innue, RES et Boralex",Apuiat,MRC de Sept-Rivires,QC,In Review,Energy,700,50.21056,-66.374653,Private,Other,Yes,EN-OTH,1,0,1,0,0
2110,2020,"Nation Innue, RES et Boralex",Apuiat,MRC de Sept-Rivires,QC,In Review,Energy,700,50.21056,-66.374653,Private,Other,Yes,EN-OTH,1,0,1,0,0
2110,2021,"Nation Innue, RES et Boralex",Apuiat,MRC de Sept-Rivires,QC,Approved,Energy,600,50.21056,-66.374653,Private,Other,Yes,EN-OTH,1,0,1,0,0
2110,2022,"Nation Innue, RES et Boralex",Apuiat,MRC de Sept-Rivires,QC,Approved,Energy,600,50.21056,-66.374653,Private,Other,Yes,EN-OTH,1,0,1,0,0
2110,2023,"Nation Innue, RES et Boralex",Apuiat,MRC de Sept-Rivires,QC,Under Construction,Energy,600,50.21056,-66.374653,Private,Other,Yes,EN-OTH,0,1,1,0,0
2110,2024,"Nation Innue, RES et Boralex",Apuiat,MRC de Sept-Rivires,QC,Under Construction,Energy,600,50.21056,-66.374653,Private,Other,Yes,EN-OTH,0,1,1,0,0
2111,2017,Finaxo Canada inc.,Cog n ration Bedford,Bedford,QC,Announced & Planning,Energy,,,,Private,Other,Yes,EN-OTH,1,0,1,0,0
2111,2018,Finaxo Canada inc.,Cog n ration Bedford,Bedford,QC,Announced & Planning,Energy,,,,Private,Other,Yes,EN-OTH,1,0,1,0,0
2111,2019,Finaxo Canada inc.,Cog n ration Bedford,Bedford,QC,Announced & Planning,Energy,,45.13837,-72.962176,Private,Other,Yes,EN-OTH,1,0,1,0,0
2111,2020,Finaxo Canada inc.,Cog n ration Bedford,Bedford,QC,Announced & Planning,Energy,,45.13837,-72.962176,Private,Other,Yes,EN-OTH,1,0,1,0,0
2111,2021,Finaxo Canada inc.,Cog n ration Bedford,Bedford,QC,Announced & Planning,Energy,,45.13837,-72.962176,Private,Other,Yes,EN-OTH,1,0,1,0,0
2111,2022,Finaxo Canada inc.,Cog n ration Bedford,Bedford,QC,In Review,Energy,,45.13837,-72.962176,Private,Other,Yes,EN-OTH,1,0,0,0,1
2112,2017,Domtar inc.,Usine de Windsor - TG2,Windsor,QC,Under Construction,Energy,36,45.564345,-71.978617,Private,"DER, Storage, EV",Yes,EN-DER,0,1,0,1,0
2113,2017,"anergie LSQ, S.E.C.",anergie LSQ,Lebel-sur-Qu villon,QC,Announced & Planning,Energy,,,,Private,Other,Yes,EN-OTH,1,0,1,0,0
2113,2018,"anergie LSQ, S.E.C.",anergie LSQ,Lebel-sur-Qu villon,QC,Announced & Planning,Energy,,,,Private,Other,Yes,EN-OTH,1,0,1,0,0
2113,2019,"anergie LSQ, S.E.C.",anergie LSQ,Lebel-sur-Qu villon,QC,Announced & Planning,Energy,,45.425452,-74.222086,Private,Other,Yes,EN-OTH,1,0,1,0,0
2113,2020,"anergie LSQ, S.E.C.",anergie LSQ,Lebel-sur-Qu villon,QC,Announced & Planning,Energy,,45.425452,-74.222086,Private,Other,Yes,EN-OTH,1,0,1,0,0
2113,2021,"anergie LSQ, S.E.C.",anergie LSQ,Lebel-sur-Qu villon,QC,Announced & Planning,Energy,,45.425452,-74.222086,Private,Other,Yes,EN-OTH,1,0,1,0,0
2113,2022,"anergie LSQ, S.E.C.",anergie LSQ,Lebel-sur-Qu villon,QC,Announced & Planning,Energy,,45.425452,-74.222086,Private,Other,Yes,EN-OTH,1,0,0,0,1
2114,2017,Chantiers Chibougamau inc.,Centrale de cogeneration Assinica,Chibougamau,QC,Announced & Planning,Energy,,,,Private,Other,Yes,EN-OTH,1,0,1,0,0
2114,2018,Chantiers Chibougamau inc.,Centrale de cogeneration Assinica,Chibougamau,QC,Announced & Planning,Energy,,,,Private,Other,Yes,EN-OTH,1,0,1,0,0
2114,2019,Chantiers Chibougamau inc.,Centrale de cogeneration Assinica,Chibougamau,QC,Announced & Planning,Energy,,49.934048,-74.333504,Private,Other,Yes,EN-OTH,1,0,1,0,0
2114,2020,Chantiers Chibougamau inc.,Centrale de cogeneration Assinica,Chibougamau,QC,Announced & Planning,Energy,,49.934048,-74.333504,Private,Other,Yes,EN-OTH,1,0,1,0,0
2114,2021,Chantiers Chibougamau inc.,Centrale de cogeneration Assinica,Chibougamau,QC,Under Construction,Energy,342,49.934048,-74.333504,Private,Other,Yes,EN-OTH,0,1,1,0,0
2114,2022,Chantiers Chibougamau inc.,Centrale de cogeneration Assinica,Lebel-sur-Qu villon,QC,Announced & Planning,Energy,342,49.934048,-74.333504,Private,Other,Yes,EN-OTH,1,0,1,0,0
2114,2023,Chantiers Chibougamau inc.,Centrale de cogeneration Assinica,Lebel-sur-Qu villon,QC,Announced & Planning,Energy,342,49.934048,-74.333504,Private,Other,Yes,EN-OTH,1,0,1,0,0
2114,2024,Chantiers Chibougamau inc.,Centrale de cogeneration Assinica,Lebel-sur-Qu villon,QC,Announced & Planning,Energy,342,49.934048,-74.333504,Private,Other,Yes,EN-OTH,1,0,1,0,0
2115,2017,Cogeneration Val-d'Or,Cogeneration Val-d'Or,Val-d'Or,QC,Announced & Planning,Energy,72,48.148516,-77.791895,Private,Other,Yes,EN-OTH,1,0,1,0,0
2115,2018,Cogeneration Val-d'Or,Cogeneration Val-d'Or,Val-d'Or,QC,Announced & Planning,Energy,72,48.148516,-77.791895,Private,Other,Yes,EN-OTH,1,0,1,0,0
2115,2019,Cogeneration Val-d'Or,Cogeneration Val-d'Or,Val-d'Or,QC,Announced & Planning,Energy,72,48.148516,-77.791895,Private,Other,Yes,EN-OTH,1,0,1,0,0
2115,2020,Cogeneration Val-d'Or,Cogeneration Val-d'Or,Val-d'Or,QC,Announced & Planning,Energy,72,48.148516,-77.791895,Private,Other,Yes,EN-OTH,1,0,1,0,0
2115,2021,Cogeneration Val-d'Or,Cogeneration Val-d'Or,Val-d'Or,QC,Announced & Planning,Energy,72,48.148516,-77.791895,Private,Other,Yes,EN-OTH,1,0,1,0,0
2115,2022,Cogeneration Val-d'Or,Cogeneration Val-d'Or,Val-d'Or,QC,Announced & Planning,Energy,72,48.148516,-77.791895,Private,Other,Yes,EN-OTH,1,0,1,0,0
2115,2023,Cogeneration Val-d'Or,Cogeneration Val-d'Or,Val-d'Or,QC,Announced & Planning,Energy,72,48.148516,-77.791895,Private,Other,Yes,EN-OTH,1,0,1,0,0
2115,2024,Cogeneration Val-d'Or,Cogeneration Val-d'Or,Val-d'Or,QC,Announced & Planning,Energy,72,48.148516,-77.791895,Private,Other,Yes,EN-OTH,1,0,1,0,0
2116,2017,Cenovus Energy,Christina Lake,Regional Municipality of Wood Buffalo (RMWB) & Lac La Biche County,AB,Under Construction,Energy,1150,55.574155,-110.897325,Private,Other,Yes,EN-OTH,0,1,1,0,0
2116,2018,Cenovus Energy,Christina Lake,Regional Municipality of Wood Buffalo (RMWB) & Lac La Biche County,AB,Under Construction,Energy,1150,55.574155,-110.897325,Private,Other,Yes,EN-OTH,0,1,1,0,0
2116,2019,Cenovus Energy,Christina Lake,Regional Municipality of Wood Buffalo (RMWB) & Lac La Biche County,AB,Under Construction,Energy,1150,55.574155,-110.897325,Private,Other,Yes,EN-OTH,0,1,0,1,0
2117,2017,Canadian Natural Resources Ltd. (CNRL),Horizon,North Athabasca Region,AB,Under Construction,Energy,1050,57.22238,-111.57169,Private,Oil & Gas - Upstream,No,EN-OG-U,0,1,1,0,0
2117,2018,Canadian Natural Resources Ltd. (CNRL),Horizon,North Athabasca Region,AB,Under Construction,Energy,1050,57.22238,-111.57169,Private,Oil & Gas - Upstream,No,EN-OG-U,0,1,0,1,0
2118,2017,Pembina Pipeline Corp. and Petrochemical Industries Company,Propylene and Polypropylene Facility,Sturgeon County,AB,Announced & Planning,Energy,4200,53.720145,-113.602092,Private,Oil & Gas - Upstream,No,EN-OG-U,1,0,1,0,0
2118,2018,Pembina Pipeline Corp. and Petrochemical Industries Company,Propylene and Polypropylene Facility,Sturgeon County,AB,Announced & Planning,Energy,4200,53.720145,-113.602092,Private,Oil & Gas - Upstream,No,EN-OG-U,1,0,1,0,0
2118,2019,Pembina Pipeline Corp. and Petrochemical Industries Company,Propylene and Polypropylene Facility,Sturgeon County,AB,Announced & Planning,Energy,4200,53.720145,-113.602092,Private,Oil & Gas - Upstream,No,EN-OG-U,1,0,1,0,0
2118,2020,Pembina Pipeline Corp. and Petrochemical Industries Company,Propylene and Polypropylene Facility,Sturgeon County,AB,Announced & Planning,Energy,4500,53.720145,-113.602092,Private,Oil & Gas - Upstream,No,EN-OG-U,1,0,0,0,1
2119,2017,Inter Pipeline,Propane Dehydrogenation (PDH) Facility,Strathcona County,AB,Announced & Planning,Energy,1850,53.77533,-113.059129,Private,Clean Electricity,Yes,EN-CLEL,1,0,1,0,0
2119,2018,Inter Pipeline,Propane Dehydrogenation (PDH) Facility,Strathcona County,AB,Under Construction,Energy,3500,53.77533,-113.059129,Private,Clean Electricity,Yes,EN-CLEL,0,1,1,0,0
2119,2019,Inter Pipeline,Propane Dehydrogenation (PDH) Facility,Strathcona County,AB,Under Construction,Energy,3500,53.77533,-113.059129,Private,Clean Electricity,Yes,EN-CLEL,0,1,1,0,0
2119,2020,Inter Pipeline,Propane Dehydrogenation (PDH) Facility,Strathcona County,AB,Under Construction,Energy,4000,53.77533,-113.059129,Private,Clean Electricity,Yes,EN-CLEL,0,1,1,0,0
2119,2021,Inter Pipeline Corp.,Heartland Petrochemical Complex,Strathcona County,AB,Under Construction,Energy,4000,53.77533,-113.059129,Private,Clean Electricity,Yes,EN-CLEL,0,1,0,1,0
2120,2018,Wahpeestan Energy Limited Partnership,Wahpeestan Project,Constance Lake,ON,Announced & Planning,Energy,20,45.408804,-75.980109,Private,Clean Electricity,Yes,EN-CLEL,1,0,1,0,0
2120,2019,Wahpeestan Energy Limited Partnership,Wahpeestan Project,Constance Lake,ON,In Review,Energy,20,45.408804,-75.980109,Private,Clean Electricity,Yes,EN-CLEL,1,0,0,0,1
2121,2018,Ainsworth Energy Co. Ltd.,Anahim Lake Bioenergy Project,"Cariboo, Anahim Lake",BC,Announced & Planning,Energy,15,52.418398,-126.486276,Private,Waste Biomass,Yes,EN-BIO,1,0,1,0,0
2121,2019,Ainsworth Energy Co. Ltd.,Anahim Lake Bioenergy Project,"Cariboo, Anahim Lake",BC,Announced & Planning,Energy,15,52.418398,-126.486276,Private,Waste Biomass,Yes,EN-BIO,1,0,1,0,0
2121,2020,Ainsworth Energy Co. Ltd.,Anahim Lake Bioenergy Project,"Cariboo, Anahim Lake",BC,Announced & Planning,Energy,15,52.418398,-126.486276,Private,Waste Biomass,Yes,EN-BIO,1,0,1,0,0
2121,2021,Ainsworth Energy Co. Ltd.,Anahim Lake Bioenergy Project,"Cariboo, Anahim Lake",BC,Announced & Planning,Energy,15,52.418398,-126.486276,Private,Waste Biomass,Yes,EN-BIO,1,0,1,0,0
2121,2022,Ainsworth Energy Co. Ltd.,Anahim Lake Bioenergy Project,"Cariboo, Anahim Lake",BC,Announced & Planning,Energy,15,52.418398,-126.486276,Private,Waste Biomass,Yes,EN-BIO,1,0,1,0,0
2121,2023,Ainsworth Energy Co. Ltd.,Anahim Lake Bioenergy Project,"Cariboo, Anahim Lake",BC,Announced & Planning,Energy,15,52.418398,-126.486276,Private,Waste Biomass,Yes,EN-BIO,1,0,1,0,0
2121,2024,Ainsworth Energy Co. Ltd.,Anahim Lake Bioenergy Project,"Cariboo, Anahim Lake",BC,Announced & Planning,Energy,15,52.418398,-126.486276,Private,Waste Biomass,Yes,EN-BIO,1,0,1,0,0
2122,2018,Yun Ka Whu'ten Holdings,Biomass Project - Anahim Lake,"Cariboo, Anahim Lake",BC,Announced & Planning,Energy,15,52.465348,-125.317541,Private,Waste Biomass,Yes,EN-BIO,1,0,1,0,0
2122,2019,Yun Ka Whu'ten Holdings,Biomass Project - Anahim Lake,"Cariboo, Anahim Lake",BC,Announced & Planning,Energy,15,52.465348,-125.317541,Private,Waste Biomass,Yes,EN-BIO,1,0,1,0,0
2122,2020,Yun Ka Whu'ten Holdings,Biomass Project - Anahim Lake,"Cariboo, Anahim Lake",BC,Announced & Planning,Energy,15,52.465348,-125.317541,Private,Waste Biomass,Yes,EN-BIO,1,0,1,0,0
2122,2021,Yun Ka Whu'ten Holdings,Biomass Project - Anahim Lake,"Cariboo, Anahim Lake",BC,Announced & Planning,Energy,15,52.465348,-125.317541,Private,Waste Biomass,Yes,EN-BIO,1,0,1,0,0
2122,2022,Yun Ka Whu'ten Holdings,Biomass Project - Anahim Lake,"Cariboo, Anahim Lake",BC,Announced & Planning,Energy,15,52.465348,-125.317541,Private,Waste Biomass,Yes,EN-BIO,1,0,1,0,0
2122,2023,Yun Ka Whu'ten Holdings,Biomass Project - Anahim Lake,"Cariboo, Anahim Lake",BC,Announced & Planning,Energy,15,52.465348,-125.317541,Private,Waste Biomass,Yes,EN-BIO,1,0,1,0,0
2122,2024,Yun Ka Whu'ten Holdings,Biomass Project - Anahim Lake,"Cariboo, Anahim Lake",BC,Announced & Planning,Energy,15,52.465348,-125.317541,Private,Waste Biomass,Yes,EN-BIO,1,0,1,0,0
2123,2018,Ainsworth Energy Co. Ltd.,Tumbler Ridge Bioenergy Project,"Thompson, Okanagan, Kelowna",BC,Announced & Planning,Energy,15,50.024653,-119.373429,Private,Waste Biomass,Yes,EN-BIO,1,0,1,0,0
2123,2019,Ainsworth Energy Co. Ltd.,Tumbler Ridge Bioenergy Project,"Thompson, Okanagan, Kelowna",BC,Announced & Planning,Energy,15,50.024653,-119.373429,Private,Waste Biomass,Yes,EN-BIO,1,0,1,0,0
2123,2020,Ainsworth Energy Co. Ltd.,Tumbler Ridge Bioenergy Project,"Thompson, Okanagan, Kelowna",BC,Announced & Planning,Energy,15,50.024653,-119.373429,Private,Waste Biomass,Yes,EN-BIO,1,0,1,0,0
2123,2021,Ainsworth Energy Co. Ltd.,Tumbler Ridge Bioenergy Project,"Thompson, Okanagan, Kelowna",BC,Announced & Planning,Energy,15,50.024653,-119.373429,Private,Waste Biomass,Yes,EN-BIO,1,0,1,0,0
2123,2022,Ainsworth Energy Co. Ltd.,Tumbler Ridge Bioenergy Project,"Thompson, Okanagan, Kelowna",BC,Announced & Planning,Energy,15,50.024653,-119.373429,Private,Waste Biomass,Yes,EN-BIO,1,0,1,0,0
2123,2023,Ainsworth Energy Co. Ltd.,Tumbler Ridge Bioenergy Project,"Thompson, Okanagan, Kelowna",BC,Announced & Planning,Energy,15,50.024653,-119.373429,Private,Waste Biomass,Yes,EN-BIO,1,0,1,0,0
2123,2024,Ainsworth Energy Co. Ltd.,Tumbler Ridge Bioenergy Project,"Thompson, Okanagan, Kelowna",BC,Announced & Planning,Energy,15,50.024653,-119.373429,Private,Waste Biomass,Yes,EN-BIO,1,0,1,0,0
2124,2018,Nations Energy Corp.,Biomass Project - Kamloops,"Thompson, Okanagan, Kamloops",BC,Announced & Planning,Energy,15,50.716188,-120.388986,Private,Waste Biomass,Yes,EN-BIO,1,0,1,0,0
2124,2019,Nations Energy Corp.,Biomass Project - Kamloops,"Thompson, Okanagan, Kamloops",BC,Announced & Planning,Energy,15,50.716188,-120.388986,Private,Waste Biomass,Yes,EN-BIO,1,0,1,0,0
2124,2020,Nations Energy Corp.,Biomass Project - Kamloops,"Thompson, Okanagan, Kamloops",BC,Announced & Planning,Energy,15,50.716188,-120.388986,Private,Waste Biomass,Yes,EN-BIO,1,0,1,0,0
2124,2021,Nations Energy Corp.,Biomass Project - Kamloops,"Thompson, Okanagan, Kamloops",BC,Announced & Planning,Energy,15,50.716188,-120.388986,Private,Waste Biomass,Yes,EN-BIO,1,0,1,0,0
2124,2022,Nations Energy Corp.,Biomass Project - Kamloops,"Thompson, Okanagan, Kamloops",BC,Announced & Planning,Energy,15,50.716188,-120.388986,Private,Waste Biomass,Yes,EN-BIO,1,0,1,0,0
2124,2023,Nations Energy Corp.,Biomass Project - Kamloops,"Thompson, Okanagan, Kamloops",BC,Announced & Planning,Energy,15,50.716188,-120.388986,Private,Waste Biomass,Yes,EN-BIO,1,0,1,0,0
2124,2024,Nations Energy Corp.,Biomass Project - Kamloops,"Thompson, Okanagan, Kamloops",BC,Announced & Planning,Energy,15,50.716188,-120.388986,Private,Waste Biomass,Yes,EN-BIO,1,0,1,0,0
2126,2018,CNRL / NRC / Pond Biofuels,Algae Carbon Conversion Pilot Project,Bonnyville No. 87,AB,Announced & Planning,Energy,19,54.585082,-110.262585,Private,CCUS,Yes,EN-CCU,1,0,1,0,0
2126,2019,CNRL / NRC / Pond Biofuels,Algae Carbon Conversion Pilot Project,Bonnyville No. 87,AB,Announced & Planning,Energy,19,54.585082,-110.262585,Private,CCUS,Yes,EN-CCU,1,0,1,0,0
2126,2020,CNRL / NRC / Pond Biofuels,Algae Carbon Conversion Pilot Project,Bonnyville No. 87,AB,Announced & Planning,Energy,19,54.585082,-110.262585,Private,CCUS,Yes,EN-CCU,1,0,1,0,0
2126,2021,Canadian Natural Resources Limited / NRC / Pond Biofuels,Algae Carbon Conversion Pilot Project,Bonnyville No. 87,AB,Announced & Planning,Energy,19,54.585082,-110.262585,Private,CCUS,Yes,EN-CCU,1,0,1,0,0
2126,2022,Canadian Natural Resources Limited / NRC / Pond Biofuels,Algae Carbon Conversion Pilot Project,Bonnyville No. 87,AB,Announced & Planning,Energy,19,54.585082,-110.262585,Private,CCUS,Yes,EN-CCU,1,0,1,0,0
2126,2023,Canadian Natural Resources Limited / NRC / Pond Biofuels,Algae Carbon Conversion Pilot Project,Bonnyville No. 87,AB,Announced & Planning,Energy,19,54.585082,-110.262585,Private,CCUS,Yes,EN-CCU,1,0,0,0,1
3001,2018,Pinnacle Pellets (70% ownership) and West Fraser (30% ownership),Pellet Plant,Smithers,BC,Under Construction,Forest,22,54.7824,-127.1686,Private,Other,Yes,FOR-OTH,0,1,0,1,0
3002,2018,La Granaduiere,Pellet Plant,Saint-Michel-des-Saints,QC,Announced & Planning,Forest,43,46.6688,-73.9573,Private,Other,Yes,FOR-OTH,1,0,1,0,0
3002,2019,La Granaduiere,Pellet Plant,Saint-Michel-des-Saints,QC,Announced & Planning,Forest,43,46.6688,-73.9573,Private,Other,Yes,FOR-OTH,1,0,1,0,0
3002,2020,La Granaduiere,Pellet Plant,Saint-Michel-des-Saints,QC,Announced & Planning,Forest,43,46.6688,-73.9573,Private,Other,Yes,FOR-OTH,1,0,1,0,0
3002,2021,La Granaduiere,Pellet Plant,Saint-Michel-des-Saints,QC,Under Construction,Forest,50,46.6688,-73.9573,Private,Other,Yes,FOR-OTH,0,1,0,1,0
3004,2018,FPInnovations and Resolute Forest Products,TMP-Bio,Thunder Bay,ON,Announced & Planning,Forest,21,48.3809,-89.2477,Private,Other,Yes,FOR-OTH,1,0,1,0,0
3004,2019,FPInnovations and Resolute Forest Products,TMP-Bio,Thunder Bay,ON,Announced & Planning,Forest,21,48.3809,-89.2477,Private,Other,Yes,FOR-OTH,1,0,0,0,1
3005,2018,Kruger,Operations diversification,Trois-Rivieres,QC,Announced & Planning,Forest,22.3,46.32724,-72.557502,Private,Other,Yes,FOR-OTH,1,0,0,0,1
3006,2018,Kruger,Operations diversification,Wayagamack,QC,Announced & Planning,Forest,32.9,46.358881,-72.519968,Private,Other,Yes,FOR-OTH,1,0,0,0,1
3007,2018,Kruger,Operations diversification,Brompton,QC,Announced & Planning,Forest,47.5,45.479943,-71.962107,Private,Other,Yes,FOR-OTH,1,0,0,0,1
3008,2018,Fortress Global Enterprises,Bioproduct mill,Thurso (Gatineau),QC,Announced & Planning,Forest,150,45.598715,-75.256778,Private,Pulp & Paper,No,FOR-P&P,1,0,1,0,0
3008,2019,Fortress Global Enterprises,Bioproduct mill,Thurso (Gatineau),QC,Announced & Planning,Forest,150,45.598715,-75.256778,Private,Pulp & Paper,No,FOR-P&P,1,0,0,0,1
3100,2018,CST Group Ltd,Grande Cache,Grande Cache,AB,Under Construction,Mining,82,54.03,-119.13,Private,Other,No,MIN-OTH,0,1,1,0,0
3100,2019,CST Group Ltd,Grande Cache,Grande Cache,AB,Under Construction,Mining,82,54.03,-119.13,Private,Other,No,MIN-OTH,0,1,0,1,0
3101,2018,Frontier Lithium Inc.,Pakeagama Lake,180 km NNE of Red Lake,ON,Announced & Planning,Mining,147.3,52.6,-93.37,Private,Critical Mineral,Yes,MIN-CM,1,0,1,0,0
3101,2019,Frontier Lithium Inc.,Pakeagama Lake,180 km NNE of Red Lake,ON,Announced & Planning,Mining,147.3,52.6,-93.37,Private,Critical Mineral,Yes,MIN-CM,1,0,1,0,0
3101,2020,Frontier Lithium Inc.,Pakeagama Lake,180 km NNE of Red Lake,ON,Announced & Planning,Mining,147.3,52.6,-93.37,Private,Critical Mineral,Yes,MIN-CM,1,0,1,0,0
3101,2021,Frontier Lithium Inc.,Pakeagama Lake,180 km NNE of Red Lake,ON,Announced & Planning,Mining,869.316174,52.6,-93.37,Private,Critical Mineral,Yes,MIN-CM,1,0,1,0,0
3101,2022,Frontier Lithium Inc.,Pakeagama Lake,180 km NNE of Red Lake,ON,Announced & Planning,Mining,869.316174,52.600835,-93.376967,Private,Critical Mineral,Yes,MIN-CM,1,0,1,0,0
3101,2023,Frontier Lithium Inc.,Pakeagama Lake,180 km NNE of Red Lake,ON,Announced & Planning,Mining,635.7,52.600835,-93.376967,Private,Critical Mineral,Yes,MIN-CM,1,0,1,0,0
3101,2024,Frontier Lithium Inc.,Pakeagama Lake,180 km NNE of Red Lake,ON,Announced & Planning,Mining,608.4,52.600835,-93.376967,Private,Critical Mineral,Yes,MIN-CM,1,0,1,0,0
3102,2018,Tacora Resources Inc,Scully,5 km S of Labrador City,NL,Approved,Mining,210.1,52.91,-66.91,Private,Other,No,MIN-OTH,1,0,1,0,0
3102,2019,Tacora Resources Inc,Scully,5 km S of Labrador City,NL,Under Construction,Mining,335,52.91,-66.91,Private,Other,No,MIN-OTH,0,1,0,1,0
3103,2018,Goldcorp Inc.,Porcupine (Century),220 km N of Sudbury,ON,Announced & Planning,Mining,1278.7,48.46,-81.24,Private,Precious Metal,No,MIN-PM,1,0,1,0,0
3103,2019,Newmont Goldcorp Corp.,Porcupine (Century),220 km N of Sudbury,ON,In Review,Mining,1278.7,48.46,-81.24,Private,Precious Metal,No,MIN-PM,1,0,1,0,0
3103,2020,Newmont Goldcorp Corp.,Porcupine (Century),220 km N of Sudbury,ON,In Review,Mining,1278.7,48.46,-81.24,Private,Precious Metal,No,MIN-PM,1,0,0,0,1
3104,2018,Gensource Potash Corp,Vanguard,145 km SSE of Saskatoon,SK,Announced & Planning,Mining,279.86,50.84,-106.21,Private,Other,No,MIN-OTH,1,0,1,0,0
3104,2019,Gensource Potash Corp,Vanguard,145 km SSE of Saskatoon,SK,Announced & Planning,Mining,279.86,50.84,-106.21,Private,Other,No,MIN-OTH,1,0,1,0,0
3104,2020,Gensource Potash Corp,Vanguard,145 km SSE of Saskatoon,SK,Approved,Mining,279.86,50.84,-106.21,Private,Other,No,MIN-OTH,1,0,1,0,0
3104,2021,Gensource Potash Corp,Vanguard,145 km SSE of Saskatoon,SK,Approved,Mining,353.6,50.84,-106.21,Private,Other,No,MIN-OTH,1,0,1,0,0
3104,2022,Gensource Potash Corp,Vanguard,145 km SSE of Saskatoon,SK,Approved,Mining,353.6,50.84,-106.21,Private,Other,No,MIN-OTH,1,0,1,0,0
3104,2023,Gensource Potash Corp,Vanguard,145 km SSE of Saskatoon,SK,Approved,Mining,353.6,50.84,-106.21,Private,Other,No,MIN-OTH,1,0,1,0,0
3104,2024,Gensource Potash Corp,Vanguard,145 km SSE of Saskatoon,SK,Approved,Mining,353.6,50.84,-106.21,Private,Other,No,MIN-OTH,1,0,1,0,0
3105,2018,Ram River Coal,Aries,87.7 km WSW of Rocky Mountain House,AB,Announced & Planning,Mining,1028,52.18,-115.58,Private,Coal,No,MIN-COAL,1,0,1,0,0
3105,2019,Ram River Coal,Aries,87.7 km WSW of Rocky Mountain House,AB,Announced & Planning,Mining,1028,52.18,-115.58,Private,Coal,No,MIN-COAL,1,0,1,0,0
3105,2020,Ram River Coal,Aries,87.7 km WSW of Rocky Mountain House,AB,Announced & Planning,Mining,1028,52.18,-115.58,Private,Coal,No,MIN-COAL,1,0,1,0,0
3105,2021,Ram River Coal,Aries,87.7 km WSW of Rocky Mountain House,AB,Announced & Planning,Mining,1028,52.18,-115.58,Private,Coal,No,MIN-COAL,1,0,1,0,0
3105,2022,Ram River Coal,Aries,87.7 km WSW of Rocky Mountain House,AB,Announced & Planning,Mining,1028,52.18,-115.58,Private,Coal,No,MIN-COAL,1,0,1,0,0
3105,2023,Ram River Coal,Aries,87.7 km WSW of Rocky Mountain House,AB,Announced & Planning,Mining,1028,52.18,-115.58,Private,Coal,No,MIN-COAL,1,0,1,0,0
3105,2024,Ram River Coal,Aries,87.7 km WSW of Rocky Mountain House,AB,Announced & Planning,Mining,593,52.18,-115.58,Private,Coal,No,MIN-COAL,1,0,1,0,0
3106,2018,Glencore plc,Onaping Depth,Sudbury,ON,Announced & Planning,Mining,900,46.63706,-81.36921,Private,Other,No,MIN-OTH,1,0,1,0,0
3106,2019,Glencore plc,Onaping Depth,Sudbury,ON,Announced & Planning,Mining,900,46.63706,-81.36921,Private,Other,No,MIN-OTH,1,0,1,0,0
3106,2020,Glencore plc,Onaping Depth,Sudbury,ON,Under Construction,Mining,900,46.63706,-81.36921,Private,Other,No,MIN-OTH,0,1,1,0,0
3106,2021,Glencore plc,Onaping Depth,Sudbury,ON,Under Construction,Mining,900,46.63706,-81.36921,Private,Other,No,MIN-OTH,0,1,1,0,0
3106,2022,Glencore plc,Onaping Depth,Sudbury,ON,Under Construction,Mining,900,46.63706,-81.36921,Private,Other,No,MIN-OTH,0,1,1,0,0
3106,2023,Glencore plc,Onaping Depth,Sudbury,ON,Under Construction,Mining,1300,46.63706,-81.36921,Private,Other,No,MIN-OTH,0,1,1,0,0
3106,2024,Glencore plc,Onaping Depth,Sudbury,ON,Under Construction,Mining,1500,46.63706,-81.36921,Private,Other,No,MIN-OTH,0,1,1,0,0
3200,2018,Innergex Renewable Energy Inc.,Big Creek Hydroelectric,Tumbler Ridge,BC,In Review,Energy,,51.801592,-122.75735,Private,Clean Electricity,Yes,EN-CLEL,1,0,1,0,0
3200,2019,Innergex Renewable Energy Inc.,Big Creek Hydroelectric,Tumbler Ridge,BC,In Review,Energy,,51.801592,-122.75735,Private,Clean Electricity,Yes,EN-CLEL,1,0,1,0,0
3200,2020,Innergex Renewable Energy Inc.,Big Creek Hydroelectric,Tumbler Ridge,BC,In Review,Energy,,51.801592,-122.75735,Private,Clean Electricity,Yes,EN-CLEL,1,0,0,0,1
3201,2018,Bridge Power Hydro Developments Ltd.,Bitter Creek,Williams Lake,BC,In Review,Energy,,,,Public,Clean Electricity,Yes,EN-CLEL,1,0,0,0,1
3202,2018,BC Hydro,BC Hydro Upgrade Alberni/Long Beach Transmission Line,Ucluelet Tofino Junction,BC,In Review,Energy,,,,Public,Clean Electricity,Yes,EN-CLEL,1,0,1,0,0
3202,2019,BC Hydro,BC Hydro Upgrade Alberni/Long Beach Transmission Line,Ucluelet Tofino Junction,BC,In Review,Energy,42,48.98035,-125.58623,Public,Clean Electricity,Yes,EN-CLEL,1,0,1,0,0
3202,2020,BC Hydro,BC Hydro Upgrade Alberni/Long Beach Transmission Line,Ucluelet Tofino Junction,BC,In Review,Energy,42,48.98035,-125.58623,Public,Clean Electricity,Yes,EN-CLEL,1,0,1,0,0
3202,2021,BC Hydro,BC Hydro Upgrade Alberni/Long Beach Transmission Line,Ucluelet Tofino Junction,BC,In Review,Energy,42,48.98035,-125.58623,Public,Clean Electricity,Yes,EN-CLEL,1,0,1,0,0
3202,2022,BC Hydro,BC Hydro Upgrade Alberni/Long Beach Transmission Line,Ucluelet Tofino Junction,BC,In Review,Energy,42,48.98035,-125.58623,Public,Clean Electricity,Yes,EN-CLEL,1,0,0,0,1
3204,2018,Canadian Nuclear Laboratories,Port Hope Long-Term Waste Management Facility for Low-Level Radioactive Waste,Port Hope,ON,Under Construction,Energy,,,,Private,Waste Biomass,Yes,EN-BIO,0,1,1,0,0
3204,2019,Canadian Nuclear Laboratories,Port Hope Long-Term Waste Management Facility for Low-Level Radioactive Waste,Port Hope,ON,Under Construction,Energy,,,,Private,Waste Biomass,Yes,EN-BIO,0,1,1,0,0
3204,2020,Canadian Nuclear Laboratories,Port Hope Long-Term Waste Management Facility for Low-Level Radioactive Waste,Port Hope,ON,Under Construction,Energy,,,,Private,Waste Biomass,Yes,EN-BIO,0,1,1,0,0
3204,2021,Canadian Nuclear Laboratories,Port Hope Long-Term Waste Management Facility for Low-Level Radioactive Waste,Port Hope,ON,Under Construction,Energy,1280,43.96549,-78.33681,Private,Waste Biomass,Yes,EN-BIO,0,1,0,1,0
3205,2018,NB Power,Fundy Isles Transmission Power Line Project,"Deer Island to Campobello Island, Campobello Island and Grand Manan Island.",NB,In Review,Energy,35,44.946988,-66.974109,Public,Trans & Distr,No,EN-T&D,1,0,1,0,0
3205,2019,NB Power,Fundy Isles Transmission Power Line Project,"Deer Island to Campobello Island, Campobello Island and Grand Manan Island.",NB,Under Construction,Energy,35,44.946988,-66.974109,Public,Trans & Distr,No,EN-T&D,0,1,0,1,0
3206,2018,Hydro-Quebec,New England Clean Energy Connect (NECEC) project,Across the Quebec border through Beattie township Maine to Lewiston Maine,QC,Announced & Planning,Energy,950,45.72302,-70.984282,Public,Clean Electricity,Yes,EN-CLEL,1,0,1,0,0
3206,2019,Hydro-Quebec,New England Clean Energy Connect (NECEC) project,Across the Quebec border through Beattie township Maine to Lewiston Maine,QC,Announced & Planning,Energy,950,45.72302,-70.984282,Public,Clean Electricity,Yes,EN-CLEL,1,0,1,0,0
3206,2020,Hydro-Quebec,New England Clean Energy Connect (NECEC) project,Across the Quebec border through Beattie township Maine to Lewiston Maine,QC,Announced & Planning,Energy,950,45.72302,-70.984282,Public,Clean Electricity,Yes,EN-CLEL,1,0,1,0,0
3206,2021,Hydro-Quebec,New England Clean Energy Connect (NECEC) project,Across the Quebec border through Beattie township Maine to Lewiston Maine,QC,Announced & Planning,Energy,950,45.72302,-70.984282,Public,Clean Electricity,Yes,EN-CLEL,1,0,1,0,0
3206,2022,Hydro-Quebec,New England Clean Energy Connect (NECEC) project,Across the Quebec border through Beattie township Maine to Lewiston Maine,QC,Announced & Planning,Energy,950,45.72302,-70.984282,Public,Clean Electricity,Yes,EN-CLEL,1,0,1,0,0
3206,2023,Hydro-Quebec,New England Clean Energy Connect (NECEC) project,Across the Quebec border through Beattie township Maine to Lewiston Maine,QC,Under Construction,Energy,950,45.72302,-70.984282,Public,Clean Electricity,Yes,EN-CLEL,0,1,1,0,0
3206,2024,Hydro-Quebec,New England Clean Energy Connect (NECEC) project,Across the Quebec border through Beattie township Maine to Lewiston Maine,QC,Under Construction,Energy,950,45.72302,-70.984282,Public,Clean Electricity,Yes,EN-CLEL,0,1,1,0,0
3208,2018,"Transmission Developers Inc. (TDI),",Transmission Line - Champlain Hudson Power Express,Runs south from Canada-US border to the New York metro area,QC,Announced & Planning,Energy,2200,45.096127,-73.343089,Private,Trans & Distr,No,EN-T&D,1,0,1,0,0
3208,2019,"Transmission Developers Inc. (TDI),",Transmission Line - Champlain Hudson Power Express,Runs south from Canada-US border to the New York metro area,QC,Announced & Planning,Energy,2200,45.096127,-73.343089,Private,Trans & Distr,No,EN-T&D,1,0,1,0,0
3208,2020,"Transmission Developers Inc. (TDI),",Transmission Line - Champlain Hudson Power Express,Runs south from Canada-US border to the New York metro area,QC,Announced & Planning,Energy,2200,45.096127,-73.343089,Private,Trans & Distr,No,EN-T&D,1,0,1,0,0
3208,2021,"Transmission Developers Inc. (TDI),",Transmission Line - Champlain Hudson Power Express,Runs south from Canada-US border to the New York metro area,QC,Announced & Planning,Energy,2200,45.096127,-73.343089,Private,Trans & Distr,No,EN-T&D,1,0,1,0,0
3208,2022,"Transmission Developers Inc. (TDI),",Transmission Line - Champlain Hudson Power Express,Runs south from Canada-US border to the New York metro area,QC,Announced & Planning,Energy,2200,45.096127,-73.343089,Private,Trans & Distr,No,EN-T&D,1,0,1,0,0
3208,2023,"Transmission Developers Inc. (TDI),",Transmission Line - Champlain Hudson Power Express,Runs south from Canada-US border to the New York metro area,QC,Under Construction,Energy,2200,45.096127,-73.343089,Private,Trans & Distr,No,EN-T&D,0,1,1,0,0
3208,2024,"Transmission Developers Inc. (TDI),",Transmission Line - Champlain Hudson Power Express,Runs south from Canada-US border to the New York metro area,QC,Under Construction,Energy,2200,45.096127,-73.343089,Private,Trans & Distr,No,EN-T&D,0,1,1,0,0
3209,2018,Sorgent.e Hydro Canada,Clemina Creek Hydro Project,Valemount,BC,Under Construction,Energy,45,52.575513,-119.058285,Public,Clean Electricity,Yes,EN-CLEL,0,1,0,1,0
3211,2018,Dahl Creek Hydro Power Limited Partnership,Dahl Creek Hydroelectric Project,Kitimat,BC,In Review,Energy,,,,Private,Clean Electricity,Yes,EN-CLEL,1,0,1,0,0
3211,2019,Dahl Creek Hydro Power Limited Partnership,Dahl Creek Hydroelectric Project,Kitimat,BC,In Review,Energy,,54.034643,-128.667051,Private,Clean Electricity,Yes,EN-CLEL,1,0,1,0,0
3211,2020,Dahl Creek Hydro Power Limited Partnership,Dahl Creek Hydroelectric Project,Kitimat,BC,In Review,Energy,,54.034643,-128.667051,Private,Clean Electricity,Yes,EN-CLEL,1,0,1,0,0
3211,2021,Dahl Creek Hydro Power Limited Partnership,Dahl Creek Hydroelectric Project,Kitimat,BC,In Review,Energy,,54.034643,-128.667051,Private,Clean Electricity,Yes,EN-CLEL,1,0,1,0,0
3211,2022,Dahl Creek Hydro Power Limited Partnership,Dahl Creek Hydroelectric Project,Kitimat,BC,In Review,Energy,,54.034643,-128.667051,Private,Clean Electricity,Yes,EN-CLEL,1,0,0,0,1
3212,2018,BluEarth Renewables Inc.,Dasque Creek,Terrance,BC,Under Construction,Energy,,,,Private,Clean Electricity,Yes,EN-CLEL,0,1,0,1,0
3213,2018,BlueEarth Renewables Inc.,Culliton Creek Power Project,Culliton Creek,BC,Under Construction,Energy,45,49.8287,-123.1331,Private,Clean Electricity,Yes,EN-LCF,0,1,0,1,0
3214,2018,Castle Mountain Hydro,Castle Creek Hydropower Project,McBride,BC,Under Construction,Energy,20,53.091,-120.194,Public,Clean Electricity,Yes,EN-CLEL,0,1,0,1,0
3215,2018,Dokie Phase II Wind Power Project,0,Chetwynd,BC,In Review,Energy,283.8,55.79771,-122.2823,Private,Clean Electricity,Yes,EN-CLEL,1,0,1,0,0
3215,2019,Dokie Phase II Wind Power Project,0,Chetwynd,BC,In Review,Energy,283.8,55.79771,-122.2823,Private,Clean Electricity,Yes,EN-CLEL,1,0,1,0,0
3215,2020,Dokie Phase II Wind Power Project,0,Chetwynd,BC,In Review,Energy,238,55.79771,-122.2823,Private,Clean Electricity,Yes,EN-CLEL,1,0,0,0,1
3400,2018,Nova Chemicals,Polyethylene Facility and Corunna Cracker Expansion,Sarnia,ON,Under Construction,Energy,2200,42.897192,-82.436711,Private,Oil & Gas - Downstream,No,EN-OG-D,0,1,1,0,0
3400,2019,Nova Chemicals,Polyethylene Facility and Corunna Cracker Expansion,Sarnia,ON,Under Construction,Energy,2200,42.897192,-82.436711,Private,Oil & Gas - Downstream,No,EN-OG-D,0,1,1,0,0
3400,2020,Nova Chemicals,Polyethylene Facility and Corunna Cracker Expansion,Sarnia,ON,Under Construction,Energy,2200,42.897192,-82.436711,Private,Oil & Gas - Downstream,No,EN-OG-D,0,1,1,0,0
3400,2021,NOVA Chemicals,Polyethylene Facility and Corunna Cracker Expansion,Sarnia,ON,Under Construction,Energy,2200,42.897192,-82.436711,Private,Oil & Gas - Downstream,No,EN-OG-D,0,1,1,0,0
3400,2022,NOVA Chemicals,Polyethylene Facility and Corunna Cracker Expansion,Sarnia,ON,Under Construction,Energy,2200,42.897192,-82.436711,Private,Oil & Gas - Downstream,No,EN-OG-D,0,1,0,1,0
3401,2018,Dow Chemical,Expansion of Fort Saskatchewan Facility,Fort Saskatchewan,AB,Announced & Planning,Energy,250,53.733828,-113.171906,Private,Other,Yes,EN-OTH,1,0,1,0,0
3401,2019,Dow Chemical,Expansion of Fort Saskatchewan Facility,Fort Saskatchewan,AB,Announced & Planning,Energy,250,53.733828,-113.171906,Private,Other,Yes,EN-OTH,1,0,1,0,0
3401,2020,Dow Chemical,Expansion of Fort Saskatchewan Facility,Fort Saskatchewan,AB,Announced & Planning,Energy,250,53.733828,-113.171906,Private,Other,Yes,EN-OTH,1,0,0,0,1
3402,2018,Dow Chemical Canada,Dow Net-Zero Polyethylene and Ethylene Derivatives Facility,Fort Saskatchewan,AB,Announced & Planning,Energy,6000,53.733898,-113.172154,Private,Clean Electricity,Yes,EN-CLEL,1,0,1,0,0
3402,2019,Dow Chemical Canada,Dow Net-Zero Polyethylene and Ethylene Derivatives Facility,Fort Saskatchewan,AB,Announced & Planning,Energy,6000,53.733898,-113.172154,Private,Clean Electricity,Yes,EN-CLEL,1,0,1,0,0
3402,2020,Dow Chemical Canada,Dow Net-Zero Polyethylene and Ethylene Derivatives Facility,Fort Saskatchewan,AB,Announced & Planning,Energy,6000,53.733898,-113.172154,Private,Clean Electricity,Yes,EN-CLEL,1,0,1,0,0
3402,2021,Dow Chemical Canada,Dow Net-Zero Polyethylene and Ethylene Derivatives Facility,Fort Saskatchewan,AB,Announced & Planning,Energy,10000,53.733898,-113.172154,Private,Clean Electricity,Yes,EN-CLEL,1,0,1,0,0
3402,2022,Dow Chemical Canada,Dow Net-Zero Polyethylene and Ethylene Derivatives Facility,Fort Saskatchewan,AB,Announced & Planning,Energy,10000,53.733898,-113.172154,Private,Clean Electricity,Yes,EN-CLEL,1,0,1,0,0
3402,2023,Dow Chemical Canada,Dow Net-Zero Polyethylene and Ethylene Derivatives Facility,Fort Saskatchewan,AB,Announced & Planning,Energy,10000,53.733898,-113.172154,Private,Clean Electricity,Yes,EN-CLEL,1,0,1,0,0
3402,2024,Dow Chemical Canada,Dow Net-Zero Polyethylene and Ethylene Derivatives Facility,Fort Saskatchewan,AB,Under Construction,Energy,11500,53.733898,-113.172154,Private,Clean Electricity,Yes,EN-CLEL,0,1,1,0,0
3500,2018,Cenovus Energy,Narrows Lake,Regional Municipality of Wood Buffalo (RMWB),AB,Approved,Energy,1600,55.6389865,-110.8468385,Private,Clean Electricity,Yes,EN-CLEL,1,0,0,0,1
3501,2018,Husky Energy Inc.,Husky Energy Exploration Drilling Project,Offshore Newfoundland,NL,In Review,Energy,265,46.9,-48.2,Private,Oil & Gas - Upstream,No,EN-OG-U,1,0,1,0,0
3501,2019,Husky Energy Inc.,Husky Energy Exploration Drilling Project,Offshore Newfoundland,NL,In Review,Energy,259,46.9,-48.2,Private,Oil & Gas - Upstream,No,EN-OG-U,1,0,1,0,0
3501,2020,Husky Energy Inc.,Husky Energy Exploration Drilling Project,Offshore Newfoundland,NL,In Review,Energy,259,46.9,-48.2,Private,Oil & Gas - Upstream,No,EN-OG-U,1,0,1,0,0
3501,2021,Husky Energy Inc.,Husky Energy Exploration Drilling Project,Offshore Newfoundland,NL,In Review,Energy,259,46.9,-48.2,Private,Oil & Gas - Upstream,No,EN-OG-U,1,0,1,0,0
3501,2022,Husky Energy Inc.,Husky Energy Exploration Drilling Project,Offshore Newfoundland,NL,In Review,Energy,259,46.9,-48.2,Private,Oil & Gas - Upstream,No,EN-OG-U,1,0,0,0,1
3502,2018,BP Canada,Newfoundland Orphan Basin Exploration Drilling Project,Offshore Newfoundland,NL,In Review,Energy,426,50.2,-49.1,Private,Oil & Gas - Upstream,No,EN-OG-U,1,0,1,0,0
3502,2019,BP Canada,Newfoundland Orphan Basin Exploration Drilling Project,Offshore Newfoundland,NL,In Review,Energy,426,50.2,-49.1,Private,Oil & Gas - Upstream,No,EN-OG-U,1,0,1,0,0
3502,2020,BP Canada,Newfoundland Orphan Basin Exploration Drilling Project,Offshore Newfoundland,NL,Approved,Energy,426,50.2,-49.1,Private,Oil & Gas - Upstream,No,EN-OG-U,1,0,1,0,0
3502,2021,BP LP,Newfoundland Orphan Basin Exploration Drilling Project,Offshore Newfoundland,NL,Approved,Energy,426,50.2,-49.1,Private,Oil & Gas - Upstream,No,EN-OG-U,1,0,1,0,0
3502,2022,BP LP,Newfoundland Orphan Basin Exploration Drilling Project,Offshore Newfoundland,NL,Approved,Energy,426,50.2,-49.1,Private,Oil & Gas - Upstream,No,EN-OG-U,1,0,1,0,0
3502,2023,BP LP,Newfoundland Orphan Basin Exploration Drilling Project,Offshore Newfoundland,NL,Under Construction,Energy,200,50.2,-49.1,Private,Oil & Gas - Upstream,No,EN-OG-U,0,1,0,1,0
3503,2018,Nexen,Nexen Energy Flemish Pass Exploration Drilling Project,Offshore Newfoundland,NL,In Review,Energy,301,47.5,-46.5,Private,Oil & Gas - Upstream,No,EN-OG-U,1,0,1,0,0
3503,2019,CNOOC Petroleum North America ULC (formerly Nexen Energy ULC),CNOOC International Flemish Pass Exploration Drilling Project,Offshore Newfoundland,NL,In Review,Energy,301,47.5,-46.5,Private,Oil & Gas - Upstream,No,EN-OG-U,1,0,1,0,0
3503,2020,CNOOC Petroleum North America ULC (formerly Nexen Energy ULC),CNOOC International Flemish Pass Exploration Drilling Project,Offshore Newfoundland,NL,In Review,Energy,301,47.5,-46.5,Private,Oil & Gas - Upstream,No,EN-OG-U,1,0,1,0,0
3503,2021,CNOOC Petroleum North America ULC (formerly Nexen Energy ULC),CNOOC International Flemish Pass Exploration Drilling Project,Offshore Newfoundland,NL,Approved,Energy,301,47.5,-46.5,Private,Oil & Gas - Upstream,No,EN-OG-U,1,0,0,0,1
3504,2018,Statoil Canada,Flemish Pass Exploration Drilling Project,Offshore Newfoundland,NL,In Review,Energy,722,48.3,-46.1,Private,Oil & Gas - Upstream,No,EN-OG-U,1,0,1,0,0
3504,2019,Equinor Canada,Flemish Pass Exploration Drilling Project,Offshore Newfoundland,NL,Approved,Energy,478,48.3,-46.1,Private,Oil & Gas - Upstream,No,EN-OG-U,1,0,1,0,0
3504,2020,Equinor Canada,Flemish Pass Exploration Drilling Project,Offshore Newfoundland,NL,Approved,Energy,478,48.3,-46.1,Private,Oil & Gas - Upstream,No,EN-OG-U,1,0,1,0,0
3504,2023,Equinor Canada,Flemish Pass Exploration Drilling Project,Offshore Newfoundland,NL,Approved,Energy,478,48.3,-46.1,Private,Oil & Gas - Upstream,No,EN-OG-U,1,0,0,0,1
3505,2018,Irving and Irving Tissue,Modernization to improve energy use and decrease carbon emissions.,Sain John,NB,Announced & Planning,Forest,40,45.25901,-66.09439,Private,Other,Yes,FOR-OTH,1,0,0,0,1
3506,2018,Materiaux Blanchet,Modernization,Amos,QC,Announced & Planning,Forest,25,48.562522,-78.171104,Private,Other,Yes,FOR-OTH,1,0,1,0,0
3506,2019,Materiaux Blanchet,Modernization,Amos,QC,Announced & Planning,Forest,25,48.562522,-78.171104,Private,Other,Yes,FOR-OTH,1,0,0,0,1
3507,2018,Resolute,Capacity increase,St. Felicien,QC,Announced & Planning,Forest,52.3,48.746003,-72.514341,Private,Pulp & Paper,No,FOR-P&P,1,0,1,0,0
3507,2019,Resolute,Capacity increase,St. Felicien,QC,Announced & Planning,Forest,52.3,48.746003,-72.514341,Private,Pulp & Paper,No,FOR-P&P,1,0,1,0,0
3507,2020,Resolute,Capacity increase,St. Felicien,QC,Announced & Planning,Forest,52.3,48.746003,-72.514341,Private,Pulp & Paper,No,FOR-P&P,1,0,1,0,0
3507,2021,Resolute,Capacity increase,St. Felicien,QC,Announced & Planning,Forest,52.3,48.746003,-72.514341,Private,Pulp & Paper,No,FOR-P&P,1,0,1,0,0
3507,2022,Resolute,Capacity increase,St. Felicien,QC,Announced & Planning,Forest,52.3,48.746003,-72.514341,Private,Pulp & Paper,No,FOR-P&P,1,0,0,0,1
3508,2018,Skeena Sawmills,Pellet Plant,Terrace,BC,Announced & Planning,Forest,20,54.517778,-128.634556,Private,Other,Yes,FOR-OTH,1,0,1,0,0
3508,2019,Skeena Sawmills,Pellet Plant,Terrace,BC,Announced & Planning,Forest,20,54.517778,-128.634556,Private,Other,Yes,FOR-OTH,1,0,0,0,1
3509,2018,Wataynikaneyap Power,Wataynikaneyap Transmission Project,Northwest Ontario,ON,In Review,Energy,1600,49.681474,-92.497798,Private,Trans & Distr,No,EN-T&D,1,0,1,0,0
3509,2019,Wataynikaneyap Power,Wataynikaneyap Transmission Project,Northwest Ontario,ON,Under Construction,Energy,1610,49.681474,-92.497798,Private,Trans & Distr,No,EN-T&D,0,1,1,0,0
3509,2020,Wataynikaneyap Power,Wataynikaneyap Transmission Project,Northwest Ontario,ON,Under Construction,Energy,1889,49.681474,-92.497798,Private,Trans & Distr,No,EN-T&D,0,1,1,0,0
3509,2021,Wataynikaneyap Power,Wataynikaneyap Transmission Project,Northwest Ontario,ON,Under Construction,Energy,1900,49.681474,-92.497798,Private,Trans & Distr,No,EN-T&D,0,1,1,0,0
3509,2022,Wataynikaneyap Power,Wataynikaneyap Transmission Project,Northwest Ontario,ON,Under Construction,Energy,1900,49.681474,-92.497798,Private,Trans & Distr,No,EN-T&D,0,1,1,0,0
3509,2023,Wataynikaneyap Power,Wataynikaneyap Transmission Project,Northwest Ontario,ON,Under Construction,Energy,1900,49.681474,-92.497798,Private,Trans & Distr,No,EN-T&D,0,1,1,0,0
3509,2024,Wataynikaneyap Power,Wataynikaneyap Transmission Project,Northwest Ontario,ON,Under Construction,Energy,1900,49.681474,-92.497798,Private,Trans & Distr,No,EN-T&D,0,1,1,0,0
3600,2018,Fibre Pontiac,Fibre Pontiac (The Biomass Conversion Centre),Pontiac,QC,In Review,Energy,120,45.542307,-76.109056,Private,Waste Biomass,Yes,EN-BIO,1,0,1,0,0
3600,2019,Fibre Pontiac,Fibre Pontiac (The Biomass Conversion Centre),Pontiac,QC,In Review,Energy,120,45.542307,-76.109056,Private,Waste Biomass,Yes,EN-BIO,1,0,1,0,0
3600,2020,Fibre Pontiac,Fibre Pontiac (The Biomass Conversion Centre),Pontiac,QC,In Review,Energy,120,45.542307,-76.109056,Private,Waste Biomass,Yes,EN-BIO,1,0,1,0,0
3600,2021,Fibre Pontiac,Fibre Pontiac (The Biomass Conversion Centre),Pontiac,QC,In Review,Energy,120,45.542307,-76.109056,Private,Waste Biomass,Yes,EN-BIO,1,0,1,0,0
3600,2022,Fibre Pontiac,Fibre Pontiac (The Biomass Conversion Centre),Pontiac,QC,In Review,Energy,120,45.542307,-76.109056,Private,Waste Biomass,Yes,EN-BIO,1,0,1,0,0
3600,2023,Fibre Pontiac,Fibre Pontiac (The Biomass Conversion Centre),Pontiac,QC,In Review,Energy,120,45.542307,-76.109056,Private,Waste Biomass,Yes,EN-BIO,1,0,1,0,0
3600,2024,Fibre Pontiac,Fibre Pontiac (The Biomass Conversion Centre),Pontiac,QC,In Review,Energy,120,45.542307,-76.109056,Private,Waste Biomass,Yes,EN-BIO,1,0,1,0,0
3601,2018,PEI Energy Corporation,Slemon Park Micro-Grid Project,"Slemon Park, PEI",PE,In Review,Energy,18,46.433992,-63.821938,Private,Trans & Distr,No,EN-T&D,1,0,1,0,0
3601,2019,PEI Energy Corporation,Slemon Park Micro-Grid Project,"Slemon Park, PEI",PE,In Review,Energy,18,46.433992,-63.821938,Private,Trans & Distr,No,EN-T&D,1,0,1,0,0
3601,2020,PEI Energy Corporation,Slemon Park Micro-Grid Project,"Slemon Park, PEI",PE,In Review,Energy,18,46.433992,-63.821938,Private,Trans & Distr,No,EN-T&D,1,0,1,0,0
3601,2021,PEI Energy Corporation,Slemon Park Micro-Grid Project,Slemon Park,PE,Approved,Energy,24.6,46.433992,-63.821938,Private,Trans & Distr,No,EN-T&D,1,0,1,0,0
3601,2022,PEI Energy Corporation,Slemon Park Micro-Grid Project,Slemon Park,PE,Approved,Energy,24.6,46.433992,-63.821938,Private,Trans & Distr,No,EN-T&D,1,0,1,0,0
3601,2023,"PEI Energy Corporation, Ameresco",Slemon Park Micro-Grid Project,"Slemon Park, Summerside",PE,Under Construction,Energy,49.2,46.433992,-63.821938,Private,Trans & Distr,No,EN-T&D,0,1,0,1,0
3602,2018,Enbridge Pipelines Inc.,Line 21 (Norman Wells Pipeline) Segment Replacement Project,Mackenzie River,NT,Approved,Energy,530,61.833863,-121.090706,Private,Trans & Distr,No,EN-T&D,1,0,0,0,1
3603,2018,Maritime Resources Corp.,Hammerdown (Green Bay),"King's Point, Green Bay",NL,Announced & Planning,Mining,67.8,49.5544,-56.2372,Private,Precious Metal,No,MIN-PM,1,0,1,0,0
3603,2019,Maritime Resources Corp.,Hammerdown (Green Bay),"King's Point, Green Bay",NL,Announced & Planning,Mining,67.8,49.5544,-56.2372,Private,Precious Metal,No,MIN-PM,1,0,1,0,0
3603,2020,Maritime Resources Corp.,Hammerdown (Green Bay),"King's Point, Green Bay",NL,In Review,Mining,57.2,49.5544,-56.2372,Private,Precious Metal,No,MIN-PM,1,0,1,0,0
3603,2021,Maritime Resources Corp.,Hammerdown (Green Bay),"King's Point, Green Bay",NL,Approved,Mining,57.2,49.5544,-56.2372,Private,Precious Metal,No,MIN-PM,1,0,1,0,0
3603,2022,Maritime Resources Corp.,Hammerdown (Green Bay),"King's Point, Green Bay",NL,Approved,Mining,57.2,49.5544,-56.2372,Private,Precious Metal,No,MIN-PM,1,0,1,0,0
3603,2023,Maritime Resources Corp.,Hammerdown (Green Bay),"King's Point, Green Bay",NL,Approved,Mining,75,49.5544,-56.2372,Private,Precious Metal,No,MIN-PM,1,0,1,0,0
3603,2024,Maritime Resources Corp.,Hammerdown (Green Bay),"King's Point, Green Bay",NL,Approved,Mining,75,49.5544,-56.2372,Private,Precious Metal,No,MIN-PM,1,0,1,0,0
3604,2018,AuMEGA (previously Matador Mining Limited),Cape Ray,Isle au Mort River,NL,In Review,Mining,58.2,47.4503,-58.5547,Private,Other,No,MIN-OTH,1,0,1,0,0
3604,2019,AuMEGA (previously Matador Mining Limited),Cape Ray,Isle au Mort River,NL,In Review,Mining,58.2,47.8039,-58.8359,Private,Other,No,MIN-OTH,1,0,1,0,0
3604,2020,AuMEGA (previously Matador Mining Limited),Cape Ray,Isle au Mort River,NL,In Review,Mining,136.7,47.8039,-58.8359,Private,Other,No,MIN-OTH,1,0,1,0,0
3604,2021,AuMEGA (previously Matador Mining Limited),Cape Ray,Isle au Mort River,NL,In Review,Mining,145.4,47.8039,-58.8359,Private,Other,No,MIN-OTH,1,0,1,0,0
3604,2022,AuMEGA (previously Matador Mining Limited),Cape Ray,Isle au Mort River,NL,In Review,Mining,145.4,47.8039,-58.8359,Private,Other,No,MIN-OTH,1,0,1,0,0
3604,2023,AuMEGA (previously Matador Mining Limited),Cape Ray,Isle au Mort River,NL,In Review,Mining,145.4,47.8039,-58.8359,Private,Other,No,MIN-OTH,1,0,1,0,0
3604,2024,AuMEGA (previously Matador Mining Limited),Cape Ray,Isle au Mort River,NL,In Review,Mining,136.7,47.8039,-58.8359,Private,Other,No,MIN-OTH,1,0,1,0,0
3607,2018,North Coal Ltd./CanAus Coal Ltd.,Michel Creek Coking Coal,Sparwood,BC,In Review,Mining,,,,Private,Coal,No,MIN-COAL,1,0,0,0,1
3608,2018,Coeur Silvertip Holdings,Silvertip,Watson Lake,BC,In Review,Mining,75,59.968249,-128.767588,Private,Precious Metal,No,MIN-PM,1,0,0,0,1
3610,2018,Telkwa Mining Ltd.,Tenas Project,Smithers,BC,In Review,Mining,51,54.62717,-127.161516,Private,Coal,No,MIN-COAL,1,0,1,0,0
3610,2019,Telkwa Mining Ltd.,Tenas Project,Smithers,BC,In Review,Mining,82,54.62717,-127.161516,Private,Coal,No,MIN-COAL,1,0,1,0,0
3610,2020,Telkwa Mining Ltd.,Tenas Project,Smithers,BC,In Review,Mining,82,54.62717,-127.161516,Private,Coal,No,MIN-COAL,1,0,1,0,0
3610,2021,Telkwa Mining Ltd.,Tenas Project,Smithers,BC,In Review,Mining,82,54.62717,-127.161516,Private,Coal,No,MIN-COAL,1,0,1,0,0
3610,2022,Telkwa Mining Ltd.,Tenas Project,Smithers,BC,In Review,Mining,82.4,54.62717,-127.161516,Private,Coal,No,MIN-COAL,1,0,1,0,0
3610,2023,Telkwa Mining Ltd.,Tenas Project,Smithers,BC,In Review,Mining,115,54.62717,-127.161516,Private,Coal,No,MIN-COAL,1,0,1,0,0
3610,2024,Telkwa Mining Ltd.,Tenas Project,Smithers,BC,In Review,Mining,73.1,54.62717,-127.161516,Private,Coal,No,MIN-COAL,1,0,1,0,0
3611,2018,Spanish Mountain Gold Ltd.,Spanish Mountain,Cariboo,BC,In Review,Mining,507,52.57771,-121.477008,Private,Precious Metal,No,MIN-PM,1,0,0,0,1
3615,2018,NB Power,Advanced Meter Infrastructure,Various,NB,In Review,Energy,26.2,,,Public,Waste Biomass,Yes,EN-BIO,1,0,1,0,0
3615,2020,NB Power,Advanced Meter Infrastructure,Various,NB,In Review,Energy,109.6,,,Public,Waste Biomass,Yes,EN-BIO,1,0,1,0,0
3615,2021,NB Power,Advanced Meter Infrastructure,Various,NB,Approved,Energy,109.6,,,Public,Waste Biomass,Yes,EN-BIO,1,0,1,0,0
3615,2022,NB Power,Advanced Meter Infrastructure,Various,NB,Approved,Energy,109.6,,,Public,Waste Biomass,Yes,EN-BIO,1,0,1,0,0
3615,2023,NB Power,Advanced Meter Infrastructure,Various,NB,Approved,Energy,109.6,,,Public,Waste Biomass,Yes,EN-BIO,1,0,1,0,0
3615,2024,NB Power,Advanced Meter Infrastructure,Various,NB,Approved,Energy,109.6,,,Public,Waste Biomass,Yes,EN-BIO,1,0,1,0,0
3616,2018,NB Power,Point Lepreau Nuclear Generating Station Major Outage and Inspections,"Point Lepreau, NB",NB,In Review,Energy,53,45.068668,-66.454523,Public,Nuclear,Yes,EN-NUC,1,0,1,0,0
3616,2019,NB Power,Point Lepreau Nuclear Generating Station Major Outage and Inspections,"Point Lepreau, NB",NB,Under Construction,Energy,47.9,45.068668,-66.454523,Public,Nuclear,Yes,EN-NUC,0,1,0,1,0
3617,2018,St Barbara Ltd.,Beaver Dam Gold Project,60 km NE of Halifax,NS,Announced & Planning,Mining,259.8,44.98,-62.94,Private,Other,No,MIN-OTH,1,0,1,0,0
3617,2019,St Barbara Ltd.,Beaver Dam Gold Project,60 km NE of Halifax,NS,Announced & Planning,Mining,314.5,44.98,-62.94,Private,Other,No,MIN-OTH,1,0,1,0,0
3617,2020,St Barbara Ltd.,Beaver Dam Gold Project,60 km NE of Halifax,NS,Announced & Planning,Mining,314,44.98,-62.94,Private,Other,No,MIN-OTH,1,0,1,0,0
3617,2021,St Barbara Ltd.,Beaver Dam Gold Project,60 km NE of Halifax,NS,In Review,Mining,314,44.98,-62.94,Private,Other,No,MIN-OTH,1,0,1,0,0
3617,2023,St Barbara Ltd.,Beaver Dam Gold Project,Halifax County,NS,In Review,Mining,106,45.0663,-62.7194,Private,Other,No,MIN-OTH,1,0,1,0,0
3617,2024,St Barbara Ltd.,Beaver Dam Gold Project,Halifax County,NS,In Review,Mining,107,45.0663,-62.7194,Private,Other,No,MIN-OTH,1,0,1,0,0
3618,2018,Keyera Corp.,Wapiti Gas Plant Phase 1,MD of Greenview,AB,Under Construction,Energy,475,54.965988,-119.168315,Private,Oil & Gas - Downstream,No,EN-OG-D,0,1,1,0,0
3618,2019,Keyera Corp.,Wapiti Gas Plant Phase 1,MD of Greenview,AB,Under Construction,Energy,475,54.965988,-119.168315,Private,Oil & Gas - Downstream,No,EN-OG-D,0,1,0,1,0
3619,2018,Keyera Corp.,Wapiti Gas Plant Phase 2,MD of Greenview,AB,Under Construction,Energy,150,54.965988,-119.168315,Private,Oil & Gas - Downstream,No,EN-OG-D,0,1,1,0,0
3619,2019,Keyera Corp.,Wapiti Gas Plant Phase 2,MD of Greenview,AB,Under Construction,Energy,150,54.965988,-119.168315,Private,Oil & Gas - Downstream,No,EN-OG-D,0,1,0,1,0
3620,2018,SemCams,Wapiti Gas Plant,MD of Greenview,AB,Under Construction,Energy,350,55.003749,-119.079804,Private,Oil & Gas - Downstream,No,EN-OG-D,0,1,0,1,0
3621,2018,Greengate Power Corporation,Travers Solar Project,Wood Buffalo,AB,Announced & Planning,Energy,500,50.303007,-112.655158,Private,Clean Electricity,Yes,EN-CLEL,1,0,1,0,0
3621,2019,Greengate Power Corporation,Travers Solar Project,Wood Buffalo,AB,Announced & Planning,Energy,500,50.303007,-112.655158,Private,Clean Electricity,Yes,EN-CLEL,1,0,1,0,0
3621,2020,Greengate Power Corporation,Travers Solar Project,Wood Buffalo,AB,Announced & Planning,Energy,500,50.303007,-112.655158,Private,Clean Electricity,Yes,EN-CLEL,1,0,1,0,0
3621,2021,Greengate Power Corporation,Travers Solar Project,Regional Municipality of Wood Buffalo,AB,Under Construction,Energy,500,50.303007,-112.655158,Private,Clean Electricity,Yes,EN-CLEL,0,1,1,0,0
3621,2022,Greengate Power Corporation,Travers Solar Project,Regional Municipality of Wood Buffalo,AB,Under Construction,Energy,500,50.303007,-112.655158,Private,Clean Electricity,Yes,EN-CLEL,0,1,0,1,0
3622,2018,CVW Cleantech,Titanium and Zircon Extraction Facility,Wood Buffalo,AB,Announced & Planning,Mining,400,57.336236,-111.754013,Private,Critical Mineral,Yes,MIN-CM,1,0,1,0,0
3622,2019,CVW Cleantech,Titanium and Zircon Extraction Facility,Wood Buffalo,AB,Announced & Planning,Mining,400,57.336236,-111.754013,Private,Critical Mineral,Yes,MIN-CM,1,0,1,0,0
3622,2020,CVW Cleantech,Titanium and Zircon Extraction Facility,Wood Buffalo,AB,Announced & Planning,Mining,400,57.336236,-111.754013,Private,Critical Mineral,Yes,MIN-CM,1,0,1,0,0
3622,2021,CVW Cleantech,Titanium and Zircon Extraction Facility,Regional Municipality of Wood Buffalo,AB,Announced & Planning,Mining,400,57.336236,-111.754013,Private,Critical Mineral,Yes,MIN-CM,1,0,1,0,0
3622,2022,CVW Cleantech,Titanium and Zircon Extraction Facility,Regional Municipality of Wood Buffalo,AB,Announced & Planning,Mining,400,57.336236,-111.754013,Private,Critical Mineral,Yes,MIN-CM,1,0,1,0,0
3622,2023,CVW Cleantech,Titanium and Zircon Extraction Facility,Regional Municipality of Wood Buffalo,AB,Announced & Planning,Mining,610,57.336236,-111.754013,Private,Critical Mineral,Yes,MIN-CM,1,0,1,0,0
3622,2024,CVW Cleantech,Titanium and Zircon Extraction Facility,Regional Municipality of Wood Buffalo,AB,Announced & Planning,Mining,610,57.336236,-111.754013,Private,Critical Mineral,Yes,MIN-CM,1,0,1,0,0
3623,2018,Pembina Pipelines Corp.,Peace Pipeline Expansion,Grande Prairie County,AB,Under Construction,Energy,75,54.096686,-115.173983,Private,Trans & Distr,No,EN-T&D,0,1,0,1,0
3624,2018,Pembina Pipelines Corp.,Peace Pipeline Expansion,Includes a pipeline running from Lator to Fox Creek in Grande Prairie County,AB,Under Construction,Energy,250,54.420829,-116.83039,Private,Trans & Distr,No,EN-T&D,0,1,0,1,0
3625,2018,Pembina Pipelines Corp.,Peace Pipeline Expansion,"Includes a 16-inch pipeline from LaGlace to Wapiti and a 20-inch pipeline from Kakwa to Lator, all in Grande Prairie County AB",AB,Announced & Planning,Energy,280,55.413122,-119.16149,Private,Trans & Distr,No,EN-T&D,1,0,1,0,0
3625,2019,Pembina Pipelines Corp.,Peace Pipeline Expansion,"Includes a 16-inch pipeline from LaGlace to Wapiti and a 20-inch pipeline from Kakwa to Lator, all in Grande Prairie County AB",AB,Under Construction,Energy,280,55.413122,-119.16149,Private,Trans & Distr,No,EN-T&D,0,1,0,1,0
3626,2018,Pembina Pipelines Corp.,Duvernay II,MD of Greenview,AB,Under Construction,Energy,290,54.293623,-116.841316,Private,Oil & Gas - Upstream,No,EN-OG-U,0,1,1,0,0
3626,2019,Pembina Pipelines Corp.,Duvernay II,MD of Greenview,AB,Under Construction,Energy,290,54.293623,-116.841316,Private,Oil & Gas - Upstream,No,EN-OG-U,0,1,0,1,0
3627,2018,Pembina Pipelines Corp.,Empress Extraction Plant Fractionation and Terminalling Facilities,Cypress County,AB,Announced & Planning,Energy,120,50.680688,-110.031222,Private,Oil & Gas - Upstream,No,EN-OG-U,1,0,1,0,0
3627,2019,Pembina Pipelines Corp.,Empress Extraction Plant Fractionation and Terminalling Facilities,Cypress County,AB,Under Construction,Energy,120,50.680688,-110.031222,Private,Oil & Gas - Upstream,No,EN-OG-U,0,1,1,0,0
3627,2020,Pembina Pipelines Corp.,Empress Extraction Plant Fractionation and Terminalling Facilities,Cypress County,AB,Under Construction,Energy,120,50.680688,-110.031222,Private,Oil & Gas - Upstream,No,EN-OG-U,0,1,0,1,0
3628,2018,EPCOR,EL Smith Solar Farm,Edmonton,AB,Announced & Planning,Energy,32,53.470023,-113.611959,Private,Clean Electricity,Yes,EN-CLEL,1,0,1,0,0
3628,2019,EPCOR,EL Smith Solar Farm,Edmonton,AB,Announced & Planning,Energy,32,53.470023,-113.611959,Private,Clean Electricity,Yes,EN-CLEL,1,0,1,0,0
3628,2020,EPCOR,EL Smith Solar Farm,Edmonton,AB,Announced & Planning,Energy,32,53.470023,-113.611959,Private,Clean Electricity,Yes,EN-CLEL,1,0,1,0,0
3628,2021,EPCOR Utilities Inc.,EL Smith Solar Farm,Edmonton,AB,Approved,Energy,30,53.470023,-113.611959,Private,Clean Electricity,Yes,EN-CLEL,1,0,1,0,0
3628,2022,EPCOR Utilities Inc.,EL Smith Solar Farm,Edmonton,AB,Under Construction,Energy,40.7,53.470023,-113.611959,Private,Clean Electricity,Yes,EN-CLEL,0,1,0,1,0
3629,2018,NOVA Gas Transmission Ltd.,2019 NOVA NGTL Expansion (Montney and Duvernay Basins),"Brazeau County, Saddle Hills County",AB,In Review,Energy,2400,55.544058,-119.770258,Private,Other,Yes,EN-OTH,1,0,1,0,0
3629,2019,NOVA Gas Transmission Ltd.,2019 NOVA NGTL Expansion (Montney and Duvernay Basins),"Brazeau County, Saddle Hills County",AB,In Review,Energy,2400,55.544058,-119.770258,Private,Other,Yes,EN-OTH,1,0,1,0,0
3629,2020,NOVA Gas Transmission Ltd.,2019 NOVA NGTL Expansion (Montney and Duvernay Basins),"Brazeau County, Saddle Hills County",AB,Under Construction,Energy,2400,55.544058,-119.770258,Private,Other,Yes,EN-OTH,0,1,0,1,0
3630,2018,Field Upgrading,CleanSEAS Demonstration Plant,Strathcona County,AB,Announced & Planning,Energy,100,53.764675,-113.128664,Private,Waste Biomass,Yes,EN-BIO,1,0,1,0,0
3630,2019,Field Upgrading,CleanSEAS Demonstration Plant,Strathcona County,AB,Announced & Planning,Energy,100,53.764675,-113.128664,Private,Waste Biomass,Yes,EN-BIO,1,0,1,0,0
3630,2020,Field Upgrading,CleanSEAS Demonstration Plant,Strathcona County,AB,Announced & Planning,Energy,100,53.764675,-113.128664,Private,Waste Biomass,Yes,EN-BIO,1,0,1,0,0
3630,2021,Enlighten Innovations Inc.,CleanSEAS Demonstration Plant,Strathcona County,AB,Announced & Planning,Energy,139,53.764675,-113.128664,Private,Waste Biomass,Yes,EN-BIO,1,0,1,0,0
3630,2022,Enlighten Innovations Inc.,CleanSEAS Demonstration Plant,Strathcona County,AB,Under Construction,Energy,139,53.764675,-113.128664,Private,Waste Biomass,Yes,EN-BIO,0,1,0,1,0
3631,2018,Gen III Oil Corp.,Bowden Re-refinery,Red Deer County,AB,Announced & Planning,Energy,90,51.953346,-114.021738,Private,Oil & Gas - Downstream,No,EN-OG-D,1,0,1,0,0
3631,2019,Gen III Oil Corp.,Bowden Re-refinery,Red Deer County,AB,Announced & Planning,Energy,90,51.953346,-114.021738,Private,Oil & Gas - Downstream,No,EN-OG-D,1,0,1,0,0
3631,2020,Gen III Oil Corp.,Bowden Re-refinery,Red Deer County,AB,Announced & Planning,Energy,90,51.953346,-114.021738,Private,Oil & Gas - Downstream,No,EN-OG-D,1,0,1,0,0
3631,2021,ReGen III,Bowden Re-refinery,Red Deer County,AB,Announced & Planning,Energy,90,51.953346,-114.021738,Private,Oil & Gas - Downstream,No,EN-OG-D,1,0,0,0,1
3632,2018,Old Elm Wind Farm,Alberta Wind Energy Corp.,Cardston County,AB,Announced & Planning,Energy,250,49.332147,-112.914147,Private,Clean Electricity,Yes,EN-CLEL,1,0,1,0,0
3632,2019,Alberta Wind Energy Corp./Boralex,Old Elm Wind Farm,Cardston County,AB,Announced & Planning,Energy,250,49.332147,-112.914147,Private,Clean Electricity,Yes,EN-CLEL,1,0,1,0,0
3632,2020,Alberta Wind Energy Corp./Boralex,Old Elm Wind Farm,Cardston County,AB,Announced & Planning,Energy,250,49.332147,-112.914147,Private,Clean Electricity,Yes,EN-CLEL,1,0,1,0,0
3632,2021,Alberta Wind Energy Corp./Boralex,Old Elm Wind Farm,Cardston County,AB,Announced & Planning,Energy,250,49.332147,-112.914147,Private,Clean Electricity,Yes,EN-CLEL,1,0,0,0,1
3633,2018,Tidewater Midstream,Dimsdale Gas Project,Grande Prairie,AB,Announced & Planning,Energy,200,55.191115,-118.922316,Private,Other,Yes,EN-OTH,1,0,1,0,0
3633,2019,Tidewater Midstream,Dimsdale Gas Project,Grande Prairie,AB,Announced & Planning,Energy,200,55.191115,-118.922316,Private,Other,Yes,EN-OTH,1,0,1,0,0
3633,2020,Tidewater Midstream,Dimsdale Gas Project,Grande Prairie,AB,Announced & Planning,Energy,200,55.191115,-118.922316,Private,Other,Yes,EN-OTH,1,0,0,0,1
3634,2018,Capital Power,Whitla Wind Facility,Forty Mile County,AB,Announced & Planning,Energy,325,49.610821,-111.2035,Private,Clean Electricity,Yes,EN-CLEL,1,0,1,0,0
3634,2019,Capital Power,Whitla Wind Facility,Forty Mile County,AB,Under Construction,Energy,325,49.610821,-111.2035,Private,Clean Electricity,Yes,EN-CLEL,0,1,0,1,0
3635,2018,Tidewater Midstream/TransAlta,Tidewater/TransAlta Gas Pipeline,Parkland County,AB,Announced & Planning,Energy,150,53.179714,-115.750652,Private,Trans & Distr,No,EN-T&D,1,0,1,0,0
3635,2019,Tidewater Midstream/TransAlta,Tidewater/TransAlta Gas Pipeline,Parkland County,AB,Announced & Planning,Energy,150,53.179714,-115.750652,Private,Trans & Distr,No,EN-T&D,1,0,1,0,0
3635,2020,Tidewater Midstream/TransAlta,Tidewater/TransAlta Gas Pipeline,Parkland County,AB,Announced & Planning,Energy,150,53.179714,-115.750652,Private,Trans & Distr,No,EN-T&D,1,0,0,0,1
3636,2018,Imperial Oil Ltd.,Kearl Debottlenecking Expansion,Wood Buffalo,AB,Announced & Planning,Energy,563,57.386039,-111.074988,Private,Other,Yes,EN-OTH,1,0,1,0,0
3636,2019,Imperial Oil Ltd.,Kearl Debottlenecking Expansion,Wood Buffalo,AB,Announced & Planning,Energy,563,57.386039,-111.074988,Private,Other,Yes,EN-OTH,1,0,1,0,0
3636,2020,Imperial Oil Ltd.,Kearl Debottlenecking Expansion,Wood Buffalo,AB,Announced & Planning,Energy,563,57.386039,-111.074988,Private,Other,Yes,EN-OTH,1,0,0,0,1
3637,2018,Keyera Corp.,North Wapiti Pipeline System,Saddle Hills County,AB,Approved,Energy,120,55.070186,-119.111522,Private,Trans & Distr,No,EN-T&D,1,0,1,0,0
3637,2019,Keyera Corp.,North Wapiti Pipeline System,Saddle Hills County,AB,Approved,Energy,120,55.070186,-119.111522,Private,Trans & Distr,No,EN-T&D,1,0,1,0,0
3637,2020,Keyera Corp.,North Wapiti Pipeline System,Saddle Hills County,AB,Approved,Energy,120,55.070186,-119.111522,Private,Trans & Distr,No,EN-T&D,1,0,0,0,1
3638,2018,Kirkland Lake Gold Ltd.,Macassa Expansion,Kirkland Lake,ON,Announced & Planning,Mining,320,48.13561,-80.07181,Private,Other,No,MIN-OTH,1,0,1,0,0
3638,2019,Kirkland Lake Gold Ltd.,Macassa Expansion,Kirkland Lake,ON,Announced & Planning,Mining,320,48.13561,-80.07181,Private,Other,No,MIN-OTH,1,0,1,0,0
3638,2020,Kirkland Lake Gold Ltd.,Macassa Expansion,Kirkland Lake,ON,Under Construction,Mining,320,48.13561,-80.07181,Private,Other,No,MIN-OTH,0,1,1,0,0
3638,2021,Kirkland Lake Gold Ltd.,Macassa Expansion,Kirkland Lake,ON,Under Construction,Mining,438,48.13561,-80.07181,Private,Other,No,MIN-OTH,0,1,1,0,0
3638,2022,Agnico Eagle Mines Limited,Macassa Expansion,Kirkland Lake,ON,Under Construction,Mining,320,48.13561,-80.07181,Private,Other,No,MIN-OTH,0,1,1,0,0
3638,2023,Agnico Eagle Mines Limited,Macassa Expansion,Kirkland Lake,ON,Under Construction,Mining,438,48.13561,-80.07181,Private,Other,No,MIN-OTH,0,1,0,1,0
3639,2018,Harte Gold Corp.,Sugar Zone,White River,ON,Under Construction,Mining,118.74,48.80496,-85.00401,Private,Precious Metal,No,MIN-PM,0,1,1,0,0
3639,2021,Harte Gold Corp.,Sugar Zone,White River,ON,Announced & Planning,Mining,199.299,48.80496,-85.00401,Private,Precious Metal,No,MIN-PM,1,0,1,0,0
3639,2022,Harte Gold Corp.,Sugar Zone,White River,ON,Announced & Planning,Mining,199.299,48.80496,-85.00401,Private,Precious Metal,No,MIN-PM,1,0,1,0,0
3639,2023,Harte Gold Corp.,Sugar Zone,White River,ON,Announced & Planning,Mining,199.299,48.80496,-85.00401,Private,Precious Metal,No,MIN-PM,1,0,0,0,1
3640,2018,Manitoba Hydro,Winnipeg-Brandon Transmission System Improvements,Various,MB,Under Construction,Energy,43.9,,,Public,Trans & Distr,No,EN-T&D,0,1,1,0,0
3640,2019,Manitoba Hydro,Winnipeg-Brandon Transmission System Improvements,Various,MB,Under Construction,Energy,43.9,49.844987,-99.936153,Public,Trans & Distr,No,EN-T&D,0,1,0,1,0
3641,2018,Manitoba Hydro,Laverendrye-St.Vital 230kV Line & Breakers,Winnipeg,MB,Under Construction,Energy,33.7,49.790567,-97.364062,Public,Trans & Distr,No,EN-T&D,0,1,1,0,0
3641,2019,Manitoba Hydro,Laverendrye-St.Vital 230kV Line & Breakers,Winnipeg,MB,Under Construction,Energy,33.7,49.790567,-97.364062,Public,Trans & Distr,No,EN-T&D,0,1,1,0,0
3641,2020,Manitoba Hydro,Laverendrye-St.Vital 230kV Line & Breakers,Winnipeg,MB,Under Construction,Energy,32.8,49.790567,-97.364062,Public,Trans & Distr,No,EN-T&D,0,1,1,0,0
3641,2021,Manitoba Hydro,Laverendrye-St.Vital 230kV Line & Breakers,Winnipeg,MB,Under Construction,Energy,32.8,49.790567,-97.364062,Public,Trans & Distr,No,EN-T&D,0,1,1,0,0
3641,2022,Manitoba Hydro,Laverendrye-St.Vital 230kV Line & Breakers,Winnipeg,MB,Under Construction,Energy,32.8,49.790567,-97.364062,Public,Trans & Distr,No,EN-T&D,0,1,1,0,0
3641,2023,Manitoba Hydro,Laverendrye-St.Vital 230kV Line & Breakers,Winnipeg,MB,Under Construction,Energy,58.7,49.790567,-97.364062,Public,Trans & Distr,No,EN-T&D,0,1,1,0,0
3641,2024,Manitoba Hydro,Laverendrye-St.Vital 230kV Line & Breakers,Winnipeg,MB,Under Construction,Energy,58.7,49.790567,-97.364062,Public,Trans & Distr,No,EN-T&D,0,1,1,0,0
3642,2018,Manitoba Hydro,Reenders Station,Winnipeg,MB,Approved,Energy,46.8,49.8951,-97.1384,Public,Clean Electricity,Yes,EN-CLEL,1,0,1,0,0
3642,2019,Manitoba Hydro,Reenders Station,Winnipeg,MB,Approved,Energy,46.8,49.8951,-97.1384,Public,Clean Electricity,Yes,EN-CLEL,1,0,1,0,0
3642,2020,Manitoba Hydro,Reenders Station,Winnipeg,MB,Under Construction,Energy,37.9,49.8951,-97.1384,Public,Clean Electricity,Yes,EN-CLEL,0,1,1,0,0
3642,2021,Manitoba Hydro,Reenders Station,Winnipeg,MB,Under Construction,Energy,31.9,49.8951,-97.1384,Public,Clean Electricity,Yes,EN-CLEL,0,1,1,0,0
3642,2022,Manitoba Hydro,Reenders Station,Winnipeg,MB,Under Construction,Energy,31.9,49.8951,-97.1384,Public,Clean Electricity,Yes,EN-CLEL,0,1,0,1,0
3643,2018,Manitoba Hydro,Dorsey Synchronous Condenser Refurbishment,Dorsey,MB,Under Construction,Energy,78,49.90592,-97.12396,Public,Clean Electricity,Yes,EN-CLEL,0,1,1,0,0
3643,2019,Manitoba Hydro,Dorsey Synchronous Condenser Refurbishment,Dorsey,MB,Under Construction,Energy,78,49.90592,-97.12396,Public,Clean Electricity,Yes,EN-CLEL,0,1,1,0,0
3643,2020,Manitoba Hydro,Dorsey Synchronous Condenser Refurbishment,Dorsey,MB,Under Construction,Energy,73.3,49.90592,-97.12396,Public,Clean Electricity,Yes,EN-CLEL,0,1,1,0,0
3643,2021,Manitoba Hydro,Dorsey Synchronous Condenser Refurbishment,Dorsey,MB,Under Construction,Energy,65.3,49.90592,-97.12396,Public,Clean Electricity,Yes,EN-CLEL,0,1,1,0,0
3643,2022,Manitoba Hydro,Dorsey Synchronous Condenser Refurbishment,Dorsey,MB,Under Construction,Energy,65.3,49.90592,-97.12396,Public,Clean Electricity,Yes,EN-CLEL,0,1,1,0,0
3643,2023,Manitoba Hydro,Dorsey Synchronous Condenser Refurbishment,Dorsey,MB,Under Construction,Energy,65.4,49.90592,-97.12396,Public,Clean Electricity,Yes,EN-CLEL,0,1,1,0,0
3643,2024,Manitoba Hydro,Dorsey Synchronous Condenser Refurbishment,Dorsey,MB,Under Construction,Energy,65.4,49.90592,-97.12396,Public,Clean Electricity,Yes,EN-CLEL,0,1,1,0,0
3644,2018,Manitoba Hydro,HVDC Transformer Sustainment,Lower Nelson & Dorsey,MB,Under Construction,Energy,177.5,,,Public,Trans & Distr,No,EN-T&D,0,1,1,0,0
3644,2019,Manitoba Hydro,HVDC Transformer Sustainment,Lower Nelson & Dorsey,MB,Under Construction,Energy,177.5,55.236141,-97.042498,Public,Trans & Distr,No,EN-T&D,0,1,1,0,0
3644,2020,Manitoba Hydro,HVDC Transformer Sustainment,Lower Nelson & Dorsey,MB,Under Construction,Energy,177.8,55.236141,-97.042498,Public,Trans & Distr,No,EN-T&D,0,1,1,0,0
3644,2021,Manitoba Hydro,HVDC Transformer Sustainment,Lower Nelson & Dorsey,MB,Under Construction,Energy,161.6,55.236141,-97.042498,Public,Trans & Distr,No,EN-T&D,0,1,1,0,0
3644,2022,Manitoba Hydro,HVDC Transformer Sustainment,Lower Nelson & Dorsey,MB,Under Construction,Energy,161.6,55.236141,-97.042498,Public,Trans & Distr,No,EN-T&D,0,1,1,0,0
3644,2023,Manitoba Hydro,HVDC Transformer Sustainment,Lower Nelson & Dorsey,MB,Under Construction,Energy,161.6,55.236141,-97.042498,Public,Trans & Distr,No,EN-T&D,0,1,0,1,0
3645,2018,Equinor Canada,Bay du Nord offshore oil site,Bay du Nord,NL,Announced & Planning,Energy,6800,47.9,-46.7,Private,Oil & Gas - Upstream,No,EN-OG-U,1,0,1,0,0
3645,2019,Equinor Canada,Bay du Nord Offshore Oil Project,Offshore Newfoundland,NL,Announced & Planning,Energy,6800,47.9,-46.7,Private,Oil & Gas - Upstream,No,EN-OG-U,1,0,1,0,0
3645,2020,Equinor Canada,Bay du Nord Offshore Oil Project,Offshore Newfoundland,NL,Announced & Planning,Energy,6800,47.9,-46.7,Private,Oil & Gas - Upstream,No,EN-OG-U,1,0,1,0,0
3645,2021,Equinor Canada,Bay du Nord Offshore Oil Project,Offshore Newfoundland,NL,Announced & Planning,Energy,6800,47.9,-46.7,Private,Oil & Gas - Upstream,No,EN-OG-U,1,0,1,0,0
3645,2022,Equinor Canada,Bay du Nord Offshore Oil Project,Offshore Newfoundland,NL,Approved,Energy,12000,47.9,-46.7,Private,Oil & Gas - Upstream,No,EN-OG-U,1,0,0,0,1
3646,2018,Chaudire Hydro North LP,Gatineau No. 1 Rehabilitation/Capacity Expansion,Ottawa,ON,Announced & Planning,Energy,30,45.419797,-75.721209,Public,Other,Yes,EN-OTH,1,0,0,0,1
4000,2019,Hydro One,Northwest Bulk Transmission Line Waasigan Transmission Line,,ON,Announced & Planning,Energy,,,,Public,Trans & Distr,No,EN-T&D,1,0,1,0,0
4000,2020,Hydro One,Northwest Bulk Transmission Line Waasigan Transmission Line,,ON,Announced & Planning,Energy,,,,Public,Trans & Distr,No,EN-T&D,1,0,1,0,0
4000,2021,Hydro One,Northwest Bulk Transmission Line Waasigan Transmission Line,Thunder Bay to Dryden,ON,Announced & Planning,Energy,,48.58398,-89.24195,Public,Trans & Distr,No,EN-T&D,1,0,1,0,0
4000,2022,Hydro One,Northwest Bulk Transmission Line Waasigan Transmission Line,Thunder Bay to Dryden,ON,Announced & Planning,Energy,,48.58398,-89.24195,Public,Trans & Distr,No,EN-T&D,1,0,1,0,0
4000,2024,Hydro One,Northwest Bulk Transmission Line Waasigan Transmission Line,Thunder Bay to Dryden,ON,In Review,Energy,1200,48.58398,-89.24195,Public,Trans & Distr,No,EN-T&D,1,0,1,0,0
4001,2020,Hydro One,Hawthorne to Merivale transmission upgrades (Planned),Ottawa,ON,Announced & Planning,Energy,24.1,45.392172,-75.608256,Public,Trans & Distr,No,EN-T&D,1,0,1,0,0
4001,2021,Hydro One,Hawthorne to Merivale transmission upgrades (Planned),Ottawa,ON,Approved,Energy,21.3,45.392172,-75.608256,Public,Trans & Distr,No,EN-T&D,1,0,1,0,0
4001,2022,Hydro One,Hawthorne to Merivale transmission upgrades (Planned),Ottawa,ON,Under Construction,Energy,21.3,45.392172,-75.608256,Public,Trans & Distr,No,EN-T&D,0,1,1,0,0
4001,2023,Hydro One,Hawthorne to Merivale transmission upgrades (Planned),Ottawa,ON,Under Construction,Energy,21.3,45.392172,-75.608256,Public,Trans & Distr,No,EN-T&D,0,1,1,0,0
4001,2024,Hydro One,Hawthorne to Merivale transmission upgrades (Planned),Ottawa,ON,Under Construction,Energy,21.3,45.392172,-75.608256,Public,Trans & Distr,No,EN-T&D,0,1,1,0,0
4002,2019,Hydro One,Clarington Transformer Station (In-service),,ON,Under Construction,Energy,280.7,43.933953,-78.600333,Public,Clean Electricity,Yes,EN-CLEL,0,1,0,1,0
4004,2019,ITC Holdings Corp. (subsidiary of Fortis),ITC Lake Erie Connector LLC,,ON,In Review,Energy,1000,42.793572,-80.074518,Private,Other,Yes,EN-OTH,1,0,1,0,0
4004,2020,ITC Holdings Corp. (subsidiary of Fortis),ITC Lake Erie Connector LLC,,ON,In Review,Energy,1000,42.793572,-80.074518,Private,Other,Yes,EN-OTH,1,0,1,0,0
4004,2021,ITC Holdings Corp. (subsidiary of Fortis),ITC Lake Erie Connector LLC,Haldimand,ON,In Review,Energy,1700,42.793572,-80.074518,Private,Other,Yes,EN-OTH,1,0,1,0,0
4004,2022,ITC Holdings Corp. (subsidiary of Fortis),ITC Lake Erie Connector LLC,Haldimand,ON,In Review,Energy,1700,42.793572,-80.074518,Private,Other,Yes,EN-OTH,1,0,0,0,1
4006,2019,Mines Agnico Eagle ltee,Wasamac,15 km W of Rouyn-Noranda,QC,Announced & Planning,Mining,464,48.21,-79.19,Private,Precious Metal,No,MIN-PM,1,0,1,0,0
4006,2020,Mines Agnico Eagle ltee,Wasamac,15 km W of Rouyn-Noranda,QC,Announced & Planning,Mining,464,48.21,-79.19,Private,Precious Metal,No,MIN-PM,1,0,1,0,0
4006,2021,Mines Agnico Eagle ltee,Wasamac,15 km W of Rouyn-Noranda,QC,In Review,Mining,464,48.21,-79.19,Private,Precious Metal,No,MIN-PM,1,0,1,0,0
4006,2022,Mines Agnico Eagle ltee,Wasamac,15 km W of Rouyn-Noranda,QC,In Review,Mining,531.6,48.21,-79.19,Private,Precious Metal,No,MIN-PM,1,0,1,0,0
4006,2023,Mines Agnico Eagle ltee,Wasamac,15 km W of Rouyn-Noranda,QC,In Review,Mining,533,48.21,-79.19,Private,Precious Metal,No,MIN-PM,1,0,1,0,0
4006,2024,Mines Agnico Eagle ltee,Wasamac,15 km W of Rouyn-Noranda,QC,In Review,Mining,533,48.21,-79.19,Private,Precious Metal,No,MIN-PM,1,0,1,0,0
4007,2019,NexGen Energy Ltd.,Rook I,175 km N of Michel Village,SK,Announced & Planning,Mining,1247,57.59,-108.99,Private,Other,No,MIN-OTH,1,0,1,0,0
4007,2020,NexGen Energy Ltd.,Rook I,175 km N of Michel Village,SK,Announced & Planning,Mining,1247,57.59,-108.99,Private,Other,No,MIN-OTH,1,0,1,0,0
4007,2021,NexGen Energy Ltd.,Rook I,175 km N of Michel Village,SK,In Review,Mining,1300,57.59,-108.99,Private,Other,No,MIN-OTH,1,0,1,0,0
4007,2022,NexGen Energy Ltd.,Rook I,175 km N of Michel Village,SK,In Review,Mining,1300,57.59,-108.99,Private,Other,No,MIN-OTH,1,0,1,0,0
4007,2023,NexGen Energy Ltd.,Rook I,175 km N of Michel Village,SK,In Review,Mining,1300,57.59,-108.99,Private,Other,No,MIN-OTH,1,0,1,0,0
4007,2024,NexGen Energy Ltd.,Rook I,175 km N of Michel Village,SK,Approved,Mining,1300,57.59,-108.99,Private,Other,No,MIN-OTH,1,0,1,0,0
4008,2019,Denison Mines Corp.,Wheeler River - Phoenix,270 km ENE of La Loche,SK,Announced & Planning,Mining,945.6,57.53,-105.41,Private,Other,No,MIN-OTH,1,0,1,0,0
4008,2020,Denison Mines Corp.,Wheeler River - Phoenix,270 km ENE of La Loche,SK,Announced & Planning,Mining,945.6,57.53,-105.41,Private,Other,No,MIN-OTH,1,0,1,0,0
4008,2021,Denison Mines Corp.,Wheeler River - Phoenix,270 km ENE of La Loche,SK,In Review,Mining,945.6,57.53,-105.41,Private,Other,No,MIN-OTH,1,0,1,0,0
4008,2022,Denison Mines Corp.,Wheeler River - Phoenix,270 km ENE of La Loche,SK,In Review,Mining,945.659,57.53,-105.41,Private,Other,No,MIN-OTH,1,0,1,0,0
4008,2023,Denison Mines Corp.,Wheeler River - Phoenix,270 km ENE of La Loche,SK,In Review,Mining,945.659,57.53,-105.41,Private,Other,No,MIN-OTH,1,0,1,0,0
4008,2024,Denison Mines Corp.,Wheeler River - Phoenix,270 km ENE of La Loche,SK,In Review,Mining,419.4,57.53,-105.41,Private,Other,No,MIN-OTH,1,0,1,0,0
4011,2019,Canadian Metals,Langis,,QC,Announced & Planning,Mining,331.13,48.625,-67.33333,Private,Other,No,MIN-OTH,1,0,1,0,0
4011,2020,Canadian Metals,Langis,,QC,Announced & Planning,Mining,331.13,48.625,-67.33333,Private,Other,No,MIN-OTH,1,0,0,0,1
4012,2019,Lepidico Ltd.,L-Max Plant,Sudbury,ON,Announced & Planning,Mining,53.83,46.47,-80.85,Private,Other,No,MIN-OTH,1,0,0,0,1
4013,2019,Rio Tinto,Vaudreuil alumina refinery,SaguenayiLac-Saint-Jean,QC,Announced & Planning,Mining,250,48.42623,-71.182543,Private,Critical Mineral,Yes,MIN-CM,1,0,1,0,0
4013,2020,Rio Tinto,Vaudreuil alumina refinery,SaguenayiLac-Saint-Jean,QC,Announced & Planning,Mining,250,48.42623,-71.182543,Private,Critical Mineral,Yes,MIN-CM,1,0,1,0,0
4013,2021,Rio Tinto,Vaudreuil alumina refinery,Saguenay-Lac-Saint-Jean,QC,Announced & Planning,Mining,250,48.42623,-71.182543,Private,Critical Mineral,Yes,MIN-CM,1,0,1,0,0
4013,2022,Rio Tinto,Vaudreuil alumina refinery,Saguenay-Lac-Saint-Jean,QC,Announced & Planning,Mining,250,48.42623,-71.182543,Private,Critical Mineral,Yes,MIN-CM,1,0,1,0,0
4013,2023,Rio Tinto,Vaudreuil alumina refinery,Saguenay-Lac-Saint-Jean,QC,Announced & Planning,Mining,250,48.42623,-71.182543,Private,Critical Mineral,Yes,MIN-CM,1,0,1,0,0
4013,2024,Rio Tinto,Vaudreuil alumina refinery,Saguenay-Lac-Saint-Jean,QC,Announced & Planning,Mining,250,48.42623,-71.182543,Private,Critical Mineral,Yes,MIN-CM,1,0,1,0,0
4014,2019,Alcoa/Rio Tinto,The Elysis joint venture,SaguenayiLac-Saint-Jean,QC,Announced & Planning,Mining,558,48.43214,-71.17565,Private,Critical Mineral,Yes,MIN-CM,1,0,1,0,0
4014,2020,Alcoa/Rio Tinto,The Elysis joint venture,SaguenayiLac-Saint-Jean,QC,Announced & Planning,Mining,558,48.43214,-71.17565,Private,Critical Mineral,Yes,MIN-CM,1,0,1,0,0
4014,2021,Alcoa/Rio Tinto,The Elysis joint venture,Saguenay-Lac-Saint-Jean,QC,Announced & Planning,Mining,558,48.43214,-71.17565,Private,Critical Mineral,Yes,MIN-CM,1,0,1,0,0
4014,2022,Alcoa/Rio Tinto,The Elysis joint venture,Saguenay-Lac-Saint-Jean,QC,Announced & Planning,Mining,664,48.43214,-71.17565,Private,Critical Mineral,Yes,MIN-CM,1,0,1,0,0
4014,2023,Alcoa/Rio Tinto,The Elysis joint venture,Saguenay-Lac-Saint-Jean,QC,Announced & Planning,Mining,664,48.43214,-71.17565,Private,Critical Mineral,Yes,MIN-CM,1,0,1,0,0
4014,2024,Alcoa/Rio Tinto,The Elysis joint venture,Saguenay-Lac-Saint-Jean,QC,Announced & Planning,Mining,664,48.43214,-71.17565,Private,Critical Mineral,Yes,MIN-CM,1,0,1,0,0
4015,2019,Signal Gold Inc. (formerly Anaconda Mining),Goldboro Gold,Goldboro,NS,In Review,Mining,88.9,45.203,-61.6422,Private,Precious Metal,No,MIN-PM,1,0,1,0,0
4015,2022,Signal Gold Inc. (formerly Anaconda Mining),Goldboro Gold,Goldboro,NS,In Review,Mining,271,45.20304,-61.64218,Private,Precious Metal,No,MIN-PM,1,0,1,0,0
4015,2023,Signal Gold Inc. (formerly Anaconda Mining),Goldboro Gold,Goldboro,NS,Approved,Mining,271,45.20304,-61.64218,Private,Precious Metal,No,MIN-PM,1,0,1,0,0
4015,2024,Signal Gold Inc. (formerly Anaconda Mining),Goldboro Gold,Goldboro,NS,Approved,Mining,271,45.20304,-61.64218,Private,Precious Metal,No,MIN-PM,1,0,1,0,0
4016,2019,Allkem Limited,James Bay Lithium,,QC,In Review,Mining,,,,Private,Critical Mineral,Yes,MIN-CM,1,0,1,0,0
4016,2020,Allkem Limited,James Bay Lithium,,QC,In Review,Mining,,,,Private,Critical Mineral,Yes,MIN-CM,1,0,1,0,0
4016,2021,Allkem Limited,James Bay Lithium,100 km East of Eastmain and James Bay,QC,In Review,Mining,308.894,52.233333,-77.06667,Private,Critical Mineral,Yes,MIN-CM,1,0,1,0,0
4016,2022,Allkem Limited,James Bay Lithium,100 km East of Eastmain and James Bay,QC,In Review,Mining,380.1,52.233333,-77.06667,Private,Critical Mineral,Yes,MIN-CM,1,0,1,0,0
4016,2023,Allkem Limited,James Bay Lithium,100 km East of Eastmain and James Bay,QC,Approved,Mining,380.1,52.233333,-77.06667,Private,Critical Mineral,Yes,MIN-CM,1,0,1,0,0
4016,2024,Allkem Limited,James Bay Lithium,100 km East of Eastmain and James Bay,QC,Approved,Mining,508.7,52.233333,-77.06667,Private,Critical Mineral,Yes,MIN-CM,1,0,1,0,0
4018,2019,San Group (Coulson Manufacturing Ltd.),Lumber mill,Port Alberni,BC,Announced & Planning,Forest,70,49.2339,-124.8055,Private,Lumber,No,FOR-LUM,1,0,0,0,1
4019,2019,Kalesnikoff Lumber,Glulam beams and CLT,Castlegar,BC,Announced & Planning,Forest,35,49.3237,-117.6593,Private,EWP,Yes,FOR-EWP,1,0,1,0,0
4019,2020,Kalesnikoff Lumber,Glulam beams and CLT,Castlegar,BC,Announced & Planning,Forest,35,49.3237,-117.6593,Private,EWP,Yes,FOR-EWP,1,0,0,0,1
4020,2019,Kruger,New tissue manufacturing facility,Sherbroke,QC,Announced & Planning,Forest,575,45.4042,-71.8929,Private,Pulp & Paper,No,FOR-P&P,1,0,1,0,0
4020,2020,Kruger,New tissue manufacturing facility,Sherbroke,QC,Under Construction,Forest,575,45.4042,-71.8929,Private,Pulp & Paper,No,FOR-P&P,0,1,0,1,0
4021,2019,Tolko,Mill upgrade,Armstrong,BC,Announced & Planning,Forest,35,50.4477,-119.197,Private,Pulp & Paper,No,FOR-P&P,1,0,1,0,0
4021,2020,Tolko,Mill upgrade,Armstrong,BC,Announced & Planning,Forest,35,50.4477,-119.197,Private,Pulp & Paper,No,FOR-P&P,1,0,1,0,0
4021,2021,Tolko,Mill upgrade,Armstrong,BC,Announced & Planning,Forest,35,50.4477,-119.197,Private,Pulp & Paper,No,FOR-P&P,1,0,1,0,0
4021,2022,Tolko,Mill upgrade,Armstrong,BC,Announced & Planning,Forest,35,50.4477,-119.197,Private,Pulp & Paper,No,FOR-P&P,1,0,1,0,0
4021,2023,Tolko,Mill upgrade,Armstrong,BC,Announced & Planning,Forest,35,50.4477,-119.197,Private,Pulp & Paper,No,FOR-P&P,1,0,1,0,0
4021,2024,Tolko,Mill upgrade,Armstrong,BC,Announced & Planning,Forest,35,50.4477,-119.197,Private,Pulp & Paper,No,FOR-P&P,1,0,1,0,0
4022,2019,Skeena Sawmills,Mill upgrade,Terrace,BC,Announced & Planning,Forest,20,54.5182,-128.6032,Private,Pulp & Paper,No,FOR-P&P,1,0,1,0,0
4022,2020,Skeena Sawmills,Mill upgrade,Terrace,BC,Announced & Planning,Forest,20,54.5182,-128.6032,Private,Pulp & Paper,No,FOR-P&P,1,0,0,0,1
4024,2019,Active Energy Group,New advanced pellet plant,Hawke's Bay,NL,Announced & Planning,Forest,19.7,50.616,-57.1511,Private,Other,Yes,FOR-OTH,1,0,1,0,0
4024,2020,Active Energy Group,New advanced pellet plant,Hawke's Bay,NL,Announced & Planning,Forest,19.7,50.616,-57.1511,Private,Other,Yes,FOR-OTH,1,0,1,0,0
4024,2021,Active Energy Group,New advanced pellet plant,Hawke's Bay,NL,Announced & Planning,Forest,19.7,50.616,-57.1511,Private,Other,Yes,FOR-OTH,1,0,1,0,0
4024,2022,Active Energy Group,New advanced pellet plant,Hawke's Bay,NL,Announced & Planning,Forest,19.7,50.616,-57.1511,Private,Other,Yes,FOR-OTH,1,0,1,0,0
4024,2023,Active Energy Group,New advanced pellet plant,Hawke's Bay,NL,Announced & Planning,Forest,19.7,50.616,-57.1511,Private,Other,Yes,FOR-OTH,1,0,0,0,1
4025,2019,Barette-Chapais,Pellet plant,Chapais,QC,Announced & Planning,Forest,97,49.7822,-74.8525,Private,Other,Yes,FOR-OTH,1,0,0,0,1
4026,2019,Resolute,Mill upgrade,Thunder Bay,ON,Under Construction,Forest,29,48.3809,-89.2477,Private,Pulp & Paper,No,FOR-P&P,0,1,1,0,0
4026,2020,Resolute,Mill upgrade,Thunder Bay,ON,Under Construction,Forest,29,48.3809,-89.2477,Private,Pulp & Paper,No,FOR-P&P,0,1,1,0,0
4026,2021,Resolute,Mill upgrade,Thunder Bay,ON,Under Construction,Forest,29,48.3809,-89.2477,Private,Pulp & Paper,No,FOR-P&P,0,1,1,0,0
4026,2022,Resolute,Mill upgrade,Thunder Bay,ON,Under Construction,Forest,29,48.3809,-89.2477,Private,Pulp & Paper,No,FOR-P&P,0,1,1,0,0
4026,2023,Resolute,Mill upgrade,Thunder Bay,ON,Under Construction,Forest,29,48.3809,-89.2477,Private,Pulp & Paper,No,FOR-P&P,0,1,0,1,0
4028,2019,Bois d'oeuvre Cedrico,Sawmill upgrade,Bas-Saint-Laurent,QC,Announced & Planning,Forest,26,48.65523071,-67.4675148,Private,Lumber,No,FOR-LUM,1,0,1,0,0
4028,2020,Bois d'oeuvre Cedrico,Sawmill upgrade,Bas-Saint-Laurent,QC,Announced & Planning,Forest,26,48.65523071,-67.4675148,Private,Lumber,No,FOR-LUM,1,0,1,0,0
4028,2021,Bois d'oeuvre Cedrico,Sawmill upgrade,Bas-Saint-Laurent,QC,Announced & Planning,Forest,26,48.65523071,-67.4675148,Private,Lumber,No,FOR-LUM,1,0,1,0,0
4028,2022,Bois d'oeuvre Cedrico,Sawmill upgrade,Bas-Saint-Laurent,QC,Announced & Planning,Forest,27,48.65523071,-67.4675148,Private,Lumber,No,FOR-LUM,1,0,0,0,1
4029,2019,Rayonier Advanced Materials,Sawmill upgrade,La Sarre,QC,Announced & Planning,Forest,23,48.800096,-79.201022,Private,Lumber,No,FOR-LUM,1,0,1,0,0
4029,2020,Rayonier Advanced Materials,Sawmill upgrade,La Sarre,QC,Announced & Planning,Forest,23,48.800096,-79.201022,Private,Lumber,No,FOR-LUM,1,0,1,0,0
4029,2021,Rayonier Advanced Materials,Sawmill upgrade,La Sarre,QC,Under Construction,Forest,23,48.800096,-79.201022,Private,Lumber,No,FOR-LUM,0,1,1,0,0
4029,2022,Rayonier Advanced Materials,Sawmill upgrade,La Sarre,QC,Under Construction,Forest,23,48.800096,-79.201022,Private,Lumber,No,FOR-LUM,0,1,0,1,0
4030,2019,Gitxsan Development Corp and Airex Energy,Torrefied pellet plant,Hazelton,BC,Announced & Planning,Forest,45,55.2568,-127.672,Private,Other,Yes,FOR-OTH,1,0,1,0,0
4030,2020,Gitxsan Development Corp and Airex Energy,Torrefied pellet plant,Hazelton,BC,Announced & Planning,Forest,50,55.2568,-127.672,Private,Other,Yes,FOR-OTH,1,0,1,0,0
4030,2021,Gitxsan Development Corp and Airex Energy,Torrefied pellet plant,Hazelton,BC,Announced & Planning,Forest,50,55.2568,-127.672,Private,Other,Yes,FOR-OTH,1,0,1,0,0
4030,2022,Gitxsan Development Corp and Airex Energy,Torrefied pellet plant,Hazelton,BC,Announced & Planning,Forest,50,55.2568,-127.672,Private,Other,Yes,FOR-OTH,1,0,1,0,0
4030,2023,Gitxsan Development Corp and Airex Energy,Torrefied pellet plant,Hazelton,BC,Under Construction,Forest,50,55.2568,-127.672,Private,Other,Yes,FOR-OTH,0,1,1,0,0
4030,2024,Gitxsan Development Corp and Airex Energy,Torrefied pellet plant,Hazelton,BC,Under Construction,Forest,50,55.2568,-127.672,Private,Other,Yes,FOR-OTH,0,1,1,0,0
4031,2019,Uniboard,Mill upgrade,Val-d'Or,QC,Announced & Planning,Forest,38.5,,0,Private,Pulp & Paper,No,FOR-P&P,1,0,1,0,0
4031,2020,Uniboard,Mill upgrade,Val-d'Or,QC,Announced & Planning,Forest,38.5,,0,Private,Pulp & Paper,No,FOR-P&P,1,0,0,0,1
4032,2019,Kruger,Upgrade packaging plant,Montreal,QC,Announced & Planning,Forest,20,45.5017,-73.5673,Private,Other,Yes,FOR-OTH,1,0,1,0,0
4032,2020,Kruger,Upgrade packaging plant,Montreal,QC,Announced & Planning,Forest,20,45.5017,-73.5673,Private,Other,Yes,FOR-OTH,1,0,0,0,1
4033,2019,Hibernia Management and Development Company,Hibernia West Project,Offshore Newfoundland,NL,In Review,Energy,2000,46.45026,-48.46976,Private,Other,Yes,EN-OTH,1,0,1,0,0
4033,2020,Hibernia Management and Development Company,Hibernia West Project,Offshore Newfoundland,NL,In Review,Energy,2000,46.45026,-48.46976,Private,Other,Yes,EN-OTH,1,0,0,0,1
4034,2019,NGTL,NGTL 2021 Expansion,Peace river,AB,In Review,Energy,2310,52.362087,-114.910576,Private,Other,Yes,EN-OTH,1,0,1,0,0
4034,2020,NGTL,NGTL 2021 Expansion,Peace river,AB,In Review,Energy,2400,52.362087,-114.910576,Private,Other,Yes,EN-OTH,1,0,1,0,0
4034,2021,NGTL,NGTL 2021 Expansion,Peace River,AB,Under Construction,Energy,2300,52.362087,-114.910576,Private,Other,Yes,EN-OTH,0,1,0,1,0
4035,2019,NGTL,NGTL 2022 Expansion (North Corridor and Edson Mainline),Edson,AB,In Review,Energy,1400,52.082813,-115.015467,Private,Trans & Distr,No,EN-T&D,1,0,1,0,0
4035,2020,NGTL,NGTL 2022 Expansion (North Corridor and Edson Mainline),Edson,AB,In Review,Energy,1141,52.082813,-115.015467,Private,Trans & Distr,No,EN-T&D,1,0,1,0,0
4035,2021,NGTL,NGTL 2022 Expansion (North Corridor and Edson Mainline),Edson,AB,Approved,Energy,1141,52.082813,-115.015467,Private,Trans & Distr,No,EN-T&D,1,0,1,0,0
4035,2022,NGTL,NGTL 2022 Expansion (North Corridor and Edson Mainline),Edson,AB,Under Construction,Energy,1141,52.082813,-115.015467,Private,Trans & Distr,No,EN-T&D,0,1,0,1,0
4036,2019,VanadiumCorp Resource inc.,Lac Dor Vanadium,"20 km E de Chibougamau, sur les bords du Lac Chibougamau",QC,Announced & Planning,Mining,321,49.835624,-74.023701,Private,Critical Mineral,Yes,MIN-CM,1,0,1,0,0
4036,2020,VanadiumCorp Resource inc.,Lac Dor Vanadium,"20 km E de Chibougamau, sur les bords du Lac Chibougamau",QC,Announced & Planning,Mining,321,49.835624,-74.023701,Private,Critical Mineral,Yes,MIN-CM,1,0,0,0,1
4037,2019,Les Ressources Yorbeau inc.,Lac scott,Jam sie,QC,Announced & Planning,Mining,390,49.843449,-74.661342,Private,Other,No,MIN-OTH,1,0,1,0,0
4037,2020,Les Ressources Yorbeau inc.,Scott Lake,Jam sie,QC,Announced & Planning,Mining,215.47,49.843449,-74.661342,Private,Other,No,MIN-OTH,1,0,1,0,0
4037,2021,Les Ressources Yorbeau inc.,Scott Lake,Jam sie,QC,Announced & Planning,Mining,215.47,49.843449,-74.661342,Private,Other,No,MIN-OTH,1,0,1,0,0
4037,2022,Les Ressources Yorbeau inc.,Scott Lake,Jam sie,QC,Announced & Planning,Mining,215.47,49.843449,-74.661342,Private,Other,No,MIN-OTH,1,0,0,0,1
4038,2019,SOQUEM-Focus graphite,Kwyjibo,125 km n-o Sept-Iles,QC,Announced & Planning,Mining,763,50.212809,-66.376109,Private,Critical Mineral,Yes,MIN-CM,1,0,1,0,0
4038,2020,SOQUEM,Kwyjibo,125 km n-o Sept-Iles,QC,Announced & Planning,Mining,763,50.212809,-66.376109,Private,Critical Mineral,Yes,MIN-CM,1,0,0,0,1
4039,2019,Eastmain Resources,Eau Claire,3 km au NE de la centrale Eastmain 1,QC,Announced & Planning,Mining,175,48.224089,-78.997427,Private,Other,No,MIN-OTH,1,0,1,0,0
4039,2020,Eastmain Resources,Clearwater,3 km au NE de la centrale Eastmain 1,QC,Announced & Planning,Mining,175,48.224089,-78.997427,Private,Other,No,MIN-OTH,1,0,1,0,0
4039,2021,Fury Gold Mines,Clearwater,3 km au NE de la centrale Eastmain 1,QC,Announced & Planning,Mining,174.7,48.224089,-78.997427,Private,Other,No,MIN-OTH,1,0,1,0,0
4039,2022,Fury Gold Mines,Clearwater,3 km au NE de la centrale Eastmain 1,QC,Announced & Planning,Mining,174.7,48.224089,-78.997427,Private,Other,No,MIN-OTH,1,0,1,0,0
4039,2023,Fury Gold Mines Ltd.,Clearwater,3 km au NE de la centrale Eastmain 1,QC,Announced & Planning,Mining,175,48.224089,-78.997427,Private,Other,No,MIN-OTH,1,0,0,0,1
4040,2019,CRB Innovations,0,Westbury,QC,In Review,Forest,,45.4724,-71.6208,Private,Other,Yes,FOR-OTH,1,0,1,0,0
4040,2020,CRB Innovations,0,Westbury,QC,In Review,Forest,,45.4724,-71.6208,Private,Other,Yes,FOR-OTH,1,0,0,0,1
4041,2019,Gazoduq inc.,Gazoduq,Ramore (Ont.) through Saguenay (QC.),Multi,Announced & Planning,Energy,4500,48.428256,-80.329828,Private,Other,Yes,EN-OTH,1,0,1,0,0
4041,2020,Gazoduq inc.,Gazoduq,Ramore (Ont.) through Saguenay (QC.),Multi,In Review,Energy,5000,48.428256,-80.329828,Private,Other,Yes,EN-OTH,1,0,1,0,0
4041,2022,Gazoduq inc.,Gazoduq,Ramore (Ont.) through Saguenay (QC.),Multi,In Review,Energy,5000,48.428256,-80.329828,Private,Other,Yes,EN-OTH,1,0,0,0,1
4042,2019,Enel Green Power North America,Riverview Wind Farm (115 MW),Pincher Creek,AB,Announced & Planning,Energy,134,49.526976,-113.950593,Private,Clean Electricity,Yes,EN-CLEL,1,0,0,0,1
4043,2019,Enel Green Power North America,Castle Rock Ridge Wind Power Plant Phase 2 (31 MW),Pincher Creek,AB,Announced & Planning,Energy,,,,Private,Clean Electricity,Yes,EN-CLEL,1,0,0,0,1
4044,2019,EDF Renewables Canada Inc.,Cypress Wind Power Project,Medicine Hat,AB,Announced & Planning,Energy,,,,Private,Clean Electricity,Yes,EN-CLEL,1,0,1,0,0
4044,2020,EDF Renewables Canada Inc.,Cypress Wind Power Project,Medicine Hat,AB,Approved,Energy,250,,,Private,Clean Electricity,Yes,EN-CLEL,1,0,1,0,0
4044,2022,EDF Renewables Canada,Cypress Wind Power Project,Medicine Hat,AB,Under Construction,Energy,250,49.80342759,-110.3689957,Private,Clean Electricity,Yes,EN-CLEL,0,1,0,1,0
4045,2019,Potentia Renewables Inc.,Stirling Wind Power Project,Lethbridge,AB,Announced & Planning,Energy,,,,Private,Clean Electricity,Yes,EN-CLEL,1,0,1,0,0
4045,2020,Potentia Renewables Inc.,Stirling Wind Power Project,Lethbridge,AB,Approved,Energy,,,,Private,Clean Electricity,Yes,EN-CLEL,1,0,1,0,0
4045,2021,Potentia Renewables Inc.,Stirling Wind Power Project,Lethbridge,AB,Approved,Energy,,49.50999606,-112.6274108,Private,Clean Electricity,Yes,EN-CLEL,1,0,1,0,0
4045,2022,Potentia Renewables Inc.,Stirling Wind Power Project,Lethbridge,AB,Approved,Energy,170,49.50999606,-112.6274108,Private,Clean Electricity,Yes,EN-CLEL,1,0,1,0,0
4045,2023,Potentia Renewables Inc.,Stirling Wind Power Project,Lethbridge,AB,Under Construction,Energy,170,49.50999606,-112.6274108,Private,Clean Electricity,Yes,EN-CLEL,0,1,0,1,0
4046,2019,Capstone Infrastructure Corporation,Buffalo Atlee Wind Farm 1 -3,Brooks,AB,Announced & Planning,Energy,,,,Private,Clean Electricity,Yes,EN-CLEL,1,0,1,0,0
4046,2020,Capstone Infrastructure Corporation,Buffalo Atlee Wind Farm 1 -3,Brooks,AB,Approved,Energy,,,,Private,Clean Electricity,Yes,EN-CLEL,1,0,1,0,0
4046,2021,Capstone Infrastructure Corporation,Buffalo Atlee Wind Farm 1 -3,Brooks,AB,Approved,Energy,,50.73049361,-111.0653207,Private,Clean Electricity,Yes,EN-CLEL,1,0,1,0,0
4046,2022,Capstone Infrastructure Corporation,Buffalo Atlee Wind Farm 1 -4,Brooks,AB,Under Construction,Energy,85,50.73049361,-111.0653207,Private,Clean Electricity,Yes,EN-CLEL,0,1,1,0,0
4046,2023,Capstone Infrastructure Corporation,Buffalo Atlee Wind Farm 1 -4,Brooks,AB,Under Construction,Energy,85,50.73049361,-111.0653207,Private,Clean Electricity,Yes,EN-CLEL,0,1,0,1,0
4047,2019,TransAlta Corporation,Windrise Wind (207 MW),Pincher Creek,AB,Announced & Planning,Energy,275,49.526976,-113.950593,Private,Clean Electricity,Yes,EN-CLEL,1,0,1,0,0
4047,2020,TransAlta Corporation,Windrise Wind (207 MW),Pincher Creek,AB,Approved,Energy,275,49.526976,-113.950593,Private,Clean Electricity,Yes,EN-CLEL,1,0,1,0,0
4047,2021,TransAlta Corporation,Windrise Wind,Pincher Creek,AB,Under Construction,Energy,275,49.526976,-113.950593,Private,Clean Electricity,Yes,EN-CLEL,0,1,0,1,0
4048,2019,Potentia Renewables Inc.,Jenner Wind Power Project 1 and 2,Brooks,AB,Announced & Planning,Energy,,,,Private,Clean Electricity,Yes,EN-CLEL,1,0,1,0,0
4048,2020,Potentia Renewables Inc.,Jenner Wind Power Project 1 and 2,Brooks,AB,Approved,Energy,,,,Private,Clean Electricity,Yes,EN-CLEL,1,0,1,0,0
4048,2021,Potentia Renewables Inc.,Jenner Wind Power Phase 1,Brooks,AB,In Review,Energy,157,50.86365898,-111.0964514,Private,Clean Electricity,Yes,EN-CLEL,1,0,1,0,0
4048,2022,Potentia Renewables Inc.,Jenner Wind Power Phase 1,Brooks,AB,Under Construction,Energy,157,50.86365898,-111.0964514,Private,Clean Electricity,Yes,EN-CLEL,0,1,1,0,0
4048,2023,Potentia Renewables Inc.,Jenner Wind Power Phase 1,Brooks,AB,Under Construction,Energy,157,50.86365898,-111.0964514,Private,Clean Electricity,Yes,EN-CLEL,0,1,0,1,0
4049,2019,Innogy/Solar Krafte Utilities Inc,Prairie Sunlight II and III (30 MW and 27 MW),Vauxhall,AB,Announced & Planning,Energy,80,50.074309,-112.108606,Private,Clean Electricity,Yes,EN-CLEL,1,0,0,0,1
4050,2019,Canadian Solar,Three solar farms,"Hays, Tilley, and Jenner",AB,Announced & Planning,Energy,100,50.280081,-111.68567,Private,Clean Electricity,Yes,EN-CLEL,1,0,1,0,0
4050,2020,Canadian Solar,Three solar farms,"Hays, Tilley, and Jenner",AB,Announced & Planning,Energy,100,50.280081,-111.68567,Private,Clean Electricity,Yes,EN-CLEL,1,0,1,0,0
4050,2021,Canadian Solar,Three solar farms,"Hays, Tilley, and Jenner",AB,Under Construction,Energy,100,50.280081,-111.68567,Private,Clean Electricity,Yes,EN-CLEL,0,1,1,0,0
4050,2022,Canadian Solar,Three solar farms,"Hays, Tilley, and Jenner",AB,Under Construction,Energy,100,50.280081,-111.68567,Private,Clean Electricity,Yes,EN-CLEL,0,1,1,0,0
4050,2023,Canadian Solar,Three solar farms,"Hays, Tilley, and Jenner",AB,Approved,Energy,100,50.280081,-111.68567,Private,Clean Electricity,Yes,EN-CLEL,1,0,0,0,1
4051,2019,Canadian Solar,Suffield bi-facial solar Project,Suffield,AB,Announced & Planning,Energy,49,50.223224,-111.160782,Private,Clean Electricity,Yes,EN-CLEL,1,0,1,0,0
4051,2020,Canadian Solar,Suffield bi-facial solar Project,Suffield,AB,Under Construction,Energy,49,50.223224,-111.160782,Private,Clean Electricity,Yes,EN-CLEL,0,1,0,1,0
4052,2019,Cascade Power,Cascade Natural Gas Project,Yellowhead County,AB,Announced & Planning,Energy,1500,53.546576,-116.601057,Private,NG Power Gen,No,EN-NGPG,1,0,1,0,0
4052,2020,Cascade Power,Cascade Natural Gas Project,Yellowhead County,AB,Announced & Planning,Energy,1500,53.546576,-116.601057,Private,NG Power Gen,No,EN-NGPG,1,0,1,0,0
4052,2021,Cascade Power,Cascade Natural Gas Project,Yellowhead County,AB,Under Construction,Energy,1500,53.546576,-116.601057,Private,NG Power Gen,No,EN-NGPG,0,1,1,0,0
4052,2022,Cascade Power,Cascade Natural Gas Project,Yellowhead County,AB,Under Construction,Energy,1500,53.546576,-116.601057,Private,NG Power Gen,No,EN-NGPG,0,1,1,0,0
4052,2023,Cascade Power,Cascade Natural Gas Project,Yellowhead County,AB,Under Construction,Energy,1500,53.546576,-116.601057,Private,NG Power Gen,No,EN-NGPG,0,1,0,1,0
4053,2019,Fengate Capital Management,Central Utility Block for Heartland Petrochemical Complex,Strathcona County,AB,Under Construction,Energy,600,53.777352,-113.051299,Private,Oil & Gas - Downstream,No,EN-OG-D,0,1,1,0,0
4053,2020,Fengate Capital Management,Central Utility Block for Heartland Petrochemical Complex,Strathcona County,AB,Under Construction,Energy,600,53.777352,-113.051299,Private,Oil & Gas - Downstream,No,EN-OG-D,0,1,0,1,0
4054,2019,University of Alberta,South Campus District Energy System,Edmonton,AB,Announced & Planning,Energy,29.5,53.523149,-113.524093,Private,Clean Heat,Yes,EN-CLHT,1,0,1,0,0
4054,2020,University of Alberta,South Campus District Energy System,Edmonton,AB,Announced & Planning,Energy,29.5,53.523149,-113.524093,Private,Clean Heat,Yes,EN-CLHT,1,0,0,0,1
4055,2019,Kineticor Resource Corp,Three Creeks Power Plant,Peace No. 135,AB,Announced & Planning,Energy,100,56.228128,-117.433396,Private,NG Power Gen,Yes,EN-LCF,1,0,1,0,0
4055,2020,Kineticor Resource Corp,Three Creeks Power Plant,Peace No. 135,AB,Announced & Planning,Energy,100,56.228128,-117.433396,Private,NG Power Gen,Yes,EN-LCF,1,0,0,0,1
4056,2019,Vanderwell Contractors,Vanderwell Sawmill bioenergy plant (3.6 MW),Lesser Slave River No. 124,AB,Announced & Planning,Energy,40,55.391952,-114.289016,Private,Waste Biomass,Yes,EN-BIO,1,0,0,0,1
4057,2019,EDF Renewables Canada,Vulcan Solar Project,,AB,Announced & Planning,Energy,115,50.403783,-113.253133,Private,Clean Electricity,Yes,EN-CLEL,1,0,1,0,0
4057,2020,EDF Renewables Canada,Vulcan Solar Project,Vulcan County,AB,Approved,Energy,155,50.403783,-113.253133,Private,Clean Electricity,Yes,EN-CLEL,1,0,1,0,0
4057,2021,EDF Renewables Canada,Vulcan Solar Project,Vulcan County,AB,Approved,Energy,155,50.403783,-113.253133,Private,Clean Electricity,Yes,EN-CLEL,1,0,1,0,0
4057,2022,EDF Renewables Canada,Vulcan Solar Project,Vulcan County,AB,Approved,Energy,155,50.403783,-113.253133,Private,Clean Electricity,Yes,EN-CLEL,1,0,1,0,0
4057,2023,EDF Renewables Canada,Vulcan Solar Project,Vulcan County,AB,Announced & Planning,Energy,155,50.403783,-113.253133,Private,Clean Electricity,Yes,EN-CLEL,1,0,1,0,0
4057,2024,EDF Renewables Canada,Vulcan Solar Project,Vulcan County,AB,Announced & Planning,Energy,155,50.403783,-113.253133,Private,Clean Electricity,Yes,EN-CLEL,1,0,1,0,0
4058,2019,Solar Krafte,Cassils Solar Project,County of Newell,AB,Under Construction,Energy,35,50.58653,-112.033519,Private,Clean Electricity,Yes,EN-CLEL,0,1,0,1,0
4059,2019,Solar Krafte,Prairie Sunlight I,Taber,AB,Announced & Planning,Energy,125,49.789854,-112.162682,Private,Clean Electricity,Yes,EN-CLEL,1,0,0,0,1
4060,2019,Solar Krafte,Wrentham Solar Project,Warner,AB,Under Construction,Energy,65,49.524649,-112.168429,Private,Clean Electricity,Yes,EN-CLEL,0,1,1,0,0
4060,2020,Solar Krafte,Wrentham Solar Project,Warner,AB,Announced & Planning,Energy,65,49.524649,-112.168429,Private,Clean Electricity,Yes,EN-CLEL,1,0,0,0,1
4061,2019,Solar Krafte,Spring Coulle Solar Project,Cardston County,AB,Approved,Energy,50,49.333282,-113.05492,Private,Clean Electricity,Yes,EN-CLEL,1,0,1,0,0
4061,2020,Solar Krafte,Spring Coulle Solar Project,Cardston County,AB,Under Construction,Energy,50,49.333282,-113.05492,Private,Clean Electricity,Yes,EN-CLEL,0,1,0,1,0
4062,2019,Solar Krafte,Strathmore Solar Farm,Strathmore,AB,Announced & Planning,Energy,60,51.037057,-113.402242,Private,Clean Electricity,Yes,EN-CLEL,1,0,1,0,0
4062,2020,Solar Krafte,Strathmore Solar Farm,Strathmore,AB,Announced & Planning,Energy,60,51.037057,-113.402242,Private,Clean Electricity,Yes,EN-CLEL,1,0,1,0,0
4062,2021,Solar Krafte,Strathmore Solar Farm,Strathmore,AB,Under Construction,Energy,60,51.037057,-113.402242,Private,Clean Electricity,Yes,EN-CLEL,0,1,0,1,0
4063,2019,Suncor,Forty Mile Wind Power Project,Bow Island,AB,Announced & Planning,Energy,,,,Private,Clean Electricity,Yes,EN-CLEL,1,0,1,0,0
4063,2020,Suncor,Forty Mile Wind Power Project,Bow Island,AB,Announced & Planning,Energy,300,,,Private,Clean Electricity,Yes,EN-CLEL,1,0,1,0,0
4063,2021,Suncor Energy Inc.,Forty Mile Wind Power Project,Bow Island,AB,Under Construction,Energy,300,49.73002752,-111.2960529,Private,Clean Electricity,Yes,EN-CLEL,0,1,1,0,0
4063,2022,Suncor Energy Inc.,Forty Mile Wind Power Project (Maleb Phase & Granlea Phase),Bow Island,AB,Under Construction,Energy,600,49.73002752,-111.2960529,Private,Clean Electricity,Yes,EN-CLEL,0,1,0,1,0
4064,2019,NGTL,NGTL Westpath Delivery project,Rocky View,AB,Approved,Energy,409,51.189019,-114.469601,Private,Other,Yes,EN-OTH,1,0,0,0,1
4066,2019,Westcoast,T South Expansion and Reliability Project,Williams Lake,BC,Announced & Planning,Energy,329,55.697009,-121.63026,Private,Other,Yes,EN-OTH,1,0,1,0,0
4066,2020,Enbridge Inc.,T South Expansion and Reliability Project,Williams Lake,BC,Approved,Energy,329,55.697009,-121.63026,Private,Other,Yes,EN-OTH,1,0,1,0,0
4066,2021,Enbridge Inc.,T South Expansion and Reliability Project,Williams Lake,BC,Approved,Energy,329,55.697009,-121.63026,Private,Other,Yes,EN-OTH,1,0,0,0,1
4067,2019,Global First Power,Micro Modular Reactor demonstration project at Chalk River Laboratories,Chalk River,ON,Announced & Planning,Energy,,46.0502,-77.361,Private,Nuclear,Yes,EN-NUC,1,0,1,0,0
4067,2020,Global First Power,Micro Modular Reactor demonstration project at Chalk River Laboratories,Chalk River,ON,Announced & Planning,Energy,,46.0502,-77.361,Private,Nuclear,Yes,EN-NUC,1,0,1,0,0
4067,2021,Global First Power,Micro Modular Reactor demonstration project at Chalk River Laboratories,Chalk River,ON,In Review,Energy,,46.0502,-77.361,Private,Nuclear,Yes,EN-NUC,1,0,1,0,0
4067,2022,Global First Power,Micro Modular Reactor demonstration project at Chalk River Laboratories,Chalk River,ON,In Review,Energy,,46.0502,-77.361,Private,Nuclear,Yes,EN-NUC,1,0,0,0,1
4072,2020,PEI Energy Corporation,Borden Battery Park,"Borden-Carleton, PEI",PE,Announced & Planning,Energy,35,46.2537626,-63.6921622,Public,"DER, Storage, EV",Yes,EN-DER,1,0,1,0,0
4072,2021,PEI Energy Corporation,Borden Battery Park,Borden-Carleton,PE,In Review,Energy,35,46.2537626,-63.6921622,Public,"DER, Storage, EV",Yes,EN-DER,1,0,1,0,0
4072,2022,PEI Energy Corporation,Borden Battery Park,Borden-Carleton,PE,In Review,Energy,35,46.2537626,-63.6921622,Public,"DER, Storage, EV",Yes,EN-DER,1,0,1,0,0
4072,2023,PEI Energy Corporation,Borden Battery Park,Borden-Carleton,PE,In Review,Energy,35,46.2537626,-63.6921622,Public,"DER, Storage, EV",Yes,EN-DER,1,0,1,0,0
4072,2024,PEI Energy Corporation,Borden Battery Park,Borden-Carleton,PE,In Review,Energy,35,46.2537626,-63.6921622,Public,"DER, Storage, EV",Yes,EN-DER,1,0,1,0,0
4073,2019,PEI Energy Corporation,Western PEI Transmission Upgrade,"Western Prince County, PEI",PE,In Review,Energy,20,46.794249,-64.157612,Private,Trans & Distr,No,EN-T&D,1,0,1,0,0
4073,2020,PEI Energy Corporation,Western PEI Transmission Upgrade,"Western Prince County, PEI",PE,In Review,Energy,20,46.794249,-64.157612,Private,Trans & Distr,No,EN-T&D,1,0,1,0,0
4073,2021,PEI Energy Corporation,Western PEI Transmission Upgrade,"Western Prince County, PEI",PE,In Review,Energy,44,46.794249,-64.157612,Private,Trans & Distr,No,EN-T&D,1,0,1,0,0
4073,2022,PEI Energy Corporation,Western PEI Transmission Upgrade,"Western Prince County, PEI",PE,In Review,Energy,44,46.43471386,-63.77626244,Private,Trans & Distr,No,EN-T&D,1,0,1,0,0
4073,2023,PEI Energy Corporation,Western PEI Transmission Upgrade,"Western Prince County, PEI",PE,In Review,Energy,44,46.43471386,-63.77626244,Private,Trans & Distr,No,EN-T&D,1,0,1,0,0
4073,2024,PEI Energy Corporation,Western PEI Transmission Upgrade,"Western Prince County, PEI",PE,In Review,Energy,44,46.43471386,-63.77626244,Private,Trans & Distr,No,EN-T&D,1,0,1,0,0
4077,2019,Synex Energy Resources Ltd.,Victoria Lake Hydro Project,Port Alice,BC,In Review,Energy,18,50.424697,-127.487264,Private,Clean Electricity,Yes,EN-CLEL,1,0,1,0,0
4077,2020,Synex Energy Resources Ltd.,Victoria Lake Hydro Project,Port Alice,BC,In Review,Energy,18,50.424697,-127.487264,Private,Clean Electricity,Yes,EN-CLEL,1,0,1,0,0
4077,2021,Synex Energy Resources Ltd.,Victoria Lake Hydro Project,Port Alice,BC,In Review,Energy,18,50.424697,-127.487264,Private,Clean Electricity,Yes,EN-CLEL,1,0,1,0,0
4077,2022,Synex Energy Resources Ltd.,Victoria Lake Hydro Project,Port Alice,BC,In Review,Energy,18,50.424697,-127.487264,Private,Clean Electricity,Yes,EN-CLEL,1,0,1,0,0
4077,2023,Synex Energy Resources Ltd.,Victoria Lake Hydro Project,Port Alice,BC,In Review,Energy,18,50.424697,-127.487264,Private,Clean Electricity,Yes,EN-CLEL,1,0,1,0,0
4077,2024,Synex Energy Resources Ltd.,Victoria Lake Hydro Project,Port Alice,BC,In Review,Energy,18,50.424697,-127.487264,Private,Clean Electricity,Yes,EN-CLEL,1,0,1,0,0
4079,2019,BC Hydro,Mica 600V Circuit Breaker Upgrades Project,Revelstoke,BC,Under Construction,Energy,19,51.049737,-118.194671,Public,Clean Electricity,Yes,EN-CLEL,0,1,1,0,0
4079,2020,BC Hydro,Mica 600V Circuit Breaker Upgrades Project,Revelstoke,BC,Under Construction,Energy,19,51.049737,-118.194671,Public,Clean Electricity,Yes,EN-CLEL,0,1,1,0,0
4079,2021,BC Hydro,Mica 600V Circuit Breaker Upgrades Project,Revelstoke,BC,Under Construction,Energy,26,51.049737,-118.194671,Public,Clean Electricity,Yes,EN-CLEL,0,1,1,0,0
4079,2022,BC Hydro,Mica 600V Circuit Breaker Upgrades Project,Revelstoke,BC,Under Construction,Energy,26,51.049737,-118.194671,Public,Clean Electricity,Yes,EN-CLEL,0,1,1,0,0
4079,2023,BC Hydro,Mica 600V Circuit Breaker Upgrades Project,Revelstoke,BC,Under Construction,Energy,32,51.049737,-118.194671,Public,Clean Electricity,Yes,EN-CLEL,0,1,1,0,0
4079,2024,BC Hydro,Mica 600V Circuit Breaker Upgrades Project,Revelstoke,BC,Under Construction,Energy,32,51.049737,-118.194671,Public,Clean Electricity,Yes,EN-CLEL,0,1,1,0,0
4080,2019,Pacific Greengen Power Inc.,Fries Creek Hydroelectric Project,Harrison Hot Springs,BC,In Review,Energy,20,49.307766,-121.799622,Private,Clean Electricity,Yes,EN-CLEL,1,0,1,0,0
4080,2020,Pacific Greengen Power Inc.,Fries Creek Hydroelectric Project,Harrison Hot Springs,BC,In Review,Energy,20,49.307766,-121.799622,Private,Clean Electricity,Yes,EN-CLEL,1,0,1,0,0
4080,2021,Pacific Greengen Power Inc.,Fries Creek Hydroelectric Project,Harrison Hot Springs,BC,In Review,Energy,20,49.307766,-121.799622,Private,Clean Electricity,Yes,EN-CLEL,1,0,1,0,0
4080,2022,Pacific Greengen Power Inc.,Fries Creek Hydroelectric Project,Harrison Hot Springs,BC,In Review,Energy,20,49.307766,-121.799622,Private,Clean Electricity,Yes,EN-CLEL,1,0,1,0,0
4080,2023,Pacific Greengen Power Inc.,Fries Creek Hydroelectric Project,Harrison Hot Springs,BC,In Review,Energy,20,49.307766,-121.799622,Private,Clean Electricity,Yes,EN-CLEL,1,0,1,0,0
4080,2024,Pacific Greengen Power Inc.,Fries Creek Hydroelectric Project,Harrison Hot Springs,BC,In Review,Energy,20,49.307766,-121.799622,Private,Clean Electricity,Yes,EN-CLEL,1,0,1,0,0
4081,2019,BC Hydro,Cheakamus Recoat Units 1 & 2 Penstock Project,Squamish,BC,Under Construction,Energy,23,49.702853,-123.159011,Public,Clean Electricity,Yes,EN-CLEL,0,1,1,0,0
4081,2020,BC Hydro,Cheakamus Recoat Units 1 & 2 Penstock Project,Squamish,BC,Under Construction,Energy,23,49.702853,-123.159011,Public,Clean Electricity,Yes,EN-CLEL,0,1,1,0,0
4081,2021,BC Hydro,Cheakamus Recoat Units 1 & 2 Penstock Project,Squamish,BC,Under Construction,Energy,23,49.702853,-123.159011,Public,Clean Electricity,Yes,EN-CLEL,0,1,1,0,0
4081,2022,BC Hydro,Cheakamus Recoat Units 1 & 2 Penstock Project,Squamish,BC,Under Construction,Energy,23,49.702853,-123.159011,Public,Clean Electricity,Yes,EN-CLEL,0,1,1,0,0
4081,2023,BC Hydro,Cheakamus Recoat Units 1 & 2 Penstock Project,Squamish,BC,Under Construction,Energy,35,49.702853,-123.159011,Public,Clean Electricity,Yes,EN-CLEL,0,1,1,0,0
4081,2024,BC Hydro,Cheakamus Recoat Units 1 & 2 Penstock Project,Squamish,BC,Under Construction,Energy,35,49.702853,-123.159011,Public,Clean Electricity,Yes,EN-CLEL,0,1,1,0,0
4082,2020,BC Hydro,Tilbury System Improvements Project,Delta,BC,Under Construction,Energy,24,49.092453,-123.019571,Public,Clean Electricity,Yes,EN-CLEL,0,1,0,1,0
4084,2019,BC Hydro,Bridge River 2 - Strip and Recoat Penstock 1 Interior Project,Lillooet,BC,Under Construction,Energy,26,50.685694,-121.936334,Public,Clean Electricity,Yes,EN-CLEL,0,1,1,0,0
4084,2021,BC Hydro,Bridge River 2 - Strip and Recoat Penstock 1 Interior Project,Lillooet,BC,Under Construction,Energy,35,50.685694,-121.936334,Public,Clean Electricity,Yes,EN-CLEL,0,1,1,0,0
4084,2022,BC Hydro,Bridge River 2 - Strip and Recoat Penstock 1 Interior Project,Lillooet,BC,Under Construction,Energy,35,50.685694,-121.936334,Public,Clean Electricity,Yes,EN-CLEL,0,1,0,1,0
4091,2019,Moose Lake Wind LP,Moose Lake Wind Project,Tumbler Ridge,BC,Announced & Planning,Energy,45,55.11167,-121.000634,Private,Clean Electricity,Yes,EN-CLEL,1,0,0,0,1
4092,2019,BC Hydro,G.M. Shrum Spillway Gate Upgrade Project,Hudson Hope,BC,Under Construction,Energy,48,56.034311,-121.908672,Public,Other,Yes,EN-OTH,0,1,1,0,0
4092,2020,BC Hydro,G.M. Shrum Spillway Gate Upgrade Project,Hudson Hope,BC,Under Construction,Energy,48,56.034311,-121.908672,Public,Other,Yes,EN-OTH,0,1,0,1,0
4093,2019,BC Hydro,Mica Modernize Controls (Digital) Project,Revelstoke,BC,Announced & Planning,Energy,48,51.001442,-118.19374,Public,Clean Electricity,Yes,EN-CLEL,1,0,1,0,0
4093,2020,BC Hydro,Mica Modernize Controls (Digital) Project,Revelstoke,BC,Under Construction,Energy,48,51.001442,-118.19374,Public,Clean Electricity,Yes,EN-CLEL,0,1,1,0,0
4093,2021,BC Hydro,Mica Modernize Controls (Digital) Project,Revelstoke,BC,Under Construction,Energy,56,51.001442,-118.19374,Public,Clean Electricity,Yes,EN-CLEL,0,1,1,0,0
4093,2022,BC Hydro,Mica Modernize Controls (Digital) Project,Revelstoke,BC,Under Construction,Energy,56,51.001442,-118.19374,Public,Clean Electricity,Yes,EN-CLEL,0,1,1,0,0
4093,2023,BC Hydro,Mica Modernize Controls (Digital) Project,Revelstoke,BC,Under Construction,Energy,56,51.001442,-118.19374,Public,Clean Electricity,Yes,EN-CLEL,0,1,1,0,0
4093,2024,BC Hydro,Mica Modernize Controls (Digital) Project,Revelstoke,BC,Under Construction,Energy,56,51.001442,-118.19374,Public,Clean Electricity,Yes,EN-CLEL,0,1,1,0,0
4094,2019,BC Hydro,Barnard Substation 50/60 Feeder Section Replacement Project,Burnaby,BC,Under Construction,Energy,48,49.262575,-122.9007,Public,Trans & Distr,No,EN-T&D,0,1,1,0,0
4094,2020,BC Hydro,Barnard Substation 50/60 Feeder Section Replacement Project,Burnaby,BC,Under Construction,Energy,48,49.262575,-122.9007,Public,Trans & Distr,No,EN-T&D,0,1,1,0,0
4094,2021,BC Hydro,Barnard Substation 50/60 Feeder Section Replacement Project,Burnaby,BC,Under Construction,Energy,48,49.262575,-122.9007,Public,Trans & Distr,No,EN-T&D,0,1,1,0,0
4094,2022,BC Hydro,Barnard Substation 50/60 Feeder Section Replacement Project,Burnaby,BC,Under Construction,Energy,48,49.262575,-122.9007,Public,Trans & Distr,No,EN-T&D,0,1,0,1,0
4096,2019,Boralex,Babcock Ridge Wind Farm,Tumbler Ridge,BC,In Review,Energy,50,55.11167,-121.000634,Private,Clean Electricity,Yes,EN-CLEL,1,0,1,0,0
4096,2020,Boralex,Babcock Ridge Wind Farm,Tumbler Ridge,BC,Announced & Planning,Energy,50,55.11167,-121.000634,Private,Clean Electricity,Yes,EN-CLEL,1,0,1,0,0
4096,2021,Boralex,Babcock Ridge Wind Farm,Tumbler Ridge,BC,Announced & Planning,Energy,50,55.11167,-121.000634,Private,Clean Electricity,Yes,EN-CLEL,1,0,1,0,0
4096,2022,Boralex,Babcock Ridge Wind Farm,Tumbler Ridge,BC,Announced & Planning,Energy,50,55.11167,-121.000634,Private,Clean Electricity,Yes,EN-CLEL,1,0,1,0,0
4096,2023,Boralex,Babcock Ridge Wind Farm,Tumbler Ridge,BC,Announced & Planning,Energy,50,55.11167,-121.000634,Private,Clean Electricity,Yes,EN-CLEL,1,0,1,0,0
4096,2024,Boralex,Babcock Ridge Wind Farm,Tumbler Ridge,BC,Announced & Planning,Energy,50,55.11167,-121.000634,Private,Clean Electricity,Yes,EN-CLEL,1,0,1,0,0
4097,2019,Sukunka Wind Project LP,Sukunka Wind Energy Project,Chetwynd,BC,In Review,Energy,50,55.568893,-121.461838,Private,Clean Electricity,Yes,EN-CLEL,1,0,1,0,0
4097,2020,Sukunka Wind Project LP,Sukunka Wind Energy Project,Chetwynd,BC,In Review,Energy,50,55.568893,-121.461838,Private,Clean Electricity,Yes,EN-CLEL,1,0,1,0,0
4097,2021,Sukunka Wind Project LP,Sukunka Wind Energy Project,Chetwynd,BC,In Review,Energy,50,55.568893,-121.461838,Private,Clean Electricity,Yes,EN-CLEL,1,0,1,0,0
4097,2022,Sukunka Wind Project LP,Sukunka Wind Energy Project,Chetwynd,BC,In Review,Energy,50,55.568893,-121.461838,Private,Clean Electricity,Yes,EN-CLEL,1,0,0,0,1
4098,2019,Zonnebeke Wind Project LP,Zonnebeke Wind Energy Project,Chetwynd,BC,Under Construction,Energy,50,55.568893,-121.461838,Private,Clean Electricity,Yes,EN-CLEL,0,1,1,0,0
4098,2020,Zonnebeke Wind Project LP,Zonnebeke Wind Energy Project,Chetwynd,BC,Announced & Planning,Energy,50,55.568893,-121.461838,Private,Clean Electricity,Yes,EN-CLEL,1,0,1,0,0
4098,2021,Zonnebeke Wind Project LP,Zonnebeke Wind Energy Project,Chetwynd,BC,Announced & Planning,Energy,50,55.568893,-121.461838,Private,Clean Electricity,Yes,EN-CLEL,1,0,1,0,0
4098,2022,Zonnebeke Wind Project LP,Zonnebeke Wind Energy Project,Chetwynd,BC,Announced & Planning,Energy,50,55.568893,-121.461838,Private,Clean Electricity,Yes,EN-CLEL,1,0,0,0,1
4101,2019,BC Hydro,UBC Load Increase Stage 2 Project,Vancouver,BC,Under Construction,Energy,55,49.261697,-123.232418,Public,Other,Yes,EN-OTH,0,1,1,0,0
4101,2020,BC Hydro,UBC Load Increase Stage 2 Project,Vancouver,BC,Under Construction,Energy,55,49.261697,-123.232418,Public,Other,Yes,EN-OTH,0,1,0,1,0
4104,2019,Canfor Corporation/Licella,Biofuel Facility,Prince George,BC,Announced & Planning,Energy,70,53.92241,-122.745706,Private,Low Carbon Fuels,Yes,EN-LCF,1,0,1,0,0
4104,2020,Canfor Corporation/Licella,Biofuel Facility,Prince George,BC,Announced & Planning,Energy,70,53.92241,-122.745706,Private,Low Carbon Fuels,Yes,EN-LCF,1,0,1,0,0
4104,2021,Canfor Corporation/Licella,Biofuel Facility,Prince George,BC,Announced & Planning,Energy,70,53.92241,-122.745706,Private,Low Carbon Fuels,Yes,EN-LCF,1,0,1,0,0
4104,2022,Canfor Corporation/Licella,Biofuel Facility,Prince George,BC,Announced & Planning,Energy,70,53.92241,-122.745706,Private,Low Carbon Fuels,Yes,EN-LCF,1,0,1,0,0
4104,2023,Canfor Corporation/Licella,Biofuel Facility,Prince George,BC,Announced & Planning,Energy,70,53.92241,-122.745706,Private,Low Carbon Fuels,Yes,EN-LCF,1,0,1,0,0
4104,2024,Canfor Corporation/Licella,Biofuel Facility,Prince George,BC,Announced & Planning,Energy,70,53.92241,-122.745706,Private,Low Carbon Fuels,Yes,EN-LCF,1,0,1,0,0
4105,2019,BC Hydro,South Fraser Transmission Relocation Project,Richmond,BC,Under Construction,Energy,76,49.113113,-123.131527,Public,Trans & Distr,No,EN-T&D,0,1,1,0,0
4105,2020,BC Hydro,South Fraser Transmission Relocation Project,Richmond,BC,Under Construction,Energy,76,49.113113,-123.131527,Public,Trans & Distr,No,EN-T&D,0,1,1,0,0
4105,2021,BC Hydro,South Fraser Transmission Relocation Project,Richmond,BC,Under Construction,Energy,76,49.113113,-123.131527,Public,Trans & Distr,No,EN-T&D,0,1,1,0,0
4105,2022,BC Hydro,South Fraser Transmission Relocation Project,Richmond,BC,Under Construction,Energy,27,49.113113,-123.131527,Public,Trans & Distr,No,EN-T&D,0,1,0,1,0
4106,2019,BC Hydro,Downtown Vancouver Electricity Supply - West End Strategic Property Purchase,Vancouver,BC,Under Construction,Energy,81,49.27422,-123.125605,Public,Clean Electricity,Yes,EN-CLEL,0,1,1,0,0
4106,2020,BC Hydro,Downtown Vancouver Electricity Supply - West End Strategic Property Purchase,Vancouver,BC,Under Construction,Energy,81,49.27422,-123.125605,Public,Clean Electricity,Yes,EN-CLEL,0,1,1,0,0
4106,2021,BC Hydro,Downtown Vancouver Electricity Supply - West End Strategic Property Purchase,Vancouver,BC,Under Construction,Energy,81,49.27422,-123.125605,Public,Clean Electricity,Yes,EN-CLEL,0,1,1,0,0
4106,2022,BC Hydro,Downtown Vancouver Electricity Supply - West End Strategic Property Purchase,Vancouver,BC,Under Construction,Energy,81,49.27422,-123.125605,Public,Clean Electricity,Yes,EN-CLEL,0,1,1,0,0
4106,2023,BC Hydro,Downtown Vancouver Electricity Supply - West End Strategic Property Purchase,Vancouver,BC,Under Construction,Energy,81,49.27422,-123.125605,Public,Clean Electricity,Yes,EN-CLEL,0,1,1,0,0
4106,2024,BC Hydro,Downtown Vancouver Electricity Supply - West End Strategic Property Purchase,Vancouver,BC,Under Construction,Energy,81,49.27422,-123.125605,Public,Clean Electricity,Yes,EN-CLEL,0,1,1,0,0
4107,2019,BC Hydro,Mica Replace Units 1-4 Transformers Project,Revelstoke,BC,Approved,Energy,82,51.001442,-118.19374,Public,Clean Electricity,Yes,EN-CLEL,1,0,1,0,0
4107,2020,BC Hydro,Mica Replace Units 1-4 Transformers Project,Revelstoke,BC,Under Construction,Energy,82,51.001442,-118.19374,Public,Clean Electricity,Yes,EN-CLEL,0,1,1,0,0
4107,2021,BC Hydro,Mica Replace Units 1-4 Transformers Project,Revelstoke,BC,Under Construction,Energy,80,51.001442,-118.19374,Public,Clean Electricity,Yes,EN-CLEL,0,1,1,0,0
4107,2022,BC Hydro,Mica Replace Units 1-4 Transformers Project,Revelstoke,BC,Under Construction,Energy,80,51.001442,-118.19374,Public,Clean Electricity,Yes,EN-CLEL,0,1,0,1,0
4108,2019,BCHydro,LNG Canada Load Interconnection Project,Kitimat,BC,Under Construction,Energy,82,54.061536,-128.633887,Public,Trans & Distr,No,EN-T&D,0,1,1,0,0
4108,2020,BCHydro,LNG Canada Load Interconnection Project,Kitimat,BC,Under Construction,Energy,82,54.061536,-128.633887,Public,Trans & Distr,No,EN-T&D,0,1,1,0,0
4108,2021,BCHydro,LNG Canada Load Interconnection Project,Kitimat,BC,Under Construction,Energy,82,54.061536,-128.633887,Public,Trans & Distr,No,EN-T&D,0,1,1,0,0
4108,2022,BCHydro,LNG Canada Load Interconnection Project,Kitimat,BC,Under Construction,Energy,82,54.061536,-128.633887,Public,Trans & Distr,No,EN-T&D,0,1,1,0,0
4108,2023,BCHydro,LNG Canada Load Interconnection Project,Kitimat,BC,Under Construction,Energy,82,54.061536,-128.633887,Public,Trans & Distr,No,EN-T&D,0,1,1,0,0
4108,2024,BCHydro,LNG Canada Load Interconnection Project,Kitimat,BC,Under Construction,Energy,82,54.061536,-128.633887,Public,Trans & Distr,No,EN-T&D,0,1,1,0,0
4109,2019,BC Hydro,Bridge River 2 Units 5 and 6 Upgrade Project,Lillooet,BC,In Review,Energy,86,50.685977,-121.936464,Public,Other,Yes,EN-OTH,1,0,0,0,1
4111,2019,Borealis Geopower,Canoe Reach Geothermal Energy Project,Valemount,BC,Announced & Planning,Energy,120,52.830616,-119.265917,Private,Clean Electricity,Yes,EN-CLEL,1,0,1,0,0
4111,2020,Borealis Geopower,Canoe Reach Geothermal Energy Project,Valemount,BC,In Review,Energy,120,52.830616,-119.265917,Private,Clean Electricity,Yes,EN-CLEL,1,0,1,0,0
4111,2021,Borealis Geopower,Canoe Reach Geothermal Energy Project,Valemount,BC,In Review,Energy,120,52.830616,-119.265917,Private,Clean Electricity,Yes,EN-CLEL,1,0,1,0,0
4111,2022,Borealis Geopower,Canoe Reach Geothermal Energy Project,Valemount,BC,In Review,Energy,120,52.830616,-119.265917,Private,Clean Electricity,Yes,EN-CLEL,1,0,1,0,0
4111,2023,Borealis Geopower,Canoe Reach Geothermal Energy Project,Valemount,BC,In Review,Energy,120,52.830616,-119.265917,Private,Clean Electricity,Yes,EN-CLEL,1,0,1,0,0
4111,2024,Borealis Geopower,Canoe Reach Geothermal Energy Project,Valemount,BC,In Review,Energy,120,52.830616,-119.265917,Private,Clean Electricity,Yes,EN-CLEL,1,0,1,0,0
4112,2019,Western Bioenergy Inc. (subsidiary of Dalkia Canada),Ditni Yoh Green Energy Project,Burns Lake,BC,In Review,Energy,140,54.232283,-125.76662,Private,Clean Electricity,Yes,EN-CLEL,1,0,0,0,1
4114,2019,WindRiver Power Corp.,Kinskuch Hydroelectric Project,Iskut,BC,Under Construction,Energy,250,57.833078,-129.98288,Private,Clean Electricity,Yes,EN-CLEL,0,1,1,0,0
4114,2020,WindRiver Power Corp.,Kinskuch Hydroelectric Project,Iskut,BC,Announced & Planning,Energy,250,57.833078,-129.98288,Private,Clean Electricity,Yes,EN-CLEL,1,0,1,0,0
4114,2021,WindRiver Power Corp.,Kinskuch Hydroelectric Project,Iskut,BC,Announced & Planning,Energy,250,57.833078,-129.98288,Private,Clean Electricity,Yes,EN-CLEL,1,0,1,0,0
4114,2022,WindRiver Power Corp.,Kinskuch Hydroelectric Project,Iskut,BC,Approved,Energy,250,57.833078,-129.98288,Private,Clean Electricity,Yes,EN-CLEL,1,0,0,0,1
4115,2019,Pembina Pipeline Corp.,Watson Island Propane Export Terminal,Watson Island,BC,Announced & Planning,Energy,260,50.93169,-126.818821,Private,Oil & Gas - Downstream,No,EN-OG-D,1,0,1,0,0
4115,2020,Pembina Pipeline Corp.,Watson Island Propane Export Terminal,Watson Island,BC,Announced & Planning,Energy,260,50.93169,-126.818821,Private,Oil & Gas - Downstream,No,EN-OG-D,1,0,1,0,0
4115,2021,Pembina Pipeline Corporation,Watson Island Propane Export Terminal,Watson Island,BC,Announced & Planning,Energy,260,50.93169,-126.818821,Private,Oil & Gas - Downstream,No,EN-OG-D,1,0,1,0,0
4115,2022,Pembina Pipeline Corporation,Watson Island Propane Export Terminal,Watson Island,BC,Announced & Planning,Energy,260,50.93169,-126.818821,Private,Oil & Gas - Downstream,No,EN-OG-D,1,0,0,0,1
4116,2020,Alcan Aluminum Ltd. and the Province of BC,Kenney Dam Cold Water Release Facility,Vanderhoof,BC,Announced & Planning,Energy,275,53.566667,-124.95,Public,Clean Electricity,Yes,EN-CLEL,1,0,1,0,0
4116,2021,Alcan Aluminum Ltd. and the Province of BC,Kenney Dam Cold Water Release Facility,Vanderhoof,BC,Announced & Planning,Energy,275,53.566667,-124.95,Public,Clean Electricity,Yes,EN-CLEL,1,0,1,0,0
4116,2022,Alcan Aluminum Ltd. and the Province of BC,Kenney Dam Cold Water Release Facility,Vanderhoof,BC,Announced & Planning,Energy,275,53.566667,-124.95,Public,Clean Electricity,Yes,EN-CLEL,1,0,1,0,0
4116,2023,Alcan Aluminum Ltd. and the Province of BC,Kenney Dam Cold Water Release Facility,Vanderhoof,BC,Announced & Planning,Energy,275,53.566667,-124.95,Public,Clean Electricity,Yes,EN-CLEL,1,0,1,0,0
4116,2024,Alcan Aluminum Ltd. and the Province of BC,Kenney Dam Cold Water Release Facility,Vanderhoof,BC,Announced & Planning,Energy,275,53.566667,-124.95,Public,Clean Electricity,Yes,EN-CLEL,1,0,1,0,0
4117,2019,BC Hydro,Peace Region Electricity Supply Project,North Peace,BC,Under Construction,Energy,285,56.250412,-120.845861,Public,Clean Electricity,Yes,EN-CLEL,0,1,1,0,0
4117,2020,BC Hydro,Peace Region Electricity Supply Project,North Peace,BC,Under Construction,Energy,285,56.250412,-120.845861,Public,Clean Electricity,Yes,EN-CLEL,0,1,1,0,0
4117,2021,BC Hydro,Peace Region Electricity Supply Project,North Peace,BC,Under Construction,Energy,285,56.250412,-120.845861,Public,Clean Electricity,Yes,EN-CLEL,0,1,1,0,0
4117,2022,BC Hydro,Peace Region Electricity Supply Project,North Peace,BC,Under Construction,Energy,285,56.250412,-120.845861,Public,Clean Electricity,Yes,EN-CLEL,0,1,0,1,0
4119,2019,AltaGas / Vopak Development Canada Inc.,Ridley Island Energy Export Facility (REEF),Prince Rupert,BC,In Review,Energy,750,54.314188,-130.322183,Private,"DER, Storage, EV",Yes,EN-DER,1,0,1,0,0
4119,2020,AltaGas / Vopak Development Canada Inc.,Ridley Island Energy Export Facility (REEF),Prince Rupert,BC,In Review,Energy,750,54.314188,-130.322183,Private,"DER, Storage, EV",Yes,EN-DER,1,0,1,0,0
4119,2021,AltaGas / Vopak Development Canada Inc.,Ridley Island Energy Export Facility (REEF),Prince Rupert,BC,In Review,Energy,750,54.314188,-130.322183,Private,"DER, Storage, EV",Yes,EN-DER,1,0,1,0,0
4119,2022,AltaGas / Vopak Development Canada Inc.,Ridley Island Energy Export Facility (REEF),Prince Rupert,BC,In Review,Energy,750,54.314188,-130.322183,Private,"DER, Storage, EV",Yes,EN-DER,1,0,1,0,0
4119,2023,AltaGas / Vopak Development Canada Inc.,Ridley Island Energy Export Facility (REEF),Prince Rupert,BC,In Review,Energy,750,54.314188,-130.322183,Private,"DER, Storage, EV",Yes,EN-DER,1,0,1,0,0
4119,2024,AltaGas / Vopak Development Canada Inc.,Ridley Island Energy Export Facility (REEF),Prince Rupert,BC,In Review,Energy,750,54.314188,-130.322183,Private,"DER, Storage, EV",Yes,EN-DER,1,0,1,0,0
4122,2020,Teck Resources/NGEx Resources,GJ Kinaskan Lake Copper-Gold Project,Iskut,BC,In Review,Mining,,57.666667,-130.25,Private,Precious Metal,No,MIN-PM,1,0,1,0,0
4122,2021,Teck Resources/NGEx Resources,GJ Kinaskan Lake Copper-Gold Project,Iskut,BC,Announced & Planning,Mining,,57.666667,-130.25,Private,Precious Metal,No,MIN-PM,1,0,1,0,0
4122,2022,Teck Resources/NGEx Resources,GJ Kinaskan Lake Copper-Gold Project,Iskut,BC,Announced & Planning,Mining,216,57.666667,-130.25,Private,Precious Metal,No,MIN-PM,1,0,1,0,0
4122,2023,Teck Resources/NGEx Resources,GJ Kinaskan Lake Copper-Gold Project,Iskut,BC,Announced & Planning,Mining,216,57.666667,-130.25,Private,Precious Metal,No,MIN-PM,1,0,0,0,1
4123,2020,Fortis BC Inc.,Nicola Lake Hydro Project,Merritt,BC,Announced & Planning,Energy,,,,Private,Clean Electricity,Yes,EN-CLEL,1,0,1,0,0
4123,2021,Fortis BC Inc.,Nicola Lake Hydro Project,Merritt,BC,Announced & Planning,Energy,,50.19,-120.53,Private,Clean Electricity,Yes,EN-CLEL,1,0,1,0,0
4123,2022,Fortis BC Inc.,Nicola Lake Hydro Project,Merritt,BC,Announced & Planning,Energy,,50.19,-120.53,Private,Clean Electricity,Yes,EN-CLEL,1,0,0,0,1
4124,2019,Selkirk Metals Corp.,Gold Mine,Tofino,BC,Announced & Planning,Mining,,49.25546,-125.67439,Private,Precious Metal,No,MIN-PM,1,0,1,0,0
4124,2020,Selkirk Metals Corp.,Gold Mine,Tofino,BC,In Review,Mining,,49.25546,-125.67439,Private,Precious Metal,No,MIN-PM,1,0,1,0,0
4124,2021,Selkirk Metals Corp.,Tofino,Tofino,BC,In Review,Mining,,49.25546,-125.67439,Private,Precious Metal,No,MIN-PM,1,0,1,0,0
4124,2022,Imperial Metals Corp.,Catface,Tofino,BC,In Review,Mining,,49.25546,-125.67439,Private,Precious Metal,No,MIN-PM,1,0,0,0,1
4125,2019,Nisgaa Nation,Nisgaa LNG,Nasoga Gulf,BC,Announced & Planning,Energy,,54.901569,-130.072604,Private,Oil & Gas - Downstream,No,EN-OG-D,1,0,1,0,0
4125,2020,Nisgaa Nation,Nisgaa LNG,Nasoga Gulf,BC,Announced & Planning,Energy,,54.901569,-130.072604,Private,Oil & Gas - Downstream,No,EN-OG-D,1,0,1,0,0
4125,2021,Nisgaa Nation,Nisgaa LNG,Nasoga Gulf,BC,Announced & Planning,Energy,,54.901569,-130.072604,Private,Oil & Gas - Downstream,No,EN-OG-D,1,0,1,0,0
4125,2024,Nisgaa Nation,Nisgaa LNG,Nasoga Gulf,BC,Announced & Planning,Energy,10000,54.901569,-130.072604,Private,Oil & Gas - Downstream,No,EN-OG-D,1,0,1,0,0
4126,2019,Devon Energy Corporation/ BP JV,Pike,,AB,Announced & Planning,Energy,1900,55.599405,-110.995766,Private,Clean Electricity,Yes,EN-CLEL,1,0,1,0,0
4126,2020,Devon Energy Corporation/ BP JV,Pike,,AB,Announced & Planning,Energy,1900,55.599405,-110.995766,Private,Clean Electricity,Yes,EN-CLEL,1,0,1,0,0
4126,2021,Devon Energy Corporation/ BP JV,Pike,Regional Municipality of Wood Buffalo,AB,Announced & Planning,Energy,1900,55.599405,-110.995766,Private,Clean Electricity,Yes,EN-CLEL,1,0,1,0,0
4126,2022,Devon Energy Corporation/ BP JV,Pike,Regional Municipality of Wood Buffalo,AB,Announced & Planning,Energy,1900,55.599405,-110.995766,Private,Clean Electricity,Yes,EN-CLEL,1,0,1,0,0
4126,2023,Devon Energy Corporation/ BP JV,Pike,Regional Municipality of Wood Buffalo,AB,Announced & Planning,Energy,1900,55.599405,-110.995766,Private,Clean Electricity,Yes,EN-CLEL,1,0,1,0,0
4126,2024,Devon Energy Corporation/ BP JV,Pike,Regional Municipality of Wood Buffalo,AB,Announced & Planning,Energy,1900,55.599405,-110.995766,Private,Clean Electricity,Yes,EN-CLEL,1,0,1,0,0
4128,2019,Gibson Energy Inc.,Hardisty Terminal Expansion,Hardisty,AB,Under Construction,Energy,300,52.669877,-111.311671,Private,Oil & Gas - Downstream,No,EN-OG-D,0,1,1,0,0
4128,2020,Gibson Energy Inc.,Hardisty Terminal Expansion,Hardisty,AB,Under Construction,Energy,950,52.669877,-111.311671,Private,Oil & Gas - Downstream,No,EN-OG-D,0,1,1,0,0
4128,2021,Gibson Energy Inc.,Hardisty Terminal Expansion,Hardisty,AB,Under Construction,Energy,950,52.669877,-111.311671,Private,Oil & Gas - Downstream,No,EN-OG-D,0,1,0,1,0
4129,2019,Pembina Pipelines Corp.,Peace Pipeline Expansion,"Phase 7 includes a new 20-inch, approximately 220-kilometer pipeline in the LaGlace-Valleyview-Fox Creek corridor, as well as six new pump stations, between LaGlace and Edmonton, Alberta.",AB,Under Construction,Energy,950,55.404987,-119.154484,Private,Trans & Distr,No,EN-T&D,0,1,1,0,0
4129,2020,Pembina Pipelines Corp.,Peace Pipeline Expansion,"Phase 7 includes a new 20-inch, approximately 220-kilometer pipeline in the LaGlace-Valleyview-Fox Creek corridor, as well as six new pump stations, between LaGlace and Edmonton, Alberta.",AB,Under Construction,Energy,950,55.404987,-119.154484,Private,Trans & Distr,No,EN-T&D,0,1,1,0,0
4129,2021,Pembina Pipeline Corporation,Peace Pipeline Expansion,"LaGlace to Edmonton, Alberta.",AB,Under Construction,Energy,950,55.404987,-119.154484,Private,Trans & Distr,No,EN-T&D,0,1,1,0,0
4129,2022,Pembina Pipeline Corporation,Peace Pipeline Expansion (Phase 7),"LaGlace to Edmonton, Alberta.",AB,Under Construction,Energy,665,55.404987,-119.154484,Private,Trans & Distr,No,EN-T&D,0,1,0,1,0
4130,2019,Pembina Pipelines Corp.,Peace Pipeline Expansion,"Phase 8 will include new 10- and 16-inch pipelines in the Gordondale to La Glace corridor of Alberta, as well as six new pump stations or terminal upgrades located between Gordondale and Fox Creek, Alta. Phase VIII will enable segregated pipeline service for ethane-plus and propane-plus NGL mix from the central Montney area at Gordondale, Alta., into the Edmonton area for market delivery.",AB,Announced & Planning,Energy,500,55.404987,-119.154484,Private,Trans & Distr,No,EN-T&D,1,0,1,0,0
4130,2020,Pembina Pipelines Corp.,Peace Pipeline Expansion,"Phase 8 will include new 10- and 16-inch pipelines in the Gordondale to La Glace corridor of Alberta, as well as six new pump stations or terminal upgrades located between Gordondale and Fox Creek, Alta. Phase VIII will enable segregated pipeline service for ethane-plus and propane-plus NGL mix from the central Montney area at Gordondale, Alta., into the Edmonton area for market delivery.",AB,Announced & Planning,Energy,500,55.404987,-119.154484,Private,Trans & Distr,No,EN-T&D,1,0,1,0,0
4130,2021,Pembina Pipeline Corporation,Peace Pipeline Expansion (Phase 8),Gordondale to La Glace corridor,AB,Announced & Planning,Energy,500,55.404987,-119.154484,Private,Trans & Distr,No,EN-T&D,1,0,1,0,0
4130,2022,Pembina Pipeline Corporation,Peace Pipeline Expansion (Phase 8),Gordondale to La Glace corridor,AB,Announced & Planning,Energy,500,55.404987,-119.154484,Private,Trans & Distr,No,EN-T&D,1,0,1,0,0
4130,2023,Pembina Pipeline Corporation,Peace Pipeline Expansion (Phase 8),Gordondale to La Glace corridor,AB,Under Construction,Energy,530,55.404987,-119.540758,Private,Trans & Distr,No,EN-T&D,0,1,0,1,0
4131,2019,Pembina Pipinelines Corp. / NuVista JV,Hythe Development,Expansion of Hythe Gas Plant along with a new 60 km 12-in sour gas pipeline,AB,Under Construction,Energy,380,53.947886,-113.112406,Private,Clean Electricity,Yes,EN-CLEL,0,1,1,0,0
4131,2020,Pembina Pipinelines Corp. / NuVista JV,Hythe Development,Expansion of Hythe Gas Plant along with a new 60 km 12-in sour gas pipeline,AB,Under Construction,Energy,380,53.947886,-113.112406,Private,Clean Electricity,Yes,EN-CLEL,0,1,0,1,0
4132,2019,Pembina Pipinelines Corp. / NuVista JV,Duvernay III,,AB,Under Construction,Energy,165,53.771996,-111.685353,Private,Clean Electricity,Yes,EN-CLEL,0,1,1,0,0
4132,2020,Pembina Pipinelines Corp. / NuVista JV,Duvernay III,,AB,Under Construction,Energy,165,53.771996,-111.685353,Private,Clean Electricity,Yes,EN-CLEL,0,1,0,1,0
4133,2019,SinoCan Global,SinoCan Global Upgrader and Petrochemical Facility,Lamont County,AB,Announced & Planning,Energy,8500,53.737388,-112.476887,Private,Oil & Gas - Downstream,No,EN-OG-D,1,0,1,0,0
4133,2020,SinoCan Global,SinoCan Global Upgrader and Petrochemical Facility,Lamont County,AB,Announced & Planning,Energy,8500,53.737388,-112.476887,Private,Oil & Gas - Downstream,No,EN-OG-D,1,0,1,0,0
4133,2021,SinoCan Global,SinoCan Global Upgrader and Petrochemical Facility,Lamont County,AB,Announced & Planning,Energy,8500,53.737388,-112.476887,Private,Oil & Gas - Downstream,No,EN-OG-D,1,0,1,0,0
4133,2022,SinoCan Global,SinoCan Global Upgrader and Petrochemical Facility,Lamont County,AB,Announced & Planning,Energy,8500,53.737388,-112.476887,Private,Oil & Gas - Downstream,No,EN-OG-D,1,0,1,0,0
4133,2023,SinoCan Global,SinoCan Global Upgrader and Petrochemical Facility,Lamont County,AB,Announced & Planning,Energy,8500,53.737388,-112.476887,Private,Oil & Gas - Downstream,No,EN-OG-D,1,0,0,0,1
4134,2019,Nauticol Energy,Nauticol Methanol Plant,Grande Prairie County,AB,Announced & Planning,Energy,2000,55.153707,-118.734061,Private,Low Carbon Fuels,Yes,EN-LCF,1,0,1,0,0
4134,2020,Nauticol Energy,Nauticol Methanol Plant,Grande Prairie County,AB,Announced & Planning,Energy,2000,55.153707,-118.734061,Private,Low Carbon Fuels,Yes,EN-LCF,1,0,1,0,0
4134,2021,Nauticol Energy,Nauticol Methanol Plant,Grande Prairie County,AB,Announced & Planning,Energy,2000,55.153707,-118.734061,Private,Low Carbon Fuels,Yes,EN-LCF,1,0,1,0,0
4134,2022,Nauticol Energy,Nauticol Methanol Plant,Grande Prairie County,AB,Announced & Planning,Energy,4000,55.153707,-118.734061,Private,Low Carbon Fuels,Yes,EN-LCF,1,0,0,0,1
4135,2019,Fengate Capital Management,Central Utility Block (for Heartland Petrochemical Complex),Strathcona County,AB,Under Construction,Energy,600,53.544524,-113.309361,Private,Oil & Gas - Downstream,No,EN-OG-D,0,1,1,0,0
4135,2020,Fengate Capital Management,Central Utility Block (for Heartland Petrochemical Complex),Strathcona County,AB,Under Construction,Energy,600,53.544524,-113.309361,Private,Oil & Gas - Downstream,No,EN-OG-D,0,1,0,1,0
4136,2019,Inter Pipeline Corp,Acrylic Acid Plant,Strathcona County,AB,Announced & Planning,Energy,600,53.836613,-113.067894,Private,Waste Biomass,Yes,EN-BIO,1,0,1,0,0
4136,2020,Inter Pipeline Corp,Acrylic Acid Plant,Strathcona County,AB,Announced & Planning,Energy,600,53.836613,-113.067894,Private,Waste Biomass,Yes,EN-BIO,1,0,0,0,1
4137,2019,Wapahki Energy /CN Rail JV,Canapux Bitumen Processing Facility,Lac la Biche County,AB,Announced & Planning,Energy,50,54.784671,-111.933917,Private,Oil & Gas - Upstream,No,EN-OG-U,1,0,1,0,0
4137,2020,Wapahki Energy /CN Rail JV,Canapux Bitumen Processing Facility,Lac la Biche County,AB,Announced & Planning,Energy,50,54.784671,-111.933917,Private,Oil & Gas - Upstream,No,EN-OG-U,1,0,1,0,0
4137,2021,Wapahki Energy /CN Rail JV,Canapux Bitumen Processing Facility,Lac la Biche County,AB,Announced & Planning,Energy,50,54.784671,-111.933917,Private,Oil & Gas - Upstream,No,EN-OG-U,1,0,1,0,0
4137,2022,Wapahki Energy /CN Rail JV,Canapux Bitumen Processing Facility,Lac la Biche County,AB,Announced & Planning,Energy,50,54.784671,-111.933917,Private,Oil & Gas - Upstream,No,EN-OG-U,1,0,1,0,0
4137,2023,Wapahki Energy /CN Rail JV,Canapux Bitumen Processing Facility,Lac la Biche County,AB,Announced & Planning,Energy,50,54.784671,-111.933917,Private,Oil & Gas - Upstream,No,EN-OG-U,1,0,0,0,1
4138,2019,DP Energy,South Calgary Solar Facility,Calgary,AB,Announced & Planning,Energy,50,50.952488,-113.983022,Private,Clean Electricity,Yes,EN-CLEL,1,0,1,0,0
4138,2020,DP Energy,South Calgary Solar Facility,Calgary,AB,In Review,Energy,50,50.952488,-113.983022,Private,Clean Electricity,Yes,EN-CLEL,1,0,1,0,0
4138,2021,DP Energy,South Calgary Solar Facility,Calgary,AB,Approved,Energy,50,50.952488,-113.983022,Private,Clean Electricity,Yes,EN-CLEL,1,0,1,0,0
4138,2022,DP Energy,Barlow Solar Park,Calgary,AB,Under Construction,Energy,50,50.952488,-113.983022,Private,Clean Electricity,Yes,EN-CLEL,0,1,0,1,0
4143,2019,Calibre Mining (previously Marathon Gold Corporation),Valentine Gold Mine,"55 km SW of Millertown, NL",NL,In Review,Mining,472.55,48.4182,-57.0736,Private,Precious Metal,No,MIN-PM,1,0,1,0,0
4143,2020,Calibre Mining (previously Marathon Gold Corporation),Valentine Gold Mine,"55 km SW of Millertown, NL",NL,In Review,Mining,272,48.4182,-57.0736,Private,Precious Metal,No,MIN-PM,1,0,1,0,0
4143,2021,Calibre Mining (previously Marathon Gold Corporation),Valentine Gold Mine,"55 km SW of Millertown, NL",NL,In Review,Mining,305,48.4182,-57.0736,Private,Precious Metal,No,MIN-PM,1,0,1,0,0
4143,2022,Calibre Mining (previously Marathon Gold Corporation),Valentine Gold Mine,"55 km SW of Millertown, NL",NL,Approved,Mining,305,48.4182,-57.0736,Private,Precious Metal,No,MIN-PM,1,0,1,0,0
4143,2023,Calibre Mining (previously Marathon Gold Corporation),Valentine Gold Mine,"55 km SW of Millertown, NL",NL,Under Construction,Mining,534,48.4182,-57.0736,Private,Precious Metal,No,MIN-PM,0,1,1,0,0
4143,2024,Calibre Mining (previously Marathon Gold Corporation),Valentine Gold Mine,"55 km SW of Millertown, NL",NL,Under Construction,Mining,534,48.4182,-57.0736,Private,Precious Metal,No,MIN-PM,0,1,1,0,0
4146,2019,Newfoundland & Labrador,Regional Assessment of Offshore Oil and Gas Exploratory Drilling East of Newfoundland and Labrador,Offshore Newfoundland,NL,In Review,Energy,,,,Public,Oil & Gas - Upstream,No,EN-OG-U,1,0,1,0,0
4146,2020,Newfoundland & Labrador,Regional Assessment of Offshore Oil and Gas Exploratory Drilling East of Newfoundland and Labrador,Offshore Newfoundland,NL,In Review,Energy,,,,Public,Oil & Gas - Upstream,No,EN-OG-U,1,0,1,0,0
4146,2021,Newfoundland & Labrador,Regional Assessment of Offshore Oil and Gas Exploratory Drilling East of Newfoundland and Labrador,Offshore Newfoundland,NL,In Review,Energy,,47.5,-47.5,Public,Oil & Gas - Upstream,No,EN-OG-U,1,0,0,0,1
4147,2019,Pure Gold Mining Inc.,Madsen,8 km SW of Red Lake,ON,Announced & Planning,Mining,95.1,50.96932,-93.93847,Private,Precious Metal,No,MIN-PM,1,0,1,0,0
4147,2020,Pure Gold Mining Inc.,Madsen,8 km SW of Red Lake,ON,Under Construction,Mining,95.1,50.96932,-93.93847,Private,Precious Metal,No,MIN-PM,0,1,1,0,0
4147,2021,Pure Gold Mining Inc.,Madsen,8 km SW of Red Lake,ON,Under Construction,Mining,95.1,50.96932,-93.93847,Private,Precious Metal,No,MIN-PM,0,1,0,1,0
4148,2019,Ontario Power Generation,Ranney Falls Expansion,Campbellford,ON,Under Construction,Energy,77,44.291781,-77.8011811,Public,Other,Yes,EN-OTH,0,1,1,0,0
4148,2020,Ontario Power Generation,Ranney Falls Expansion,Campbellford,ON,Under Construction,Energy,77,44.291781,-77.8011811,Public,Other,Yes,EN-OTH,0,1,1,0,0
4148,2021,Ontario Power Generation,Ranney Falls Expansion,Campbellford,ON,Under Construction,Energy,77,44.291781,-77.8011811,Public,Other,Yes,EN-OTH,0,1,1,0,0
4148,2022,Ontario Power Generation,Ranney Falls Expansion,Campbellford,ON,Under Construction,Energy,77,44.291781,-77.8011811,Public,Other,Yes,EN-OTH,0,1,1,0,0
4148,2023,Ontario Power Generation,Ranney Falls Expansion,Campbellford,ON,Under Construction,Energy,77,44.291781,-77.8011811,Public,Other,Yes,EN-OTH,0,1,1,0,0
4148,2024,Ontario Power Generation,Ranney Falls Expansion,Campbellford,ON,Under Construction,Energy,77,44.291781,-77.8011811,Public,Other,Yes,EN-OTH,0,1,1,0,0
4151,2019,TransCanada Pipelines,Maple Compressor Expansion Project,Maple,ON,Under Construction,Energy,110,43.851391,-79.527467,Private,Other,Yes,EN-OTH,0,1,0,1,0
4152,2019,Corporation Aurifres Monarques,Croinor,Val-d'Or,QC,In Review,Mining,50.7,48.345611,-77.268868,Private,Other,No,MIN-OTH,1,0,0,0,1
4153,2019,DP Energy Limited (Haligonia Tidal Energy Ltd. / Rio Fundo Operations Canada Ltd.),Uisce Tapa In-Stream Tidal Energy Project,Bay of fundy,NS,Approved,Energy,117,45.367408,-63.70584,Private,Clean Electricity,Yes,EN-CLEL,1,0,1,0,0
4153,2020,DP Energy Limited (Haligonia Tidal Energy Ltd. / Rio Fundo Operations Canada Ltd.),Uisce Tapa In-Stream Tidal Energy Project,Bay of Fundy,NS,Approved,Energy,117,,,Private,Clean Electricity,Yes,EN-CLEL,1,0,1,0,0
4153,2021,DP Energy Limited (Haligonia Tidal Energy Ltd. / Rio Fundo Operations Canada Ltd.),Uisce Tapa In-Stream Tidal Energy Project,Bay of Fundy,NS,Approved,Energy,117,45.364649,-64.428453,Private,Clean Electricity,Yes,EN-CLEL,1,0,1,0,0
4153,2022,DP Energy Limited (Haligonia Tidal Energy Ltd. / Rio Fundo Operations Canada Ltd.),Uisce Tapa In-Stream Tidal Energy Project,Bay of Fundy,NS,Approved,Energy,117,45.364649,-64.428453,Private,Clean Electricity,Yes,EN-CLEL,1,0,1,0,0
4153,2023,DP Energy Limited (Haligonia Tidal Energy Ltd. / Rio Fundo Operations Canada Ltd.),Uisce Tapa In-Stream Tidal Energy Project,Bay of Fundy,NS,Approved,Energy,117,45.364649,-64.428453,Private,Clean Electricity,Yes,EN-CLEL,1,0,1,0,0
4153,2024,DP Energy Limited (Haligonia Tidal Energy Ltd. / Rio Fundo Operations Canada Ltd.),Uisce Tapa In-Stream Tidal Energy Project,Bay of Fundy,NS,Approved,Energy,117,45.364649,-64.428453,Private,Clean Electricity,Yes,EN-CLEL,1,0,1,0,0
4154,2019,Sustane Technologies,Sustane Chester,"Chester, NS",NS,Under Construction,Energy,16,44.71885,-64.239591,Private,Other,Yes,EN-OTH,0,1,1,0,0
4154,2020,Sustane Technologies,Sustane Chester,"Chester, NS",NS,Under Construction,Energy,16,44.71885,-64.239591,Private,Other,Yes,EN-OTH,0,1,1,0,0
4154,2021,Sustane Technologies,Sustane Chester,"Chester, NS",NS,Under Construction,Energy,16,44.71885,-64.239591,Private,Other,Yes,EN-OTH,0,1,1,0,0
4154,2022,Sustane Technologies,Sustane Chester,"Chester, NS",NS,Under Construction,Energy,16,44.71885,-64.239591,Private,Other,Yes,EN-OTH,0,1,1,0,0
4154,2023,Sustane Technologies,Sustane Chester,"Chester, NS",NS,Under Construction,Energy,16,44.71885,-64.239591,Private,Other,Yes,EN-OTH,0,1,1,0,0
4154,2024,Sustane Technologies,Sustane Chester,"Chester, NS",NS,Under Construction,Energy,16,44.71885,-64.239591,Private,Other,Yes,EN-OTH,0,1,1,0,0
4155,2019,Eagle Hill Energy LP /Kwanlin D n First Nation,Haeckel Hill Wind Farm,Whitehorse,YK,Announced & Planning,Energy,20,60.779238,-135.273115,Private,Clean Electricity,Yes,EN-CLEL,1,0,1,0,0
4155,2020,Eagle Hill Energy LP /Kwanlin D n First Nation,Haeckel Hill Wind Farm,Whitehorse,YK,Announced & Planning,Energy,20,60.779238,-135.273115,Private,Clean Electricity,Yes,EN-CLEL,1,0,1,0,0
4155,2021,Chu Niikwan LP,Haeckel Hill Wind Farm,Whitehorse,YK,Announced & Planning,Energy,20,60.779238,-135.273115,Private,Clean Electricity,Yes,EN-CLEL,1,0,1,0,0
4155,2022,Chu Niikwan LP,Haeckel Hill Wind Farm,Whitehorse,YK,Under Construction,Energy,20,60.779238,-135.273115,Private,Clean Electricity,Yes,EN-CLEL,0,1,1,0,0
4155,2023,Chu Niikwan LP,Haeckel Hill Wind Farm,Whitehorse,YK,Under Construction,Energy,27,60.779238,-135.273115,Private,Clean Electricity,Yes,EN-CLEL,0,1,0,1,0
4156,2019,SaskPower,Birtle Tantallon line,,SK,Announced & Planning,Energy,,,,Public,Trans & Distr,No,EN-T&D,1,0,0,0,1
4157,2019,SaskPower,Golden South Wind Energy Facility,,SK,Announced & Planning,Energy,,,,Public,Clean Electricity,Yes,EN-CLEL,1,0,1,0,0
4157,2020,SaskPower,Golden South Wind Energy Facility,"Assiniboia, SK",SK,Announced & Planning,Energy,,,,Public,Clean Electricity,Yes,EN-CLEL,1,0,1,0,0
4157,2021,SaskPower,Golden South Wind Energy Facility,"Assiniboia, SK",SK,Under Construction,Energy,325,49.63428,-105.99204,Public,Clean Electricity,Yes,EN-CLEL,0,1,0,1,0
4158,2019,EDF Renewables,Sharp Hills wind farm (248 MW),"Hanna, 50 km north of Oyen",AB,Announced & Planning,Energy,510,51.359587,-110.488489,Private,Clean Electricity,Yes,EN-CLEL,1,0,1,0,0
4158,2020,EDF Renewables,Sharp Hills wind farm,"Hanna, 50 km north of Oyen",AB,Under Construction,Energy,510,51.359587,-110.488489,Private,Clean Electricity,Yes,EN-CLEL,0,1,1,0,0
4158,2021,EDP Renewables,Sharp Hills wind farm,"Hanna, 50 km north of Oyen",AB,Approved,Energy,410,51.359587,-110.488489,Private,Clean Electricity,Yes,EN-CLEL,1,0,1,0,0
4158,2022,EDP Renewables,Sharp Hills wind farm,"Hanna, 50 km north of Oyen",AB,Approved,Energy,420,51.359587,-110.488489,Private,Clean Electricity,Yes,EN-CLEL,1,0,1,0,0
4158,2023,EDP Renewables,Sharp Hills wind farm,"Hanna, 50 km north of Oyen",AB,Under Construction,Energy,420,51.359587,-110.488489,Private,Clean Electricity,Yes,EN-CLEL,0,1,0,1,0
4159,2019,Noront Resources Ltd.,Ferrochrome Processing Facility,Sault Ste. Marie,ON,Announced & Planning,Mining,1100,46.512756,-84.399697,Private,Other,No,MIN-OTH,1,0,1,0,0
4159,2020,Noront Resources Ltd.,Ferrochrome Processing Facility,Sault Ste. Marie,ON,Announced & Planning,Mining,1100,46.512756,-84.399697,Private,Other,No,MIN-OTH,1,0,1,0,0
4159,2021,Noront Resources Ltd.,Ferrochrome Processing Facility,Sault Ste. Marie,ON,Announced & Planning,Mining,1100,46.512756,-84.399697,Private,Other,No,MIN-OTH,1,0,1,0,0
4159,2022,Noront Resources Ltd.,Ferrochrome Processing Facility,Sault Ste. Marie,ON,Announced & Planning,Mining,1100,46.512756,-84.399697,Private,Other,No,MIN-OTH,1,0,0,0,1
4160,2020,Resolute Forest Products,New cellulose filament plant,Saguenay,QC,Announced & Planning,Forest,38,48.4252092,-71.2471027,Private,Other,Yes,FOR-OTH,1,0,1,0,0
4160,2021,Resolute Forest Products,New cellulose filament plant,Saguenay,QC,Announced & Planning,Forest,38,48.4252092,-71.2471027,Private,Other,Yes,FOR-OTH,1,0,1,0,0
4160,2022,Resolute Forest Products,New cellulose filament plant,Saguenay,QC,Announced & Planning,Forest,38,48.4252092,-71.2471027,Private,Other,Yes,FOR-OTH,1,0,0,0,1
4161,2020,Pinnacle and Tolko,High Level Wood Pellet Plant,High Level,AB,Under Construction,Forest,54,58.48355525,-117.1526241,Private,Other,Yes,FOR-OTH,0,1,0,1,0
4162,2020,Waroona Energy Inc.,Superior Lake (formerly Pick Lake/Winston Lake Zinc Project),150 km ENE of Thunder Bay,ON,Announced & Planning,Mining,115.2,49.011,-87.41,Private,Other,No,MIN-OTH,1,0,1,0,0
4162,2021,Waroona Energy Inc.,Superior Lake (formerly Pick Lake/Winston Lake Zinc Project),150 km ENE of Thunder Bay,ON,Announced & Planning,Mining,115.243,49.011,-87.41,Private,Other,No,MIN-OTH,1,0,1,0,0
4162,2022,Waroona Energy Inc.,Superior Lake (formerly Pick Lake/Winston Lake Zinc Project),150 km ENE of Thunder Bay,ON,Announced & Planning,Mining,145.0846,49.011,-87.41,Private,Other,No,MIN-OTH,1,0,1,0,0
4162,2023,Waroona Energy Inc.,Superior Lake (formerly Pick Lake/Winston Lake Zinc Project),150 km ENE of Thunder Bay,ON,Announced & Planning,Mining,145.0846,49.011,-87.41,Private,Other,No,MIN-OTH,1,0,1,0,0
4162,2024,Waroona Energy Inc.,Superior Lake (formerly Pick Lake/Winston Lake Zinc Project),150 km ENE of Thunder Bay,ON,Announced & Planning,Mining,145.0846,49.011,-87.41,Private,Other,No,MIN-OTH,1,0,1,0,0
4163,2020,Canadian Premium Sand,Wanipigow,160km to the east of the city of Winnipeg in the Manitoba,MB,Announced & Planning,Mining,124,,,Private,Other,No,MIN-OTH,1,0,1,0,0
4163,2021,Canadian Premium Sand,Wanipigow,Wanipigow,MB,Announced & Planning,Mining,124,51.19067,-95.63,Private,Other,No,MIN-OTH,1,0,1,0,0
4163,2022,Canadian Premium Sand,Wanipigow,Wanipigow,MB,Approved,Mining,124,51.19067,-95.63,Private,Other,No,MIN-OTH,1,0,1,0,0
4163,2023,Canadian Premium Sand,Wanipigow,Wanipigow,MB,Approved,Mining,124,51.19067,-95.63,Private,Other,No,MIN-OTH,1,0,1,0,0
4163,2024,Canadian Premium Sand,Wanipigow,Wanipigow,MB,Approved,Mining,124,,,Private,Other,No,MIN-OTH,1,0,1,0,0
4164,2020,Copper Mountain Mining Corp.,New Ingerbelle,70 km WSW of Penticton,BC,Announced & Planning,Mining,62.62,49.33,-120.53,Private,Critical Mineral,Yes,MIN-CM,1,0,1,0,0
4164,2021,Copper Mountain Mining Corp.,New Ingerbelle,70 km WSW of Penticton,BC,Announced & Planning,Mining,62.262,49.33,-120.53,Private,Critical Mineral,Yes,MIN-CM,1,0,1,0,0
4164,2024,Copper Mountain Mining Corp.,New Ingerbelle,70 km WSW of Penticton,BC,In Review,Mining,183,49.33,-120.53,Private,Critical Mineral,Yes,MIN-CM,1,0,1,0,0
4166,2020,Foran Mining Corp.,McIlvenna Bay,65 km W of Creighton,SK,Announced & Planning,Mining,261.3,54.66,-102.89,Private,Other,No,MIN-OTH,1,0,1,0,0
4166,2021,Foran Mining Corp.,McIlvenna Bay,65 km W of Creighton,SK,In Review,Mining,261.3,54.66,-102.89,Private,Other,No,MIN-OTH,1,0,1,0,0
4166,2022,Foran Mining Corp.,McIlvenna Bay,65 km W of Creighton,SK,In Review,Mining,337.4,54.66,-102.89,Private,Other,No,MIN-OTH,1,0,1,0,0
4166,2023,Foran Mining Corp.,McIlvenna Bay,65 km W of Creighton,SK,In Review,Mining,368,54.66,-102.89,Private,Other,No,MIN-OTH,1,0,1,0,0
4166,2024,Foran Mining Corp.,McIlvenna Bay,65 km W of Creighton,SK,Approved,Mining,368,54.66,-102.89,Private,Other,No,MIN-OTH,1,0,1,0,0
4167,2020,Electra Battery Materials Corp.,Cobalt Refinery Complex,5 km E of Cobalt,ON,Under Construction,Mining,78.94,47.40635,-79.62229,Private,Critical Mineral,Yes,MIN-CM,0,1,1,0,0
4167,2021,Electra Battery Materials Corp.,Cobalt Refinery Complex,5 km E of Cobalt,ON,Under Construction,Mining,78.94,47.40635,-79.62229,Private,Critical Mineral,Yes,MIN-CM,0,1,1,0,0
4167,2022,Electra Battery Materials Corp.,Cobalt Refinery Complex,5 km E of Cobalt,ON,Under Construction,Mining,76.489,47.40635,-79.62229,Private,Critical Mineral,Yes,MIN-CM,0,1,1,0,0
4167,2023,Electra Battery Materials Corp.,Cobalt Refinery Complex,5 km E of Cobalt,ON,Under Construction,Mining,155.7,47.40635,-79.62229,Private,Critical Mineral,Yes,MIN-CM,0,1,1,0,0
4167,2024,Electra Battery Materials Corp.,Cobalt Refinery Complex,5 km E of Cobalt,ON,Under Construction,Mining,77,47.40635,-79.62229,Private,Critical Mineral,Yes,MIN-CM,0,1,1,0,0
4168,2020,Alliance Magnesium,Alliance Magnesium Plant,Asbestos,QC,Under Construction,Mining,145,45.760379,-72.002255,Private,Critical Mineral,Yes,MIN-CM,0,1,1,0,0
4168,2021,Alliance Magnesium,Alliance Magnesium Plant,Asbestos,QC,Under Construction,Mining,145,45.760379,-72.002255,Private,Critical Mineral,Yes,MIN-CM,0,1,1,0,0
4168,2022,Alliance Magnesium,Alliance Magnesium Plant,Asbestos,QC,Under Construction,Mining,145,45.760379,-72.002255,Private,Critical Mineral,Yes,MIN-CM,0,1,1,0,0
4168,2023,Alliance Magnesium,Alliance Magnesium Plant,Asbestos,QC,Under Construction,Mining,145,45.760379,-72.002255,Private,Critical Mineral,Yes,MIN-CM,0,1,1,0,0
4168,2024,Alliance Magnesium,Alliance Magnesium Plant,Asbestos,QC,Under Construction,Mining,145,45.760379,-72.002255,Private,Critical Mineral,Yes,MIN-CM,0,1,1,0,0
4169,2020,Allegiance Coal,Telkwa (Delete same project as Tenas Project (ID3610),,BC,Announced & Planning,Mining,54.3,,,Private,Coal,No,MIN-COAL,1,0,1,0,0
4169,2021,Allegiance Coal,Telkwa (Delete same project as Tenas Project (ID3610),Telkwa,BC,Announced & Planning,Mining,73.216,54.6,-127.185,Private,Coal,No,MIN-COAL,1,0,1,0,0
4169,2022,Allegiance Coal,Telkwa (Delete same project as Tenas Project (ID3610),Telkwa,BC,Announced & Planning,Mining,73.216,54.6,-127.185,Private,Coal,No,MIN-COAL,1,0,1,0,0
4169,2023,Allegiance Coal,Telkwa (Delete same project as Tenas Project (ID3610),Telkwa,BC,Announced & Planning,Mining,73.216,54.6,-127.185,Private,Coal,No,MIN-COAL,1,0,1,0,0
4169,2024,Allegiance Coal,Telkwa (Delete same project as Tenas Project (ID3610),Telkwa,BC,Announced & Planning,Mining,73.216,54.6,-127.185,Private,Coal,No,MIN-COAL,1,0,1,0,0
4170,2020,FortisBC,Tilbury Phase 2 LNG Expansion,Tilbury Island,BC,Announced & Planning,Energy,,,,Private,Oil & Gas - Downstream,No,EN-OG-D,1,0,1,0,0
4170,2021,FortisBC,Tilbury LNG Expansion,Tilbury Island,BC,Announced & Planning,Mining,,49.141,-123.03,Private,Oil & Gas - Downstream,No,EN-OG-D,1,0,1,0,0
4170,2022,FortisBC,Tilbury LNG Expansion,Tilbury Island,BC,Announced & Planning,Mining,,49.141,-123.03,Private,Oil & Gas - Downstream,No,EN-OG-D,1,0,0,0,1
4171,2020,FortisBC,Tilbury 1A and 1B Marine Terminal,Tilbury Island,BC,In Review,Energy,,,,Private,Oil & Gas - Downstream,No,EN-OG-D,1,0,1,0,0
4171,2021,FortisBC,Tilbury 1A and 1B Marine Terminal,Tilbury Island,BC,In Review,Energy,,49.14245,-123.03731,Private,Oil & Gas - Downstream,No,EN-OG-D,1,0,0,0,1
4172,2020,NGTL,NGTL Westpath Delivery project 2023,"Turner Valley, High River, and Pincher Creek",AB,Announced & Planning,Energy,1200,,,Private,Other,Yes,EN-OTH,1,0,1,0,0
4172,2021,NOVA Gas Transmission Ltd. (NGTL),NGTL West Path Delivery 2023,"Turner Valley, High River, and Pincher Creek",AB,In Review,Energy,1200,49.62087686,-114.3658118,Private,Other,Yes,EN-OTH,1,0,1,0,0
4172,2022,NOVA Gas Transmission Ltd. (NGTL),NGTL West Path Delivery 2023,"Turner Valley, High River, and Pincher Creek",AB,In Review,Energy,1200,49.62087686,-114.3658118,Private,Other,Yes,EN-OTH,1,0,1,0,0
4172,2023,NOVA Gas Transmission Ltd. (NGTL),NGTL West Path Delivery 2023,"Turner Valley, High River, and Pincher Creek",AB,Under Construction,Energy,355.5,49.62087686,-114.3658118,Private,Other,Yes,EN-OTH,0,1,0,1,0
4172.1,2022,NOVA Gas Transmission Ltd.,NGTL West Path Delivery 2023 Project,"Turner Valley, High River, and Pincher Creek",AB,In Review,Energy,355,49.62087686,-114.3658118,Private,Clean Electricity,Yes,EN-CLEL,1,0,0,0,1
4173,2020,SJ Energy,Burchill Wind Energy,"Saint John, NB",NB,In Review,Energy,60,44.9396862,-66.3059377,Private,Clean Electricity,Yes,EN-CLEL,1,0,1,0,0
4173,2021,SJ Energy,Burchill Wind Energy,Saint John,NB,Approved,Energy,60,44.9396862,-66.3059377,Private,Clean Electricity,Yes,EN-CLEL,1,0,1,0,0
4173,2022,SJ Energy,Burchill Wind Energy,Saint John,NB,Approved,Energy,60,44.9396862,-66.3059377,Private,Clean Electricity,Yes,EN-CLEL,1,0,1,0,0
4173,2023,SJ Energy,Burchill Wind Energy,Saint John,NB,Approved,Energy,60,44.9396862,-66.3059377,Private,Clean Electricity,Yes,EN-CLEL,1,0,0,0,1
4174,2020,Kahnawake Sustainable Energies (KSE) et Kruger,Des cultures,Saint-R mi; Saint-Michel,QC,Approved,Energy,73.3,45.2153732,-73.620353,Private,Other,Yes,EN-OTH,1,0,1,0,0
4174,2021,Kahnawake Sustainable Energies (KSE) et Kruger,Des cultures,Saint-R mi; Saint-Michel,QC,Under Construction,Energy,73.3,45.2153732,-73.620353,Private,Other,Yes,EN-OTH,0,1,1,0,0
4174,2022,Kahnawake Sustainable Energies (KSE) et Kruger,Des cultures,Saint-R mi; Saint-Michel,QC,Under Construction,Energy,73.3,45.2153732,-73.620353,Private,Other,Yes,EN-OTH,0,1,1,0,0
4174,2023,Kahnawake Sustainable Energies (KSE) et Kruger,Des cultures,Saint-R mi; Saint-Michel,QC,Under Construction,Energy,73.3,45.2153732,-73.620353,Private,Other,Yes,EN-OTH,0,1,0,1,0
4175,2020,Parc aolien Dune-du-Nord,Dune-du-Nord,Iles-de-la-Madeleine,QC,Under Construction,Energy,25,47.569431,-61.632917,Private,Other,Yes,EN-OTH,0,1,1,0,0
4175,2021,Parc aolien Dune-du-Nord,Dune-du-Nord,Iles-de-la-Madeleine,QC,Under Construction,Energy,25,47.569431,-61.632917,Private,Other,Yes,EN-OTH,0,1,0,1,0
4176,2020,Innergex et corporation foncire Pituvik,Centrale hydro lectrique Innavik,Inukjuak,QC,Announced & Planning,Energy,125,58.4521551,-78.0972785,Private,Clean Electricity,Yes,EN-CLEL,1,0,1,0,0
4176,2021,Innergex et corporation foncire Pituvik,Centrale hydro lectrique Innavik,Inukjuak,QC,Announced & Planning,Energy,127,58.4521551,-78.0972785,Private,Clean Electricity,Yes,EN-CLEL,1,0,1,0,0
4176,2022,Innergex et corporation foncire Pituvik,Centrale hydro lectrique Innavik,Inukjuak,QC,Announced & Planning,Energy,127,58.4521551,-78.0972785,Private,Clean Electricity,Yes,EN-CLEL,1,0,1,0,0
4176,2023,Innergex et corporation foncire Pituvik,Centrale hydro lectrique Innavik,Inukjuak,QC,Announced & Planning,Energy,127,58.4521551,-78.0972785,Private,Clean Electricity,Yes,EN-CLEL,1,0,0,0,1
4177,2020,Gibson Energy Inc. & US Development Group,Hardisty Diluent Recovery Unit (DRU),Hardisty,AB,Under Construction,Energy,500,52.626397,-111.281796,Private,Clean Electricity,Yes,EN-CLEL,0,1,0,1,0
4178,2020,Suncor Energy Inc.,Suncor Power Cogeneration Units,Wood Buffalo,AB,Announced & Planning,Energy,1400,56.99718408,-111.4805031,Private,NG Power Gen,No,EN-NGPG,1,0,1,0,0
4178,2021,Suncor Energy Inc.,Suncor Power Cogeneration Units,Regional Municipality of Wood Buffalo,AB,Under Construction,Energy,1400,56.99718408,-111.4805031,Private,NG Power Gen,No,EN-NGPG,0,1,1,0,0
4178,2022,Suncor Energy Inc.,Suncor Power Cogeneration Units,Regional Municipality of Wood Buffalo,AB,Under Construction,Energy,1400,56.99718408,-111.4805031,Private,NG Power Gen,No,EN-NGPG,0,1,1,0,0
4178,2023,Suncor Energy Inc.,Suncor Power Cogeneration Units,Regional Municipality of Wood Buffalo,AB,Under Construction,Energy,1400,56.99718408,-111.4805031,Private,NG Power Gen,No,EN-NGPG,0,1,1,0,0
4178,2024,Suncor Energy Inc.,Suncor Power Cogeneration Units,Regional Municipality of Wood Buffalo,AB,Under Construction,Energy,1400,56.99718408,-111.4805031,Private,NG Power Gen,No,EN-NGPG,0,1,1,0,0
4179,2020,Cenovus Energy Inc.,Christina Lake Phase H Expansion,Wood Buffalo,AB,Announced & Planning,Energy,1300,55.58015497,-110.8887005,Private,Other,Yes,EN-OTH,1,0,1,0,0
4179,2021,Cenovus Energy Inc.,Christina Lake Expansion,Regional Municipality of Wood Buffalo,AB,Announced & Planning,Energy,1300,55.58015497,-110.8887005,Private,Other,Yes,EN-OTH,1,0,1,0,0
4179,2022,Cenovus Energy Inc.,Christina Lake Expansion (Phase H),Regional Municipality of Wood Buffalo,AB,Announced & Planning,Energy,1300,55.58015497,-110.8887005,Private,Other,Yes,EN-OTH,1,0,1,0,0
4179,2023,Cenovus Energy Inc.,Christina Lake Expansion (Phase H),Regional Municipality of Wood Buffalo,AB,Announced & Planning,Energy,1300,55.58015497,-110.8887005,Private,Other,Yes,EN-OTH,1,0,0,0,1
4180,2020,TC Energy Corporation,2023 NGTL Intra-Basin System Expansion,Greenview No. 16|Yellowhead County,AB,Announced & Planning,Energy,900,53.85311515,-116.5869141,Private,Other,Yes,EN-OTH,1,0,1,0,0
4180,2021,TC Energy Corporation,2023 North Corridor System Expansion Project,Greenview No. 16|Yellowhead County,AB,Announced & Planning,Energy,632,53.85311515,-116.5869141,Private,Other,Yes,EN-OTH,1,0,1,0,0
4180,2022,TC Energy Corporation,2023 North Corridor System Expansion Project,Greenview No. 16|Yellowhead County,AB,Announced & Planning,Energy,632,53.85311515,-116.5869141,Private,Other,Yes,EN-OTH,1,0,1,0,0
4180,2023,TC Energy Corporation,2023 North Corridor System Expansion Project,Greenview No. 16|Yellowhead County,AB,Under Construction,Energy,632,53.85311515,-116.5869141,Private,Other,Yes,EN-OTH,0,1,0,1,0
4181,2020,Nova Gas Transmission,Edson Mainline Expansion Project,Clearwater County|Yellowhead County,AB,Announced & Planning,Energy,509,0,,Private,Trans & Distr,No,EN-T&D,1,0,1,0,0
4181,2021,NOVA Gas Transmission Ltd.,Edson Mainline Expansion Project,Clearwater County/Yellowhead County,AB,Approved,Energy,509,53.04781796,-116.2957764,Private,Trans & Distr,No,EN-T&D,1,0,1,0,0
4181,2022,NOVA Gas Transmission Ltd.,Edson Mainline Expansion Project,Clearwater County/Yellowhead County,AB,Under Construction,Energy,509,53.04781796,-116.2957764,Private,Trans & Distr,No,EN-T&D,0,1,0,1,0
4182,2020,Imperial Oil Ltd.,Cold Lake Thermal Project Enhancements,Bonnyville No. 87,AB,Announced & Planning,Energy,450,54.7531612,-110.4682159,Private,Oil & Gas - Upstream,No,EN-OG-U,1,0,1,0,0
4182,2021,Imperial Oil Limited,Cold Lake Thermal Project Enhancements,Bonnyville No. 87,AB,Approved,Energy,450,54.7531612,-110.4682159,Private,Oil & Gas - Upstream,No,EN-OG-U,1,0,1,0,0
4182,2022,Imperial Oil Limited,Cold Lake Thermal Project Enhancements,Bonnyville No. 87,AB,Approved,Energy,450,54.7531612,-110.4682159,Private,Oil & Gas - Upstream,No,EN-OG-U,1,0,1,0,0
4182,2023,Imperial Oil Limited,Cold Lake Grand Rapids Phase 1 Thermal Project Enhancements,Bonnyville No. 87,AB,Under Construction,Energy,450,54.7531612,-110.4682159,Private,Oil & Gas - Upstream,No,EN-OG-U,0,1,0,1,0
4183,2020,TC Energy Corporation,Alberta XPress Expansion Project,Greenview No. 16,AB,Announced & Planning,Energy,300,54.53767152,-117.1032715,Private,Other,Yes,EN-OTH,1,0,1,0,0
4183,2021,TC Energy Corporation,Alberta XPress Expansion Project,Greenview No. 16,AB,Announced & Planning,Energy,300,54.53767152,-117.1032715,Private,Other,Yes,EN-OTH,1,0,1,0,0
4183,2022,TC Energy Corporation,Alberta XPress Expansion Project,Greenview No. 16,AB,Under Construction,Energy,300,54.53767152,-117.1032715,Private,Other,Yes,EN-OTH,0,1,0,1,0
4184,2020,Dow Chemical Canada,Dow Ethylene Plant Expansion,Fort Saskatchewan,AB,Announced & Planning,Energy,298,53.73927063,-113.1653595,Private,Other,Yes,EN-OTH,1,0,0,0,1
4185,2020,ATCO Pipelines,Pembina Keephills Transmission Project,Leduc County|Brazeau County,AB,Under Construction,Energy,230,53.21836854,-114.7340012,Private,Trans & Distr,No,EN-T&D,0,1,0,1,0
4186,2020,Berkshire Hathaway Energy Canada,Rattlesnake Ridge Wind Project,Forty Mile County No. 8,AB,Announced & Planning,Energy,200,49.90895283,-111.0477448,Private,Clean Electricity,Yes,EN-CLEL,1,0,1,0,0
4186,2021,Berkshire Hathaway Energy Canada,Rattlesnake Ridge Wind Project,Forty Mile County No. 8,AB,Under Construction,Energy,200,49.90895283,-111.0477448,Private,Clean Electricity,Yes,EN-CLEL,0,1,1,0,0
4186,2022,Berkshire Hathaway Energy Canada,Rattlesnake Ridge Wind Project,Forty Mile County No. 8,AB,Under Construction,Energy,200,49.90895283,-111.0477448,Private,Clean Electricity,Yes,EN-CLEL,0,1,0,1,0
4188,2020,Alpin Sun,Airport City Solar,Leduc County,AB,Announced & Planning,Energy,169,53.29107862,-113.5936546,Private,Clean Electricity,Yes,EN-CLEL,1,0,1,0,0
4188,2021,Alpin Sun,Airport City Solar,Leduc County,AB,Announced & Planning,Energy,169,53.29107862,-113.5936546,Private,Clean Electricity,Yes,EN-CLEL,1,0,1,0,0
4188,2022,Alpin Sun,Airport City Solar,Leduc County,AB,Announced & Planning,Energy,169,53.29107862,-113.5936546,Private,Clean Electricity,Yes,EN-CLEL,1,0,1,0,0
4188,2023,Alpin Sun,Airport City Solar,Leduc County,AB,Announced & Planning,Energy,169,53.29107862,-113.5936546,Private,Clean Electricity,Yes,EN-CLEL,1,0,1,0,0
4188,2024,Alpin Sun,Airport City Solar,Leduc County,AB,Announced & Planning,Energy,169,53.29107862,-113.5936546,Private,Clean Electricity,Yes,EN-CLEL,1,0,1,0,0
4189,2020,Capital Power,Whitla Wind Power Project - Phase 2,Forty Mile County No. 8,AB,Announced & Planning,Energy,165,49.64273443,-111.289444,Private,Clean Electricity,Yes,EN-CLEL,1,0,1,0,0
4189,2021,Capital Power,Whitla Wind Power Project,Forty Mile County No. 8,AB,Under Construction,Energy,165,49.64273443,-111.289444,Private,Clean Electricity,Yes,EN-CLEL,0,1,0,1,0
4190,2020,Pembina Pipeline Corporation,Empress Cogeneration Power Facility,Cypress County,AB,Announced & Planning,Energy,120,50.67621025,-110.024761,Private,NG Power Gen,No,EN-NGPG,1,0,1,0,0
4190,2021,Pembina Pipeline Corporation,Empress Cogeneration Power Facility,Cypress County,AB,Under Construction,Energy,120,50.67621025,-110.024761,Private,NG Power Gen,No,EN-NGPG,0,1,0,1,0
4192,2020,SemCams and TransAlta,Kaybob South #3 Cogeneration Plant,Greenview No. 16,AB,Under Construction,Energy,105,54.39135329,-116.8392563,Private,NG Power Gen,No,EN-NGPG,0,1,1,0,0
4192,2021,SemCams and TransAlta,Kaybob South #3 Cogeneration Plant,Greenview No. 16,AB,Under Construction,Energy,105,54.39135329,-116.8392563,Private,NG Power Gen,No,EN-NGPG,0,1,0,1,0
4194,2020,Pembina Pipeline Corporation,Peace Pipeline Expansion Phase 9,Saddle Hills County,AB,Announced & Planning,Energy,100,55.79716206,-119.6292686,Private,Trans & Distr,No,EN-T&D,1,0,1,0,0
4194,2021,Pembina Pipeline Corporation,Peace Pipeline Expansion,Saddle Hills County,AB,Announced & Planning,Energy,100,55.79716206,-119.6292686,Private,Trans & Distr,No,EN-T&D,1,0,1,0,0
4194,2022,Pembina Pipeline Corporation,Peace Pipeline Expansion (Phase 9),Saddle Hills County,AB,Under Construction,Energy,120,55.79716206,-119.6292686,Private,Trans & Distr,No,EN-T&D,0,1,0,1,0
4195,2020,Capital Power,Whitla Wind Power Project - Phase 3,Forty Mile County No. 8,AB,Announced & Planning,Energy,92,49.6365091,-111.2276459,Private,Clean Electricity,Yes,EN-CLEL,1,0,1,0,0
4195,2021,Capital Power,Whitla Wind Power Project,Forty Mile County No. 8,AB,Under Construction,Energy,92,49.6365091,-111.2276459,Private,Clean Electricity,Yes,EN-CLEL,0,1,0,1,0
4197,2020,Canadian Natural Resources Ltd. (CNRL),Scotford Upgrader Expansion,Strathcona County,AB,Announced & Planning,Energy,70,53.80450319,-113.0931759,Private,Oil & Gas - Downstream,No,EN-OG-D,1,0,0,0,1
4198,2020,Climate Transition Development Corporation,Greenview Geothermal Power Plant (Alberta No. 1),Greenview No. 16,AB,Announced & Planning,Energy,58,54.8418269,-117.6498413,Private,Clean Electricity,Yes,EN-CLEL,1,0,1,0,0
4198,2021,Climate Transition Development Corporation,Greenview Geothermal Power Plant (Alberta No. 1),Greenview No. 16,AB,Announced & Planning,Energy,58,54.8418269,-117.6498413,Private,Clean Electricity,Yes,EN-CLEL,1,0,1,0,0
4198,2022,Climate Transition Development Corporation,Greenview Geothermal Power Plant (Alberta No. 1),Greenview No. 16,AB,Announced & Planning,Energy,58,54.8418269,-117.6498413,Private,Clean Electricity,Yes,EN-CLEL,1,0,1,0,0
4198,2023,Climate Transition Development Corporation,Greenview Geothermal Power Plant (Alberta No. 1),Greenview No. 16,AB,Announced & Planning,Energy,58,54.8418269,-117.6498413,Private,Clean Electricity,Yes,EN-CLEL,1,0,1,0,0
4198,2024,Climate Transition Development Corporation,Greenview Geothermal Power Plant (Alberta No. 1),Greenview No. 16,AB,Announced & Planning,Energy,106,54.8418269,-117.6498413,Private,Clean Electricity,Yes,EN-CLEL,1,0,1,0,0
4199,2020,City of Calgary,Bonnybrook WWTP Cogeneration Expansion,Calgary,AB,Under Construction,Energy,55.4,51.01253966,-114.0234733,Public,NG Power Gen,No,EN-NGPG,0,1,1,0,0
4199,2021,City of Calgary,Bonnybrook WWTP Cogeneration Expansion,Calgary,AB,Under Construction,Energy,55.4,51.01253966,-114.0234733,Public,NG Power Gen,No,EN-NGPG,0,1,0,1,0
4200,2020,Elemental Energy,Brooks Solar 2 Power Plant,Newell County,AB,Announced & Planning,Energy,50,50.58528027,-111.8719983,Private,Clean Electricity,Yes,EN-CLEL,1,0,1,0,0
4200,2021,Elemental Energy,Brooks 2 Solar Power Plant,Newell County,AB,Under Construction,Energy,50,50.58528027,-111.8719983,Private,Clean Electricity,Yes,EN-CLEL,0,1,0,1,0
4201,2020,Manitoba Hydro,Portage Area Capacity Enhancements,Portage la Prarie Area,MB,Announced & Planning,Energy,136,,,Public,Other,Yes,EN-OTH,1,0,1,0,0
4201,2021,Manitoba Hydro,Portage Area Capacity Enhancements,Portage la Prarie Area,MB,Approved,Energy,162,,,Public,Other,Yes,EN-OTH,1,0,1,0,0
4201,2022,Manitoba Hydro,Portage Area Capacity Enhancements,Portage la Prarie Area,MB,Approved,Energy,162,49.9723,-98.2903,Public,Other,Yes,EN-OTH,1,0,1,0,0
4201,2023,Manitoba Hydro,Portage Area Capacity Enhancements,Portage la Prarie Area,MB,Under Construction,Energy,84.8,49.9723,-98.2903,Public,Other,Yes,EN-OTH,0,1,1,0,0
4201,2024,Manitoba Hydro,Portage Area Capacity Enhancements,Portage la Prarie Area,MB,Under Construction,Energy,84.8,49.9723,-98.2903,Public,Other,Yes,EN-OTH,0,1,1,0,0
4202,2020,Spicer,Pempaoq In-stream Tidal Energy Project,Bay of Fundy,NS,Announced & Planning,Energy,111,45.364444,-64.414722,Private,Clean Electricity,Yes,EN-CLEL,1,0,1,0,0
4202,2021,Spicer,Pempaoq In-stream Tidal Energy Project,Bay of Fundy,NS,Announced & Planning,Energy,111,45.364444,-64.414722,Private,Clean Electricity,Yes,EN-CLEL,1,0,1,0,0
4202,2022,Reconcept 13 Meeresenergie Bay of Fundy LP / Sustainable Marine Energy (Canada) Ltd. / Minas Tidal LP,Pempaoq In-stream Tidal Energy Project,Bay of Fundy,NS,Approved,Energy,111,45.364444,-64.414722,Private,Clean Electricity,Yes,EN-CLEL,1,0,1,0,0
4202,2023,Reconcept 13 Meeresenergie Bay of Fundy LP / Sustainable Marine Energy (Canada) Ltd. / Minas Tidal LP,Pempaoq In-stream Tidal Energy Project,Bay of Fundy,NS,Approved,Energy,111,45.364444,-64.414722,Private,Clean Electricity,Yes,EN-CLEL,1,0,0,0,1
4203,2020,Big Moon Power,Tidal power demonstration facility,Bay of Fundy,NS,Announced & Planning,Energy,43.5,45.327765,-64.415497,Private,Clean Electricity,Yes,EN-CLEL,1,0,1,0,0
4203,2021,Big Moon Power,Tidal power demonstration facility,Bay of Fundy,NS,Announced & Planning,Energy,43.5,45.327765,-64.415497,Private,Clean Electricity,Yes,EN-CLEL,1,0,1,0,0
4203,2022,BigMoon Canada Corporation,In-Stream Tidal Demonstration Project,Bay of Fundy,NS,Approved,Energy,43.5,45.327765,-64.415497,Private,Clean Electricity,Yes,EN-CLEL,1,0,1,0,0
4203,2023,BigMoon Canada Corporation,In-Stream Tidal Demonstration Project,Bay of Fundy,NS,Approved,Energy,43.5,45.327765,-64.415497,Private,Clean Electricity,Yes,EN-CLEL,1,0,0,0,1
4204,2020,Jupiter Hydro,In-Stream Tidal Demonstration Project,Bay of Fundy,NS,Announced & Planning,Energy,23.3,45.357404,-64.409667,Public,Clean Electricity,Yes,EN-CLEL,1,0,1,0,0
4204,2021,Jupiter Hydro,In-Stream Tidal Demonstration Project,Bay of Fundy,NS,Announced & Planning,Energy,23.3,45.357404,-64.409667,Public,Clean Electricity,Yes,EN-CLEL,1,0,1,0,0
4204,2022,Jupiter Hydro,In-Stream Tidal Demonstration Project,Bay of Fundy,NS,Approved,Energy,23.3,45.357404,-64.409667,Public,Clean Electricity,Yes,EN-CLEL,1,0,1,0,0
4204,2023,Jupiter Hydro,In-Stream Tidal Demonstration Project,Bay of Fundy,NS,Approved,Energy,23.3,45.357404,-64.409667,Public,Clean Electricity,Yes,EN-CLEL,1,0,1,0,0
4204,2024,Jupiter Hydro,In-Stream Tidal Demonstration Project,Bay of Fundy,NS,Approved,Energy,23.3,45.357404,-64.409667,Public,Clean Electricity,Yes,EN-CLEL,1,0,1,0,0
4205,2020,Nova Innovation,The Nova Tidal Array (Petit Passage),Petit Passage,NS,Announced & Planning,Energy,22,44.392336,-66.20676,Private,Clean Electricity,Yes,EN-CLEL,1,0,1,0,0
4205,2021,Nova Innovation,The Nova Tidal Array (Petit Passage),Petit Passage,NS,Announced & Planning,Energy,22,44.392336,-66.20676,Private,Clean Electricity,Yes,EN-CLEL,1,0,1,0,0
4205,2022,Nova Innovation,The Nova Tidal Array (Petit Passage),Petit Passage,NS,Under Construction,Energy,22,44.392336,-66.20676,Private,Clean Electricity,Yes,EN-CLEL,0,1,1,0,0
4205,2023,Nova Innovation,The Nova Tidal Array (Petit Passage),Petit Passage,NS,Under Construction,Energy,22,44.392336,-66.20676,Private,Clean Electricity,Yes,EN-CLEL,0,1,1,0,0
4205,2024,Nova Innovation,The Nova Tidal Array (Petit Passage),Petit Passage,NS,Under Construction,Energy,22,44.392336,-66.20676,Private,Clean Electricity,Yes,EN-CLEL,0,1,1,0,0
4208,2020,Alton Natural Gas Pipeline,0,Alton,NS,Approved,Energy,,45.207672,-63.269594,Private,Oil & Gas - Upstream,No,EN-OG-U,1,0,1,0,0
4208,2021,Alton Natural Gas Storage,Natural Gas Pipeline,Alton,NS,Approved,Energy,,45.207672,-63.269594,Private,Oil & Gas - Upstream,No,EN-OG-U,1,0,0,0,1
4209,2020,Enbridge,Windsor Line Replacement,"Windsor, Essex, Chatham-Kent",ON,Under Construction,Energy,106.8,42.2413275,-82.953437,Private,Trans & Distr,No,EN-T&D,0,1,1,0,0
4209,2021,Enbridge Inc.,Windsor Line Replacement,"Windsor, Essex, Chatham-Kent",ON,Under Construction,Energy,106.8,42.2413275,-82.953437,Private,Trans & Distr,No,EN-T&D,0,1,0,1,0
4210,2020,Enbridge,Owen Sound Reinforcement,"West Gray, and Chatsworth",ON,Under Construction,Energy,69,43.9941039,-81.3366408,Private,Clean Electricity,Yes,EN-CLEL,0,1,0,1,0
4211,2020,Enbridge,2021 Dawn Parkway Expansion Project - Kirkwall-Hamilton Project,Hamilton,ON,In Review,Energy,204,43.3053618,-80.0932772,Private,Other,Yes,EN-OTH,1,0,0,0,1
4212,2020,Northeast Midstream,Nipigon LNG and North Shore Gas Distribution Project,"Marathon, Manitouwadge, Schreiber, Terrace Bay, and Wawa",ON,In Review,Energy,95.6,49.0132241,-88.2848501,Private,Oil & Gas - Downstream,No,EN-OG-D,1,0,1,0,0
4212,2021,Northeast Midstream,Nipigon LNG and North Shore Gas Distribution Project,"Marathon, Manitouwadge, Schreiber, Terrace Bay, and Wawa",ON,In Review,Energy,95.6,49.0132241,-88.2848501,Private,Oil & Gas - Downstream,No,EN-OG-D,1,0,0,0,1
4213,2020,EPCOR Utilities Inc.,Southern Bruce Natural Gas Project,"Kincardine, tiverton, Inverhuron, Paisley, Chelsey, Lucknow, ripley, Point Clark, and Lurgan Beach",ON,Under Construction,Energy,87,44.312019,-80.8660747,Private,NG Power Gen,No,EN-NGPG,0,1,1,0,0
4213,2021,EPCOR Utilities Inc.,Southern Bruce Natural Gas Project,"Kincardine, tiverton, Inverhuron, Paisley, Chelsey, Lucknow, ripley, Point Clark, and Lurgan Beach",ON,Under Construction,Energy,87,44.312019,-80.8660747,Private,NG Power Gen,No,EN-NGPG,0,1,0,1,0
4214,2020,Imperial Oil Ltd.,Waterdown to Finch Project,"Hamilton, Burlington, Oakville, Mississauga, Toronto",ON,In Review,Energy,385,43.3301524,-79.9100689,Private,Oil & Gas - Upstream,No,EN-OG-U,1,0,1,0,0
4214,2021,Imperial Oil Limited,Waterdown to Finch Project,"Hamilton, Burlington, Oakville, Mississauga, Toronto",ON,Under Construction,Energy,385,43.3301524,-79.9100689,Private,Oil & Gas - Upstream,No,EN-OG-U,0,1,1,0,0
4214,2022,Imperial Oil Limited,Waterdown to Finch Project,"Hamilton, Burlington, Oakville, Mississauga, Toronto",ON,Under Construction,Energy,385,43.3301524,-79.9100689,Private,Oil & Gas - Upstream,No,EN-OG-U,0,1,0,1,0
4215,2020,Hydro One,Lakeshore Transmission Stations Project Leamington Area Transmission Reinforcement (Lakeshore Transmission Station & Chatham to Lakeshore Line),Windsor-Essex,ON,Announced & Planning,Energy,295,42.2785366,-82.9338396,Public,Trans & Distr,No,EN-T&D,1,0,1,0,0
4215,2021,Hydro One,Lakeshore Transmission Stations Project Leamington Area Transmission Reinforcement (Lakeshore Transmission Station & Chatham to Lakeshore Line),Windsor-Essex,ON,Announced & Planning,Energy,295,42.2030068,-82.60389783,Public,Trans & Distr,No,EN-T&D,1,0,1,0,0
4215,2022,Hydro One,Lakeshore Transmission Stations Project Leamington Area Transmission Reinforcement (Lakeshore Transmission Station & Chatham to Lakeshore Line),Windsor-Essex,ON,Announced & Planning,Energy,295,42.2030068,-82.60389783,Public,Trans & Distr,No,EN-T&D,1,0,1,0,0
4215,2023,Hydro One,Lakeshore Transmission Stations Project Leamington Area Transmission Reinforcement (Lakeshore Transmission Station & Chatham to Lakeshore Line),Lakeshore Windsor-Essex,ON,Under Construction,Energy,257,42.2030068,-82.60389783,Public,Trans & Distr,No,EN-T&D,0,1,1,0,0
4215,2024,Hydro One,Lakeshore Transmission Stations Project Leamington Area Transmission Reinforcement (Lakeshore Transmission Station & Chatham to Lakeshore Line),Lakeshore Windsor-Essex,ON,Under Construction,Energy,257,42.2030068,-82.60389783,Public,Trans & Distr,No,EN-T&D,0,1,1,0,0
4216,2020,NRStor and Six Nations of the Grand River Development Corporation Oneida Energy Storage LP,Oneida Energy Storage,Ohsweken,ON,Announced & Planning,Energy,,,,Private,"DER, Storage, EV",Yes,EN-DER,1,0,1,0,0
4216,2021,NRStor and Six Nations of the Grand River Development Corporation Oneida Energy Storage LP,Oneida Energy Storage,Ohsweken Nanticoke,ON,In Review,Energy,,42.826987,-80.059295,Private,"DER, Storage, EV",Yes,EN-DER,1,0,1,0,0
4216,2022,NRStor and Six Nations of the Grand River Development Corporation Oneida Energy Storage LP,Oneida Energy Storage,Ohsweken Nanticoke,ON,In Review,Energy,,42.826987,-80.059295,Private,"DER, Storage, EV",Yes,EN-DER,1,0,1,0,0
4216,2023,NRStor and Six Nations of the Grand River Development Corporation Oneida Energy Storage LP,Oneida Energy Storage,Ohsweken Nanticoke,ON,Approved,Energy,800,42.826987,-80.059295,Private,"DER, Storage, EV",Yes,EN-DER,1,0,1,0,0
4216,2024,NRStor and Six Nations of the Grand River Development Corporation Oneida Energy Storage LP,Oneida Energy Storage,Ohsweken Nanticoke,ON,Approved,Energy,800,42.826987,-80.059295,Private,"DER, Storage, EV",Yes,EN-DER,1,0,1,0,0
4217,2020,Cenovus Energy Inc.,Spruce Lake East Lloyd,Spruce Lake,SK,Under Construction,Energy,,53.544447,-109.089619,Private,Clean Electricity,Yes,EN-CLEL,0,1,1,0,0
4217,2021,Cenovus Energy Inc.,Spruce Lake East Lloyd,Spruce Lake,SK,Under Construction,Energy,,53.544447,-109.089619,Private,Clean Electricity,Yes,EN-CLEL,0,1,1,0,0
4217,2022,Cenovus Energy Inc.,Spruce Lake East Lloyd,Spruce Lake,SK,Under Construction,Energy,,53.544447,-109.089619,Private,Clean Electricity,Yes,EN-CLEL,0,1,1,0,0
4217,2023,Cenovus Energy Inc.,Spruce Lake East Lloyd,Spruce Lake,SK,Under Construction,Energy,350,53.544447,-109.089619,Private,Clean Electricity,Yes,EN-CLEL,0,1,1,0,0
4217,2024,Cenovus Energy Inc.,Spruce Lake East Lloyd,Spruce Lake,SK,Under Construction,Energy,350,53.544447,-109.089619,Private,Clean Electricity,Yes,EN-CLEL,0,1,1,0,0
4218,2020,North American Helium,Helium Purification Plant,Battle Creek,SK,Under Construction,Energy,39,42.3212,85.1797,Private,Other,Yes,EN-OTH,0,1,1,0,0
4218,2021,North American Helium,Helium Purification Plant,Battle Creek,SK,Under Construction,Energy,39,49.43941,-109.8498,Private,Other,Yes,EN-OTH,0,1,1,0,0
4218,2022,North American Helium,Helium Purification Plant,Battle Creek,SK,Under Construction,Energy,39,49.43941,-109.8498,Private,Other,Yes,EN-OTH,0,1,0,1,0
4219,2020,Yukon Energy Corporation,Grid-Scale Battery Storage,Whitehorse,YK,Announced & Planning,Energy,30,60.779238,-135.273115,Public,"DER, Storage, EV",Yes,EN-DER,1,0,1,0,0
4219,2021,Yukon Energy Corporation,Grid-Scale Battery Storage,Whitehorse,YK,Announced & Planning,Energy,31,60.779238,-135.273115,Public,"DER, Storage, EV",Yes,EN-DER,1,0,1,0,0
4219,2022,Yukon Energy Corporation,Grid-Scale Battery Storage,Whitehorse,YK,Under Construction,Energy,35,60.779238,-135.273115,Public,"DER, Storage, EV",Yes,EN-DER,0,1,1,0,0
4219,2023,Yukon Energy Corporation,Grid-Scale Battery Storage,Whitehorse,YK,Under Construction,Energy,35,60.779238,-135.273115,Public,"DER, Storage, EV",Yes,EN-DER,0,1,1,0,0
4219,2024,Yukon Energy Corporation,Grid-Scale Battery Storage,Whitehorse,YK,Under Construction,Energy,35,60.779238,-135.273115,Public,"DER, Storage, EV",Yes,EN-DER,0,1,1,0,0
4220,2020,Port Hawkesbury Paper,Goose Harbour Lake Wind Farm (formerly Pirate Harbour),"Point Tupper, NS",NS,Announced & Planning,Energy,155,45.6056941,-61.3709266,Private,Clean Electricity,Yes,EN-CLEL,1,0,1,0,0
4220,2021,Port Hawkesbury Paper,Goose Harbour Lake Wind Farm (formerly Pirate Harbour),Point Tupper,NS,Announced & Planning,Energy,155,45.6056941,-61.3709266,Private,Clean Electricity,Yes,EN-CLEL,1,0,1,0,0
4220,2022,Port Hawkesbury Paper,Goose Harbour Lake Wind Farm (formerly Pirate Harbour),Point Tupper,NS,Announced & Planning,Energy,155,45.6056941,-61.3709266,Private,Clean Electricity,Yes,EN-CLEL,1,0,1,0,0
4220,2023,Port Hawkesbury Paper,Goose Harbour Lake Wind Farm (formerly Pirate Harbour),Point Tupper,NS,Approved,Energy,155,45.6056941,-61.3709266,Private,Clean Electricity,Yes,EN-CLEL,1,0,1,0,0
4220,2024,Port Hawkesbury Paper,Goose Harbour Lake Wind Farm (formerly Pirate Harbour),Point Tupper,NS,Approved,Energy,155,45.6056941,-61.3709266,Private,Clean Electricity,Yes,EN-CLEL,1,0,1,0,0
4221,2020,City of Summerside / Republic of Koreaos Samsung Renewable Energy,City of Summerside Solar Farm,"Summerside, PEI",PE,Announced & Planning,Energy,69,46.3934,-63.7902,Public,Clean Electricity,Yes,EN-CLEL,1,0,1,0,0
4221,2021,City of Summerside / Republic of Koreaos Samsung Renewable Energy,City of Summerside Solar Farm,Summerside,PE,Under Construction,Energy,69,46.3934,-63.7902,Public,Clean Electricity,Yes,EN-CLEL,0,1,1,0,0
4221,2022,City of Summerside / Republic of Koreaos Samsung Renewable Energy,City of Summerside Solar Farm,Summerside,PE,Under Construction,Energy,69,46.3934,-63.7902,Public,Clean Electricity,Yes,EN-CLEL,0,1,1,0,0
4221,2023,City of Summerside / Republic of Koreaos Samsung Renewable Energy,City of Summerside Solar Farm,Summerside,PE,Under Construction,Energy,69,46.3934,-63.7902,Public,Clean Electricity,Yes,EN-CLEL,0,1,0,1,0
4222,2020,TransAlta,Windcharger Battery Storage,Pincher Creek,AB,Under Construction,Energy,16,49.503787,-114.6521474,Private,"DER, Storage, EV",Yes,EN-DER,0,1,0,1,0
4223,2020,Potentia Renewables Inc.,Jenner Wind Power Project 3,Brooks,AB,Approved,Energy,,,,Private,Clean Electricity,Yes,EN-CLEL,1,0,1,0,0
4223,2021,Potentia Renewables Inc.,Jenner Wind Power Phase 2 and 3,Brooks,AB,In Review,Energy,243,50.83678115,-111.1263205,Private,Clean Electricity,Yes,EN-CLEL,1,0,1,0,0
4223,2022,Potentia Renewables Inc.,Jenner Wind Power Phase 2 and 3,Brooks,AB,Under Construction,Energy,243,50.83678115,-111.1263205,Private,Clean Electricity,Yes,EN-CLEL,0,1,1,0,0
4223,2023,Potentia Renewables Inc.,Jenner Wind Power Phase 2 and 3,Brooks,AB,Under Construction,Energy,243,50.83678115,-111.1263205,Private,Clean Electricity,Yes,EN-CLEL,0,1,0,1,0
4224,2020,WindRiver Power Corp. & TC Energy,Canyon Creek Hydro Power Project (storage),Yellowhead County,AB,Announced & Planning,Energy,200,53.53010506,-117.5245285,Private,Clean Electricity,Yes,EN-CLEL,1,0,1,0,0
4224,2021,WindRiver Power Corp. & TC Energy,Canyon Creek Hydro Power Project (storage),Yellowhead County,AB,In Review,Energy,200,53.53010506,-117.5245285,Private,Clean Electricity,Yes,EN-CLEL,1,0,1,0,0
4224,2022,WindRiver Power Corp. & TC Energy,Canyon Creek Hydro Power Project (storage),Yellowhead County,AB,In Review,Energy,200,53.53010506,-117.5245285,Private,Clean Electricity,Yes,EN-CLEL,1,0,1,0,0
4224,2023,WindRiver Power Corp. & TC Energy,Canyon Creek Hydro Power Project (storage),Yellowhead County,AB,In Review,Energy,200,53.53010506,-117.5245285,Private,Clean Electricity,Yes,EN-CLEL,1,0,1,0,0
4224,2024,WindRiver Power Corp. & TC Energy,Canyon Creek Hydro Power Project (storage),Yellowhead County,AB,In Review,Energy,200,53.53010506,-117.5245285,Private,Clean Electricity,Yes,EN-CLEL,1,0,1,0,0
4226,2020,Greengate Power Corporation,Wheatland Wind Project,Wheatland County,AB,Approved,Energy,100,51.25224612,-112.7279663,Private,Clean Electricity,Yes,EN-CLEL,1,0,1,0,0
4226,2021,Greengate Power Corporation,Wheatland Wind Project,Wheatland County,AB,Approved,Energy,100,51.25224612,-112.7279663,Private,Clean Electricity,Yes,EN-CLEL,1,0,1,0,0
4226,2022,Potentia Renewables Inc.,Wheatland Wind Project,Wheatland County,AB,Under Construction,Energy,170,51.25224612,-112.7279663,Private,Clean Electricity,Yes,EN-CLEL,0,1,0,1,0
4227,2020,Element5,New cross-laminated timber plant,St. Thomas,ON,Announced & Planning,Forest,50,,,Private,EWP,Yes,FOR-EWP,1,0,0,0,1
4230,2020,JD Irving,Mill modernization and upgrade,Doaktown,NB,Announced & Planning,Forest,35,,,Private,Pulp & Paper,No,FOR-P&P,1,0,1,0,0
4230,2021,JD Irving,Mill modernization and upgrade,Doaktown,NB,Under Construction,Forest,35,46.55592,-66.11217,Private,Pulp & Paper,No,FOR-P&P,0,1,1,0,0
4230,2022,JD Irving,Mill modernization and upgrade,Doaktown,NB,Under Construction,Forest,35,46.55592,-66.11217,Private,Pulp & Paper,No,FOR-P&P,0,1,1,0,0
4230,2023,JD Irving,Mill modernization and upgrade,Doaktown,NB,Under Construction,Forest,35,46.55592,-66.11217,Private,Pulp & Paper,No,FOR-P&P,0,1,1,0,0
4230,2024,JD Irving,Mill modernization and upgrade,Doaktown,NB,Under Construction,Forest,35,46.55592,-66.11217,Private,Pulp & Paper,No,FOR-P&P,0,1,1,0,0
4231,2020,Enbridge Frontier Inc.,Frontier NGL Plant and Pipeline Project,Chetwynd,BC,Announced & Planning,Energy,2500,55.712509,-121.6689065,Private,Trans & Distr,No,EN-T&D,1,0,1,0,0
4231,2021,Enbridge Frontier Inc.,Frontier NGL Plant and Pipeline Project,Chetwynd,BC,Announced & Planning,Energy,2500,55.712509,-121.6689065,Private,Trans & Distr,No,EN-T&D,1,0,1,0,0
4231,2022,Enbridge Frontier Inc.,Frontier NGL Plant and Pipeline Project,Chetwynd,BC,Announced & Planning,Energy,2500,55.712509,-121.6689065,Private,Trans & Distr,No,EN-T&D,1,0,1,0,0
4231,2023,Enbridge Frontier Inc.,Frontier NGL Plant and Pipeline Project,Chetwynd,BC,Announced & Planning,Energy,2500,55.712509,-121.6689065,Private,Trans & Distr,No,EN-T&D,1,0,1,0,0
4231,2024,Enbridge Frontier Inc.,Frontier NGL Plant and Pipeline Project,Chetwynd,BC,Announced & Planning,Energy,2500,55.712509,-121.6689065,Private,Trans & Distr,No,EN-T&D,1,0,1,0,0
4232,2020,West Coast Olefins Ltd.,West Coast Olefins Ethylene Plant,Prince George,BC,Announced & Planning,Energy,5200,53.926817,-122.8925005,Private,Waste Biomass,Yes,EN-BIO,1,0,1,0,0
4232,2021,West Coast Olefins Ltd.,West Coast Olefins Ethylene Plant,Prince George,BC,Announced & Planning,Energy,5200,53.926817,-122.8925005,Private,Waste Biomass,Yes,EN-BIO,1,0,0,0,1
5000,2021,CanWhite Sands Corporation,DEN prooperty,Rural Municipality Ste. Ann,MB,In Review,Mining,,,0,Private,Other,No,MIN-OTH,1,0,1,0,0
5000,2022,Sio Silica,DEN property,Rural Municipality Ste. Ann,MB,In Review,Mining,,,0,Private,Other,No,MIN-OTH,1,0,0,0,1
5001,2021,CanWhite Sands Corporation,VIVIAN Sand Facility Project,Rural Municipality of Springfield,MB,Announced & Planning,Mining,,49.75917,96.46818,Private,Other,No,MIN-OTH,1,0,1,0,0
5001,2022,CanWhite Sands Corporation,VIVIAN Sand Facility Project,Rural Municipality of Springfield,MB,Approved,Mining,,49.75917,96.46818,Private,Other,No,MIN-OTH,1,0,0,0,1
5002,2021,Inuvialuit Petroleum Corporation,Inuvialuit Energy Security Project,17km south of Tuktoyaktuk,NT,Announced & Planning,Energy,,69.297389,-133.076278,Private,Clean Electricity,Yes,EN-CLEL,1,0,1,0,0
5002,2022,Inuvialuit Petroleum Corporation,Inuvialuit Energy Security Project,17km south of Tuktoyaktuk,NT,Approved,Energy,,69.297389,-133.076278,Private,Clean Electricity,Yes,EN-CLEL,1,0,1,0,0
5002,2023,Inuvialuit Petroleum Corporation,Inuvialuit Energy Security Project,17km south of Tuktoyaktuk,NT,Approved,Energy,160,69.297389,-133.076278,Private,Clean Electricity,Yes,EN-CLEL,1,0,1,0,0
5002,2024,Inuvialuit Petroleum Corporation,Inuvialuit Energy Security Project,17km south of Tuktoyaktuk,NT,Approved,Energy,160,69.297389,-133.076278,Private,Clean Electricity,Yes,EN-CLEL,1,0,1,0,0
5003,2021,Arctic Canadian Diamond Corp,Ekati Diamond Mine Expansion - Point Lake,310 kilometres northeast of Yellowknife,NT,In Review,Mining,,64.445237,-110.695595,Private,Precious Metal,No,MIN-PM,1,0,0,0,1
5004,2021,CanWhite Sands Corporation,BRU property,Rural Municipality of Springfield,MB,In Review,Mining,,49.75917,96.46818,Private,Other,No,MIN-OTH,1,0,1,0,0
5004,2022,Sio Silica,BRU property,Rural Municipality of Springfield,MB,In Review,Mining,,49.75917,96.46818,Private,Other,No,MIN-OTH,1,0,0,0,1
5006,2021,Skidegate Band Council,Haida Gwaii Clean Energy Project,"Moresby Lake (Skidegate), Old Massett",BC,Announced & Planning,Energy,30,,,Private,Clean Electricity,Yes,EN-CLEL,1,0,1,0,0
5006,2022,Skidegate Band Council,Haida Gwaii Clean Energy Project,"Moresby Lake (Skidegate), Old Massett",BC,Announced & Planning,Energy,30,,,Private,Clean Electricity,Yes,EN-CLEL,1,0,1,0,0
5006,2023,Skidegate Band Council,Haida Gwaii Clean Energy Project,"Moresby Lake (Skidegate), Old Massett",BC,Under Construction,Energy,30,,,Private,Clean Electricity,Yes,EN-CLEL,0,1,1,0,0
5006,2024,Skidegate Band Council,Haida Gwaii Clean Energy Project,"Moresby Lake (Skidegate), Old Massett",BC,Under Construction,Energy,30,,,Private,Clean Electricity,Yes,EN-CLEL,0,1,1,0,0
5007,2021,NTPC,The Inuvik Wind Generation Project,"Inuvik, NT",NT,Approved,Energy,40,,,Private,Clean Electricity,Yes,EN-CLEL,1,0,1,0,0
5007,2022,NTPC,The Inuvik Wind Generation Project,"Inuvik, NT",NT,Under Construction,Energy,40,68.35,133.403,Private,Clean Electricity,Yes,EN-CLEL,0,1,1,0,0
5007,2023,NTPC,The Inuvik Wind Generation Project,Inuvik,NT,Under Construction,Energy,70,68.35,133.403,Private,Clean Electricity,Yes,EN-CLEL,0,1,0,1,0
5010,2021,Deh Tai GP Ltd,Clarke Lake Geothermal Development,Fort Nelson,BC,Announced & Planning,Energy,100,,,Private,Clean Electricity,Yes,EN-CLEL,1,0,1,0,0
5010,2022,Deh Tai GP Ltd,Clarke Lake Geothermal Development,Fort Nelson,BC,Announced & Planning,Energy,100,,,Private,Clean Electricity,Yes,EN-CLEL,1,0,1,0,0
5010,2023,Deh Tai GP Ltd,Clarke Lake Geothermal Development,Fort Nelson,BC,Announced & Planning,Energy,100,58.77203708,-122.6601223,Private,Clean Electricity,Yes,EN-CLEL,1,0,1,0,0
5010,2024,Deh Tai GP Ltd,Clarke Lake Geothermal Development,Fort Nelson,BC,Announced & Planning,Energy,100,58.77203708,-122.6601223,Private,Clean Electricity,Yes,EN-CLEL,1,0,1,0,0
5014,2021,"Nisga'a Nation, Western LNG, Rockies LNG Partners",Ksi Lisims LNG,Nass Valley,BC,Announced & Planning,Energy,,,,Private,Oil & Gas - Downstream,No,EN-OG-D,1,0,1,0,0
5014,2024,"Nisga'a Nation, Western LNG, Rockies LNG Partners",Ksi Lisims LNG,Nass Valley,BC,Announced & Planning,Energy,10000,,,Private,Oil & Gas - Downstream,No,EN-OG-D,1,0,1,0,0
5015,2021,Pace Canada LP,Youngstown Solar Project,,AB,Announced & Planning,Energy,12.3,,,Private,Clean Electricity,Yes,EN-CLEL,1,0,1,0,0
5015,2022,Pace Canada LP,Youngstown Solar Project,,AB,Approved,Energy,12.3,,,Private,Clean Electricity,Yes,EN-CLEL,1,0,0,0,1
5016,2021,Pace Canada LP,Caroline Solar Project,Clearwater County,AB,Announced & Planning,Energy,13,,,Private,Clean Electricity,Yes,EN-CLEL,1,0,1,0,0
5016,2022,Pace Canada LP,Caroline Solar Project,Clearwater County,AB,Announced & Planning,Energy,13,,,Private,Clean Electricity,Yes,EN-CLEL,1,0,1,0,0
5016,2023,Pace Canada LP,Caroline Solar Project,Clearwater County,AB,Announced & Planning,Energy,13,,,Private,Clean Electricity,Yes,EN-CLEL,1,0,1,0,0
5016,2024,Pace Canada LP,Caroline Solar Project,Clearwater County,AB,Announced & Planning,Energy,17,,,Private,Clean Electricity,Yes,EN-CLEL,1,0,1,0,0
5017,2021,Pace Canada LP,Hannah Sheerness Solar Project,,AB,Announced & Planning,Energy,17.2,,,Private,Clean Electricity,Yes,EN-CLEL,1,0,1,0,0
5017,2022,Pace Canada LP,Hannah Sheerness Solar Project,,AB,Announced & Planning,Energy,17.2,,,Private,Clean Electricity,Yes,EN-CLEL,1,0,1,0,0
5017,2023,Pace Canada LP,Hannah Sheerness Solar Project,,AB,Announced & Planning,Energy,17.2,,,Private,Clean Electricity,Yes,EN-CLEL,1,0,1,0,0
5017,2024,Pace Canada LP,Hannah Sheerness Solar Project,,AB,Announced & Planning,Energy,17.2,,,Private,Clean Electricity,Yes,EN-CLEL,1,0,1,0,0
5018,2021,Tlingit Homeland Energy Limited Partnership (THELP),Atlin Hydro Expansion project,Atlin,BC,Announced & Planning,Energy,,,,Private,Clean Electricity,Yes,EN-CLEL,1,0,1,0,0
5018,2022,Tlingit Homeland Energy Limited Partnership (THELP),Atlin Hydro Expansion project,Atlin,BC,Announced & Planning,Energy,,59.582974,-133.644544,Private,Clean Electricity,Yes,EN-CLEL,1,0,1,0,0
5018,2023,Tlingit Homeland Energy Limited Partnership (THELP),Atlin Hydro Expansion project,Atlin,BC,Announced & Planning,Energy,330,59.582974,-133.644544,Private,Clean Electricity,Yes,EN-CLEL,1,0,1,0,0
5018,2024,Tlingit Homeland Energy Limited Partnership (THELP),Atlin Hydro Expansion project,Atlin,BC,Announced & Planning,Energy,330,59.582974,-133.644544,Private,Clean Electricity,Yes,EN-CLEL,1,0,1,0,0
5019,2021,AWP Industrial Park,"pellet mill, sawmill, biomass power plant and logistics",Enterprise,NT,Announced & Planning,Forest,20,60.44313,-116.34148,Private,Lumber,No,FOR-LUM,1,0,1,0,0
5019,2022,AWP Industrial Park,"pellet mill, sawmill, biomass power plant and logistics",Enterprise,NT,Announced & Planning,Forest,20,60.44313,-116.34148,Private,Lumber,No,FOR-LUM,1,0,1,0,0
5019,2023,AWP Industrial Park,"pellet mill, sawmill, biomass power plant and logistics",Enterprise,NT,Announced & Planning,Forest,20,60.44313,-116.34148,Private,Lumber,No,FOR-LUM,1,0,1,0,0
5019,2024,AWP Industrial Park,"pellet mill, sawmill, biomass power plant and logistics",Enterprise,NT,Announced & Planning,Forest,20,60.44313,-116.34148,Private,Lumber,No,FOR-LUM,1,0,1,0,0
5021,2021,Capstone Infrastructure,Kneehill Solar Project,Kneehill County,AB,Announced & Planning,Energy,20,,,Private,Clean Electricity,Yes,EN-CLEL,1,0,1,0,0
5021,2022,Capstone Infrastructure,Kneehill Solar Project,Kneehill County,AB,Announced & Planning,Energy,20,,,Private,Clean Electricity,Yes,EN-CLEL,1,0,0,0,1
5022,2021,Capstone Infrastructure,Michichi Solar Generation Facility,Starland County,AB,Announced & Planning,Energy,20,,,Private,Clean Electricity,Yes,EN-CLEL,1,0,1,0,0
5022,2022,Capstone Infrastructure,Michichi Solar Generation Facility,Starland County,AB,Announced & Planning,Energy,20,,,Private,Clean Electricity,Yes,EN-CLEL,1,0,0,0,1
5024,2021,Elemental Energy,East Strathmore Solar Project,,AB,Under Construction,Energy,30,,,Private,Clean Electricity,Yes,EN-CLEL,0,1,0,1,0
5025,2021,Interfor Corporation,Mill improvement,Castlegar,BC,Announced & Planning,Forest,35,49.335625,-117.737002,Private,Pulp & Paper,No,FOR-P&P,1,0,1,0,0
5025,2022,Interfor Corporation,Mill improvement,Castlegar,BC,Announced & Planning,Forest,35,49.335625,-117.737002,Private,Pulp & Paper,No,FOR-P&P,1,0,1,0,0
5025,2023,Interfor Corporation,Mill improvement,Castlegar,BC,Announced & Planning,Forest,35,49.335625,-117.737002,Private,Pulp & Paper,No,FOR-P&P,1,0,1,0,0
5025,2024,Interfor Corporation,Mill improvement,Castlegar,BC,Announced & Planning,Forest,35,49.335625,-117.737002,Private,Pulp & Paper,No,FOR-P&P,1,0,1,0,0
5026,2021,FutEra Power,South Swan Hills Hybrid Power Project,,AB,Under Construction,Energy,37,,,Private,Low Carbon Fuels,Yes,EN-LCF,0,1,0,1,0
5027,2021,Osisko Development Corp.,Cariboo Gold Project,"65 km E of Quesnel, Cariboo district",BC,Approved,Mining,305,53.08972,-121.56139,Private,Precious Metal,No,MIN-PM,1,0,1,0,0
5027,2022,Osisko Development Corp.,Cariboo Gold Project,"65 km E of Quesnel, Cariboo district",BC,Approved,Mining,305.5,53.08972,-121.56139,Private,Precious Metal,No,MIN-PM,1,0,1,0,0
5027,2023,Osisko Development Corp.,Cariboo Gold Project,Quesnel,BC,In Review,Mining,588,53.08972,-121.56139,Private,Precious Metal,No,MIN-PM,1,0,1,0,0
5027,2024,Osisko Development Corp.,Cariboo Gold Project,Quesnel,BC,Approved,Mining,137,53.08972,-121.56139,Private,Precious Metal,No,MIN-PM,1,0,1,0,0
5028,2021,St Barbara Ltd.,Moose River Consolidated (15 Mile Stream Mine),Halifax County,NS,In Review,Mining,123,45.140214,-62.526081,Private,Precious Metal,No,MIN-PM,1,0,1,0,0
5028,2022,St Barbara Ltd.,Moose River Consolidated (15 Mile Stream Mine),Halifax County,NS,In Review,Mining,123.4,45.140214,-62.526081,Private,Precious Metal,No,MIN-PM,1,0,1,0,0
5028,2023,St Barbara Ltd.,Moose River Consolidated (15 Mile Stream Mine),Halifax County,NS,In Review,Mining,123.4,45.140214,-62.526081,Private,Precious Metal,No,MIN-PM,1,0,1,0,0
5028,2024,St Barbara Ltd.,Moose River Consolidated (15 Mile Stream Mine),Halifax County,NS,In Review,Mining,182,45.140214,-62.526081,Private,Precious Metal,No,MIN-PM,1,0,1,0,0
5029,2021,Kruger,Brompton paper upgrade,Sherbrooke,QC,Announced & Planning,Forest,240,45.483208,-71.950843,Private,Pulp & Paper,No,FOR-P&P,1,0,1,0,0
5029,2022,Kruger,Brompton paper upgrade,Sherbrooke,QC,Announced & Planning,Forest,240,45.483208,-71.950843,Private,Pulp & Paper,No,FOR-P&P,1,0,1,0,0
5029,2023,Kruger,Brompton paper upgrade,Sherbrooke,QC,Under Construction,Forest,351,45.483208,-71.950843,Private,Pulp & Paper,No,FOR-P&P,0,1,1,0,0
5029,2024,Kruger,Brompton paper upgrade,Sherbrooke,QC,Under Construction,Forest,397,45.483208,-71.950843,Private,Pulp & Paper,No,FOR-P&P,0,1,1,0,0
5033,2021,Capital Power,Enchant Solar Project,,AB,Announced & Planning,Energy,100,,,Private,Clean Electricity,Yes,EN-CLEL,1,0,1,0,0
5033,2022,Capital Power,Enchant Solar Project,,AB,Under Construction,Energy,100,,,Private,Clean Electricity,Yes,EN-CLEL,0,1,0,1,0
5034,2021,Greengate Power Corporation,Lathom Solar Project,,AB,Announced & Planning,Energy,170,,,Private,Clean Electricity,Yes,EN-CLEL,1,0,1,0,0
5034,2022,Greengate Power Corporation,Lathom Solar Project,Bassano,AB,Announced & Planning,Energy,170,,,Private,Clean Electricity,Yes,EN-CLEL,1,0,1,0,0
5034,2023,Greengate Power Corporation,Lathom Solar Project,Bassano,AB,Approved,Energy,170,,,Private,Clean Electricity,Yes,EN-CLEL,1,0,1,0,0
5034,2024,Greengate Power Corporation,Lathom Solar Project,Bassano,AB,Approved,Energy,170,,,Private,Clean Electricity,Yes,EN-CLEL,1,0,1,0,0
5035,2021,Pace Canada LP,Joffre Solar Power Project,,AB,Announced & Planning,Energy,65.3,,,Private,Clean Electricity,Yes,EN-CLEL,1,0,1,0,0
5035,2022,Pace Canada LP,Joffre Solar Power Project,,AB,Approved,Energy,65.3,,,Private,Clean Electricity,Yes,EN-CLEL,1,0,1,0,0
5035,2023,Pace Canada LP,Joffre Solar Power Project,,AB,Under Construction,Energy,65.3,,,Private,Clean Electricity,Yes,EN-CLEL,0,1,0,1,0
5036,2021,TC Energy Corporation,Saddlebrook Solar and Storage Project,,AB,Announced & Planning,Energy,150,,,Private,"DER, Storage, EV",Yes,EN-DER,1,0,1,0,0
5036,2022,TC Energy Corporation,Saddlebrook Solar and Storage Project,,AB,Approved,Energy,150,,,Private,"DER, Storage, EV",Yes,EN-DER,1,0,1,0,0
5036,2023,TC Energy Corporation,Saddlebrook Solar and Storage Project,,AB,Under Construction,Energy,150,,,Private,"DER, Storage, EV",Yes,EN-DER,0,1,1,0,0
5036,2024,TC Energy Corporation,Saddlebrook Solar and Storage Project,,AB,Under Construction,Energy,150,,,Private,"DER, Storage, EV",Yes,EN-DER,0,1,1,0,0
5037,2021,TransAlta Renewables,Garden Plain Wind Project,,AB,Announced & Planning,Energy,195,,,Private,Clean Electricity,Yes,EN-CLEL,1,0,1,0,0
5037,2022,TransAlta Renewables,Garden Plain Wind Project,,AB,Under Construction,Energy,195,,,Private,Clean Electricity,Yes,EN-CLEL,0,1,0,1,0
5038,2021,TransAlta Renewables,Tempest Wind Power Project,,AB,Announced & Planning,Energy,105,,,Private,Clean Electricity,Yes,EN-CLEL,1,0,1,0,0
5038,2022,TransAlta Renewables,Tempest Wind Power Project,Flagstaff County,AB,Announced & Planning,Energy,105,,,Private,Clean Electricity,Yes,EN-CLEL,1,0,1,0,0
5038,2023,TransAlta Renewables,Tempest Wind Power Project,Flagstaff County,AB,In Review,Energy,105,,,Private,Clean Electricity,Yes,EN-CLEL,1,0,1,0,0
5038,2024,TransAlta Renewables,Tempest Wind Power Project,Flagstaff County,AB,In Review,Energy,105,,,Private,Clean Electricity,Yes,EN-CLEL,1,0,1,0,0
5039,2021,Montem Resources,Tent Mountain (Chinook),35 km SSW of Calgary,AB,In Review,Mining,223.9,49.84,-114.525,Private,Other,No,MIN-OTH,1,0,1,0,0
5039,2022,Montem Resources,Tent Mountain (Chinook),35 km SSW of Calgary,AB,In Review,Mining,223.9,49.84,-114.525,Private,Other,No,MIN-OTH,1,0,0,0,1
5040,2021,Prairie Sunlight,Vauxhall Solar Farm,,AB,In Review,Energy,220,,,Private,Clean Electricity,Yes,EN-CLEL,1,0,1,0,0
5040,2022,Prairie Sunlight,Vauxhall Solar Farm,,AB,In Review,Energy,220,,,Private,Clean Electricity,Yes,EN-CLEL,1,0,1,0,0
5040,2023,Prairie Sunlight,Vauxhall Solar Farm,,AB,In Review,Energy,220,,,Private,Clean Electricity,Yes,EN-CLEL,1,0,1,0,0
5040,2024,Prairie Sunlight,Vauxhall Solar Farm,,AB,In Review,Energy,90,,,Private,Clean Electricity,Yes,EN-CLEL,1,0,1,0,0
5041,2021,AltaLink,Provost to Edgerton and Nilrem to Vermilion (PENV) Transmission Development,Flagstaff County|Minburn County No. 27|Provost No. 52|Vermilion River County|Wainwright No. 61,AB,Announced & Planning,Energy,241,,,Private,Trans & Distr,No,EN-T&D,1,0,1,0,0
5041,2022,AltaLink,Provost to Edgerton and Nilrem to Vermilion (PENV) Transmission Development,Flagstaff County|Minburn County No. 27|Provost No. 52|Vermilion River County|Wainwright No. 61,AB,Announced & Planning,Energy,241,,,Private,Trans & Distr,No,EN-T&D,1,0,1,0,0
5041,2023,AltaLink,Provost to Edgerton and Nilrem to Vermilion (PENV) Transmission Development,Flagstaff County|Minburn County No. 27|Provost No. 52|Vermilion River County|Wainwright No. 61,AB,Announced & Planning,Energy,241,,,Private,Trans & Distr,No,EN-T&D,1,0,1,0,0
5041,2024,AltaLink,Provost to Edgerton and Nilrem to Vermilion (PENV) Transmission Development,Flagstaff County|Minburn County No. 27|Provost No. 52|Vermilion River County|Wainwright No. 61,AB,Announced & Planning,Energy,241,,,Private,Trans & Distr,No,EN-T&D,1,0,1,0,0
5043,2021,BowArk Energy Ltd.,Lanfine North Wind Power Project,Special Area No. 3,AB,Announced & Planning,Energy,200,,,Private,Clean Electricity,Yes,EN-CLEL,1,0,1,0,0
5043,2022,BowArk Energy Ltd.,Lanfine North Wind Power Project,Special Area No. 3,AB,Under Construction,Energy,200,,,Private,Clean Electricity,Yes,EN-CLEL,0,1,0,1,0
5044,2021,Enel Green Power,Grizzly Bear Wind Power Project,Minburn County No. 27,AB,Announced & Planning,Energy,250,,,Private,Clean Electricity,Yes,EN-CLEL,1,0,1,0,0
5044,2022,Enel Green Power,Grizzly Bear Wind Power Project,Minburn County No. 27,AB,Announced & Planning,Energy,250,,,Private,Clean Electricity,Yes,EN-CLEL,1,0,0,0,1
5045,2021,Carbon Clean Energy Inc.,Project Wheatland BioFuel Facility,Wheatland County,AB,Announced & Planning,Energy,475,,,Private,Low Carbon Fuels,Yes,EN-LCF,1,0,1,0,0
5045,2022,Carbon Clean Energy Inc.,Project Wheatland BioFuel Facility,Wheatland County,AB,Approved,Energy,475,,,Private,Low Carbon Fuels,Yes,EN-LCF,1,0,1,0,0
5045,2023,Carbon Clean Energy Inc.,Project Wheatland BioFuel Facility,Wheatland County,AB,Approved,Energy,475,,,Private,Low Carbon Fuels,Yes,EN-LCF,1,0,0,0,1
5047,2021,Air Products,Canada Net-zero Hydrogen Energy Complex,Strathcona County,AB,Announced & Planning,Energy,1300,,,Private,Clean Electricity,Yes,EN-CLEL,1,0,1,0,0
5047,2022,Air Products,Canada Net-zero Hydrogen Energy Complex,Strathcona County,AB,Announced & Planning,Energy,1300,,,Private,Clean Electricity,Yes,EN-CLEL,1,0,1,0,0
5047,2023,Air Products,Canada Net-zero Hydrogen Energy Complex,Strathcona County,AB,Under Construction,Energy,1600,,,Private,Clean Electricity,Yes,EN-CLEL,0,1,1,0,0
5047,2024,Air Products,Canada Net-zero Hydrogen Energy Complex,Strathcona County,AB,Under Construction,Energy,1600,,,Private,Clean Electricity,Yes,EN-CLEL,0,1,1,0,0
5048,2021,Ascent Energy Partners,Dunmore Solar Project,Cypress County,AB,Announced & Planning,Energy,200,,,Private,Clean Electricity,Yes,EN-CLEL,1,0,1,0,0
5048,2022,Ascent Energy Partners,Dunmore Solar Project,Cypress County,AB,Announced & Planning,Energy,200,,,Private,Clean Electricity,Yes,EN-CLEL,1,0,1,0,0
5048,2023,Ascent Energy Partners,Dunmore Solar Project,Cypress County,AB,Approved,Energy,200,,,Private,Clean Electricity,Yes,EN-CLEL,1,0,1,0,0
5048,2024,Ascent Energy Partners,Dunmore Solar Project,Cypress County,AB,Approved,Energy,200,,,Private,Clean Electricity,Yes,EN-CLEL,1,0,1,0,0
5049,2021,Wolf Midstream,NGL North Integrated Energy Infrastructure System,Sturgeon County|Wood Buffalo,AB,Announced & Planning,Energy,200,,,Private,Clean Electricity,Yes,EN-CLEL,1,0,1,0,0
5049,2022,Wolf Midstream,NGL North Integrated Energy Infrastructure System,Sturgeon County|Wood Buffalo,AB,Under Construction,Energy,200,,,Private,Clean Electricity,Yes,EN-CLEL,0,1,1,0,0
5049,2023,Wolf Midstream,NGL North Integrated Energy Infrastructure System,Sturgeon County|Wood Buffalo,AB,Under Construction,Energy,200,,,Private,Clean Electricity,Yes,EN-CLEL,0,1,0,1,0
5050,2021,Copenhagen Infrastructure Parteners ABO Wind Canada Ltd.,Buffalo Plains Wind Farm,Vulcan County,AB,Announced & Planning,Energy,500,,,Private,Clean Electricity,Yes,EN-CLEL,1,0,1,0,0
5050,2022,Copenhagen Infrastructure Parteners ABO Wind Canada Ltd.,Buffalo Plains Wind Farm,Vulcan County,AB,Approved,Energy,500,,,Private,Clean Electricity,Yes,EN-CLEL,1,0,1,0,0
5050,2023,Copenhagen Infrastructure Parteners ABO Wind Canada Ltd.,Buffalo Plains Wind Farm,Vulcan County,AB,Approved,Energy,500,,,Private,Clean Electricity,Yes,EN-CLEL,1,0,1,0,0
5050,2024,Copenhagen Infrastructure Parteners ABO Wind Canada Ltd.,Buffalo Plains Wind Farm,Vulcan County,AB,Under Construction,Energy,500,,,Private,Clean Electricity,Yes,EN-CLEL,0,1,1,0,0
5052,2022,Fortis,Tilbury LNG Phase 2,Delta,BC,In Review,Energy,3500,49.1417976,-123.023505,Private,Oil & Gas - Downstream,No,EN-OG-D,1,0,1,0,0
5052,2023,Fortis,Tilbury LNG Phase 2,Delta,BC,Announced & Planning,Energy,3500,49.1417976,-123.023505,Private,Oil & Gas - Downstream,No,EN-OG-D,1,0,1,0,0
5052,2024,Fortis,Tilbury LNG Phase 2,Delta,BC,Announced & Planning,Energy,3500,49.1417976,-123.023505,Private,Oil & Gas - Downstream,No,EN-OG-D,1,0,1,0,0
5053,2021,Alberta BioBoard,MDF and Fuel Pellet Plant,Stettler County No. 6,AB,Announced & Planning,Energy,790,,,Private,Waste Biomass,Yes,EN-BIO,1,0,1,0,0
5053,2022,Alberta BioBoard,MDF and Fuel Pellet Plant,Stettler County No. 6,AB,Announced & Planning,Energy,790,,,Private,Waste Biomass,Yes,EN-BIO,1,0,1,0,0
5053,2023,Alberta BioBoard,MDF and Fuel Pellet Plant,Stettler County No. 6,AB,Announced & Planning,Energy,790,,,Private,Waste Biomass,Yes,EN-BIO,1,0,1,0,0
5053,2024,Alberta BioBoard,MDF and Fuel Pellet Plant,Stettler County No. 6,AB,Announced & Planning,Energy,790,,,Private,Waste Biomass,Yes,EN-BIO,1,0,1,0,0
5054,2021,Siemens Energy,Siemens Energy Waste Heat-to-Power Pilot,Greenview No. 16,AB,Announced & Planning,Energy,,,,Private,Clean Heat,Yes,EN-CLHT,1,0,1,0,0
5054,2022,Siemens Energy,Siemens Energy Waste Heat-to-Power Pilot,Greenview No. 16,AB,Under Construction,Energy,45.6,,,Private,Clean Heat,Yes,EN-CLHT,0,1,0,1,0
5055,2021,Suncor ATCO JV,Suncor ATCO Hydrogen Project,Fort Saskatchewan,AB,Announced & Planning,Energy,,,,Private,Low Carbon Fuels,Yes,EN-LCF,1,0,1,0,0
5055,2022,Suncor ATCO JV,Suncor ATCO Hydrogen Project,Fort Saskatchewan,AB,Announced & Planning,Energy,,,,Private,Low Carbon Fuels,Yes,EN-LCF,1,0,0,0,1
5056,2021,Capital Power,Genesee Power Plant Natural Gas Conversion,Leduc County,AB,Announced & Planning,Energy,997,,,Private,NG Power Gen,No,EN-NGPG,1,0,1,0,0
5056,2022,Capital Power,Genesee Power Plant Natural Gas Conversion,Leduc County,AB,Under Construction,Energy,1200,,,Private,NG Power Gen,No,EN-NGPG,0,1,1,0,0
5056,2023,Capital Power,Genesee Power Plant Natural Gas Conversion,Leduc County,AB,Under Construction,Energy,1200,,,Private,NG Power Gen,No,EN-NGPG,0,1,1,0,0
5056,2024,Capital Power,Genesee Power Plant Natural Gas Conversion,Leduc County,AB,Under Construction,Energy,1200,,,Private,NG Power Gen,No,EN-NGPG,0,1,1,0,0
5058,2021,TBD,Southern Lakes Transmission Network,Multiple locations,YK,Announced & Planning,Energy,,,,Private,Trans & Distr,No,EN-T&D,1,0,1,0,0
5058,2022,TBD,Southern Lakes Transmission Network,Multiple locations,YK,Announced & Planning,Energy,,,,Private,Trans & Distr,No,EN-T&D,1,0,0,0,1
5059,2021,TBD,Moon Lake Pumped Storage,"Moon Lake, YK",YK,Announced & Planning,Energy,,,,Private,"DER, Storage, EV",Yes,EN-DER,1,0,1,0,0
5059,2022,TBD,Moon Lake Pumped Storage,"Moon Lake, YK",YK,Announced & Planning,Energy,,,,Private,"DER, Storage, EV",Yes,EN-DER,1,0,0,0,1
5060,2021,Fortis,Tilbury LNG Phase 1B,Delta,BC,Announced & Planning,Energy,,49.1417976,-123.023505,Private,Oil & Gas - Downstream,No,EN-OG-D,1,0,1,0,0
5060,2022,Fortis,Tilbury LNG Phase 1B,Delta,BC,In Review,Energy,60,49.1417976,-123.023505,Private,Oil & Gas - Downstream,No,EN-OG-D,1,0,1,0,0
5060,2023,Fortis,Tilbury LNG Phase 1B,Delta,BC,In Review,Energy,60,49.1417976,-123.023505,Private,Oil & Gas - Downstream,No,EN-OG-D,1,0,1,0,0
5060,2024,Fortis,Tilbury LNG Phase 1B,Delta,BC,In Review,Energy,60,49.1417976,-123.023505,Private,Oil & Gas - Downstream,No,EN-OG-D,1,0,1,0,0
5061,2021,Manitoba Hydro,Kettle Unit 6 Minor Overhaul,Nelson River,MB,Approved,Energy,22.8,56.38428577,-94.63501073,Public,Clean Electricity,Yes,EN-CLEL,1,0,1,0,0
5061,2022,Manitoba Hydro,Kettle Unit 6 Minor Overhaul,Nelson River,MB,Approved,Energy,22.8,56.38428577,-94.63501073,Public,Clean Electricity,Yes,EN-CLEL,1,0,1,0,0
5061,2023,Manitoba Hydro,Kettle Unit 6 Minor Overhaul,Nelson River,MB,Approved,Energy,22.8,56.38428577,-94.63501073,Public,Clean Electricity,Yes,EN-CLEL,1,0,0,0,1
5062,2021,Manitoba Hydro,Kettle Unit 10 Minor Overhaul,Nelson River,MB,Approved,Energy,23.3,56.38428577,-94.63501073,Public,Clean Electricity,Yes,EN-CLEL,1,0,1,0,0
5062,2022,Manitoba Hydro,Kettle Unit 10 Minor Overhaul,Nelson River,MB,Approved,Energy,23.3,56.38428577,-94.63501073,Public,Clean Electricity,Yes,EN-CLEL,1,0,1,0,0
5062,2023,Manitoba Hydro,Kettle Unit 10 Minor Overhaul,Nelson River,MB,Approved,Energy,23.3,56.38428577,-94.63501073,Public,Clean Electricity,Yes,EN-CLEL,1,0,0,0,1
5063,2021,Manitoba Hydro,Kettle Unit 5 Minor Overhaul,Nelson River,MB,Under Construction,Energy,26.7,56.38428577,-94.63501073,Public,Clean Electricity,Yes,EN-CLEL,0,1,1,0,0
5063,2022,Manitoba Hydro,Kettle Unit 5 Minor Overhaul,Nelson River,MB,Under Construction,Energy,26.7,56.38428577,-94.63501073,Public,Clean Electricity,Yes,EN-CLEL,0,1,1,0,0
5063,2023,Manitoba Hydro,Kettle Unit 5 Minor Overhaul,Nelson River,MB,Under Construction,Energy,26.7,56.38428577,-94.63501073,Public,Clean Electricity,Yes,EN-CLEL,0,1,0,1,0
5064,2021,Manitoba Hydro,Southwest Wpg 115kV Tsfrmr Improv-Phase2,Headingley,MB,Under Construction,Energy,44,49.969269,-97.018907,Public,Clean Electricity,Yes,EN-CLEL,0,1,1,0,0
5064,2022,Manitoba Hydro,Southwest Wpg 115kV Tsfrmr Improv-Phase2,Headingley,MB,Under Construction,Energy,44,49.969269,-97.018907,Public,Clean Electricity,Yes,EN-CLEL,0,1,1,0,0
5064,2023,Manitoba Hydro,Southwest Wpg 115kV Tsfrmr Improv-Phase2,Headingley,MB,Under Construction,Energy,45.2,49.969269,-97.018907,Public,Clean Electricity,Yes,EN-CLEL,0,1,1,0,0
5064,2024,Manitoba Hydro,Southwest Wpg 115kV Tsfrmr Improv-Phase2,Headingley,MB,Under Construction,Energy,62,49.969269,-97.018907,Public,Clean Electricity,Yes,EN-CLEL,0,1,1,0,0
5066,2021,Ontario Power Generation,Redevelopment of the Calabogie site,Greater Madawaska,ON,Under Construction,Energy,137,,,Public,Clean Electricity,Yes,EN-LCF,0,1,1,0,0
5066,2022,Ontario Power Generation,Redevelopment of the Calabogie site,Greater Madawaska,ON,Under Construction,Energy,137,45.303531,-76.710705,Public,Clean Electricity,Yes,EN-LCF,0,1,1,0,0
5066,2023,Ontario Power Generation,Redevelopment of the Calabogie site,Greater Madawaska,ON,Under Construction,Energy,137,45.303531,-76.710705,Public,Clean Electricity,Yes,EN-LCF,0,1,1,0,0
5066,2024,Ontario Power Generation,Redevelopment of the Calabogie site,Greater Madawaska,ON,Under Construction,Energy,137,45.303531,-76.710705,Public,Clean Electricity,Yes,EN-LCF,0,1,1,0,0
5067,2021,Ontario Power Generation,Redevelopment of Coniston station,Sudbury,ON,Announced & Planning,Energy,85,,,Public,Clean Electricity,Yes,EN-LCF,1,0,1,0,0
5067,2022,Ontario Power Generation,Redevelopment of Coniston station,Sudbury,ON,Announced & Planning,Energy,85,46.47461,-80.818369,Public,Clean Electricity,Yes,EN-LCF,1,0,1,0,0
5067,2023,Ontario Power Generation,Redevelopment of Coniston station,Sudbury,ON,Announced & Planning,Energy,85,46.47461,-80.818369,Public,Clean Electricity,Yes,EN-LCF,1,0,1,0,0
5067,2024,Ontario Power Generation,Redevelopment of Coniston station,Sudbury,ON,Announced & Planning,Energy,85,46.47461,-80.818369,Public,Clean Electricity,Yes,EN-LCF,1,0,1,0,0
5068,2021,Lakeshore Natural Gas,Certarus and North Shore Distribution project,"Marathon, Manitouwadge, Schreiber, Terrace Bay, and Wawa",ON,In Review,Energy,55,,,Private,Other,Yes,EN-OTH,1,0,1,0,0
5068,2022,Lakeshore Natural Gas,Certarus and North Shore Distribution project,"Marathon, Manitouwadge, Schreiber, Terrace Bay, and Wawa",ON,In Review,Energy,55,,,Private,Other,Yes,EN-OTH,1,0,1,0,0
5068,2023,Lakeshore Natural Gas,Certarus and North Shore Distribution project,"Marathon, Manitouwadge, Schreiber, Terrace Bay, and Wawa",ON,In Review,Energy,55,,,Private,Other,Yes,EN-OTH,1,0,0,0,1
5069,2024,Canada Nickel Company Inc.,Crawford,40 km N of Timmins,ON,In Review,Mining,2655.1095,48.83972,-81.37309,Private,Critical Mineral,Yes,MIN-CM,1,0,1,0,0
5074,2024,New Age Metals Inc.,River Valley Palladium,30 km N of Warren,ON,Announced & Planning,Mining,606.348,46.70591,-80.27606,Private,Precious Metal,No,MIN-PM,1,0,1,0,0
5075,2021,Avalon Advanced Materials Inc.,Separation Rapids,55 km N of Kenora,ON,Announced & Planning,Mining,77.671,50.266,-94.58258,Private,Other,No,MIN-OTH,1,0,1,0,0
5075,2022,Avalon Advanced Materials Inc.,Separation Rapids,55 km N of Kenora,ON,Announced & Planning,Mining,77.671,50.266,-94.58258,Private,Other,No,MIN-OTH,1,0,1,0,0
5075,2023,Avalon Advanced Materials Inc.,Separation Rapids,55 km N of Kenora,ON,Announced & Planning,Mining,77.671,50.266,-94.58258,Private,Other,No,MIN-OTH,1,0,0,0,1
5076,2021,Resolve Energie,Usine de production d'ethanol cellulosique,Chaudire-Appalaches,QC,Announced & Planning,Energy,300,46.4833314,-70.6166642,Private,Oil & Gas - Upstream,No,EN-OG-U,1,0,1,0,0
5076,2022,Resolve Energie,Usine de production d'ethanol cellulosique,Chaudire-Appalaches,QC,Announced & Planning,Energy,300,46.4833314,-70.6166642,Private,Oil & Gas - Upstream,No,EN-OG-U,1,0,1,0,0
5076,2023,Resolve Energie,Usine de production d'ethanol cellulosique,Chaudire-Appalaches,QC,Announced & Planning,Energy,300,46.4833314,-70.6166642,Private,Oil & Gas - Upstream,No,EN-OG-U,1,0,1,0,0
5076,2024,Resolve Energie,Usine de production d'ethanol cellulosique,Chaudire-Appalaches,QC,Announced & Planning,Energy,300,46.4833314,-70.6166642,Private,Oil & Gas - Upstream,No,EN-OG-U,1,0,1,0,0
5077,2021,Greenfield Global,Agrandissement usine d'ethanol a Varennes,Varennes,QC,Announced & Planning,Energy,120,45.6820019,-73.44098293,Private,Low Carbon Fuels,Yes,EN-LCF,1,0,1,0,0
5077,2022,Greenfield Global,Agrandissement usine d'ethanol a Varennes,Varennes,QC,Announced & Planning,Energy,120,45.6820019,-73.44098293,Private,Low Carbon Fuels,Yes,EN-LCF,1,0,1,0,0
5077,2023,Greenfield Global,Agrandissement usine d'ethanol a Varennes,Varennes,QC,Announced & Planning,Energy,120,45.6820019,-73.44098293,Private,Low Carbon Fuels,Yes,EN-LCF,1,0,1,0,0
5077,2024,Greenfield Global,Agrandissement usine d'ethanol a Varennes,Varennes,QC,Announced & Planning,Energy,120,45.6820019,-73.44098293,Private,Low Carbon Fuels,Yes,EN-LCF,1,0,1,0,0
5080,2021,Capstone Infrastructure Corporation,Riverhurst Wind,Riverhurst,SK,Under Construction,Energy,,,,Private,Clean Electricity,Yes,EN-CLEL,0,1,0,1,0
5081,2021,Saturn Power,Highfield Solar,RM of Coulee,SK,Announced & Planning,Energy,,,,Private,Clean Electricity,Yes,EN-CLEL,1,0,0,0,1
5082,2021,Elemental Energy,Awasis Solar,Cowesess First Nation (East of Regina),SK,Announced & Planning,Energy,,,,Private,Clean Electricity,Yes,EN-CLEL,1,0,1,0,0
5082,2022,Elemental Energy,Awasis Solar,Cowesess First Nation (East of Regina),SK,Under Construction,Energy,12.85,,,Private,Clean Electricity,Yes,EN-CLEL,0,1,0,1,0
5083,2021,Natural Forces,Pesakastew Solar,RM of Weyburn,SK,Announced & Planning,Energy,,,,Private,Clean Electricity,Yes,EN-CLEL,1,0,0,0,1
5084,2021,Kruger Energy Inc.,Foxtail Grove Solar,Northeast Regina,SK,Announced & Planning,Energy,,,,Private,Clean Electricity,Yes,EN-CLEL,1,0,1,0,0
5084,2022,Kruger Energy Inc.,Foxtail Grove Solar,Northeast Regina,SK,Announced & Planning,Energy,12.85,,,Private,Clean Electricity,Yes,EN-CLEL,1,0,1,0,0
5084,2023,Kruger Energy Inc.,Foxtail Grove Solar,Northeast Regina,SK,Approved,Energy,12.85,,,Private,Clean Electricity,Yes,EN-CLEL,1,0,0,0,1
5085,2021,Prairie Green Renewable Energy Inc.,Prairie Green Renewable Energy,Southeast Saskatoon,SK,Announced & Planning,Energy,,,,Private,Clean Electricity,Yes,EN-CLEL,1,0,1,0,0
5085,2022,Prairie Green Renewable Energy Inc.,Prairie Green Renewable Energy,Southeast Saskatoon,SK,Announced & Planning,Energy,,,,Private,Clean Electricity,Yes,EN-CLEL,1,0,0,0,1
5086,2021,DEEP,DEEP Geothermal,Near Estevan,SK,Announced & Planning,Energy,,,,Private,Clean Electricity,Yes,EN-CLEL,1,0,1,0,0
5086,2022,DEEP,DEEP Geothermal,Near Estevan,SK,Announced & Planning,Energy,256,,,Private,Clean Electricity,Yes,EN-CLEL,1,0,1,0,0
5086,2023,DEEP,DEEP Geothermal,Near Estevan,SK,Announced & Planning,Energy,256,,,Private,Clean Electricity,Yes,EN-CLEL,1,0,1,0,0
5086,2024,DEEP,DEEP Geothermal,Near Estevan,SK,Announced & Planning,Energy,256,,,Private,Clean Electricity,Yes,EN-CLEL,1,0,1,0,0
5087,2021,Innagreen Investments and Awasis Nehiyawewini Energy Development,Bekevar Wind Energy Project,"North of Moose Mountain Provincial Park; RM of Hazelwood, RM of Kignsley, Cowesess First Nation Reserve Land",SK,Announced & Planning,Energy,,,,Private,Clean Electricity,Yes,EN-CLEL,1,0,1,0,0
5087,2022,Innagreen Investments and Awasis Nehiyawewini Energy Development,Bekevar Wind Energy Project,"North of Moose Mountain Provincial Park; RM of Hazelwood, RM of Kignsley, Cowesess First Nation Reserve Land",SK,Announced & Planning,Energy,,,,Private,Clean Electricity,Yes,EN-CLEL,1,0,1,0,0
5087,2023,Innagreen Investments and Awasis Nehiyawewini Energy Development,Bekevar Wind Energy Project,"North of Moose Mountain Provincial Park; RM of Hazelwood, RM of Kignsley, Cowesess First Nation Reserve Land",SK,Under Construction,Energy,223,,,Private,Clean Electricity,Yes,EN-CLEL,0,1,1,0,0
5087,2024,Innagreen Investments and Awasis Nehiyawewini Energy Development,Bekevar Wind Energy Project,"North of Moose Mountain Provincial Park; RM of Hazelwood, RM of Kignsley, Cowesess First Nation Reserve Land",SK,Under Construction,Energy,223,,,Private,Clean Electricity,Yes,EN-CLEL,0,1,1,0,0
5089,2021,Independent Energy Corp.,Kerrobert Crude Oil Processing Facility,Kerrobert,SK,Under Construction,Energy,70,,,Private,Oil & Gas - Upstream,No,EN-OG-U,0,1,1,0,0
5089,2022,Independent Energy Corp.,Kerrobert Crude Oil Processing Facility,Kerrobert,SK,Under Construction,Energy,70,,,Private,Oil & Gas - Upstream,No,EN-OG-U,0,1,1,0,0
5089,2023,Independent Energy Corp.,Kerrobert Crude Oil Processing Facility,Kerrobert,SK,Under Construction,Energy,140,,,Private,Oil & Gas - Upstream,No,EN-OG-U,0,1,1,0,0
5089,2024,Independent Energy Corp.,Kerrobert Crude Oil Processing Facility,Kerrobert,SK,Under Construction,Energy,140,,,Private,Oil & Gas - Upstream,No,EN-OG-U,0,1,1,0,0
6001,2022,Pembina Pipeline Corporation and TC Energy,Alberta Carbon Grid,Strathcona County,AB,Announced & Planning,Energy,,,,Private,CCUS,Yes,EN-CCU,1,0,0,0,1
6002,2022,Highwood Organics Processing,Aldersyde Bioenergy Facility,Foothills No. 31,AB,Approved,Energy,25,50.63106,-113.87501,Private,Waste Biomass,Yes,EN-BIO,1,0,1,0,0
6002,2023,Highwood Organics Processing,Aldersyde Bioenergy Facility,Foothills No. 31,AB,Approved,Energy,25,50.63106,-113.87501,Private,Waste Biomass,Yes,EN-BIO,1,0,1,0,0
6002,2024,Highwood Organics Processing,Aldersyde Bioenergy Facility,Foothills No. 31,AB,Approved,Energy,25,50.63106,-113.87501,Private,Waste Biomass,Yes,EN-BIO,1,0,1,0,0
6003,2022,"Shell Canada Limited, ATCO Energy Solutions Ltd., and Suncor Energy Inc.",Atlas Carbon Sequestration Hub,Strathcona County,AB,Announced & Planning,Energy,,,,Private,CCUS,Yes,EN-CCU,1,0,0,0,1
6004,2022,City of St. Albert,Badger Lands Solar Farm,St. Albert,AB,Announced & Planning,Energy,33.7,53.658542,-113.675941,Public,Clean Electricity,Yes,EN-CLEL,1,0,0,0,1
6005,2022,BHP Billiton Petroleum,BHP Canada Exploration Drilling Project,Offshore Newfoundland,NL,Approved,Energy,822,,,Private,Oil & Gas - Upstream,No,EN-OG-U,1,0,0,0,1
6006,2022,Recyclage carbone Varenne (Technologie d'Enerkem),Biofuel Facility,Varennes,QC,Announced & Planning,Forest,875,,,Private,Other,Yes,FOR-OTH,1,0,1,0,0
6006,2023,Recyclage carbone Varenne (Technologie d'Enerkem),Biofuel Facility,Varennes,QC,Under Construction,Forest,1117,,,Private,Other,Yes,FOR-OTH,0,1,1,0,0
6006,2024,Recyclage carbone Varenne (Technologie d'Enerkem),Biofuel Facility,Varennes,QC,Under Construction,Forest,1200,45.70695,-73.4239,Private,Other,Yes,FOR-OTH,0,1,1,0,0
6008,2022,McEwen Mining Inc.,Black Fox,Kirkland Lake,ON,Announced & Planning,Mining,451.127,48.535378,-80.340534,Private,Other,No,MIN-OTH,1,0,1,0,0
6008,2023,McEwen Mining Inc.,Black Fox,Kirkland Lake,ON,Announced & Planning,Mining,451.127,48.535378,-80.340534,Private,Other,No,MIN-OTH,1,0,0,0,1
6009,2022,McEwen Mining Inc.,Black Fox Mine Froome Expansion,Kirkland Lake,ON,Announced & Planning,Mining,451.127,48.535378,-80.340534,Private,Other,No,MIN-OTH,1,0,1,0,0
6009,2023,McEwen Mining Inc.,Black Fox Mine Froome Expansion,Kirkland Lake,ON,Under Construction,Mining,451.127,48.535378,-80.340534,Private,Other,No,MIN-OTH,0,1,1,0,0
6009,2024,McEwen Mining Inc.,Black Fox Mine Froome Expansion,Kirkland Lake,ON,Under Construction,Mining,416.8,48.535378,-80.340534,Private,Other,No,MIN-OTH,0,1,1,0,0
6012,2022,Elemental Energy,Chappice Lake Solar Storage Project,Cypress County,AB,Announced & Planning,Energy,40.3,50.217984,-110.425494,Private,"DER, Storage, EV",Yes,EN-DER,1,0,0,0,1
6013,2022,Enbridge Inc.,Cherry to Bathurst NPS 20 Pipeline Replacement Project,Toronto,ON,Under Construction,Energy,130,43.64819,-79.35492,Private,Trans & Distr,No,EN-T&D,0,1,1,0,0
6013,2023,Enbridge Inc.,Cherry to Bathurst NPS 20 Pipeline Replacement Project,Toronto,ON,Under Construction,Energy,130,43.64819,-79.35492,Private,Trans & Distr,No,EN-T&D,0,1,0,1,0
6014,2022,Canadian Natural Resources Ltd. (CNRL),CNRL In-Pit Extraction Process Demonstration,Wood Buffalo,AB,Announced & Planning,Energy,99.7,57.326362,-111.81829,Private,Oil & Gas - Upstream,No,EN-OG-U,1,0,0,0,1
6016,2022,Voltarix Group,Creekside Solar Project,Leduc County,AB,Announced & Planning,Energy,43,53.247146,-113.825172,Private,Clean Electricity,Yes,EN-CLEL,1,0,1,0,0
6016,2023,Voltarix Group,Creekside Solar Project,Leduc County,AB,In Review,Energy,43,53.247146,-113.825172,Private,Clean Electricity,Yes,EN-CLEL,1,0,1,0,0
6016,2024,Voltarix Group,Creekside Solar Project,Leduc County,AB,Approved,Energy,43,53.247146,-113.825172,Private,Clean Electricity,Yes,EN-CLEL,1,0,1,0,0
6017,2022,ATCO,Deerfoot Solar Project,Calgary,AB,Announced & Planning,Energy,50,50.939476,-113.965224,Private,Clean Electricity,Yes,EN-CLEL,1,0,1,0,0
6017,2023,ATCO,Deerfoot Solar Project,Calgary,AB,Under Construction,Energy,50,50.939476,-113.965224,Private,Clean Electricity,Yes,EN-CLEL,0,1,1,0,0
6017,2024,ATCO,Deerfoot Solar Project,Calgary,AB,Under Construction,Energy,50,50.939476,-113.965224,Private,Clean Electricity,Yes,EN-CLEL,0,1,1,0,0
6018,2022,FortisBC,Eagle Mountain - Woodfibre Gas Pipeline,Squamish,BC,Announced & Planning,Energy,350,,,Private,Trans & Distr,No,EN-T&D,1,0,1,0,0
6018,2023,FortisBC,Eagle Mountain - Woodfibre Gas Pipeline,Squamish,BC,Announced & Planning,Energy,350,,,Private,Trans & Distr,No,EN-T&D,1,0,1,0,0
6018,2024,FortisBC,Eagle Mountain - Woodfibre Gas Pipeline,Squamish,BC,Announced & Planning,Energy,350,,,Private,Trans & Distr,No,EN-T&D,1,0,1,0,0
6019,2022,Skeena Resources Ltd.,Eskay Creek Mine,Dease Lake,BC,Announced & Planning,Mining,487.9,,,Private,Precious Metal,No,MIN-PM,1,0,1,0,0
6019,2023,Skeena Resources Ltd.,Eskay Creek Mine,Stewart,BC,In Review,Mining,609,56.62,-130.5,Private,Precious Metal,No,MIN-PM,1,0,1,0,0
6019,2024,Skeena Resources Ltd.,Eskay Creek Mine,Stewart,BC,In Review,Mining,713,56.62,-130.5,Private,Precious Metal,No,MIN-PM,1,0,1,0,0
6020,2022,NOVA Gas Transmission Ltd.,Foothills Zone 8 West Path Delivery 2022,"Creston, BC",BC,Under Construction,Energy,1.3,49.082,-116.085,Private,Clean Electricity,Yes,EN-CLEL,0,1,0,1,0
6021,2022,NOVA Gas Transmission Ltd.,Foothills Zone 8 West Path Delivery 2023,"Cranbook and Fernie, BC",BC,In Review,Energy,402,49.421,-114.839,Private,Clean Electricity,Yes,EN-CLEL,1,0,1,0,0
6021,2023,NOVA Gas Transmission Ltd.,Foothills Zone 8 West Path Delivery 2023,"Cranbook and Fernie, BC",BC,Under Construction,Energy,402,49.421,-114.839,Private,Clean Electricity,Yes,EN-CLEL,0,1,0,1,0
6022,2022,NTPC,Fort Providence and Kakisa Transmission Line,Highway 2/5 juction to Fort Provendence,NT,Announced & Planning,Energy,60,60.977458,-117.221393,Private,Trans & Distr,No,EN-T&D,1,0,1,0,0
6022,2023,NTPC,Fort Providence and Kakisa Transmission Line,Highway 2/5 juction to Fort Providence,NT,Announced & Planning,Energy,60,60.977458,-117.221393,Private,Trans & Distr,No,EN-T&D,1,0,1,0,0
6022,2024,NTPC,Fort Providence and Kakisa Transmission Line,Highway 2/5 juction to Fort Providence,NT,Announced & Planning,Energy,60,60.977458,-117.221393,Private,Trans & Distr,No,EN-T&D,1,0,1,0,0
6023,2024,STLLR Gold Inc.,Tower Gold (formerly Garrison/Golden Highway),110 km E of Timmins,ON,Announced & Planning,Mining,517,48.493967,-79.98755,Private,Precious Metal,No,MIN-PM,1,0,1,0,0
6024,2022,FD Power,Genalta Flare Gas Bromhead,Bromhead,SK,Announced & Planning,Energy,,,,Private,Other,Yes,EN-LCF,1,0,0,0,1
6025,2023,Rock Tech Lithium Inc.,Georgia Lake,Thunder Bay North,ON,Announced & Planning,Mining,255.88,49.445411,-88.039681,Private,Critical Mineral,Yes,MIN-CM,1,0,1,0,0
6025,2024,Rock Tech Lithium Inc.,Georgia Lake,Thunder Bay North,ON,Announced & Planning,Mining,250,49.445411,-88.039681,Private,Critical Mineral,Yes,MIN-CM,1,0,1,0,0
6026,2022,TransAlta Corporation,Ghost River WaterCharger Battery Energy Storage,Rocky View County,AB,Announced & Planning,Energy,120,51.217782,-114.704604,Private,"DER, Storage, EV",Yes,EN-DER,1,0,1,0,0
6026,2023,TransAlta Corporation,Ghost River WaterCharger Battery Energy Storage,Rocky View County,AB,Under Construction,Energy,120,51.217782,-114.704604,Private,"DER, Storage, EV",Yes,EN-DER,0,1,1,0,0
6026,2024,TransAlta Corporation,Ghost River WaterCharger Battery Energy Storage,Rocky View County,AB,Approved,Energy,120,51.217782,-114.704604,Private,"DER, Storage, EV",Yes,EN-DER,1,0,1,0,0
6027,2022,Entropy Inc.,Glacier Gas Plant CCS (Phase 1),Saddle Hills County,AB,Under Construction,Energy,27,55.557023,-119.90249,Private,Oil & Gas - Downstream,No,EN-OG-D,0,1,0,1,0
6028,2022,TransAlta Corporation,Glacier Gas Plant CSS (Phase 2),Saddle Hills County,AB,Announced & Planning,Energy,49,55.559541,-119.60376,Private,Oil & Gas - Downstream,No,EN-OG-D,1,0,1,0,0
6028,2023,TransAlta Corporation,Glacier Gas Plant CSS (Phase 2),Saddle Hills County,AB,Announced & Planning,Energy,49,55.559541,-119.60376,Private,Oil & Gas - Downstream,No,EN-OG-D,1,0,1,0,0
6028,2024,TransAlta Corporation,Glacier Gas Plant CSS (Phase 2),Saddle Hills County,AB,Announced & Planning,Energy,100,55.559541,-119.60376,Private,Oil & Gas - Downstream,No,EN-OG-D,1,0,1,0,0
6029,2022,LNG Newfoundland and Labrador,Grassy Point LNG,Grassy Point,NL,Announced & Planning,Energy,7150,47.752791,-54.027147,Private,Oil & Gas - Downstream,No,EN-OG-D,1,0,1,0,0
6029,2023,LNG Newfoundland and Labrador,Grassy Point LNG,Grassy Point,NL,Announced & Planning,Energy,10000,47.752791,-54.027147,Private,Oil & Gas - Downstream,No,EN-OG-D,1,0,1,0,0
6029,2024,LNG Newfoundland and Labrador,Grassy Point LNG,Grassy Point,NL,Announced & Planning,Energy,10000,47.752791,-54.027147,Private,Oil & Gas - Downstream,No,EN-OG-D,1,0,1,0,0
6030,2022,Capital Power,Halkirk Wind Project Phase 2,Paintearth County No. 18,AB,Announced & Planning,Energy,274,52.235714,-112.111316,Private,Clean Electricity,Yes,EN-CLEL,1,0,1,0,0
6030,2023,Capital Power,Halkirk Wind Project Phase 2,Paintearth County No. 18,AB,In Review,Energy,274,52.235714,-112.111316,Private,Clean Electricity,Yes,EN-CLEL,1,0,1,0,0
6030,2024,Capital Power,Halkirk Wind Project Phase 2,Paintearth County No. 18,AB,Under Construction,Energy,274,52.235714,-112.111316,Private,Clean Electricity,Yes,EN-CLEL,0,1,1,0,0
6031,2022,Diageo Canada Inc.,Implantation de mesures de reduction des emissions de GES et de conversion energetique,Salaberry-de-Valleyfield,QC,Announced & Planning,Energy,94,0,,Private,Waste Biomass,Yes,EN-BIO,1,0,1,0,0
6031,2023,Diageo Canada Inc.,Implantation de mesures de reduction des emissions de GES et de conversion energetique,Salaberry-de-Valleyfield,QC,Announced & Planning,Energy,94,0,,Private,Waste Biomass,Yes,EN-BIO,1,0,1,0,0
6031,2024,Diageo Canada Inc.,Implantation de mesures de reduction des emissions de GES et de conversion energetique,Salaberry-de-Valleyfield,QC,Announced & Planning,Energy,94,45.25677456,-74.12034257,Private,Waste Biomass,Yes,EN-BIO,1,0,1,0,0
6032,2022,BigMoon Canada Corporation,In-Stream Tidal Energy Project,Bay of Fundy,NS,Approved,Energy,36,45.412912,-64.327011,Private,Clean Electricity,Yes,EN-CLEL,1,0,1,0,0
6032,2023,BigMoon Canada Corporation,In-Stream Tidal Energy Project,Bay of Fundy,NS,Approved,Energy,36,45.412912,-64.327011,Private,Clean Electricity,Yes,EN-CLEL,1,0,0,0,1
6033,2022,International Wood Industries,Integrated wood processing facility (sawmill and pellet plant),Bonfield,ON,Announced & Planning,Forest,,,,Private,Lumber,No,FOR-LUM,1,0,0,0,1
6034,2022,"ITOCHU Corporation, Petronas Canada, Interpipe (Brookfield Infrastructure)",ITOCHU/Petronas/Interpipe (Brookfield Infrastructure) Blue Ammonia Production Facility,Fort Saskatchewan|Strathcona County,AB,Announced & Planning,Energy,1600,53.784065,-113.077,Private,Low Carbon Fuels,Yes,EN-LCF,1,0,1,0,0
6034,2023,"ITOCHU Corporation, Petronas Canada, Interpipe (Brookfield Infrastructure)",ITOCHU/Petronas/Interpipe (Brookfield Infrastructure) Blue Ammonia Production Facility,Fort Saskatchewan|Strathcona County,AB,Announced & Planning,Energy,1600,53.784065,-113.077,Private,Low Carbon Fuels,Yes,EN-LCF,1,0,0,0,1
6035,2023,Landore Resources Limited,Junior Lake (BAM Gold Project),85 km N of Beardmore,ON,Announced & Planning,Mining,111,50.377576,-87.900095,Private,Precious Metal,No,MIN-PM,1,0,0,0,1
6036,2022,Imperial Oil,Kearl Oil Sand In-Pit Tailings Project,Wood Buffalo,AB,Under Construction,Energy,750,57.411428,-111.163483,Private,Oil & Gas - Upstream,No,EN-OG-U,0,1,1,0,0
6036,2023,Imperial Oil,Kearl Oil Sand In-Pit Tailings Project,Wood Buffalo,AB,Under Construction,Energy,750,57.411428,-111.163483,Private,Oil & Gas - Upstream,No,EN-OG-U,0,1,1,0,0
6036,2024,Imperial Oil,Kearl Oil Sand In-Pit Tailings Project,Wood Buffalo,AB,Under Construction,Energy,750,57.411428,-111.163483,Private,Oil & Gas - Upstream,No,EN-OG-U,0,1,1,0,0
6037,2022,Manitoba Hydro,Kettle Unit 8 Stator Overhaul,Nelson River,MB,Approved,Energy,23.5,56.38428577,-94.63501073,Public,Clean Electricity,Yes,EN-CLEL,1,0,1,0,0
6037,2023,Manitoba Hydro,Kettle Unit 8 Stator Overhaul,Nelson River,MB,Approved,Energy,23.1,56.38428577,-94.63501073,Public,Clean Electricity,Yes,EN-CLEL,1,0,0,0,1
6038,2022,Keyera Corp. and SemCAMS Midstream,Key Access Pipeline System Project,Grand Prairie County No 1,AB,Under Construction,Energy,1600,,,Private,Trans & Distr,No,EN-T&D,0,1,0,1,0
6040,2022,FD Power,Kopahawakenum,Coleville,SK,Announced & Planning,Energy,30,,,Private,Other,Yes,EN-LCF,1,0,1,0,0
6040,2023,FD Power,Kopahawakenum,Coleville,SK,Announced & Planning,Energy,30,,,Private,Other,Yes,EN-LCF,1,0,1,0,0
6040,2024,FD Power,Kopahawakenum,Coleville,SK,Announced & Planning,Energy,30,,,Private,Other,Yes,EN-LCF,1,0,1,0,0
6041,2023,SOQUEM,Kwyjibo,120 km au NNE de Sept-Iles,QC,Announced & Planning,Mining,723.6,51.06421,-65.239336,Private,Other,No,MIN-OTH,1,0,0,0,1
6042,2022,M taux Lomiko,La Loutre Graphite,180 km au nord-ouest de Montr al,QC,Announced & Planning,Mining,236.1,,0,Private,Critical Mineral,Yes,MIN-CM,1,0,1,0,0
6042,2023,M taux Lomiko,La Loutre Graphite,180 km au nord-ouest de Montr al,QC,Announced & Planning,Mining,236.1,,0,Private,Critical Mineral,Yes,MIN-CM,1,0,0,0,1
6043,2022,Hydro One,Chatham to Lakeshore Transmission Line,Southwestern Ontario,ON,Announced & Planning,Energy,525,,,Public,Trans & Distr,No,EN-T&D,1,0,1,0,0
6043,2023,Hydro One,Chatham to Lakeshore Transmission Line,"Lakeshore, Chatham-Kent Southwestern Ontario",ON,Under Construction,Energy,268,,,Public,Trans & Distr,No,EN-T&D,0,1,1,0,0
6043,2024,Hydro One,Chatham to Lakeshore Transmission Line,"Lakeshore, Chatham-Kent Southwestern Ontario",ON,Under Construction,Energy,253,42.41338,-82.19294,Public,Trans & Distr,No,EN-T&D,0,1,1,0,0
6044,2022,Lafarge Canada Inc.,Landfill Fly Ash Beneficiation Project,Bighorn No. 8,AB,Announced & Planning,Energy,48.7,51.062217,-115.173878,Private,Waste Biomass,Yes,EN-BIO,1,0,1,0,0
6044,2023,Lafarge Canada Inc.,Landfill Fly Ash Beneficiation Project,Bighorn No. 8,AB,Announced & Planning,Energy,48.7,51.062217,-115.173878,Private,Waste Biomass,Yes,EN-BIO,1,0,0,0,1
6045,2022,Manitoba Hydro,Limestone Units 1-3 & 5-10 Stator Re-Wedge,Nelson River,MB,Under Construction,Energy,36.2,56.5069,-94.1069,Public,Clean Electricity,Yes,EN-CLEL,0,1,1,0,0
6045,2023,Manitoba Hydro,Limestone Units 1-3 & 5-10 Stator Re-Wedge,Nelson River,MB,Under Construction,Energy,37.8,56.5069,-94.1069,Public,Clean Electricity,Yes,EN-CLEL,0,1,1,0,0
6045,2024,Manitoba Hydro,Limestone Units 1-3 & 5-10 Stator Re-Wedge,Nelson River,MB,Under Construction,Energy,37.8,56.5069,-94.1069,Public,Clean Electricity,Yes,EN-CLEL,0,1,1,0,0
6046,2022,"LNG Canada (Shell Canada Limited, PETRONAS, Korea Gas Corporation (KOGAS), Mitsubishi Corporation, and PetroChina Company Limited)",LNG Canada Phase 2,Kitimat,BC,Announced & Planning,Energy,,54.081951,-128.638058,Private,Oil & Gas - Downstream,No,EN-OG-D,1,0,1,0,0
6046,2023,"LNG Canada (Shell Canada Limited, PETRONAS, Korea Gas Corporation (KOGAS), Mitsubishi Corporation, and PetroChina Company Limited)",LNG Canada Phase 2,Kitimat,BC,Announced & Planning,Energy,25000,54.081951,-128.638058,Private,Oil & Gas - Downstream,No,EN-OG-D,1,0,1,0,0
6046,2024,"LNG Canada (Shell Canada Limited, PETRONAS, Korea Gas Corporation (KOGAS), Mitsubishi Corporation, and PetroChina Company Limited)",LNG Canada Phase 2,Kitimat,BC,Announced & Planning,Energy,25000,54.081951,-128.638058,Private,Oil & Gas - Downstream,No,EN-OG-D,1,0,1,0,0
6047,2022,Manitoba Hydro,Long Spruce Generator Protection Replacement,Nelson River,MB,Under Construction,Energy,22.4,56.3979,-94.3692,Public,Clean Electricity,Yes,EN-CLEL,0,1,1,0,0
6047,2023,Manitoba Hydro,Long Spruce Generator Protection Replacement,Nelson River,MB,Under Construction,Energy,22.5,56.3979,-94.3692,Public,Clean Electricity,Yes,EN-CLEL,0,1,1,0,0
6047,2024,Manitoba Hydro,Long Spruce Generator Protection Replacement,Nelson River,MB,Under Construction,Energy,22.5,56.3979,-94.3692,Public,Clean Electricity,Yes,EN-CLEL,0,1,1,0,0
6048,2022,Canadian Malartic GP,Malartic extension project - Odyssey,Malartic,QC,Under Construction,Mining,500,48.073668,-78.14115,Private,Other,No,MIN-OTH,0,1,1,0,0
6048,2023,Canadian Malartic GP,Malartic extension project - Odyssey,Malartic,QC,Under Construction,Mining,500,48.073668,-78.14115,Private,Other,No,MIN-OTH,0,1,0,1,0
6049,2022,Mines Agnico Eagle ltee,Malartic Extension Project (Odyssey),Malartic,QC,Under Construction,Mining,1451,48.073668,-78.14115,Private,Other,No,MIN-OTH,0,1,1,0,0
6049,2023,Mines Agnico Eagle ltee,Malartic Extension Project (Odyssey),Malartic,QC,Under Construction,Mining,1700,48.073668,-78.14115,Private,Other,No,MIN-OTH,0,1,1,0,0
6049,2024,Mines Agnico Eagle ltee,Malartic Extension Project (Odyssey),Malartic,QC,Under Construction,Mining,1700,48.073668,-78.14115,Private,Other,No,MIN-OTH,0,1,1,0,0
6050,2023,Miniere O3,Marban Block,10 km E de Malartic,QC,Announced & Planning,Mining,435.1,48.137067,-77.97919,Private,Other,No,MIN-OTH,1,0,1,0,0
6050,2024,Miniere O3,Marban Block,10 km E de Malartic,QC,Announced & Planning,Mining,435.1,48.137067,-77.97919,Private,Other,No,MIN-OTH,1,0,1,0,0
6051,2024,Fox River Resources Corporation,Martison,70 km NNE of Hearst,ON,Announced & Planning,Mining,2326.92,50.31444,-83.41444,Private,Other,No,MIN-OTH,1,0,1,0,0
6052,2022,Bison Low Carbon Ventures Inc.,Meadowbrook Hub Project,Sturgeon County,AB,Announced & Planning,Energy,,,,Private,Other,Yes,EN-LCF,1,0,0,0,1
6053,2022,TC Energy Corporation,Meaford Pumped Storage Project,Meaford,ON,In Review,Energy,4300,,,Private,"DER, Storage, EV",Yes,EN-DER,1,0,1,0,0
6053,2023,TC Energy Corporation,Meaford Pumped Storage Project,Meaford,ON,In Review,Energy,4300,,,Private,"DER, Storage, EV",Yes,EN-DER,1,0,1,0,0
6053,2024,TC Energy Corporation,Meaford Pumped Storage Project,Meaford,ON,In Review,Energy,4300,,,Private,"DER, Storage, EV",Yes,EN-DER,1,0,1,0,0
6054,2022,Mercer International,Mercer Peace River Fibre Procurement Project,Northern Lights County,AB,Under Construction,Forest,75.1,56.374918,-117.178899,Private,Other,Yes,FOR-OTH,0,1,0,1,0
6055,2022,Western Resources Corp.,Milestone,35 km SE of Regina,SK,Approved,Mining,,50.236669,-104.239825,Private,Other,No,MIN-OTH,1,0,0,0,1
6056,2022,San Group,Mill and port upgrades,Port Alberni,BC,Announced & Planning,Forest,100,,,Private,Pulp & Paper,No,FOR-P&P,1,0,1,0,0
6056,2023,San Group,Mill and port upgrades,Port Alberni,BC,Announced & Planning,Forest,100,,,Private,Pulp & Paper,No,FOR-P&P,1,0,1,0,0
6056,2024,San Group,Mill and port upgrades,Port Alberni,BC,Announced & Planning,Forest,100,,,Private,Pulp & Paper,No,FOR-P&P,1,0,1,0,0
6057,2022,Resolute,Mill modernization and new equipment,Senneterre,QC,Announced & Planning,Forest,22,,,Private,Pulp & Paper,No,FOR-P&P,1,0,1,0,0
6057,2023,Resolute Forest Products,Mill modernization and new equipment (planermil / rabotage),Senneterre,QC,Announced & Planning,Forest,36,,,Private,Pulp & Paper,No,FOR-P&P,1,0,0,0,1
6058,2022,MAXIM Power Corp.,Milner 2 Combined Cycle Gas Turbine Power Project,Greenview No. 16,AB,Under Construction,Energy,125,54.007788,-119.104491,Private,NG Power Gen,No,EN-NGPG,0,1,0,1,0
6059,2022,"Mitsubishi Corporation, Shell Canada Limited",Mitsubishi/Shell Ammonia Project,Edmonton,AB,Announced & Planning,Energy,,,,Private,Low Carbon Fuels,Yes,EN-LCF,1,0,0,0,1
6060,2024,Sayona Nord,Moblan,110 km au N de Chibougamau,QC,Announced & Planning,Mining,822.6,50.739349,-74.835889,Private,Other,No,MIN-OTH,1,0,1,0,0
6061,2023,Voyager Metals inc.,Mont Sorcier,James Bay,QC,Announced & Planning,Mining,586.3,49.912759,-74.121332,Private,Other,No,MIN-OTH,1,0,0,0,1
6062,2022,Voltarix Group,Moon Lake Solar Project,Parkland County,AB,Announced & Planning,Energy,43,53.422494,-114.990517,Private,Clean Electricity,Yes,EN-CLEL,1,0,1,0,0
6062,2023,Voltarix Group,Moon Lake Solar Project,Parkland County,AB,Announced & Planning,Energy,43,53.422494,-114.990517,Private,Clean Electricity,Yes,EN-CLEL,1,0,1,0,0
6062,2024,Voltarix Group,Moon Lake Solar Project,Parkland County,AB,Approved,Energy,43,53.422494,-114.990517,Private,Clean Electricity,Yes,EN-CLEL,1,0,1,0,0
6063,2022,Northriver Midstream NEBC Connector GP Inc.,NEBC Connector Project,"NW of Wonovon, BC & Gordondale, AB",Multi,In Review,Energy,350.1,56.9228,-122.058,Private,Clean Electricity,Yes,EN-CLEL,1,0,1,0,0
6063,2023,Northriver Midstream NEBC Connector GP Inc.,NEBC Connector Project,"NW of Wonovon, BC & Gordondale, AB",Multi,In Review,Energy,350,56.9228,-122.058,Private,Clean Electricity,Yes,EN-CLEL,1,0,1,0,0
6063,2024,Northriver Midstream NEBC Connector GP Inc.,NEBC Connector Project,"NW of Wonovon, BC & Gordondale, AB",Multi,Approved,Energy,350,56.9228,-122.058,Private,Clean Electricity,Yes,EN-CLEL,1,0,1,0,0
6064,2022,One Sky Forest Products,New OSB Mill,Prince Albert,SK,Announced & Planning,Forest,250,,,Private,EWP,No,FOR-EWP,1,0,1,0,0
6064,2023,One Sky Forest Products,New OSB Mill,Prince Albert,SK,Announced & Planning,Forest,275,,,Private,EWP,No,FOR-EWP,1,0,1,0,0
6064,2024,One Sky Forest Products,New OSB Mill,Prince Albert,SK,Announced & Planning,Forest,400,,,Private,EWP,No,FOR-EWP,1,0,1,0,0
6066,2022,NOVA Gas Transmission Ltd.,NGTL West Path Delivery 2022 Project,Sundre and Coleman AB,AB,Approved,Energy,193,52.008,-114.824,Private,Clean Electricity,Yes,EN-CLEL,1,0,0,0,1
6067,2022,Northern Petrochemical Corp.,Northern Petrochemical Ammonia and Methanol Production Facility,Greenview No. 16,AB,Announced & Planning,Energy,2500,54.760765,-118.572392,Private,Low Carbon Fuels,Yes,EN-LCF,1,0,1,0,0
6067,2023,Northern Petrochemical Corp.,Northern Petrochemical Ammonia and Methanol Production Facility,Greenview No. 16,AB,Announced & Planning,Energy,2500,54.760765,-118.572392,Private,Low Carbon Fuels,Yes,EN-LCF,1,0,1,0,0
6067,2024,Northern Petrochemical Corp.,Northern Petrochemical Ammonia and Methanol Production Facility,Greenview No. 16,AB,Announced & Planning,Energy,2500,54.760765,-118.572392,Private,Low Carbon Fuels,Yes,EN-LCF,1,0,1,0,0
6068,2022,Ciment Qu bec,Nouvel atelier de broyage ciment,Saint-Basile,QC,Under Construction,Energy,140,46.74677891,-71.81259509,Private,Other,Yes,EN-OTH,0,1,0,1,0
6069,2022,Wawa OSB Inc,OSB Mill restart,Wawa,ON,Announced & Planning,Forest,180,,,Private,EWP,Yes,FOR-EWP,1,0,1,0,0
6069,2023,Wawa OSB Inc,OSB Mill restart,Wawa,ON,Announced & Planning,Forest,180,,,Private,EWP,Yes,FOR-EWP,1,0,0,0,1
6072,2022,Peak Renewables,Pellet Plant,Fort Nelson,BC,Announced & Planning,Forest,29,58.80493975,-122.6973869,Private,Other,Yes,FOR-OTH,1,0,1,0,0
6072,2023,Peak Renewables,Pellet Plant,Fort Nelson,BC,Announced & Planning,Forest,29,58.80493975,-122.6973869,Private,Other,Yes,FOR-OTH,1,0,1,0,0
6072,2024,Peak Renewables,Pellet Plant,Fort Nelson,BC,Announced & Planning,Forest,29,58.80493975,-122.6973869,Private,Other,Yes,FOR-OTH,1,0,1,0,0
6073,2022,Groupe Lebel,Pellet plant,Riviere du Loup,QC,Under Construction,Forest,,,,Private,Other,Yes,FOR-OTH,0,1,1,0,0
6073,2023,Groupe Lebel,Pellet plant,Cacouna,QC,Under Construction,Forest,40,,,Private,Other,Yes,FOR-OTH,0,1,0,1,0
6074,2022,Nihat Corp,Pellet plant,Beaufourt Delta Region,NWT,Announced & Planning,Forest,,,,Private,Other,Yes,FOR-OTH,1,0,0,0,1
6075,2022,Nairn Centre Wood Pellet Plant,Pellet plant,Nairn Centre,ON,Announced & Planning,Forest,,,,Private,Other,Yes,FOR-OTH,1,0,0,0,1
6076,2022,Whitesands First Nation,Pellet plant and biomass co-gen,Armstrong,ON,Announced & Planning,Forest,,,,Private,Other,Yes,FOR-OTH,1,0,0,0,1
6077,2022,Hydro One,Power Downtown Toronto,Toronto,ON,Announced & Planning,Energy,108,,,Public,Trans & Distr,No,EN-LCF,1,0,1,0,0
6077,2023,Hydro One,Power Downtown Toronto,Toronto,ON,Announced & Planning,Energy,120,,,Public,Trans & Distr,No,EN-LCF,1,0,1,0,0
6077,2024,Hydro One,Power Downtown Toronto,Toronto,ON,Announced & Planning,Energy,120,,,Public,Trans & Distr,No,EN-LCF,1,0,1,0,0
6078,2024,Ascot Resources Ltd.,Premier Gold Project,Stewart,BC,Under Construction,Mining,178,,,Private,Precious Metal,No,MIN-PM,0,1,1,0,0
6079,2022,Heartland Generation,Rainbow Lake Generating Station Expansion,Mackenzie County,AB,Announced & Planning,Energy,50,58.450941,-119.237323,Private,Other,Yes,EN-OTH,1,0,1,0,0
6079,2023,Heartland Generation,Rainbow Lake Generating Station Expansion,Mackenzie County,AB,Announced & Planning,Energy,50,58.450941,-119.237323,Private,Other,Yes,EN-OTH,1,0,0,0,1
6081,2022,Newcrest Mining Ltd./Imperial Metals,Red Chris Block Cave Expansion,Iskut,BC,Announced & Planning,Mining,1500,,,Private,Precious Metal,No,MIN-PM,1,0,1,0,0
6081,2023,Newcrest Mining Ltd./Imperial Metals,Red Chris Block Cave Expansion,Dease Lake,BC,In Review,Mining,2632,57.72,-129.78,Private,Precious Metal,No,MIN-PM,1,0,1,0,0
6081,2024,Newcrest Mining Ltd./Imperial Metals,Red Chris Block Cave Expansion,Dease Lake,BC,Approved,Mining,2632,57.72,-129.78,Private,Precious Metal,No,MIN-PM,1,0,1,0,0
6083,2022,Voltarix Group,Rocktree Solar Project,Parkland County,AB,Announced & Planning,Energy,40,53.515088,-113.912081,Private,Clean Electricity,Yes,EN-CLEL,1,0,1,0,0
6083,2023,Voltarix Group,Rocktree Solar Project,Parkland County,AB,Announced & Planning,Energy,40,53.515088,-113.912081,Private,Clean Electricity,Yes,EN-CLEL,1,0,1,0,0
6083,2024,Voltarix Group,Rocktree Solar Project,Parkland County,AB,Approved,Energy,40,53.515088,-113.912081,Private,Clean Electricity,Yes,EN-CLEL,1,0,1,0,0
6084,2022,DP Energy,Saamis Solar Farm,Medicine Hat,AB,Announced & Planning,Energy,450,50.070674,-110.70734,Private,Clean Electricity,Yes,EN-CLEL,1,0,1,0,0
6084,2023,DP Energy,Saamis Solar Farm,Medicine Hat,AB,Announced & Planning,Energy,450,50.070674,-110.70734,Private,Clean Electricity,Yes,EN-CLEL,1,0,1,0,0
6084,2024,DP Energy,Saamis Solar Farm,Medicine Hat,AB,In Review,Energy,600,50.070674,-110.70734,Private,Clean Electricity,Yes,EN-CLEL,1,0,1,0,0
6085,2022,Dunkley Lumber,Saw Mill Expansion,Carrot River,SK,Announced & Planning,Forest,100,,,Private,Lumber,No,FOR-LUM,1,0,1,0,0
6085,2023,Dunkley Lumber,Saw Mill Expansion,Carrot River,SK,Under Construction,Forest,160,,,Private,Lumber,No,FOR-LUM,0,1,0,1,0
6086,2022,Silicon Ranch,Scottford Refinery Solar Farm,Strathcona County,AB,Announced & Planning,Energy,100,53.804239,-113.088906,Private,"DER, Storage, EV",Yes,EN-DER,1,0,1,0,0
6086,2023,Silicon Ranch,Scottford Refinery Solar Farm,Strathcona County,AB,Under Construction,Energy,100,53.804239,-113.088906,Private,"DER, Storage, EV",Yes,EN-DER,0,1,1,0,0
6086,2024,Silicon Ranch,Scottford Refinery Solar Farm,Strathcona County,AB,Under Construction,Energy,100,53.804239,-113.088906,Private,"DER, Storage, EV",Yes,EN-DER,0,1,1,0,0
6087,2022,Magna Mining Inc.,Shakespeare,20 km NE of Massey,ON,Announced & Planning,Mining,232.9,46.291979,-81.858789,Private,Other,No,MIN-OTH,1,0,1,0,0
6087,2023,Magna Mining Inc.,Shakespeare,Sudbury (20 km NE of Massey),ON,Announced & Planning,Mining,232.9,46.291979,-81.858789,Private,Other,No,MIN-OTH,1,0,1,0,0
6087,2024,Magna Mining Inc.,Shakespeare,Sudbury (20 km NE of Massey),ON,Announced & Planning,Mining,232.9,46.291979,-81.858789,Private,Other,No,MIN-OTH,1,0,1,0,0
6088,2022,Expander Energy,Slave Lake Bio-Mass/Gas to Liquids Plant (Phase 1),Lesser Slave River No.124,AB,Announced & Planning,Energy,35,55.265038,-114.57517,Private,Waste Biomass,Yes,EN-BIO,1,0,1,0,0
6088,2023,Expander Energy,Slave Lake Bio-Mass/Gas to Liquids Plant (Phase 1),Lesser Slave River No.124,AB,Announced & Planning,Energy,30,55.265038,-114.57517,Private,Waste Biomass,Yes,EN-BIO,1,0,1,0,0
6088,2024,Expander Energy,Slave Lake Bio-Mass/Gas to Liquids Plant (Phase 1),Lesser Slave River No.124,AB,Announced & Planning,Energy,30,55.265038,-114.57517,Private,Waste Biomass,Yes,EN-BIO,1,0,1,0,0
6089,2022,Hydro One,St.Clair Transmission Line,"St.Clair, Chatham Kent",ON,Announced & Planning,Energy,250,,,Public,Trans & Distr,No,EN-T&D,1,0,1,0,0
6089,2023,Hydro One,St.Clair Transmission Line,"St.Clair, Chatham Kent",ON,Announced & Planning,Energy,250,,,Public,Trans & Distr,No,EN-T&D,1,0,1,0,0
6089,2024,Hydro One,St.Clair Transmission Line,"St.Clair, Chatham Kent",ON,Announced & Planning,Energy,250,42.38522,-82.09534,Public,Trans & Distr,No,EN-T&D,1,0,1,0,0
6090,2022,Imperial Oil Ltd.,Strathcona Refinery Renewable Diesel Expansion,Strathcona County,AB,Announced & Planning,Energy,500,53.546093,-113.384158,Private,Low Carbon Fuels,Yes,EN-LCF,1,0,1,0,0
6090,2023,Imperial Oil Ltd.,Strathcona Refinery Renewable Diesel Expansion,Strathcona County,AB,Under Construction,Energy,720,53.546093,-113.384158,Private,Low Carbon Fuels,Yes,EN-LCF,0,1,1,0,0
6090,2024,Imperial Oil Ltd.,Strathcona Refinery Renewable Diesel Expansion,Strathcona County,AB,Under Construction,Energy,720,53.546093,-113.384158,Private,Low Carbon Fuels,Yes,EN-LCF,0,1,1,0,0
6091,2022,"ATCO, Suncor",Suncor and ATCO clean hydrogen project,Fort Saskatchewan,AB,Announced & Planning,Energy,,,,Private,Low Carbon Fuels,Yes,EN-LCF,1,0,1,0,0
6091,2023,"ATCO, Suncor",Suncor and ATCO clean hydrogen project,Fort Saskatchewan,AB,Announced & Planning,Energy,3532,,,Private,Low Carbon Fuels,Yes,EN-LCF,1,0,1,0,0
6091,2024,"ATCO, Suncor",Suncor and ATCO clean hydrogen project,Fort Saskatchewan,AB,Announced & Planning,Energy,3532,,,Private,Low Carbon Fuels,Yes,EN-LCF,1,0,1,0,0
6092,2022,Suncor Energy Inc.,Suncor PURE Demonstration Facility,Wood Buffalo,AB,Announced & Planning,Energy,52.5,57.380561,-111.509771,Private,Clean Electricity,Yes,EN-CLEL,1,0,1,0,0
6092,2023,Suncor Energy Inc.,Suncor PURE Demonstration Facility,Wood Buffalo,AB,Announced & Planning,Energy,52.5,57.380561,-111.509771,Private,Clean Electricity,Yes,EN-CLEL,1,0,1,0,0
6092,2024,Suncor Energy Inc.,Suncor PURE Demonstration Facility,Wood Buffalo,AB,Announced & Planning,Energy,52.5,57.380561,-111.509771,Private,Clean Electricity,Yes,EN-CLEL,1,0,1,0,0
6093,2022,Enbridge Inc.,The Open Access Wabamun Carbon Hub,Parkland County,AB,Announced & Planning,Energy,,,,Private,CCUS,Yes,EN-CCU,1,0,0,0,1
6094,2022,Enhance Energy Inc.,The Origins Project,Leduc County,AB,Announced & Planning,Energy,,,,Private,Clean Electricity,Yes,EN-CLEL,1,0,0,0,1
6095,2022,Suncor,Tilt Cove Exploration Drilling Project,Offshore Newfoundland,NL,In Review,Energy,52,,,Private,Oil & Gas - Upstream,No,EN-OG-U,1,0,1,0,0
6095,2023,Suncor,Tilt Cove Exploration Drilling Project,Offshore Newfoundland,NL,In Review,Energy,52,,,Private,Oil & Gas - Upstream,No,EN-OG-U,1,0,0,0,1
6096,2024,Troilus Gold Corp.,Troilus,175 km au N de Chibougamau,QC,In Review,Mining,449.5,51.011121,-74.466634,Private,Other,No,MIN-OTH,1,0,1,0,0
6097,2022,Agnico Eagle Mines Limited,Upper Beaver,Kirkland Lake,ON,Announced & Planning,Mining,240.1,48.165061,-79.764065,Private,Other,No,MIN-OTH,1,0,1,0,0
6097,2023,Agnico Eagle Mines Limited,Upper Beaver,Kirkland Lake,ON,Announced & Planning,Mining,240.1,48.175,-79.768,Private,Other,No,MIN-OTH,1,0,1,0,0
6097,2024,Agnico Eagle Mines Limited,Upper Beaver,Kirkland Lake,ON,In Review,Mining,240.1,48.175,-79.768,Private,Other,No,MIN-OTH,1,0,1,0,0
6098,2022,Elkem Metal Canada,Usine de demonstration de fabrication de briquettes de biocarbone,Chicoutimi,QC,Under Construction,Energy,40.5,48.41233009,-71.12984859,Private,Waste Biomass,Yes,EN-LCF,0,1,1,0,0
6098,2023,Elkem Metal Canada,Usine de demonstration de fabrication de briquettes de biocarbone,Chicoutimi,QC,Under Construction,Energy,46,48.41233009,-71.12984859,Private,Waste Biomass,Yes,EN-LCF,0,1,1,0,0
6098,2024,Elkem Metal Canada,Usine de demonstration de fabrication de briquettes de biocarbone,Chicoutimi,QC,Under Construction,Energy,46,48.41233009,-71.12984859,Private,Waste Biomass,Yes,EN-LCF,0,1,1,0,0
6100,2023,Probe Gold inc.,Novador,Val-d'Or,QC,Announced & Planning,Mining,353,48.150028,-77.500793,Private,Precious Metal,No,MIN-PM,1,0,1,0,0
6100,2024,Probe Gold inc.,Novador,Val-d'Or,QC,In Review,Mining,602,48.150028,-77.500793,Private,Precious Metal,No,MIN-PM,1,0,1,0,0
6101,2022,Ville de Quebec,Projet de valorisation de la vapeur de l'incinerateur pour le CHU de Quebec - Universite Laval,Ville de Qu bec,QC,Announced & Planning,Energy,43.8,46.8347,-71.2033,Private,Other,Yes,EN-OTH,1,0,1,0,0
6101,2023,Ville de Quebec,Projet de valorisation de la vapeur de l'incinerateur pour le CHU de Quebec - Universite Laval,Ville de Qu bec,QC,Announced & Planning,Energy,43.8,46.8347,-71.2033,Private,Other,Yes,EN-OTH,1,0,1,0,0
6101,2024,Ville de Quebec,Projet de valorisation de la vapeur de l'incinerateur pour le CHU de Quebec - Universite Laval,Ville de Qu bec,QC,Announced & Planning,Energy,43.8,46.8347,-71.2033,Private,Other,Yes,EN-OTH,1,0,1,0,0
6102,2022,Galleon Gold Corp.,West Cache,15 km WSW of Timmins,ON,Announced & Planning,Mining,149.6,48.418089,-81.48394,Private,Precious Metal,No,MIN-PM,1,0,1,0,0
6102,2024,Galleon Gold Corp.,West Cache,15 km WSW of Timmins,ON,Announced & Planning,Mining,133.6,48.418089,-81.48394,Private,Precious Metal,No,MIN-PM,1,0,1,0,0
6103,2022,"Enbridge Inc., BG Group",Westcoast Connector Gas Transmission Project,Montney area,BC,Announced & Planning,Energy,6700,,,Private,Trans & Distr,No,EN-T&D,1,0,1,0,0
6103,2024,"Enbridge Inc., BG Group",Westcoast Connector Gas Transmission Project,Montney area,BC,Approved,Energy,6000,,,Private,Trans & Distr,No,EN-T&D,1,0,1,0,0
6104,2022,NTPC,Whati Transmission Line,Whati to Snare Hydro Complex,NT,Announced & Planning,Energy,41.5,63.252421,-116.735563,Private,Trans & Distr,No,EN-T&D,1,0,1,0,0
6104,2023,NTPC,Whati Transmission Line,Whati to Snare Hydro Complex,NT,Announced & Planning,Energy,41.5,63.252421,-116.735563,Private,Trans & Distr,No,EN-T&D,1,0,1,0,0
6104,2024,NTPC,Whati Transmission Line,Whati to Snare Hydro Complex,NT,Announced & Planning,Energy,41.5,63.252421,-116.735563,Private,Trans & Distr,No,EN-T&D,1,0,1,0,0
6105,2022,BluEarth Renewables,Wheatcrest Solar Project,"Taber, M.D.",AB,Announced & Planning,Energy,100,50.267767,-112.336177,Private,Clean Electricity,Yes,EN-CLEL,1,0,1,0,0
6105,2023,BluEarth Renewables,Wheatcrest Solar Project,"Taber, M.D.",AB,Under Construction,Energy,120,50.267767,-112.336177,Private,Clean Electricity,Yes,EN-CLEL,0,1,0,1,0
6106,2022,Wolf Midstream,Wolf Midstream Carbon Hub,Strathcona County,AB,Announced & Planning,Energy,,,,Private,CCUS,Yes,EN-CCU,1,0,0,0,1
7000,2023,Strategic Resources Inc.,BlackRock,Chibougamau,QC,Announced & Planning,Mining,1471,49.800453,-74.062113,Private,Other,No,MIN-OTH,1,0,0,0,1
7001,2023,Sabre Gold Mines Corp.,Brewery Creek,Dawson,YK,Announced & Planning,Mining,132.3,64.05802,-138.20379,Private,Precious Metal,No,MIN-PM,1,0,0,0,1
7002,2023,Dore Copper Mining Corp.,Corner Bay,Chibougamau,QC,Announced & Planning,Mining,157,49.74183,-74.23977,Private,Critical Mineral,Yes,MIN-CM,1,0,0,0,1
7003,2023,Rio Tinto Group,Jonquiere Refinery,Jonquiere,QC,Approved,Mining,1400,48.429,-71.162,Private,Critical Mineral,Yes,MIN-CM,1,0,1,0,0
7003,2024,Rio Tinto Group,Jonquiere Refinery,Jonquiere,QC,Approved,Mining,1485,48.429,-71.162,Private,Critical Mineral,Yes,MIN-CM,1,0,1,0,0
7004,2023,Nouveau Monde Graphite Inc,Lac Gueret,100 km SW of Gagnon,QC,Announced & Planning,Mining,1417,51.12903,-69.06792,Private,Critical Mineral,Yes,MIN-CM,1,0,0,0,1
7005,2023,Groupe minier Imp rial,Crater Lake,Rivire-Koksoak,QC,Announced & Planning,Mining,870.1,55.35025,-63.8991,Private,Other,No,MIN-OTH,1,0,0,0,1
7006,2023,H2V Energies,Alpha Plant,Becancour,QC,Under Construction,Energy,1300,,,Private,Waste Biomass,Yes,EN-BIO,0,1,1,0,0
7006,2024,H2V Energies,Alpha Plant,Becancour,QC,Under Construction,Energy,1300,,,Private,Waste Biomass,Yes,EN-BIO,0,1,1,0,0
7007,2023,Saskpower,Aspen Power Station,,SK,In Review,Energy,1253,,,Public,Low Carbon Fuels,Yes,EN-LCF,1,0,1,0,0
7007,2024,Saskpower,Aspen Power Station,,SK,Under Construction,Energy,1253,,,Public,Low Carbon Fuels,Yes,EN-LCF,0,1,1,0,0
7008,2023,ATCO,ATCO Kansai Electric Power Ammonia Project (Natural Gas with CCUS),TBD,AB,Announced & Planning,Energy,1000,,,Private,NG Power Gen,No,EN-NGPG,1,0,0,0,1
7009,2023,Energir Developpement/Nature Energy,Biomethanization plants in Quebec- Farnham Project,Unknown,QC,Announced & Planning,Energy,1390.083265,,,Private,Waste Biomass,Yes,EN-BIO,1,0,1,0,0
7009,2024,Energir Developpement/Nature Energy,Biomethanization plants in Quebec- Farnham Project,Farnham,QC,In Review,Energy,243,,,Private,Waste Biomass,Yes,EN-BIO,1,0,1,0,0
7010,2023,Enbridge Gas,Bobcaygeon Natural Gas Expansion,Bobcaygeon and currently unserved areas within the City of Kawartha Lakes,ON,In Review,Energy,122.79,,,Private,NG Power Gen,No,EN-NGPG,1,0,1,0,0
7010,2024,Enbridge Gas,Bobcaygeon Natural Gas Expansion,Bobcaygeon and currently unserved areas within the City of Kawartha Lakes,ON,Approved,Energy,115.2,,,Private,NG Power Gen,No,EN-NGPG,1,0,1,0,0
7011,2023,Centre de Tratement de la Biomasse de la Monteregie (CTBM) Inc.,Centre de Tratement de la Biomasse de la Monteregie,Saint-Pie,QC,Announced & Planning,Energy,35,,,Private,Waste Biomass,Yes,EN-BIO,1,0,0,0,1
7012,2023,Cielo Waste Solutions Corp.,Cielo- Halifax,Halifax,NS,Announced & Planning,Energy,50,,,Private,Other,Yes,EN-OTH,1,0,1,0,0
7012,2024,Cielo Waste Solutions Corp.,Cielo- Halifax,Halifax,NS,Announced & Planning,Energy,50,,,Private,Other,Yes,EN-OTH,1,0,1,0,0
7013,2023,Enbridge Gas,Dawn-Corruna Project,Township of Dawn-Euphemia to Township of St.Clair,ON,Under Construction,Energy,250.7,42.85,-82.21,Private,Oil & Gas - Upstream,No,EN-OG-U,0,1,0,1,0
7014,2023,Capital Power Corporation,East Windsor Expansion,Windsor,ON,Announced & Planning,Energy,200,,,Private,"DER, Storage, EV",Yes,EN-DER,1,0,1,0,0
7014,2024,Capital Power Corporation,East Windsor Expansion,Windsor,ON,Announced & Planning,Energy,200,,,Private,"DER, Storage, EV",Yes,EN-DER,1,0,1,0,0
7015,2023,Eco Options Energy Cooperative,Eco Options Energy Cooperative,White Rock,BC,Announced & Planning,Energy,450,,,Private,Clean Electricity,Yes,EN-CLEL,1,0,0,0,1
7016,2023,Cenvous Energy Inc.,Edam Waseca Steam Injection,Edam,SK,Under Construction,Energy,350,,,Private,Clean Electricity,Yes,EN-CLEL,0,1,1,0,0
7016,2024,Cenvous Energy Inc.,Edam Waseca Steam Injection,Edam,SK,Under Construction,Energy,350,,,Private,Clean Electricity,Yes,EN-CLEL,0,1,1,0,0
7017,2023,Churchill Falls Labrador Corporation,Electric Utility 2021 Capital Program (Churchill Falls Labrador Corporation),Labrador,NL,Under Construction,Energy,48,53.594608,-64.308031,Private,Other,Yes,EN-OTH,0,1,0,1,0
7018,2023,Newfoundland and Labrador Hydro,Electric Utility 2021 Capital Program (Newfoundland and Labrador Hydro),Various,NL,Under Construction,Energy,111.3,54.18,-58.43,Public,Clean Electricity,Yes,EN-CLEL,0,1,0,1,0
7019,2023,Newfoundland Power Inc.,Electric Utility 2021 Capital Program (Newfoundland Power Inc.),Various,NL,Under Construction,Energy,112.8,48.55,-58.43,Private,Trans & Distr,No,EN-LCF,0,1,0,1,0
7020,2023,Churchill Falls Labrador Corporation,Electric Utility 2022 Capital Program (Churchill Falls Labrador Corporation),Labrador,NL,Under Construction,Energy,69,53.594608,-64.308031,Private,Other,Yes,EN-OTH,0,1,0,1,0
7021,2023,Newfoundland and Labrador Hydro,Electric Utility 2022 Capital Program (Newfoundland and Labrador Hydro),Various,NL,Under Construction,Energy,109.65,54.18,-58.43,Public,Clean Electricity,Yes,EN-CLEL,0,1,0,1,0
7022,2023,Newfoundland Power Inc.,Electric Utility 2022 Capital Program (Newfoundland Power Inc.),Various,NL,Under Construction,Energy,108.1,48.55,-58.43,Private,Trans & Distr,No,EN-LCF,0,1,0,1,0
7023,2023,Newfoundland Power Inc.,Electric Utility 2023 Capital Program,Various,NL,In Review,Energy,124.48,48.55,-58.43,Private,Clean Electricity,Yes,EN-CLEL,1,0,0,0,1
7024,2023,Churchill Falls Labrador Corporation,Electric Utility 2023 Capital Program (Churchill Falls Labrador Corporation),Labrador,NL,Under Construction,Energy,69,53.594608,-64.308031,Private,Other,Yes,EN-OTH,0,1,0,1,0
7025,2023,Newfoundland and Labrador Hydro,Electric Utility 2023 Capital Program (Newfoundland and Labrador Hydro),Various,NL,Approved,Energy,141.43,54.18,-58.43,Public,Clean Electricity,Yes,EN-CLEL,1,0,0,0,1
7026,2023,ENMAX Energy Corp.,Enmax Substation No. 1,Calgary,AB,Under Construction,Energy,200,51.045318,-114.08,Private,Trans & Distr,No,EN-T&D,0,1,1,0,0
7026,2024,ENMAX Energy Corp.,Enmax Substation No. 1,Calgary,AB,Under Construction,Energy,200,51.045318,-114.08,Private,Trans & Distr,No,EN-T&D,0,1,1,0,0
7027,2023,Manitoba Hydro,Enterprise PCB Remediation,Various locations,MB,Approved,Energy,25.1,,,Public,Clean Electricity,Yes,EN-CLEL,1,0,1,0,0
7027,2024,Manitoba Hydro,Enterprise PCB Remediation,Various locations,MB,Under Construction,Energy,25.1,,,Public,Clean Electricity,Yes,EN-CLEL,0,1,1,0,0
7028,2023,SaskPower,Ermine and Yellowhead Expansion,,SK,Under Construction,Energy,379,,,Public,Other,Yes,EN-OTH,0,1,1,0,0
7028,2024,SaskPower,Ermine and Yellowhead Expansion,,SK,Under Construction,Energy,379,,,Public,Other,Yes,EN-OTH,0,1,1,0,0
7029,2023,Federated Co-operatives Limited,FCL HDRD Plant,Regina,SK,Announced & Planning,Energy,2000,,,Private,Waste Biomass,Yes,EN-BIO,1,0,1,0,0
7029,2024,Federated Co-operatives Limited,FCL HDRD Plant,Regina,SK,Announced & Planning,Energy,2000,50.43936082,-104.726848,Private,Waste Biomass,Yes,EN-BIO,1,0,1,0,0
7031,2023,Fort Nelson First Nation/Hydrogen Naturally,Fort Nelson First Nation Hydrogen,Fort Nelson,BC,Announced & Planning,Energy,1200,,,Private,Low Carbon Fuels,Yes,EN-LCF,1,0,1,0,0
7031,2024,Fort Nelson First Nation/Hydrogen Naturally,Fort Nelson First Nation Hydrogen,Fort Nelson,BC,Announced & Planning,Energy,1200,,,Private,Low Carbon Fuels,Yes,EN-LCF,1,0,1,0,0
7032,2023,ACCIONA Energia,Forty Mile Wind Project (ACCONIA),Forty Mile County No. 8,AB,Under Construction,Energy,400,49.792835,-111.186,Private,Clean Electricity,Yes,EN-CLEL,0,1,1,0,0
7032,2024,ACCIONA Energia,Forty Mile Wind Project (ACCONIA),Forty Mile County No. 8,AB,Under Construction,Energy,400,49.792835,-111.186,Private,Clean Electricity,Yes,EN-CLEL,0,1,1,0,0
7033,2023,Neoen International,Fox Coulee Solar Farm,Starland County,AB,Under Construction,Energy,120,51.610861,-112.173,Private,Clean Electricity,Yes,EN-CLEL,0,1,0,1,0
7034,2023,Parkland Corp.,Fuel Refinery Upgrade (Parkland coprocessing),Burnaby,BC,Under Construction,Energy,600,,,Private,Oil & Gas - Downstream,No,EN-OG-D,0,1,1,0,0
7034,2024,Parkland Corp.,Fuel Refinery Upgrade (Parkland coprocessing),Burnaby,BC,Under Construction,Energy,600,,,Private,Oil & Gas - Downstream,No,EN-OG-D,0,1,1,0,0
7035,2023,Green Impact Partners (In partnership with Carbon Clean Energy and PCL Construction),Future Energy Park Renewable Natural Gas and Ethanol Project,Calgary,AB,Announced & Planning,Energy,1200,51.010133,-113.914,Private,Low Carbon Fuels,Yes,EN-LCF,1,0,1,0,0
7035,2024,Green Impact Partners (In partnership with Carbon Clean Energy and PCL Construction),Future Energy Park Renewable Natural Gas and Ethanol Project,Calgary,AB,Announced & Planning,Energy,1200,51.010133,-113.914,Private,Low Carbon Fuels,Yes,EN-LCF,1,0,1,0,0
7036,2023,Manitoba Hydro,Grand Rapids Unit 1 Overhaul,,MB,Under Construction,Energy,21.2,,,Public,Clean Electricity,Yes,EN-CLEL,0,1,0,1,0
7037,2023,Pattern Energy,Argentia Renewables,Port of Argentia,NL,Announced & Planning,Energy,5300,,,Private,Low Carbon Fuels,Yes,EN-LCF,1,0,0,0,1
7038,2023,H2MB,H2MB,Winnipeg,MB,Announced & Planning,Energy,20,,,Private,Low Carbon Fuels,Yes,EN-LCF,1,0,1,0,0
7038,2024,H2MB,H2MB,Winnipeg,MB,Announced & Planning,Energy,20,,,Private,Low Carbon Fuels,Yes,EN-LCF,1,0,1,0,0
7039,2023,FortisBC/Suncor/Hazer,Hazer Pyrolysis Hydrogen Production Demo Plant,Port Moody,BC,Announced & Planning,Energy,11.25,,,Private,Low Carbon Fuels,Yes,EN-LCF,1,0,1,0,0
7039,2024,FortisBC/Suncor/Hazer,Hazer Pyrolysis Hydrogen Production Demo Plant,Port Moody,BC,Announced & Planning,Energy,11.25,,,Private,Low Carbon Fuels,Yes,EN-LCF,1,0,1,0,0
7040,2023,Heidelberg Materials,Heidelberg Materials Carbon Capture Utilization and Storage Hub,Edmonton,AB,Announced & Planning,Energy,1360,53.5798,-113.606,Private,CCUS,Yes,EN-CCU,1,0,1,0,0
7040,2024,Heidelberg Materials,Heidelberg Materials Carbon Capture Utilization and Storage Hub,Edmonton,AB,Announced & Planning,Energy,1360,53.5798,-113.606,Private,CCUS,Yes,EN-CCU,1,0,1,0,0
7042,2023,Kiwetinohk Energy Corp,Homestead Solar Project,Willow Creek No. 26,AB,Announced & Planning,Energy,500,49.981414,-113.446,Private,Clean Electricity,Yes,EN-CLEL,1,0,1,0,0
7042,2024,Kiwetinohk Energy Corp,Homestead Solar Project,Willow Creek No. 26,AB,Announced & Planning,Energy,500,49.981414,-113.446,Private,Clean Electricity,Yes,EN-CLEL,1,0,1,0,0
7043,2023,Hydrogen Canada Corp,Hydrogen Canada Corp Hydrogen Project (Natural Gas with CCUS),TBD,AB,Announced & Planning,Energy,1000,,,Private,Clean Electricity,Yes,EN-CLEL,1,0,0,0,1
7044,2023,Renewable Hydrogen Canada/ Fortis BC/ Green Investment Group,Hydrogen Electrolyzer Plant,Chetwynd,BC,In Review,Energy,200,,,Private,Low Carbon Fuels,Yes,EN-LCF,1,0,1,0,0
7044,2024,Renewable Hydrogen Canada/ Fortis BC/ Green Investment Group,Hydrogen Electrolyzer Plant,Chetwynd,BC,In Review,Energy,200,,,Private,Low Carbon Fuels,Yes,EN-LCF,1,0,1,0,0
7045,2023,Hydra Energy Canada,Hydrogen Refueling and Production,Prince George,BC,Announced & Planning,Energy,62,,,Private,Low Carbon Fuels,Yes,EN-LCF,1,0,1,0,0
7045,2024,Hydra Energy Canada,Hydrogen Refueling and Production,Prince George,BC,Under Construction,Energy,62,,,Private,Low Carbon Fuels,Yes,EN-LCF,0,1,1,0,0
7046,2023,Manitoba Hydro,Jenpeg Unit 2 Overhauls,Jenpeg,MB,Approved,Energy,53.4,54.54,-98.03,Public,Clean Electricity,Yes,EN-CLEL,1,0,0,0,1
7047,2023,Northland Power,Jurassic Solar and Battery Storage,Cypress County,AB,Announced & Planning,Energy,500,50.663204,-111.116,Private,"DER, Storage, EV",Yes,EN-DER,1,0,1,0,0
7047,2024,Northland Power,Jurassic Solar and Battery Storage,Cypress County,AB,Under Construction,Energy,500,50.663204,-111.116,Private,"DER, Storage, EV",Yes,EN-DER,0,1,1,0,0
7048,2023,Manitoba Hydro,Kettle Unit 10 Stator Overhaul,,MB,Approved,Energy,22.9,,,Public,Clean Electricity,Yes,EN-CLEL,1,0,1,0,0
7048,2024,Manitoba Hydro,Kettle Unit 10 Stator Overhaul,,MB,Approved,Energy,22.9,,,Public,Clean Electricity,Yes,EN-CLEL,1,0,1,0,0
7049,2023,Manitoba Hydro,Kettle Unit 11 Stator Overhaul,Nelson River,MB,Approved,Energy,24.9,56.38428577,-94.63501073,Public,Clean Electricity,Yes,EN-CLEL,1,0,0,0,1
7050,2023,Manitoba Hydro,Kettle Unit 12 Stator Overhaul,Nelson River,MB,Approved,Energy,24.4,56.38428577,-94.63501073,Public,Clean Electricity,Yes,EN-CLEL,1,0,0,0,1
7051,2023,Manitoba Hydro,Kettle Unit 5 Stator Overhaul,,MB,Under Construction,Energy,27.5,,,Public,Clean Electricity,Yes,EN-CLEL,0,1,1,0,0
7051,2024,Manitoba Hydro,Kettle Unit 5 Stator Overhaul,,MB,Under Construction,Energy,40.9,,,Public,Clean Electricity,Yes,EN-CLEL,0,1,1,0,0
7052,2023,Manitoba Hydro,Kettle Unit 6 Stator Overhaul,,MB,Under Construction,Energy,23.3,,,Public,Clean Electricity,Yes,EN-CLEL,0,1,0,1,0
7053,2023,Manitoba Hydro,Kettle Unit 7 Stator Overhaul,Nelson River,MB,Approved,Energy,25.5,56.38428577,-94.63501073,Public,Clean Electricity,Yes,EN-CLEL,1,0,0,0,1
7054,2023,Manitoba Hydro,Kettle Unit 9 Stator Overhaul,Nelson River,MB,Approved,Energy,27.3,56.38428577,-94.63501073,Public,Clean Electricity,Yes,EN-CLEL,1,0,0,0,1
7055,2023,Kiwetinohk Energy Corp,Phoenix Solar Project,Red Deer County,AB,Announced & Planning,Energy,320,52.238021,-114.157,Private,Clean Electricity,Yes,EN-CLEL,1,0,1,0,0
7055,2024,Kiwetinohk Energy Corp,Phoenix Solar Project,Red Deer County,AB,Announced & Planning,Energy,320,52.238021,-114.157,Private,Clean Electricity,Yes,EN-CLEL,1,0,1,0,0
7056,2023,Metro Vancouver,Lulu Island WWT Plant,Richmond,BC,Under Construction,Energy,11.2,,,Private,Waste Biomass,Yes,EN-BIO,0,1,1,0,0
7056,2024,Metro Vancouver,Lulu Island WWT Plant,Richmond,BC,Under Construction,Energy,11.2,,,Private,Waste Biomass,Yes,EN-BIO,0,1,1,0,0
7057,2023,Greengate Power Corporation,Luna Solar Project (Phase One),Newell County,AB,Announced & Planning,Energy,700,50.603768,-112.236,Private,Clean Electricity,Yes,EN-CLEL,1,0,1,0,0
7057,2024,Greengate Power Corporation,Luna Solar Project (Phase One),Newell County,AB,Under Construction,Energy,700,50.603768,-112.236,Private,Clean Electricity,Yes,EN-CLEL,0,1,1,0,0
7058,2023,Greengate Power Corporation,Luna Solar Project (Phase Two),Newell County,AB,Announced & Planning,Energy,700,50.582389,-112.246,Private,Clean Electricity,Yes,EN-CLEL,1,0,1,0,0
7058,2024,Greengate Power Corporation,Luna Solar Project (Phase Two),Newell County,AB,Approved,Energy,700,50.582389,-112.246,Private,Clean Electricity,Yes,EN-CLEL,1,0,1,0,0
7059,2023,McLeod Lake Indian Band/Mitsubishi,McLeod Lake Indian Band Hydrogen Project,Kerry Lake East Indian Reserve,BC,Announced & Planning,Energy,5000,,,Private,Low Carbon Fuels,Yes,EN-LCF,1,0,1,0,0
7059,2024,McLeod Lake Indian Band/Mitsubishi,McLeod Lake Indian Band Hydrogen Project,Kerry Lake East Indian Reserve,BC,Announced & Planning,Energy,5000,,,Private,Low Carbon Fuels,Yes,EN-LCF,1,0,1,0,0
7060,2023,Strathcona Resources Ltd.,Meota Waseca SAGD,Meota,SK,Under Construction,Energy,350,,,Private,Oil & Gas - Upstream,No,EN-OG-U,0,1,0,1,0
7061,2023,Huron Clean Energy and Upper Nicola Band,Merritt Electro Fuels Project,Squamish,BC,Announced & Planning,Energy,75,,,Private,Clean Electricity,Yes,EN-CLEL,1,0,1,0,0
7061,2024,Huron Clean Energy and Upper Nicola Band,Merritt Electro Fuels Project,Squamish,BC,Announced & Planning,Energy,75,,,Private,Clean Electricity,Yes,EN-CLEL,1,0,1,0,0
7062,2023,Greengate Power Corporation,Midnight Solar and Battery Storage Project,Medicine Hat,AB,Announced & Planning,Energy,700,50.101693,-110.722,Private,"DER, Storage, EV",Yes,EN-DER,1,0,0,0,1
7063,2023,Uniboard,Mill modernisation,Val-d'Or,QC,Announced & Planning,Forest,250,,,Private,Pulp & Paper,No,FOR-P&P,1,0,1,0,0
7063,2024,Uniboard,Mill modernisation,Val-d'Or,QC,Under Construction,Forest,310,48.0987,-77.7968,Private,Pulp & Paper,No,FOR-P&P,0,1,1,0,0
7064,2023,Enbridge/Walker Industries and Comcor Environmental,Niagara Falls Renewable Natural Gas Project,Niagara Falls,ON,Under Construction,Energy,42,,,Private,NG Power Gen,No,EN-NGPG,0,1,0,1,0
7065,2023,Potentia Renewables Inc.,Paintearth Wind Power Project,Paintearth County No. 18,AB,Under Construction,Energy,297,52.114636,-112.134,Private,Clean Electricity,Yes,EN-CLEL,0,1,0,1,0
7066,2023,Newmont Corp.,Pamour,"8 km NE of South Porcupine, Ontario",ON,Announced & Planning,Mining,520.52,48.522253,-81.120492,Private,Other,No,MIN-OTH,1,0,1,0,0
7066,2024,Newmont Corp.,Pamour,"8 km NE of South Porcupine, Ontario",ON,Announced & Planning,Mining,520.52,48.522253,-81.120492,Private,Other,No,MIN-OTH,1,0,1,0,0
7067,2024,Enbridge Gas,Panhandle Regional Expansion,"Municipalities of Chatham-Kent, Lakeshore, Leamington",ON,Approved,Energy,358,42.370631,-82.388726,Private,Other,Yes,EN-OTH,1,0,1,0,0
7068,2023,Alliance de lenergie de lEst / Valeco Energie Quebec,Parc Eolien de Grosse Ile + Battery,Iles de la Madeleine,QC,In Review,Energy,70,,,Private,"DER, Storage, EV",Yes,EN-DER,1,0,1,0,0
7068,2024,Alliance de lenergie de lEst / Valeco Energie Quebec,Parc Eolien de Grosse Ile + Battery,Iles de la Madeleine,QC,In Review,Energy,70,,,Private,"DER, Storage, EV",Yes,EN-DER,1,0,1,0,0
7069,2023,The Pathways Alliance,Pathways Alliance Carbon Capture Storage Hub (Phase 1),Improvement District No. 349|Wood Buffalo|Lac la Biche County|Improvement District No. 24 Wood Buffalo|Bonnyville No. 87,AB,Announced & Planning,Energy,16500,58.152833,-112.285,Private,CCUS,Yes,EN-CCU,1,0,1,0,0
7069,2024,The Pathways Alliance,Pathways Alliance Carbon Capture Storage Hub (Phase 1),Improvement District No. 349|Wood Buffalo|Lac la Biche County|Improvement District No. 24 Wood Buffalo|Bonnyville No. 87,AB,Announced & Planning,Energy,16500,58.152833,-112.285,Private,CCUS,Yes,EN-CCU,1,0,1,0,0
7070,2023,"Pembina Pipeline, Marubeni",Pembina Pipeline and Marubeni Ammonia Project (Natural Gas with CCUS),TBD,AB,Announced & Planning,Energy,1000,,,Private,Trans & Distr,No,EN-T&D,1,0,0,0,1
7073,2023,Manitoba Hydro,Pointe du Bois Renewable Energy Project,Wpg River,MB,Under Construction,Energy,387.3,50.3,-95.55,Public,Clean Electricity,Yes,EN-CLEL,0,1,1,0,0
7073,2024,Manitoba Hydro,Pointe du Bois Renewable Energy Project,Wpg River,MB,Under Construction,Energy,387.3,50.3,-95.55,Public,Clean Electricity,Yes,EN-CLEL,0,1,1,0,0
7074,2023,Strathcona Resources Ltd.,Prince East Waseca SAGD,Prince,SK,Under Construction,Energy,350,,,Private,Oil & Gas - Upstream,No,EN-OG-U,0,1,0,1,0
7075,2023,Waste Connections of Canada and Enbridge,Ridge Landfill RNG Facility,Chatham-Kent,ON,Announced & Planning,Energy,50,,,Private,Waste Biomass,Yes,EN-BIO,1,0,1,0,0
7075,2024,Waste Connections of Canada and Enbridge,Ridge Landfill RNG Facility,Chatham-Kent,ON,Under Construction,Energy,70,,,Private,Waste Biomass,Yes,EN-BIO,0,1,1,0,0
7076,2023,REN Energy/FortisBC,RNG from Wood Waste,Fruitvale,BC,Under Construction,Energy,130,,,Private,Waste Biomass,Yes,EN-BIO,0,1,0,1,0
7077,2023,SAF + Consortium,SAF Consortium,Montreal,QC,Announced & Planning,Energy,200,,,Private,Other,Yes,EN-OTH,1,0,1,0,0
7077,2024,SAF + Consortium,SAF Consortium,Montreal,QC,Announced & Planning,Energy,200,45.5975456,-73.60407672,Private,Other,Yes,EN-OTH,1,0,1,0,0
7078,2023,Pace Canada LP,Salt Flats Solar Project,Brooks,AB,Announced & Planning,Energy,28,50.582845,-111.914,Private,Clean Electricity,Yes,EN-CLEL,1,0,1,0,0
7078,2024,Pace Canada LP,Salt Flats Solar Project,Brooks,AB,Announced & Planning,Energy,28,50.582845,-111.914,Private,Clean Electricity,Yes,EN-CLEL,1,0,1,0,0
7079,2023,Invenergy,Skinners Pond Wind Energy Centre,Sherbrooke; Tignish,PE,Announced & Planning,Energy,85,46.42191308,-63.77014174,Private,Trans & Distr,No,EN-T&D,1,0,1,0,0
7079,2024,Invenergy,Skinners Pond Wind Energy Centre,Sherbrooke; Tignish,PE,Announced & Planning,Energy,85,46.42191308,-63.77014174,Private,Trans & Distr,No,EN-T&D,1,0,1,0,0
7080,2023,Manitoba Hydro,Station Battery Bank Capacity & System Reliability Increase,,MB,Under Construction,Energy,45.5,,,Public,"DER, Storage, EV",Yes,EN-DER,0,1,0,1,0
7081,2023,ABO Wind Canada Ltd.,Stettler Solar and Battery Storage Project,Stettler County No. 6,AB,Announced & Planning,Energy,160,52.290433,-112.756,Private,"DER, Storage, EV",Yes,EN-DER,1,0,1,0,0
7081,2024,ABO Wind Canada Ltd.,Stettler Solar and Battery Storage Project,Stettler County No. 6,AB,Announced & Planning,Energy,160,52.290433,-112.756,Private,"DER, Storage, EV",Yes,EN-DER,1,0,1,0,0
7082,2023,"City of Summerside, Samsung Renewable Energy",Summerside Solar and Storage Integration Project,Summerside,PE,Announced & Planning,Energy,131.6,46.403674,-63.816297,Public,"DER, Storage, EV",Yes,EN-DER,1,0,0,0,1
7083,2023,Evolugen by Brookfield Renewable,Sunrise Solar Project,Pincher Creek No. 9,AB,Announced & Planning,Energy,140,49.50343,-113.963,Private,Clean Electricity,Yes,EN-CLEL,1,0,1,0,0
7083,2024,Evolugen by Brookfield Renewable,Sunrise Solar Project,Pincher Creek No. 9,AB,In Review,Energy,140,49.50343,-113.963,Private,Clean Electricity,Yes,EN-CLEL,1,0,1,0,0
7084,2023,Tla'amin Nation,Tlaamin tiskwat mill site,Powell River,BC,Announced & Planning,Energy,800,,,Private,Other,Yes,EN-OTH,1,0,1,0,0
7084,2024,Tla'amin Nation,Tlaamin tiskwat mill site,Powell River,BC,Announced & Planning,Energy,800,,,Private,Other,Yes,EN-OTH,1,0,1,0,0
7085,2023,Enerfin Energy Company of Canada Inc.,Winnifred Wind Power Project,Forty Mile County No. 8|Cypress County,AB,Under Construction,Energy,180,49.940738,-111.049,Private,Clean Electricity,Yes,EN-CLEL,0,1,1,0,0
7085,2024,Enerfin Energy Company of Canada Inc.,Winnifred Wind Power Project,Forty Mile County No. 8|Cypress County,AB,Under Construction,Energy,180,49.940738,-111.049,Private,Clean Electricity,Yes,EN-CLEL,0,1,1,0,0
7086,2023,Energir/WM Quebec,WM Sainte-Sophie Landfill RNG Facility,Saint-Sophie,QC,Announced & Planning,Energy,200,,,Private,Waste Biomass,Yes,EN-BIO,1,0,1,0,0
7086,2024,Energir/WM Quebec,WM Sainte-Sophie Landfill RNG Facility,Saint-Sophie,QC,Announced & Planning,Energy,200,45.846042,-73.941083,Private,Waste Biomass,Yes,EN-BIO,1,0,1,0,0
8001,2024,Renewable Energy Systems Canada Inc.,Enterprise Solar Project,Vulcan County,AB,Under Construction,Energy,175,50.373882,-113.357811,Private,Clean Electricity,Yes,EN-CLEL,0,1,1,0,0
8002,2024,Renewable Energy Systems Canada Inc.,Big Sky Solar Project,Acadia No. 34,AB,Under Construction,Energy,200,51.196659,-110.285034,Private,Clean Electricity,Yes,EN-CLEL,0,1,1,0,0
8004,2024,Federation Group,Marguerite Lake Compressed Air Energy Storage,Bonnyville No. 87,AB,Announced & Planning,Energy,500,54.585707,-110.80399,Private,"DER, Storage, EV",Yes,EN-DER,1,0,1,0,0
8005,2024,MYTILINEOS Energy & Metals,Red Willow Solar,Stettler County No. 6,AB,Announced & Planning,Energy,315,52.411522,-112.4617,Private,Clean Electricity,Yes,EN-CLEL,1,0,1,0,0
8006,2024,MYTILINEOS Energy & Metals,Sunnynook Solar Project,Special Area No. 2,AB,Announced & Planning,Energy,385,51.325481,-111.557846,Private,Clean Electricity,Yes,EN-CLEL,1,0,1,0,0
8007,2024,MYTILINEOS Energy & Metals,Dolcy Solar Project,Wainwright No. 61,AB,Announced & Planning,Energy,275,52.685568,-110.472889,Private,Clean Electricity,Yes,EN-CLEL,1,0,1,0,0
8009,2024,Peace Energy Cooperative,Peace River Energy Project,Peace River,AB,Under Construction,Energy,10,56.243253,-117.35158,Private,Clean Electricity,Yes,EN-CLEL,0,1,1,0,0
8010,2024,ATCO,Forty Mile Solar Farm (Granlea Phase 2),Forty Mile County No. 8,AB,Under Construction,Energy,400,49.696508,-111.271591,Private,Clean Electricity,Yes,EN-CLEL,0,1,1,0,0
8011,2024,Solar Krafte and Kinbrook Solar,Rainier Solar Farm,Newell County,AB,Announced & Planning,Energy,700,50.502131,-111.974802,Private,Clean Electricity,Yes,EN-CLEL,1,0,1,0,0
8013,2024,Kineticor Resource Corp.,Greenlight Electricity Centre,Sturgeon County,AB,Announced & Planning,Energy,4500,53.828808,-113.17862,Private,Clean Electricity,Yes,EN-CLEL,1,0,1,0,0
8016,2024,NorthRiver Midstream,NEBC Connector Pipeline Project,Saddle Hills County,AB,Announced & Planning,Energy,450,,,Private,Trans & Distr,No,EN-T&D,1,0,1,0,0
8017,2024,Gibson Energy & Varme Energy JV,Heartland Waste to Power Project,Strathcona County,AB,Announced & Planning,Energy,300,53.775933,-113.040261,Private,Waste Biomass,Yes,EN-BIO,1,0,1,0,0
8021,2024,Horizon New Energy,Aira Solar Project,Forty Mile County No. 8,AB,Announced & Planning,Energy,700,49.59354,-110.933991,Private,Clean Electricity,Yes,EN-CLEL,1,0,1,0,0
8022,2024,hep Energy,Alderson Solar Power Project,Cypress County,AB,Announced & Planning,Energy,150,50.35223,-111.360655,Private,Clean Electricity,Yes,EN-CLEL,1,0,1,0,0
8024,2024,FortisAlberta,Bassano 435S DER Solar,Newell County,AB,Under Construction,Energy,15,50.674019,-112.311306,Private,Clean Electricity,Yes,EN-CLEL,0,1,1,0,0
8025,2024,ENGIE Development Canada LP,Buffalo Trail North Wind Project,Cypress County,AB,Under Construction,Energy,200,49.842349,-110.329285,Private,Clean Electricity,Yes,EN-CLEL,0,1,1,0,0
8029,2024,Renewable Energy Systems Canada Inc.,Nova Solar Project,Wheatland County,AB,Announced & Planning,Energy,225,50.840356,-113.525047,Private,Clean Electricity,Yes,EN-CLEL,1,0,1,0,0
8032,2024,PR Development GP Inc.,Prominence Solar Project,Lethbridge County,AB,Announced & Planning,Energy,120,49.857665,-112.71883,Private,Clean Electricity,Yes,EN-CLEL,1,0,1,0,0
8033,2024,Canadian Utilities Limited,Yellowhead Mainline Natural Gas Pipeline,Edmonton|Parkland County|Spruce Grove|Yellowhead County|St. Albert|Strathcona County|Sturgeon County,AB,Announced & Planning,Energy,2000,,,Private,NG Power Gen,No,EN-NGPG,1,0,1,0,0
8035,2024,Pouce Coupe Pipeline,Pouce Coupe Pipeline,Birch Hills County|Saddle Hills County|Spirit River No. 133,AB,Announced & Planning,Energy,341,,,Private,Trans & Distr,No,EN-T&D,1,0,1,0,0
8038,2024,Cielo,Carseland Biomass Gasifier Project,Wheatland County,AB,Announced & Planning,Energy,100,50.888447,-113.39972,Private,Waste Biomass,Yes,EN-BIO,1,0,1,0,0
8040,2024,AltaLink & ATCO,Central East Transfer Out Transmission Development,Lacombe County|Red Deer County|Stettler County No. 6,AB,Under Construction,Energy,332,,,Private,Trans & Distr,No,EN-T&D,0,1,1,0,0
8041,2024,Cenovus Energy Inc.,Narrows Lake Tie-Back to Christina Lake,Wood Buffalo,AB,Under Construction,Energy,300,55.590264,-110.852737,Private,Other,Yes,EN-OTH,0,1,1,0,0
8042,2024,Canadian Natural Resources Ltd. (CNRL),Naphtha Recovery Unit Tailings Treatment Project,Wood Buffalo,AB,Announced & Planning,Energy,350,57.347385,-111.840992,Private,Other,Yes,EN-OTH,1,0,1,0,0
8043,2024,EDF EN Canada,Pe-Na-Koyim Wind Project,Blood 148,AB,Announced & Planning,Energy,425,49.447019,-113.121414,Private,Clean Electricity,Yes,EN-CLEL,1,0,1,0,0
8046,2024,Mondi Group plc,Hinton Pulp Mill Expansion,Hinton,AB,Announced & Planning,Forest,584,53.414597,-117.568992,Private,Pulp & Paper,No,FOR-P&P,1,0,1,0,0
8053,2024,BC Hydro,Prince George to Terrace Capacitors Project,"Vanderhoof, Burns Lake, Terrace",BC,Under Construction,Energy,582,,,Public,Clean Electricity,Yes,EN-CLEL,0,1,1,0,0
8055,2024,BC Hydro,Burrard Switchyard - Control Building Upgrade Project,Port Moody,BC,Under Construction,Energy,57,,,Public,Other,Yes,EN-OTH,0,1,1,0,0
8059,2024,BC Hydro,Bridge River 1 Replace Units 1-4 Generators / Governors Project,Lillooet,BC,Approved,Energy,313,,,Public,Clean Electricity,Yes,EN-CLEL,1,0,1,0,0
8060,2024,BC Hydro,John Hart Dam Seismic Upgrade Project,Campbell River,BC,Under Construction,Energy,913,,,Public,Clean Electricity,Yes,EN-CLEL,0,1,1,0,0
8062,2024,BC Hydro,Peace to Kelly Lake Stations Sustainment Project,Clinton,BC,Under Construction,Energy,344,,,Public,Clean Electricity,Yes,EN-CLEL,0,1,1,0,0
8064,2024,BC Hydro,Kootenay Canal Modernize Controls Project,Castlegar,BC,Under Construction,Energy,61,,,Public,Clean Electricity,Yes,EN-CLEL,0,1,1,0,0
8065,2024,HTEC,H2 Gateway Project,Various,BC,Announced & Planning,Energy,830,,,Private,Low Carbon Fuels,Yes,EN-LCF,1,0,1,0,0
8066,2024,Hydra Energy,Prince George Project,Prince George,BC,Announced & Planning,Energy,62,,,Private,Clean Electricity,Yes,EN-CLEL,1,0,1,0,0
8068,2024,Teralta Hydrogen Solutions,Teralta Hydrogen Project,Prince George,BC,Announced & Planning,Energy,36,,,Private,Low Carbon Fuels,Yes,EN-LCF,1,0,1,0,0
8069,2024,Salish Elements & Xaxli'p First Nation,Salish Elements Green Hydrogen Production Project,Lillooet,BC,Announced & Planning,Energy,90,,,Private,Low Carbon Fuels,Yes,EN-LCF,1,0,1,0,0
8070,2024,Mcleod Lake Indian Band,Tse'khene Energy Transition Hub,Mcleod Lake (Kerry Lake Indian Reserve),BC,Announced & Planning,Energy,5000,,,Private,Clean Electricity,Yes,EN-CLEL,1,0,1,0,0
8071,2024,HTEC,BCH2 Ports Hydrogen Vehicle Demonstration & Commercialized Project,Port of Vancouver,BC,Approved,Energy,22,,,Private,Low Carbon Fuels,Yes,EN-LCF,1,0,1,0,0
8072,2024,Trigon Terminals,Berth 2 Beyond Carbon Project (B2BC),Prince Rupert,BC,Under Construction,Energy,173,,,Private,Low Carbon Fuels,Yes,EN-LCF,0,1,1,0,0
8075,2024,Teck Resources Ltd.,Fording River Castle Expansion,Elkford,BC,In Review,Mining,2300,50.2,-114.86,Private,Other,No,MIN-OTH,1,0,1,0,0
8076,2024,Galore Creek Mining Corporation (Newmont & Teck),Galore Creek,Stewart,BC,Approved,Mining,5160,57.13,-131.47,Private,Other,No,MIN-OTH,1,0,1,0,0
8077,2024,North Coal,Michel Coal,Sparwood,BC,In Review,Mining,350,49.467,-114.67,Private,Coal,No,MIN-COAL,1,0,1,0,0
8078,2024,FPX Nickel Corp.,Baptiste Nickel (Decar),Sparwood,BC,Announced & Planning,Mining,2871,49.78,-114.73,Private,Critical Mineral,Yes,MIN-CM,1,0,1,0,0
8084,2024,Two Utilities,NS-NB Transmission Line,various,Multi,In Review,Energy,1700,,,Private,Trans & Distr,No,EN-T&D,1,0,1,0,0
8085,2024,Churchill Falls Labrador Corporation,Electric Utility 2024 Capital Program (Churchill Falls Labrador Corporation),Labrador,NL,Under Construction,Energy,105.7,53.594608,-64.308031,Private,Other,Yes,EN-OTH,0,1,1,0,0
8086,2024,Newfoundland and Labrador Hydro,Electric Utility 2024 Capital Program (Newfoundland and Labrador Hydro),Various,NL,Under Construction,Energy,139.3,54.18,-58.43,Public,Clean Electricity,Yes,EN-CLEL,0,1,1,0,0
8087,2024,Newfoundland Power Inc.,Electric Utility 2024 Capital Program (Newfoundland Power Inc.),Various,NL,Under Construction,Energy,115.9,48.55,-58.43,Private,Trans & Distr,No,EN-LCF,0,1,1,0,0
8088,2024,Atlas Salt,St. Georges Great Atlantic Salt Project,St. Georges,NL,Approved,Mining,480,48.402,-58.529,Private,Other,No,MIN-OTH,1,0,1,0,0
8092,2024,MTC,Mass Timber Manufacturing Plant start up,Halifax,NS,In Review,Forest,215,,,Private,Other,Yes,FOR-OTH,1,0,1,0,0
8093,2024,"Torchlight, Municipality of New Glasgow Pictou Landing First nation",District Energy System,New Glasgow,NS,In Review,Forest,200,45.5882,-62.645,Public,Other,Yes,FOR-OTH,1,0,1,0,0
8094,2024,Vyterra / Ledwidge Lumber,Liquid Biofuel manufacturing plant,Halifax,NS,In Review,Forest,200,,,Private,Other,Yes,FOR-OTH,1,0,1,0,0
8095,2024,Canadian Gypsum Company Inc. (CGC),Little Narrows Gypsum,Victoria County,NS,Announced & Planning,Mining,104,46.001301,-60.958168,Private,Other,No,MIN-OTH,1,0,1,0,0
8106,2024,Nova Scotia Power & WMA,NSP Battery Storage,Various,NS,Approved,Energy,354,,,Private,"DER, Storage, EV",Yes,EN-DER,1,0,1,0,0
8107,2024,Ontario Power Generation,Sir Adam Beck Complex Refurbishment,Niagara Falls,ON,Announced & Planning,Energy,1000,43.1491,-79.04442,Public,Clean Electricity,Yes,EN-CLEL,1,0,1,0,0
8108,2024,Ontario Power Generation,R.H. Saunders Refurbishment,Cornwall,ON,Announced & Planning,Energy,600,45.00962,-74.78765,Public,Clean Electricity,Yes,EN-LCF,1,0,1,0,0
8115,2024,Potentia Renewables Inc.,Skyview 2 Battery Energy Storage System,Edwardsburgh-Cardinal,ON,Announced & Planning,Energy,750,44.14855,-76.84013,Private,"DER, Storage, EV",Yes,EN-DER,1,0,1,0,0
8130,2024,Hydro One,Longwood to Lakeshore Phase 1,Municipality of Strathroy-Caradoc to Municipality of Lakeshore,ON,Announced & Planning,Energy,800,42.95939,-81.62679,Public,Waste Biomass,Yes,EN-BIO,1,0,1,0,0
8131,2024,Hydro One,Longwood to Lakeshore Phase 2,Municipality of Strathroy-Caradoc to Municipality of Lakeshore,ON,Announced & Planning,Energy,800,42.95939,-81.62679,Public,Waste Biomass,Yes,EN-BIO,1,0,1,0,0
8132,2024,Hydro One,Mississagi to Third Line Transmission Line,"Wharncliffe, Sault Ste. Marie",ON,Announced & Planning,Energy,230,46.42,-83.3883,Public,Trans & Distr,No,EN-T&D,1,0,1,0,0
8133,2024,Hydro One,Northeast Power Line (Mississagi to Hanmer Transmissio Line),"Wharncliffe, Sudbury",ON,Announced & Planning,Energy,650,46.42,-83.3883,Public,Trans & Distr,No,EN-T&D,1,0,1,0,0
8134,2024,Hydro One,Greater Toronto Area East Line,"Pickering/Oshawa, Peterborough",ON,Announced & Planning,Energy,298,43.8524,-79.1139,Public,Trans & Distr,No,EN-T&D,1,0,1,0,0
8135,2024,TBD,Wawa to Porcupine,"Timmins, Greater Sudbury",ON,Announced & Planning,Energy,650,47.8851419,-84.546939,Private,Other,Yes,EN-OTH,1,0,1,0,0
8136,2024,Hydro One,St. Thomas Line (including Centennial Transformer Station & Line),City of London to St. Thomas,ON,Announced & Planning,Energy,381,42.93962,-81.160509,Public,Trans & Distr,No,EN-T&D,1,0,1,0,0
8137,2024,PUC Transmisison,PUC Tx Project,Sault Ste. Marie,ON,Announced & Planning,Energy,188,46.527383,-84.390652,Private,Other,Yes,EN-OTH,1,0,1,0,0
8144,2024,Onimiskiw Opitciwan,Centrale de cogeneration a la biomasse d'opitciwan,Obedjiwan,QC,Announced & Planning,Energy,60.2,,,Private,Waste Biomass,Yes,EN-BIO,1,0,1,0,0
8145,2024,Hydro-Quebec,Nouvelle centrale thermique a Aupaluk,Aupaluk,QC,Under Construction,Energy,95.1,,,Public,Clean Electricity,Yes,EN-CLEL,0,1,1,0,0
8146,2024,Hydro-Quebec,Construction de la nouvelle centrale et du nouveau poste de Puvirnituq - plan de conversion phase 1,Puvirnituq,QC,Under Construction,Energy,115,,,Public,Trans & Distr,No,EN-LCF,0,1,1,0,0
8147,2024,Hydro-Quebec,Construction de la nouvelle centrale hybride de Tasiujaq,Tasiujaq,QC,Under Construction,Energy,79.4,,,Public,Clean Electricity,Yes,EN-CLEL,0,1,1,0,0
8148,2024,Hydro-Quebec,Construction de la nouvelle centrale d'Inukjuak,Inukjuak,QC,Under Construction,Energy,60,,,Public,Clean Electricity,Yes,EN-CLEL,0,1,1,0,0
8169,2024,Hydro-Quebec-MRC Domaine du Roy - Premiere Nation des Pekuakamiulnuatsh et Atikamekw de Wemotaci,Parc eolien zone Chamouchouane,La Dor,QC,Announced & Planning,Energy,9000,,,Public,Clean Electricity,Yes,EN-CLEL,1,0,1,0,0
8170,2024,Algonquin Power,Saint-Damase 2 (Canton MacNider),Saint-Damase,QC,Announced & Planning,Energy,400,,,Private,Clean Electricity,Yes,EN-CLEL,1,0,1,0,0
8171,2024,EDF Renouvelables,Foret Domaniale,Cap-saint-Ignace,QC,Announced & Planning,Energy,590,,,Private,Other,Yes,EN-OTH,1,0,1,0,0
8172,2024,EDF Renouvelables,Haute-Chaudiere,"Audet, Frontenac, Lac-M gantic",QC,Announced & Planning,Energy,370,,,Private,Other,Yes,EN-OTH,1,0,1,0,0
8173,2024,EDF Renouvelables,Madawaska,"D gelis, Saint-Jean-de-la-Lande",QC,Announced & Planning,Energy,800,,,Private,Other,Yes,EN-OTH,1,0,1,0,0
8174,2024,Invenergy,Pohenegamook-Picard-St-Antonin,"Poh n gamook, Saint-Honor -de-T miscouata",QC,Announced & Planning,Energy,950,,,Private,Clean Electricity,Yes,EN-CLEL,1,0,1,0,0
8175,2024,Innergex,Mesgi'g Ugju's'n (MU2),TNO Rivire-Nouvelle,QC,Announced & Planning,Energy,220,,,Private,Other,Yes,EN-OTH,1,0,1,0,0
8176,2024,Boralex-Energir-Hydro-Quebec,Des Neiges (secteur Sud),TNO Lac-Jacques-Cartier,QC,Announced & Planning,Energy,1000,,,Public,Clean Electricity,Yes,EN-CLEL,1,0,1,0,0
8177,2024,Boralex-Energir-Hydro-Quebec,Des Neiges (secteur Ouest),TNO Lac-Jacques-Cartier,QC,Announced & Planning,Energy,1000,,,Public,Clean Electricity,Yes,EN-CLEL,1,0,1,0,0
8178,2024,Boralex-Energir-Hydro-Quebec,Des Neiges (secteur Charlevoix),"Baie-Saint-Paul, Saint-Urbain",QC,Announced & Planning,Energy,1000,,,Public,Clean Electricity,Yes,EN-CLEL,1,0,1,0,0
8186,2024,Kruger,Saint-Paul-de-Montminy,Saint-Paul-de-Montminy,QC,Announced & Planning,Energy,550,,,Private,Other,Yes,EN-OTH,1,0,1,0,0
8187,2024,Energie Matawak,minicentrale hydroelectrique barrage Matawin,TNO Baie-de-la-Bouteille,QC,Announced & Planning,Energy,110,,,Private,Clean Electricity,Yes,EN-CLEL,1,0,1,0,0
8188,2024,Energie Renouvelable Onimiki,Amenagement hydroelectrique Onimiki,Laniel,QC,Announced & Planning,Energy,475,,,Private,Clean Electricity,Yes,EN-CLEL,1,0,1,0,0
8189,2024,Hydro-Quebec,Rehabilitation de levacuateur de crues du barrage Gouin,Centre du Qu bec Mauricie,QC,Announced & Planning,Energy,200,,,Public,Clean Electricity,Yes,EN-CLEL,1,0,1,0,0
8190,2024,Hydro-Quebec,Rehabilitation de lamenagement hydroelectrique de Carillon,Saint-Andr -d'Argenteuil,QC,Announced & Planning,Energy,750,,,Public,Clean Electricity,Yes,EN-CLEL,1,0,1,0,0
8191,2024,Hydro-Quebec,Refection de la centrale aux Outardes-2,Cte-Nord,QC,Under Construction,Energy,560,,,Public,Clean Electricity,Yes,EN-CLEL,0,1,1,0,0
8192,2024,Hydro-Quebec,Refection des ponts aux amenagements de Rapide7 et de Rapide2,Abitibi-T miscamingue,QC,Under Construction,Energy,250,,,Public,Clean Electricity,Yes,EN-CLEL,0,1,1,0,0
8193,2024,Hydro-Quebec,Rehabilitation de lamenagement de Rapide-Blanc,Mauricie,QC,Under Construction,Energy,613,,,Public,Clean Electricity,Yes,EN-CLEL,0,1,1,0,0
8194,2024,Hydro-Quebec,Renforcement du reseau de Becancour a 230 kV,Sainte-Eulalie/B cancour,QC,In Review,Energy,119.6,,,Public,Clean Electricity,Yes,EN-CLEL,1,0,1,0,0
8195,2024,Hydro-Quebec,Construction du nouveau poste de Coteau-du-Lac a 120-25 kV et de sa ligne dalimentation,Coteau-du-Lac,QC,In Review,Energy,196.3,,,Public,Trans & Distr,No,EN-LCF,1,0,1,0,0
8196,2024,Hydro-Quebec,Reconstruction de la ligne Cleveland-Waterloo en biterne,Estrie,QC,In Review,Energy,72.8,,,Public,Clean Electricity,Yes,EN-CLEL,1,0,1,0,0
8197,2024,Hydro-Quebec,Renforcement de la ligne 7004 a 735 kV du poste aux Outardes au poste des Laurentides,Cte nord,QC,In Review,Energy,166.9,,,Public,Trans & Distr,No,EN-LCF,1,0,1,0,0
8198,2024,Hydro-Quebec,Ajout de transformateurs a 120-25 kV au poste de Sainte-Rosalie et au demantelement du reseau a 49 kV,Saint-Hyacinthe,QC,In Review,Energy,82.8,,,Public,Trans & Distr,No,EN-LCF,1,0,1,0,0
8199,2024,Hydro-Quebec,Construction du poste de Bonsecours a 120-25 kV et de sa ligne dalimentation,Bonsecours-Stukely,QC,In Review,Energy,161.3,,,Public,Trans & Distr,No,EN-LCF,1,0,1,0,0
8200,2024,Hydro-Quebec,Construction du nouveau poste de Bagotville a 161-25 kV et sa ligne dalimentation,SaguenayiLac-Saint-Jean,QC,In Review,Energy,83.5,,,Public,Trans & Distr,No,EN-LCF,1,0,1,0,0
8201,2024,Hydro-Quebec,"Remplacement des transformateurs au poste de Saraguay, a la reconstruction dune ligne souterraine SaraguayMont-Royal et a la construction du nouveau poste de Cote-Saint-Luc a 315-25 kV",Montr al,QC,In Review,Energy,887.6,,,Public,Trans & Distr,No,EN-LCF,1,0,1,0,0
8202,2024,Hydro-Quebec,Construction d'une nouvelle centrale thermique et d'un systeme de stockage d'energie a Kangiqsujuaq,Kangiqsujuaq,QC,In Review,Energy,110,,,Public,Clean Electricity,Yes,EN-CLEL,1,0,1,0,0
8203,2024,Hydro-Quebec,"Augmentation de la puissance de la centrale de Quaqtaq, construction d'un nouvel abri a matieres dangereuses et remplacement du parc a carburant",Quaqtaq,QC,Under Construction,Energy,52.1,,,Public,Clean Electricity,Yes,EN-CLEL,0,1,1,0,0
8211,2024,TES Canada,Usine de production d'hydrogene vert pour usage energetique,Shawinnigan,QC,In Review,Energy,4000,,,Private,Clean Electricity,Yes,EN-CLEL,1,0,1,0,0
8212,2024,Hy2Gen,Usine de production d'hydrogene pour usage chimique,Baie Comeau,QC,Announced & Planning,Energy,1000,,,Private,Clean Electricity,Yes,EN-CLEL,1,0,1,0,0
8215,2024,Fortress Cellulose specialisee/Rio tinto,Conversion de l'usine pour production de biocharbon,Thurso (Gatineau),QC,Announced & Planning,Forest,96,45.598715,-75.256778,Private,Other,Yes,FOR-OTH,1,0,1,0,0
8216,2024,Domtar,Amelioration de la competitivite de l'usine,Windsor,QC,Under Construction,Forest,56.4,45.564345,-71.978617,Private,Other,Yes,FOR-OTH,0,1,1,0,0
8217,2024,Lauzon - Planchers de bois exclusifs inc.,Modernisation et achats de nouveaux equipements,Thurso,QC,Under Construction,Forest,30.1,45.60034,-75.24989,Private,Other,Yes,FOR-OTH,0,1,1,0,0
8218,2024,Mirage inc.,Projets d'investissements 2022-2026,Saint-Georges-de-Beauce,QC,Under Construction,Forest,57.1,46.13619,-70.65701,Private,Other,Yes,FOR-OTH,0,1,1,0,0
8221,2024,Mine Arnaud inc.,Arnaud,Sept-eles,QC,Approved,Mining,768,,,Private,Other,No,MIN-OTH,1,0,1,0,0
8244,2024,Arcadium Lithium plc,Galaxy,Eeyou Istchee Baie-James,QC,Approved,Mining,380.1,,,Private,Critical Mineral,Yes,MIN-CM,1,0,1,0,0
8256,2024,Minerai de Fer Quebec inc.,Lac Bloom - Phase III - Usine de traitement du minerai- 1e usine de flottation (Fe + 67%),Fermont,QC,Announced & Planning,Mining,470.7,,,Private,Other,No,MIN-OTH,1,0,1,0,0
8258,2020,Pinnacle and Tolko,Thermal Energy Plant at High Level Pellet Plant,High Level,AB,Under Construction,Forest,33,,,Private,Other,Yes,FOR-OTH,0,1,0,1,0
8259,2024,Focus Graphite inc.,Lac Knife,Rivire-Mouchalagane,QC,In Review,Mining,236.5,,,Private,Critical Mineral,Yes,MIN-CM,1,0,1,0,0
8266,2024,Groupe minier Windfall (Partenariat),Lac Windfall,Eeyou Istchee Baie-James,QC,In Review,Mining,788.6,,,Private,Other,No,MIN-OTH,1,0,1,0,0
8268,2024,Eldorado Gold Quebec,Lamaque - Lower Triangle,Val-d'Or,QC,Announced & Planning,Mining,85.5,,,Private,Precious Metal,No,MIN-PM,1,0,1,0,0
8271,2024,Nouveau Monde Graphite inc.,Matawinie - Usine de fabrication de produit chimique,B cancour,QC,Announced & Planning,Mining,923.4,,,Private,Critical Mineral,Yes,MIN-CM,1,0,1,0,0
8292,2024,Nemaska Lithium inc.,Whabouchi,Eeyou Istchee Baie-James,QC,Under Construction,Mining,2100,,,Private,Critical Mineral,Yes,MIN-CM,0,1,1,0,0
8295,2024,"Iyuhana Solar LP a partnership between Greenwood Sustainable Infrastructure (GSI), Saturn Power and Ocean Man First Nation.",Iyuhana Solar Energy Facility,Estevan SK,SK,Announced & Planning,Energy,200,,,Private,Clean Electricity,Yes,EN-CLEL,1,0,1,0,0
8302,2024,BHP,Jansen Stage 2,Jansen,SK,Under Construction,Mining,6400,51.85,-104.69,Private,Other,No,MIN-OTH,0,1,1,0,0
8303,2024,Arizona Lithium Limited,Prairie Lithium Project,Northeastern flank of the Williston Basin,SK,Under Construction,Mining,396.73,49.04463,-103.97655,Private,Critical Mineral,Yes,MIN-CM,0,1,1,0,0
8306,2024,Denison Mines Corp.,Wheeler River - Gryphon,270 km ENE of La Loche,SK,In Review,Mining,737.4,57.53,-105.41,Private,Other,No,MIN-OTH,1,0,1,0,0
8307,2024,"Groupe Remabec, Airex Energie and SUEZ",Carbonity biochar plant,Port Cartier,QC,Announced & Planning,Forest,80,,,Private,Waste Biomass,Yes,FOR-OTH,1,0,1,0,0
8308,2024,"Groupe Remabec, Airex Energie and SUEZ",Carbonity biochar plant,Port Cartier,QC,Announced & Planning,Forest,80,,,Private,Waste Biomass,Yes,FOR-OTH,1,0,1,0,0
8309,2024,Structural Truss,Structural Truss Fort Macleod plant,Fort Macleod,AB,Announced & Planning,Forest,28.5,,,Private,Other,Yes,FOR-OTH,1,0,1,0,0
8310,2024,Kalesnikoff,Kalesnikoff West Kootenays,West Kootenays,BC,Announced & Planning,Forest,34,,,Private,Other,Yes,FOR-OTH,1,0,1,0,0
8319,2024,Covenant Energy Ltd.,Covenant Energy Renewable Diesel Facility,Lloydminster,SK,Announced & Planning,Energy,920,53.29463959,-109.983713,Private,Low Carbon Fuels,Yes,EN-LCF,1,0,1,0,0
8322,2024,Envest,Voisey's Bay Wind Energy Project,Voisey's Bay,NL,Announced & Planning,Energy,77.6,,,Private,Clean Electricity,Yes,EN-CLEL,1,0,1,0,0
8323,2024,Enbridge and Six Nations Energy Development LP,The Seven Stars Energy Project (the Project),Southeast of Weyburn,SK,Announced & Planning,Energy,100,,,Private,Clean Electricity,Yes,EN-CLEL,1,0,1,0,0
8324,2024,Ontario Power Generation,Hydroelectric refurbishment in Eastern Ontario,Eastern Ontario,ON,Announced & Planning,Energy,1000,,,Public,Clean Electricity,Yes,EN-CLEL,1,0,1,0,0
8325,2024,Hydro One,Porcupine TS upgrade,Timmins,ON,Announced & Planning,Energy,80,,,Public,Other,Yes,EN-OTH,1,0,1,0,0
8326,2024,Manitoba Hydro,R44H Radisson to Henday 230 kV T-Line,Nelson River,MB,In Review,Energy,106.8210593,,,Public,Trans & Distr,No,EN-T&D,1,0,1,0,0
8327,2024,Manitoba Hydro,Ashern Station Bank Addition,Ashern,MB,Under Construction,Energy,20.58743456,51.1822,-98.3455,Public,Clean Electricity,Yes,EN-CLEL,0,1,1,0,0
8328,2024,Manitoba Hydro,Slave Falls 7 Bay Sluiceway Concrete Res,Wpg River,MB,Under Construction,Energy,84.32471657,50.222,-95.568,Public,Clean Electricity,Yes,EN-CLEL,0,1,1,0,0
8329,2024,Manitoba Hydro,Dauphin Vermillion 230kV Stn Capacity In,Dauphin,MB,Under Construction,Energy,20.8518298,51.149,-100.049,Public,Other,Yes,EN-OTH,0,1,1,0,0
8330,2024,Nuclear Waste Management Organization,Adaptive Phased Management Deep Geological Repository,Ontario,ON,Announced & Planning,Energy,26000,,,Private,Clean Electricity,Yes,EN-CLEL,1,0,1,0,0
8331,2024,Alamos Gold Inc.,Lynn Lake (MacLellan 2),Lynn Lake (MacLellan site),MB,In Review,Mining,260.598,56.8931,-100.9514,Private,Precious Metal,No,MIN-PM,1,0,1,0,0
9997,2024,Radius RNG LP,Project Radius,Naticocke,ON,In Review,Energy,165,42.82907703,-80.04730206,Private,Low Carbon Fuels,Yes,EN-LCF,1,0,1,0,0
9998,2024,Northeast Renewables LP,Project Perimeter,Medicine Hat,AB,Announced & Planning,Energy,135,50.08132098,-110.7277364,Private,Low Carbon Fuels,Yes,EN-LCF,1,0,1,0,0
9999,2024,Northeast Renewables LP,Project Boundary,Lanigan,SK,Announced & Planning,Energy,100,51.8521116,-104.8618769,Private,Low Carbon Fuels,Yes,EN-LCF,1,0,1,0,0