Unique ID,company,project,province,company_type,start_year,end_year,reporting_years,start_status,end_status,current_survival,end_success,project_cost,cost_percentile,latitude_1,longitude_1,sector,group,cleantech,abbreviation,_cost_quintile_bayes,p_bayes,risk_score,years_remaining,p_cox,blended_prob,priority_index,urgency_scale_(0-1),power_ranking
0,"Bighorn Mining, LTD",Vista Coal Project (Expansion Projects),AB,Private,2018,2024,7,Announced & Planning,In Review,1,0,870.0,0.789,53.33,-117.53,Mining,Coal,No,MIN-COAL,3,0.12862121882312558,0.3528144912167124,0.25,0.018262601438693293,0.08447777186935267,0.33791108747741067,0.14089809927436267,0.10704590283135668
10,Aeolis Wind Power Corporation,Hackney Hills Wind Park,BC,Private,2017,2024,8,In Review,In Review,1,0,850.0,0.787,56.249263,-120.847549,Energy,Clean Electricity,Yes,EN-CLEL,3,0.10373742840453369,0.30442166614707683,0.25,0.015777536125827107,0.06855347149305105,0.2742138859722042,0.1142033269332686,0.08681341366913806
21,Champion Iron Limited,Kamistiatusset (Kami),NL,Private,2017,2024,8,Approved,In Review,1,0,3864.0,0.936,52.824,-67.027,Mining,Base Metal,No,MIN-BM,4,0.5835476260902592,0.21623922170123214,0.25,0.011233010623592832,0.3546217799035926,1.4184871196143705,0.5937552184804724,0.45027515533434453
22,Kinross Gold Corp. (formerly Rockcliff Metals Corp.),Snow Lake,MB,Private,2021,2024,4,Announced & Planning,Announced & Planning,1,0,96.1,0.34,54.91,-100.031,Mining,Critical Mineral,Yes,MIN-CM,1,0.4955979444715685,0.48916026844467553,1.0,0.025230529344730024,0.3074509784208331,0.3074509784208331,0.1281326141739886,0.2357236327220953
76,Blue Fuel Energy Corp.,Clean Methanol Plant,BC,Private,2017,2024,8,Announced & Planning,Announced & Planning,1,0,2500.0,0.913,55.698147,-121.629689,Energy,Low Carbon Fuels,Yes,EN-LCF,4,0.02458682205185234,0.2864491914913728,0.25,0.01485301367824543,0.020693298702409574,0.0827731948096383,0.033972711668504144,0.0260050638888474
88,"Canadian Kailuan Dehua Mines Co., Ltd.",Gething Coal Project,BC,Private,2019,2024,6,In Review,In Review,1,0,1360.0,0.853,55.8753,-121.9153,Mining,Coal,No,MIN-COAL,4,0.0024640960610724503,0.0966623037104579,0.25,0.005037017685261991,0.003493264710748267,0.013973058842993068,0.005139357560854813,0.0041517018507908855
89,Canadian Natural Resources Limited,Grouse,AB,Private,2017,2024,8,In Review,In Review,1,0,1530.0,0.869,55.4662918,-111.7557665,Energy,Oil & Gas - Upstream,No,EN-OG-U,4,0.8376804620975785,0.7839496467849103,0.25,0.040127101977712076,0.5186591180496319,2.0746364721985278,0.8687399458324057,0.6586914491627415
92,NorZinc,Prairie Creek,NT,Private,2017,2024,8,In Review,Approved,1,0,474.0,0.668,61.56,-124.794,Mining,Critical Mineral,Yes,MIN-CM,2,0.1357447358860926,0.23022569360807557,0.25,0.011955207980242744,0.08622892472375265,0.3449156988950106,0.14383365221408442,0.10927081571988537
94,Canagold Resources Ltd.,New Polaris Gold Mine,BC,Private,2020,2024,5,In Review,In Review,1,0,143.7,0.434,58.701,-133.64,Mining,Other,No,MIN-OTH,1,0.014796452868022367,0.1091724500576299,0.25,0.005687057289469721,0.01115269463660131,0.04461077854640524,0.017979277262287683,0.01388332768687586
98,Kutcho Copper Corp.,Kutcho Creek,BC,Private,2018,2024,7,Announced & Planning,In Review,1,0,483.0,0.675,58.205,-128.358,Mining,Critical Mineral,Yes,MIN-CM,2,0.006194389879131137,0.12891571055608336,0.25,0.006712072785868939,0.006401463041826257,0.02560585216730503,0.010014528873649838,0.007846689374555689
100,Alamos Gold Inc.,Lynn Lake (Gordon site),MB,Private,2018,2024,7,Announced & Planning,In Review,1,0,434.33,0.652,56.79,-100.82,Mining,Precious Metal,No,MIN-PM,2,0.5031664179324454,0.34512348358681216,0.25,0.017868073068062706,0.30904707998669234,1.2361883199467694,0.5173558659157675,0.39237059435832244
114,NWP Coal Canada Ltd.,Crown Mountain Coal Project,BC,Private,2017,2024,8,In Review,In Review,1,0,468.0,0.666,49.802,-114.729,Mining,Coal,No,MIN-COAL,2,0.0031145390422054144,0.1027271167914559,0.25,0.005352204439095898,0.004009605200961608,0.01603842080384643,0.006004927256917985,0.004807734023344159
126,Connacher Oil & Gas Ltd.,Great Divide,AB,Private,2017,2024,8,Approved,Approved,1,0,600.0,0.714,56.1135,-111.8293,Energy,Oil & Gas - Upstream,No,EN-OG-U,3,0.8657873010223243,0.8331364330517316,0.25,0.04259039872153114,0.536508540102007,2.146034160408028,0.8986619045275177,0.6813698858722113
130,Corporation Lithium Elements Critiques,Rose Lithium-Tantalum Mine,QC,Private,2017,2024,8,In Review,Approved,1,0,610.1,0.729,53.252069,-73.547974,Mining,Critical Mineral,Yes,MIN-CM,3,0.02158103222537332,0.29201945724590034,0.25,0.015139646667279183,0.019004478002135665,0.07601791200854266,0.031141649514851814,0.023859346607222123
140,Canadian Natural Resources Limited,Pike (Formely Kirby) ,AB,Private,2017,2024,8,Approved,Approved,1,0,7700.0,0.968,55.448219,-110.824021,Energy,Oil & Gas - Upstream,No,EN-OG-U,4,0.8376804620975785,0.7839496467849103,0.25,0.040127101977712076,0.5186591180496319,2.0746364721985278,0.8687399458324057,0.6586914491627415
165,WindRiver Power Corp.,Kinskuch Hydroelectric Project,BC,Private,2017,2024,8,In Review,In Review,1,0,300.0,0.574,57.857174,-129.979248,Energy,Clean Electricity,Yes,EN-CLEL,2,0.0965278997650245,0.323521774794583,0.25,0.01675911424411447,0.06462038555666048,0.25848154222664194,0.1076100806876656,0.08181626360906252
186,Fortune Minerals Limited,NICO Cobalt-Gold-Bismuth Mine,NT,Private,2017,2024,8,Approved,Approved,1,0,589.0,0.713,63.55,-116.75,Mining,Precious Metal,No,MIN-PM,3,0.3246966164038627,0.1834564741074119,0.25,0.009538190308145067,0.19863324596557563,0.7945329838623025,0.33226314015385866,0.2520852036408888
188,Fosthall Creek Power LP,Fosthall Creek Hydropower Project,BC,Private,2018,2024,7,Announced & Planning,Announced & Planning,1,0,50.0,0.214,50.241332,-117.801075,Energy,Clean Electricity,Yes,EN-CLEL,0,0.04813956042263472,0.3438202677586979,0.25,0.017801205832257083,0.036004218586483665,0.14401687434593466,0.059639240871026816,0.04545822750030093
205,Giga Metals Corp. & Mitsubishi Corporation,Turnagain Project ,BC,Private,2020,2024,5,Announced & Planning,Announced & Planning,1,0,2461.55,0.912,58.476,-128.826,Mining,Critical Mineral,Yes,MIN-CM,4,0.00487830793510563,0.12130477283927879,0.25,0.006317059159060667,0.005453808424687645,0.02181523369875058,0.008425923806883498,0.006642654577565986
207,Harvest Operations Corp.,BlackGold Oil Sands Project,AB,Private,2017,2024,8,Approved,Announced & Planning,1,0,540.0,0.702,55.5826391,-110.9730098,Energy,Oil & Gas - Upstream,No,EN-OG-U,2,0.856211100794633,0.8331364330517316,0.25,0.04259039872153114,0.5307628199653923,2.1230512798615693,0.8890300408124356,0.6740697083042098
209,HD Mining International Ltd.,Murray River Coal Project,BC,Private,2017,2024,8,In Review,Approved,1,0,668.0,0.738,55.126784,-120.993032,Mining,Coal,No,MIN-COAL,3,0.0033732084632678364,0.1027271167914559,0.25,0.005352204439095898,0.004164806853599061,0.016659227414396245,0.006265100243247988,0.005004924209458632
238,Karnalyte Resources Inc,Wynyard Potash Project,SK,Private,2017,2024,8,In Review,Approved,1,0,789.0,0.775,51.709,-104.057,Mining,Precious Metal,No,MIN-PM,3,0.1708565805046175,0.29399119366916854,0.25,0.015241087675758047,0.10861038337307372,0.43444153349229486,0.18135291078034346,0.13770739433598161
256,NorthWest Copper,Lorraine-Jayjay Copper Mine,BC,Private,2020,2024,5,In Review,In Review,1,0,100.0,0.343,55.91667,-125.58333,Mining,Base Metal,No,MIN-BM,1,0.023465996482265196,0.11602217821202393,0.25,0.006042796010110707,0.0164967162934034,0.0659868651736136,0.026937751929501916,0.020673130547842807
283,Mount Hays Wind Farm Limited Partnership,Mount Hays Wind Farm,BC,Private,2017,2024,8,In Review,Announced & Planning,1,0,125.0,0.403,54.291483,-130.308203,Energy,Clean Electricity,Yes,EN-CLEL,1,0.1168257463906096,0.323521774794583,0.25,0.01675911424411447,0.07679909353201153,0.3071963741280461,0.128025912412021,0.09728982108401532
314,Ring of Fire Metals Pty Ltd.,Eagle's Nest (McFaulds Lake),ON,Private,2017,2024,8,In Review,Approved,1,0,609.4,0.726,52.743,-86.25,Mining,Critical Mineral,Yes,MIN-CM,3,0.41125506251065275,0.49414786637367053,0.25,0.02548447991244207,0.2569468294713685,1.027787317885474,0.43001737734453205,0.3261750486206339
329,Northcliff Resources (HDI Mining),Sisson Project,NB,Private,2017,2024,8,In Review,Approved,1,0,579.0,0.708,46.365,-67.045,Mining,Other,No,MIN-OTH,3,0.4219017858414595,0.2804115572207212,0.25,0.014542236771661221,0.25895796621354017,1.0358318648541607,0.43338875544029937,0.32873028190424386
341,Osum Oil Sands Corp.,Taiga,AB,Private,2017,2024,8,Approved,Approved,1,0,1570.0,0.872,54.6808778,-110.1364803,Energy,Oil & Gas - Upstream,No,EN-OG-U,4,0.8376804620975785,0.7839496467849103,0.25,0.040127101977712076,0.5186591180496319,2.0746364721985278,0.8687399458324057,0.6586914491627415
344,Agnico Eagle Mines Limited,Hammond Reef,ON,Private,2021,2024,4,In Review,Approved,1,0,1300.0,0.843,48.88278,-91.349945,Mining,Other,No,MIN-OTH,4,0.751713122696553,0.370517068332852,1.0,0.019170094763117262,0.4586959115231787,0.4586959115231787,0.19151764462279264,0.35182460476302424
371,Metaux Torngat ltee,Strange Lake / B-Zone,QC,Private,2017,2024,8,Announced & Planning,In Review,1,0,1631.0,0.882,56.325,-64.174,Mining,Other,No,MIN-OTH,4,0.036462191539652966,0.21895914271353553,0.25,0.011373496222701895,0.026426713412872536,0.10570685365149014,0.04358394712727879,0.03328960689863504
376,Magneto Investments Limited Partnership,Dumont,QC,Private,2017,2024,8,In Review,Approved,1,0,1381.0,0.855,48.653,-78.436,Mining,Critical Mineral,Yes,MIN-CM,4,0.017339667364332026,0.274779185353463,0.25,0.014252231666981419,0.016104693085391784,0.06441877234156713,0.026280582066901904,0.020175048677995834
390,Seabridge Gold Inc.,Kerr-Sulphurets-Mitchell (KSM),BC,Private,2017,2024,8,Approved,Approved,1,0,8361.6,0.972,56.491,-130.293,Mining,Precious Metal,No,MIN-PM,4,0.013202585183137909,0.0966623037104579,0.25,0.005037017685261991,0.00993635818398754,0.03974543273595016,0.015940266195841095,0.012337921388728962
399,Canadian Natural Resources Limited,AOSP Jackpine,AB,Private,2017,2024,8,Approved,Approved,1,0,12000.0,0.981,57.2244971,-111.3676809,Energy,Other,Yes,EN-OTH,4,0.8799815505554052,0.9838047529420494,0.25,0.05009666683947622,0.5480275970690336,2.1921103882761344,0.9179719273261636,0.6960053291718856
404,Skygold Ventures Inc.,Spanish Mountain Copper-Gold Mines,BC,Private,2021,2024,4,In Review,In Review,1,0,756.0,0.763,52.585112,-121.462784,Mining,Precious Metal,No,MIN-PM,3,0.04053747028432772,0.1027271167914559,1.0,0.005352204439095898,0.02646336394623499,0.02646336394623499,0.010373902302582517,0.020027579288774
413,Spanish Mountain Gold Ltd.,Spanish Mountain Copper-Gold Mines,BC,Private,2020,2024,5,In Review,In Review,1,0,756.0,0.763,52.592,-121.465,Mining,Precious Metal,No,MIN-PM,3,0.017020921654362524,0.1027271167914559,0.25,0.005352204439095898,0.012353434768255874,0.049413739073023495,0.019992143366159697,0.015408918207417403
417,Generation Mining Ltd.,Marathon PGM Copper Mine,ON,Private,2020,2024,5,In Review,Approved,1,0,897.9,0.793,48.782,-86.319,Mining,Other,No,MIN-OTH,3,0.6080005706413053,0.3937641530442728,0.25,0.02036054410689292,0.37294456002754034,1.4917782401101614,0.6244706931014244,0.473555013257094
422,Suncor Energy Inc.,Lewis,AB,Private,2020,2024,5,In Review,Announced & Planning,1,0,6200.0,0.96,56.94062005,-111.0483456,Energy,Clean Electricity,Yes,EN-CLEL,4,0.9369999289021483,0.9838047529420494,0.25,0.05009666683947622,0.5822386240770795,2.328954496308318,0.9753217358548889,0.7394718687882033
427,Sunshine Oilsands Ltd.,Thickwood (Sunshine),AB,Private,2017,2024,8,Approved,Approved,1,0,1753.0,0.888,56.8333149,-112.7867833,Energy,Waste Biomass,Yes,EN-BIO,4,0.9027924451743785,0.9838047529420494,0.25,0.05009666683947622,0.5617141338404176,2.2468565353616703,0.940915414613921,0.713394646149819
429,Sunshine Oilsands Ltd.,West Ells,AB,Private,2017,2024,8,Announced & Planning,Announced & Planning,1,0,2950.0,0.92,57.202491,-112.7292377,Energy,Oil & Gas - Upstream,No,EN-OG-U,4,0.8376804620975785,0.7839496467849103,0.25,0.040127101977712076,0.5186591180496319,2.0746364721985278,0.8687399458324057,0.6586914491627415
439,Osisko Metals Inc/Appian ,Pine Point ,NT,Private,2021,2024,4,In Review,In Review,1,0,653.3,0.735,60.854,-114.424,Mining,Other,No,MIN-OTH,3,0.4796721181033776,0.1834564741074119,1.0,0.009538190308145067,0.2916185469852846,0.2916185469852846,0.1214974223164091,0.2235700971177344
441,Taseko Mines Ltd.,Harmony Gold Mine,BC,Private,2020,2024,5,In Review,Announced & Planning,1,0,50.0,0.214,53.514064,-132.397868,Mining,Precious Metal,No,MIN-PM,0,0.006587838106182063,0.11602217821202393,0.25,0.006042796010110707,0.00636982126775352,0.02547928507101408,0.009961486043799863,0.007806487178172058
442,Teck Resources Ltd.,Highland Valley Copper 2040 (HVC 2040),BC,Private,2023,2024,2,In Review,In Review,1,0,741.0,0.755,50.470726,-121.01857,Mining,Base Metal,No,MIN-BM,3,0.04880016352126643,0.1027271167914559,3.0,0.005352204439095898,0.03142097988839822,0.010473659962799406,0.003672799309786064,0.020321707656953358
443,Teck Coal Ltd.,Line Creek Coal Mine,BC,Private,2017,2024,8,In Review,In Review,1,0,140.0,0.426,49.88479,-114.852031,Mining,Coal,No,MIN-COAL,1,0.0038532385613166673,0.1091724500576299,0.25,0.005687057289469721,0.004586766052577889,0.018347064210311556,0.006972453438540219,0.005541041006962821
444,Conuma Resources Ltd.,Quintette Mine,BC,Private,2024,2024,1,In Review,In Review,1,0,500.0,0.678,54.986669,-121.09759,Mining,Precious Metal,No,MIN-PM,2,0.03753625139133028,0.1027271167914559,4.0,0.005352204439095898,0.024662632610436528,0.006165658152609132,0.0018673647718393611,0.015544525474997661
460,GoldMining Inc,Yellowknife Gold,NT,Private,2020,2024,5,In Review,In Review,1,0,193.0,0.484,63.182,-113.909,Mining,Precious Metal,No,MIN-PM,1,0.3626281279292273,0.1949669511108688,0.25,0.01013359588635565,0.22163031511207862,0.8865212604483145,0.37081438013749385,0.2813039411222447
485,Conuma Coal Resources Ltd. ,Wolverine Coal Mine (Hermann Deposit),BC,Private,2020,2024,5,In Review,Approved,1,0,55.0,0.242,55.266598,-120.871582,Mining,Coal,No,MIN-COAL,0,0.0013402956476757457,0.11602217821202393,0.25,0.006042796010110707,0.0032212957926497305,0.012885183170598922,0.004683441245479441,0.003806153973781615
488,Western Copper and Gold Corporation,Casino Mine,YK,Private,2017,2024,8,In Review,Announced & Planning,1,0,3617.0,0.933,62.739,-138.823,Mining,Precious Metal,No,MIN-PM,4,0.6338253543706063,0.34509188880444963,0.25,0.017866452012252343,0.3874417934272647,1.5497671737090588,0.6487731953173005,0.491974354183279
515,Athabasca Oil Corporation,Dover West Clastics ,AB,Private,2019,2024,6,In Review,In Review,1,0,615.0,0.73,57.1005,-113.2251,Energy,Oil & Gas - Upstream,No,EN-OG-U,3,0.8547566095286847,0.8331364330517316,0.25,0.04259039872153114,0.5298901252058232,2.119560500823293,0.8875670950390293,0.6729609131391057
522,BURNCO Rock Products Ltd.,BURNCO Aggregate Project (McNab Creek),BC,Private,2017,2024,8,In Review,Approved,1,0,60.0,0.254,49.468116,-123.338801,Mining,Other,No,MIN-OTH,0,0.004837384306469882,0.11602217821202393,0.25,0.006042796010110707,0.005319548987926212,0.021278195951704847,0.0082008573980431,0.006472072351972967
530,Centermount Coal Limited,Bingay Main Metallurgical Coal ,BC,Private,2019,2024,6,In Review,In Review,1,0,480.0,0.671,50.1826,-114.9877,Mining,Coal,No,MIN-COAL,2,0.0028421103423298044,0.1027271167914559,0.25,0.005352204439095898,0.003846147981036242,0.015384591924144968,0.005730915013346554,0.004600054793960367
533,Granite Creek Copper,Carmacks Copper Project,YK,Private,2017,2024,8,Announced & Planning,Announced & Planning,1,0,321.0,0.589,62.343,-136.699,Mining,Base Metal,No,MIN-BM,2,0.7080474691583425,0.38975407733553646,0.25,0.02015529714230746,0.43289060035192845,1.7315624014077138,0.72496150659996,0.549718962851141
536,ecoTECH Energy Group (Canada) Inc,Biomass Project - McBride,BC,Private,2017,2024,8,Announced & Planning,In Review,1,0,140.0,0.426,53.342917,-120.267604,Energy,Waste Biomass,Yes,EN-BIO,1,0.078784467708232,0.323521774794583,0.25,0.01675911424411447,0.05397432632258499,0.21589730529033996,0.08976351155321356,0.06829000041483642
545,Holmes Hydro,Robson Valley Hydroelectric Project,BC,Public,2019,2024,6,In Review,In Review,1,0,200.0,0.491,53.3469,-119.8406,Energy,Clean Electricity,Yes,EN-CLEL,1,0.10768137894118547,0.323521774794583,0.25,0.01675911424411447,0.07131247306235707,0.28524989224942826,0.11882839158546216,0.0903188404715991
566,MEG Energy Corp.,Surmont (MEG),AB,Private,2017,2024,8,Approved,Approved,1,0,5000.0,0.947,56.034459,-110.720215,Energy,Clean Electricity,Yes,EN-CLEL,4,0.9349163295884131,0.9838047529420494,0.25,0.05009666683947622,0.5809884644888383,2.3239538579553534,0.9732260252233689,0.7378834887826505
584,Quicksilver Resources/ Kohlberg Kravis Roberts & Co. L.P. (KKR),Fortune Creek Gas Plant,BC,Private,2017,2024,8,Approved,In Review,1,0,760.0,0.765,58.805556,-122.695414,Energy,Oil & Gas - Downstream,No,EN-OG-D,3,0.010695727514884843,0.24257989904601776,0.25,0.012592683813049566,0.011454510034150732,0.04581804013660293,0.018485226857323508,0.014266796763419843
593,Enbridge,Westcoast Connector Gas Transmission Project,BC,Private,2017,2024,8,Approved,Approved,1,0,7460.0,0.966,56.836954,-122.629395,Energy,Trans & Distr,No,EN-T&D,4,0.03310267977097582,0.22825844439146817,0.25,0.011853660127980059,0.024603071913777516,0.09841228765511006,0.04052687752298015,0.030972594157458566
606,Treasury Metals Inc.,Goliath Complex,ON,Private,2018,2024,7,In Review,Approved,1,0,335.0,0.599,49.764413,-92.544708,Mining,Precious Metal,No,MIN-PM,2,0.6751976255852903,0.4184698127951961,0.25,0.021624101300653176,0.4137682158714355,1.655072863485742,0.6929056116304514,0.5254231741750419
607,Value Creation Inc. ,TriStar Advanced (In Situ + Upgrader),AB,Private,2017,2024,8,In Review,Approved,1,0,3390.0,0.929,56.736814,-111.156578,Energy,Oil & Gas - Downstream,No,EN-OG-D,4,0.572974191288468,0.7839496467849103,0.25,0.040127101977712076,0.3598353555641656,1.4393414222566625,0.6024950194169824,0.45689922110529235
629,Sunshine Oilsands Ltd.,West Ells,AB,Private,2020,2024,5,Announced & Planning,Announced & Planning,1,0,2100.0,0.901,57.202491,-112.7292377,Energy,Oil & Gas - Upstream,No,EN-OG-U,4,0.8423520772619322,0.7839496467849103,0.25,0.040127101977712076,0.5214620871482442,2.0858483485929766,0.873438715649504,0.6622527385487481
636,Arianne Phosphate inc.,Lac a Paul Phosphate/Apatite mine,QC,Private,2017,2024,8,In Review,Approved,1,0,1275.0,0.841,49.883575,-70.717621,Mining,Precious Metal,No,MIN-PM,4,0.04749421630260178,0.21895914271353553,0.25,0.011373496222701895,0.03304592827064183,0.13218371308256732,0.0546800976349582,0.041699596016368384
643,Search Minerals Inc.,Deep Fox + Foxtrot ,NL,Private,2017,2024,8,Announced & Planning,Announced & Planning,1,0,421.8,0.648,52.399277,-55.817757,Mining,Critical Mineral,Yes,MIN-CM,2,0.3202812266236701,0.28839197748907786,0.25,0.014952994423688026,0.19814993374367726,0.792599734974709,0.33145293754348554,0.25147113526360054
648,Northern Graphite,Bissett Creek,ON,Private,2017,2024,8,Announced & Planning,In Review,1,0,134.1,0.419,46.157005,-77.723637,Mining,Critical Mineral,Yes,MIN-CM,1,0.44392487808545084,0.5251518289205102,0.25,0.027061607080883787,0.277179569683624,1.108718278734496,0.4639346221238659,0.3518815906597208
649,Husky Oil Operations Ltd.,Saleski' Thermal Oil Sands Project Using CSS,AB,Private,2017,2024,8,Approved,Approved,1,0,300.0,0.574,56.5933435,-113.0127423,Energy,Oil & Gas - Upstream,No,EN-OG-U,2,0.856211100794633,0.8854093103107231,0.25,0.045201319811199236,0.5318071884012595,2.127228753605038,0.8907807725228968,0.6753966220499144
650,TransCanada,Prince Rupert Gas Transmission Project,BC,Private,2017,2024,8,Approved,Announced & Planning,1,0,5000.0,0.947,54.235538,-130.293442,Energy,Trans & Distr,No,EN-T&D,4,0.03310267977097582,0.22825844439146817,0.25,0.011853660127980059,0.024603071913777516,0.09841228765511006,0.04052687752298015,0.030972594157458566
684,Osum Oil Sands Corp.,Sepiko Kesik Project,AB,Private,2017,2024,8,In Review,Approved,1,0,3200.0,0.922,56.68899918,-113.1309967,Energy,Oil & Gas - Upstream,No,EN-OG-U,4,0.8376804620975785,0.7839496467849103,0.25,0.040127101977712076,0.5186591180496319,2.0746364721985278,0.8687399458324057,0.6586914491627415
688,Graymont Western Canada Inc.,Giscome Quarry and Lime Plant Project,BC,Private,2017,2024,8,In Review,Approved,1,0,130.0,0.412,54.052936,-122.285282,Mining,Other,No,MIN-OTH,1,0.014298135752833669,0.1091724500576299,0.25,0.005687057289469721,0.01085370436748809,0.04341481746995236,0.017478063583973892,0.01350344805408241
692,EDF Renouvelables,Taylor Wind Project,BC,Private,2017,2024,8,In Review,In Review,1,0,900.0,0.794,55.999947,-120.764046,Energy,Clean Electricity,Yes,EN-CLEL,3,0.10373742840453369,0.30442166614707683,0.25,0.015777536125827107,0.06855347149305105,0.2742138859722042,0.1142033269332686,0.08681341366913806
693,Imperial Oil Limited,Aspen' oil sands project (SAGD),AB,Private,2017,2024,8,In Review,Announced & Planning,1,0,7000.0,0.965,57.242382,-111.5391,Energy,Oil & Gas - Upstream,No,EN-OG-U,4,0.8376804620975785,0.7839496467849103,0.25,0.040127101977712076,0.5186591180496319,2.0746364721985278,0.8687399458324057,0.6586914491627415
707,Port Alberni Harbour Authority,Port Alberni LNG Export Facility,BC,Public,2020,2024,5,Announced & Planning,Announced & Planning,1,0,1600.0,0.873,49.230014,-124.81106,Energy,Oil & Gas - Downstream,No,EN-OG-D,4,0.00887557344831978,0.22825844439146817,0.25,0.011853660127980059,0.01006680812018389,0.04026723248073556,0.016158946531327243,0.012503663484641232
718,Kitimat Clean Ltd.,Kitimat Clean Oil Refinery,BC,Private,2017,2024,8,Announced & Planning,In Review,1,0,22000.0,0.994,54.1666667,-128.7,Energy,Oil & Gas - Downstream,No,EN-OG-D,4,0.008574925024211784,0.22825844439146817,0.25,0.011853660127980059,0.009886419065719094,0.039545676262876375,0.015856550531002527,0.012274471651832467
725,Greater Vancouver Regional District,Capilano (Cleveland) Dam Power Plant,BC,Private,2017,2024,8,Announced & Planning,Announced & Planning,1,0,90.0,0.329,49.360504,-123.11085,Energy,Clean Electricity,Yes,EN-CLEL,0,0.042446128183004125,0.3438202677586979,0.25,0.017801205832257083,0.032588159242705306,0.13035263697082122,0.05391271447231985,0.04111798133455112
753,Kruger Energy Inc.,Maselpanik Creek Hydro Project,BC,Private,2017,2024,8,Announced & Planning,In Review,1,0,400.0,0.635,49.089,,Energy,Clean Electricity,Yes,EN-CLEL,2,0.0965278997650245,0.30442166614707683,0.25,0.015777536125827107,0.06422775430934555,0.2569110172373822,0.106951891535653,0.08131740919986852
754,Pacific Coastal Wave Energy Corp.,Wave Energy Project,BC,Private,2017,2024,8,Announced & Planning,Announced & Planning,1,0,20.0,0.089,48.9206,-125.5448,Energy,Clean Electricity,Yes,EN-CLEL,0,0.042446128183004125,0.3653923344007385,0.25,0.01890747006322835,0.033030664935093816,0.13212265974037526,0.0546545108739708,0.041680203310644606
757,Innergex Renewable Energy Inc.,Shovel Creek Hydroelectric Project,BC,Private,2020,2024,5,In Review,In Review,1,0,40.0,0.178,49.7212,-121.8148,Energy,Clean Electricity,Yes,EN-CLEL,0,0.043881783206225426,0.3653923344007385,0.25,0.01890747006322835,0.0338920579490266,0.1355682317961064,0.05609851091540213,0.04277463913557682
758,Pristine Power Inc./Cheslatta Forest Products,Cheslatta Green Energy Project,BC,Private,2017,2024,8,Announced & Planning,In Review,1,0,46.0,0.204,53.5792,-124.95,Energy,Clean Electricity,Yes,EN-CLEL,0,0.042446128183004125,0.3438202677586979,0.25,0.017801205832257083,0.032588159242705306,0.13035263697082122,0.05391271447231985,0.04111798133455112
759,KMC Power,Tamihi Creek Hydro Project,BC,Private,2017,2024,8,In Review,In Review,1,0,50.0,0.214,49.0461,-121.8196,Energy,Clean Electricity,Yes,EN-CLEL,0,0.042446128183004125,0.3438202677586979,0.25,0.017801205832257083,0.032588159242705306,0.13035263697082122,0.05391271447231985,0.04111798133455112
764,Highwater Power Corporation Altagas Ltd.,Log Creek Water Power  Project,BC,Private,2017,2024,8,Announced & Planning,Announced & Planning,1,0,20.0,0.089,50.05884,-121.717396,Energy,Clean Electricity,Yes,EN-LCF,0,0.042446128183004125,0.3653923344007385,0.25,0.01890747006322835,0.033030664935093816,0.13212265974037526,0.0546545108739708,0.041680203310644606
782,J.D. Irving,Saint John Pulp Mill Upgrades,NB,Private,2024,2024,1,In Review,In Review,1,0,1100.0,0.822,45.2627,-66.0915,Forest,Pulp & Paper,No,FOR-P&P,3,0.8926295228856757,0.828931530285113,4.0,0.042380062606102054,0.5525297387738463,0.13813243469346156,0.05717313917164782,0.3543870989329668
783,First Mining Gold Corp.,Springpole Lake Gold Project,ON,Private,2018,2024,7,In Review,Approved,1,0,1067.04673,0.819,51.3961,-92.293,Mining,Precious Metal,No,MIN-PM,3,0.6924995879268163,0.370517068332852,0.25,0.019170094763117262,0.4231677906613367,1.6926711626453468,0.7086626309776195,0.5373657267878498
795,Nouveau Monde Graphite inc.,Uatnan,QC,Private,2017,2024,8,In Review,Announced & Planning,1,0,1564.0,0.87,51.125343,-69.064963,Mining,Critical Mineral,Yes,MIN-CM,4,0.017339667364332026,0.274779185353463,0.25,0.014252231666981419,0.016104693085391784,0.06441877234156713,0.026280582066901904,0.020175048677995834
800,Joyce Direct Iron Inc.,Joyce Lake DSO (the Attikamagen Project),NL,Private,2017,2024,8,In Review,In Review,1,0,270.4,0.559,53.6069,-77.6882,Mining,Other,No,MIN-OTH,2,0.5026127705888778,0.24422515008944934,0.25,0.012677547571815051,0.3066386813820527,1.2265547255282108,0.5133185361155119,0.3893106232754364
802,Vulcan Materials Company,Black Point Aggregate Project,NS,Private,2017,2024,8,Approved,Approved,1,0,95.0,0.336,45.347966,-61.14967,Mining,Other,No,MIN-OTH,0,0.05847924631930257,0.14223143280120767,0.25,0.00740279154475354,0.03804866440948296,0.15219465763793183,0.06306645679379892,0.04805578136320934
808,Spartan Delta Inception Exploration Ltd.,Greenview Sour Gas plant,AB,Private,2017,2024,8,Announced & Planning,Announced & Planning,1,0,50.0,0.214,54.70000076,-119.0149994,Energy,Oil & Gas - Downstream,No,EN-OG-D,0,0.39111302574126533,0.9409619069392359,0.25,0.047968252205271456,0.25385511632686775,1.015420465307471,0.4248345701513671,0.3222468978566675
817,Focus Graphite inc.,Lac Knife,QC,Private,2017,2024,8,In Review,In Review,1,0,236.8,0.531,52.54809,-67.18002,Mining,Critical Mineral,Yes,MIN-CM,2,0.01995407817758908,0.31034142306119733,0.25,0.016081864472034524,0.018405192695367258,0.07362077078146903,0.03013703490362826,0.02309792957867166
818,Athabasca Oil Corporation,Hangingstone Oil Sands,AB,Private,2020,2024,5,In Review,In Review,1,0,640.0,0.732,56.4761389,-111.4076389,Energy,Oil & Gas - Upstream,No,EN-OG-U,3,0.8697757451563015,0.8331364330517316,0.25,0.04259039872153114,0.5389016065823934,2.1556064263295736,0.9026735322525314,0.6844103768504486
841,Canadian Natural Resources Limited,Jackfish ,AB,Private,2017,2024,8,Announced & Planning,Announced & Planning,1,0,1300.0,0.843,55.5279,-110.8738,Energy,Oil & Gas - Upstream,No,EN-OG-U,4,0.8376804620975785,0.7839496467849103,0.25,0.040127101977712076,0.5186591180496319,2.0746364721985278,0.8687399458324057,0.6586914491627415
857,Bear Head Energy,Bear Head Energy,NS,Private,2017,2024,8,Approved,Announced & Planning,1,0,8000.0,0.969,45.596588,-61.356844,Energy,Oil & Gas - Downstream,No,EN-OG-D,4,0.09177053907469652,0.2798217211147718,0.25,0.014511870709870589,0.06086707172876615,0.2434682869150646,0.10131819622224651,0.07704752152615829
858,ConocoPhillips Canada,Surmont (ConocoPhillips),AB,Private,2020,2024,5,In Review,In Review,1,0,6000.0,0.958,56.1936,-110.9506,Energy,Oil & Gas - Upstream,No,EN-OG-U,4,0.8423520772619322,0.7839496467849103,0.25,0.040127101977712076,0.5214620871482442,2.0858483485929766,0.873438715649504,0.6622527385487481
862,Taseko Mines Ltd.,Aley Niobium Project,BC,Private,2017,2024,8,In Review,In Review,1,0,870.0,0.789,56.968715,-122.439746,Mining,Critical Mineral,Yes,MIN-CM,3,0.005883590838729378,0.12891571055608336,0.25,0.006712072785868939,0.006214983617585202,0.024859934470340808,0.0097019232546412,0.0076097594724076015
865,Imperial Metals Corporation,Ruddock Creek Zinc-Lead Mine Development Project,BC,Private,2017,2024,8,In Review,In Review,1,0,144.7,0.437,51.822198,-119.00528,Mining,Base Metal,No,MIN-BM,1,0.022682427349267696,0.1091724500576299,0.25,0.005687057289469721,0.015884279325348506,0.06353711730139402,0.025911090471908118,0.01989500378397235
885,Pacific Northern Gas Ltd.,Pacific Northern Gas Pipeline Looping Project,BC,Private,2017,2024,8,In Review,In Review,1,0,1300.0,0.843,54.040484,-128.648436,Energy,Trans & Distr,No,EN-T&D,4,0.03310267977097582,0.22825844439146817,0.25,0.011853660127980059,0.024603071913777516,0.09841228765511006,0.04052687752298015,0.030972594157458566
891,Arctic Canadian Diamond Corp,Ekati (Misery Deep),NT,Private,2018,2024,7,Approved,Approved,1,0,126.721,0.409,64.445237,-110.695595,Mining,Other,No,MIN-OTH,1,0.3224020270097764,0.1949669511108688,0.25,0.01013359588635565,0.19749465456040807,0.7899786182416323,0.33035445734631086,0.2506385756747692
893,PRISM Diversifed Ltd.,Clear Hills Project,AB,Private,2017,2024,8,Announced & Planning,Announced & Planning,1,0,300.0,0.574,56.5481588,-117.8880444,Mining,Other,No,MIN-OTH,2,0.30931493436477914,0.37495087592264875,0.25,0.01939725517978319,0.19334786269078075,0.773391450763123,0.32340296420125936,0.2453699032949722
894,Newmont Goldcorp Corp.,Coffee Gold Mine,YK,Private,2017,2024,8,In Review,In Review,1,0,317.0,0.587,62.847528,-139.515693,Mining,Precious Metal,No,MIN-PM,2,0.6663592002385025,0.38975407733553646,0.25,0.02015529714230746,0.40787763900002444,1.6315105560000978,0.6830309166784493,0.5179389500713943
896,Uranium Energy Corp,Roughrider Project,SK,Private,2024,2024,1,Announced & Planning,Announced & Planning,1,0,650.0,0.733,52.255289,-106.674981,Mining,Critical Mineral,Yes,MIN-CM,3,0.15556749637554437,0.3689394272208782,4.0,0.019089253661623617,0.10097619928997607,0.02524404982249402,0.009862901627884347,0.06453088022513938
938,Cedar LNG  (partnership between Pembina Pipeline Corporation and Haisla Nation) ,Cedar LNG,BC,Private,2017,2024,8,In Review,Announced & Planning,1,0,4600.0,0.946,53.925411,-128.727915,Energy,Oil & Gas - Downstream,No,EN-OG-D,4,0.008574925024211784,0.22825844439146817,0.25,0.011853660127980059,0.009886419065719094,0.039545676262876375,0.015856550531002527,0.012274471651832467
942,Watson Island LNG Corporation,Watson Island LNG,BC,Private,2017,2024,8,Announced & Planning,Announced & Planning,1,0,270.0,0.558,,,Energy,Oil & Gas - Downstream,No,EN-OG-D,2,0.009881108909773997,0.25779991438238187,0.25,0.01337746972399756,0.011279653235463424,0.045118612941853695,0.01819210487877827,0.014044633892789362
943,"Tilbury Jetty Marine Partnership (Fortis, Seaspan, Shell)",Tilbury Marine Jetty,BC,Private,2017,2024,8,In Review,In Review,1,0,1100.0,0.822,49.1417976,-123.023505,Energy,Oil & Gas - Downstream,No,EN-OG-D,3,0.010695727514884843,0.22825844439146817,0.25,0.011853660127980059,0.01115890056012293,0.04463560224049172,0.01798968059001079,0.013891212572078074
956,Altalink,Chapel Rock to Pincher Creek Area Transmission Development,AB,Private,2017,2024,8,Announced & Planning,Announced & Planning,1,0,500.0,0.678,49.739198,-114.300651,Energy,Trans & Distr,No,EN-T&D,2,0.8597144276703409,0.8331364330517316,0.25,0.04259039872153114,0.532864816090817,2.131459264363268,0.8925537314427368,0.676740382231585
957,Atrum Coal,Groundhog Project Anthracite Coal Mine,BC,Private,2017,2024,8,Announced & Planning,Announced & Planning,1,0,600.0,0.714,56.70066,-128.762292,Mining,Coal,No,MIN-COAL,3,0.0033732084632678364,0.1027271167914559,0.25,0.005352204439095898,0.004164806853599061,0.016659227414396245,0.006265100243247988,0.005004924209458632
974,Enbridge/ Borealis Inc./ Kitselas First Nation,Lakelse Geothermal Power Plant,BC,Private,2017,2024,8,Announced & Planning,In Review,1,0,120.0,0.389,54.44564,-128.5403,Energy,Clean Electricity,Yes,EN-CLEL,1,0.1168257463906096,0.3438202677586979,0.25,0.017801205832257083,0.07721593016726858,0.3088637206690743,0.1287246783746484,0.09781942945022051
983,Red Willow Wind LP,Red Willow Wind Farm,BC,Private,2017,2024,8,In Review,In Review,1,0,480.0,0.671,54.808663,-120.375011,Energy,Clean Electricity,Yes,EN-CLEL,2,0.0965278997650245,0.30442166614707683,0.25,0.015777536125827107,0.06422775430934555,0.2569110172373822,0.106951891535653,0.08131740919986852
1023,Nukik Corp.,Kivalliq Hydro Fibre Link,Multi,Public,2017,2024,8,Announced & Planning,Announced & Planning,1,0,1600.0,0.873,58.765245,-94.167571,Energy,Clean Electricity,Yes,EN-CLEL,4,0.7274845999419646,0.9838047529420494,0.25,0.05009666683947622,0.4565294267009692,1.8261177068038768,0.7645885591477375,0.5797530796796765
1034,Fission Uranium Corp.,Patterson Lake South,SK,Private,2020,2024,5,Announced & Planning,In Review,1,0,1177.0,0.828,57.635749,-109.316745,Mining,Critical Mineral,Yes,MIN-CM,3,0.07020248352520715,0.3471579469828269,0.25,0.01797245108520118,0.04931047054920476,0.19724188219681904,0.08194523601456805,0.06236437673535007
1037,"Western LNG, Nisga'a Nation, Rockies LNG Partners",Ksi Lisims LNG,BC,Private,2021,2024,4,Announced & Planning,Announced & Planning,1,0,10000.0,0.976,54.901569,-130.072604,Energy,Oil & Gas - Downstream,No,EN-OG-D,4,0.02138310546857932,0.22825844439146817,1.0,0.011853660127980059,0.017571327332339615,0.017571327332339615,0.0066473509400833694,0.013201736775437116
1041,"Energie hydroelectrique Pessamit, Societe en commandite ",Centrale hydroelectrique des chutes du six milles ,QC,Public,2017,2024,8,In Review,In Review,1,0,51.0,0.23,48.7238889,-69.1583333,Energy,Clean Electricity,Yes,EN-CLEL,0,0.6789308493398031,0.7788205762350136,0.25,0.03986987115939855,0.4233064580676412,1.693225832270565,0.7088950867059689,0.5375419095229723
1042,BMC Minerals Ltd.,Kudz Ze Kayah,YK,Private,2018,2024,7,Announced & Planning,In Review,1,0,496.0,0.677,61.45805,-130.61,Mining,Other,No,MIN-OTH,2,0.6336130548606969,0.36674373984698877,0.25,0.01897673169434333,0.3877585255941554,1.5510341023766216,0.6493041507055091,0.49237677563869686
1045,Northern Energy Solutions (NES),NES Wood Pellet Plant,NB,Private,2017,2024,8,In Review,In Review,1,0,70.0,0.276,47.022825,-65.495815,Forest,Other,Yes,FOR-OTH,0,0.5793656395868162,1.2485998555543802,0.25,0.06314639290218915,0.3728779409129654,1.4915117636518616,0.6243590158499835,0.47347037088777266
1049,"Energie hydroelectrique Pessamit, Societe en commandite ",Centrale hydroelectrique de la chute du quatre milles,QC,Public,2017,2024,8,In Review,In Review,1,0,22.0,0.109,48.7263889,-69.0927778,Energy,Clean Electricity,Yes,EN-CLEL,0,0.6789308493398031,0.8276855529341924,0.25,0.042317727906173164,0.4242856007663511,1.6971424030654043,0.7105364769594712,0.5387859512435991
1050,"Manouane Sipi, Societe en commandite

",Centrale hydroelectrique Manouane Sipi (Dam B),QC,Private,2017,2024,8,In Review,In Review,1,0,100.0,0.343,47.3812,-73.5727,Energy,Clean Electricity,Yes,EN-CLEL,1,0.8632051467564221,0.7788205762350136,0.25,0.03986987115939855,0.5338710365176127,2.135484146070451,0.8942405135671334,0.678018827337421
1051,Fluorspar Holdings PTE Ltd. ,St. Lawrence Fluorspar Mine,NL,Private,2017,2024,8,Approved,Approved,1,0,250.0,0.535,,,Mining,Precious Metal,No,MIN-PM,2,0.5710897755186707,0.24422515008944934,0.25,0.012677547571815051,0.34772488433992843,1.3908995373597137,0.5821935766763333,0.4415123612744904
1057,Pacific Future Energy,Pacific Future Energy Oil Refinery,BC,Private,2017,2024,8,Announced & Planning,Announced & Planning,1,0,12720.0,0.983,53.9528963,-128.722594,Energy,Oil & Gas - Downstream,No,EN-OG-D,4,0.008574925024211784,0.22825844439146817,0.25,0.011853660127980059,0.009886419065719094,0.039545676262876375,0.015856550531002527,0.012274471651832467
1067,Sayona Quebec inc.,Authier,QC,Private,2017,2024,8,Announced & Planning,In Review,1,0,223.0,0.52,48.400581,-78.257358,Mining,Other,No,MIN-OTH,1,0.051287394709728845,0.24729708640255274,0.25,0.01283598171694278,0.03590682951261442,0.14362731805045767,0.0594759822603491,0.04533449061170829
1077,Cenovus Energy Inc.,Christina Lake,AB,Private,2017,2024,8,Approved,Approved,1,0,900.0,0.794,55.576423,-110.89741,Energy,Other,Yes,EN-OTH,3,0.9016238498435019,1.0455309037346399,0.25,0.05315483233786611,0.5622362428412475,2.24894497136499,0.9417906543786226,0.7140580074561975
1079,Japan Canada Oil Sands Limited (JACOS),Hangingstone ,AB,Private,2017,2024,8,Approved,Approved,1,0,1200.0,0.829,56.28806,-111.604233,Energy,Oil & Gas - Upstream,No,EN-OG-U,3,0.8657873010223243,0.7839496467849103,0.25,0.040127101977712076,0.5355232214044794,2.1420928856179176,0.8970101611107039,0.6801179972869692
1082,Cenovus Energy Inc.,Narrows Lake,AB,Private,2017,2024,8,Approved,Approved,1,0,1600.0,0.873,,-113.426459,Energy,Clean Electricity,Yes,EN-CLEL,4,0.9349163295884131,0.9838047529420494,0.25,0.05009666683947622,0.5809884644888383,2.3239538579553534,0.9732260252233689,0.7378834887826505
1083,Value Creation Inc.,Heartland Upgrader,AB,Private,2017,2024,8,In Review,Announced & Planning,1,0,2000.0,0.894,,,Energy,Oil & Gas - Downstream,No,EN-OG-D,4,0.572974191288468,0.7839496467849103,0.25,0.040127101977712076,0.3598353555641656,1.4393414222566625,0.6024950194169824,0.45689922110529235
1090,Value Creation Inc.,Heartland Upgrader,AB,Private,2017,2024,8,In Review,Announced & Planning,1,0,2000.0,0.894,,,Energy,Oil & Gas - Downstream,No,EN-OG-D,4,0.572974191288468,0.7839496467849103,0.25,0.040127101977712076,0.3598353555641656,1.4393414222566625,0.6024950194169824,0.45689922110529235
2025,Synex Energy Resources Ltd.,Victoria Lake Hydro Project,ON,Private,2017,2024,8,Announced & Planning,In Review,1,0,18.0,0.083,49.777918,-94.497042,Energy,Other,Yes,EN-OTH,0,0.6127734322968046,1.4005883507493055,0.25,0.07055560182686194,0.39588630010882747,1.5835452004353099,0.6629291819584869,0.5027034528486912
2059,Aeolis / Boralex,Hackney Hills Wind Park (Aeolis / Boralex),BC,Private,2017,2024,8,Approved,In Review,1,0,5200.0,0.953,56.247719,-120.841882,Energy,Other,Yes,EN-OTH,4,0.04512940135681487,0.2864491914913728,0.25,0.01485301367824543,0.03301884628538709,0.13207538514154837,0.05463469862753958,0.04166518722224809
2075,FireFly Metals Ltd. (previously owned by Rambler Mining and Metals),Green Bay Copper-Gold Project (formerly Ming Mine),NL,Private,2017,2024,8,Announced & Planning,Approved,1,0,66.24,0.269,49.975196,-56.180174,Mining,Other,No,MIN-OTH,0,0.2954037334319821,0.25954839222330023,0.25,0.01346758610411336,0.1826292745008346,0.7305170980033384,0.30543481082641044,0.23175148903106493
2083,Ressources Falco ltee,Horne 5,QC,Private,2017,2024,8,Announced & Planning,In Review,1,0,1080.0,0.82,48.234558,-78.996534,Mining,Other,No,MIN-OTH,3,0.0451660263486142,0.21895914271353553,0.25,0.011373496222701895,0.031649014298249276,0.1265960571929971,0.05233837463351271,0.03992475843235465
2092,Miniere Osisko Inc.,Lac Windfall,QC,Private,2017,2024,8,Announced & Planning,In Review,1,0,788.6,0.773,49.026695,-75.642654,Mining,Other,No,MIN-OTH,3,0.0451660263486142,0.23269713800186304,0.25,0.012082767199519062,0.031932722688976144,0.12773089075590457,0.05281397046646891,0.04028522179997325
2114,Chantiers Chibougamau inc.,Centrale de cogeneration Assinica,QC,Private,2017,2024,8,Announced & Planning,Announced & Planning,1,0,342.0,0.601,,,Energy,Other,Yes,EN-OTH,2,0.7223338630977778,0.6895749892600432,0.25,0.03538301593827853,0.4475535242339781,1.7902140969359124,0.7495417647988457,0.5683488204599252
2115,Cogeneration Val-d'Or,Cogeneration Val-d'Or,QC,Private,2017,2024,8,Announced & Planning,Announced & Planning,1,0,72.0,0.285,48.148516,-77.791895,Energy,Other,Yes,EN-OTH,0,0.5190744547819697,0.7788205762350136,0.25,0.03986987115939855,0.3273926213329412,1.309570485331765,0.5481094964137864,0.4156793713652793
2121,Ainsworth Energy Co. Ltd.,Anahim Lake Bioenergy Project,BC,Private,2018,2024,7,Announced & Planning,Announced & Planning,1,0,15.0,0.073,52.418398,-126.486276,Energy,Waste Biomass,Yes,EN-BIO,0,0.031662329133438284,0.3653923344007385,0.25,0.01890747006322835,0.026560385505354313,0.10624154202141725,0.0438080289389023,0.033459442878773504
2122,Yun Ka Whu'ten Holdings,Biomass Project - Anahim Lake,BC,Private,2018,2024,7,Announced & Planning,Announced & Planning,1,0,15.0,0.073,52.465348,-125.317541,Energy,Waste Biomass,Yes,EN-BIO,0,0.031662329133438284,0.3653923344007385,0.25,0.01890747006322835,0.026560385505354313,0.10624154202141725,0.0438080289389023,0.033459442878773504
2123,Ainsworth Energy Co. Ltd.,Tumbler Ridge Bioenergy Project,BC,Private,2018,2024,7,Announced & Planning,Announced & Planning,1,0,15.0,0.073,50.024653,-119.373429,Energy,Waste Biomass,Yes,EN-BIO,0,0.031662329133438284,0.3653923344007385,0.25,0.01890747006322835,0.026560385505354313,0.10624154202141725,0.0438080289389023,0.033459442878773504
2124,Nations Energy Corp.,Biomass Project - Kamloops,BC,Private,2018,2024,7,Announced & Planning,Announced & Planning,1,0,15.0,0.073,50.716188,-120.388986,Energy,Waste Biomass,Yes,EN-BIO,0,0.031662329133438284,0.3653923344007385,0.25,0.01890747006322835,0.026560385505354313,0.10624154202141725,0.0438080289389023,0.033459442878773504
3101,Frontier Lithium Inc.,Pakeagama Lake,ON,Private,2018,2024,7,Announced & Planning,Announced & Planning,1,0,869.316174,0.789,52.6,-93.37,Mining,Critical Mineral,Yes,MIN-CM,3,0.44350545232274663,0.49414786637367053,0.25,0.02548447991244207,0.2762970633586248,1.1051882534344992,0.4624552286887553,0.35076032949067704
3104,Gensource Potash Corp,Vanguard,SK,Private,2018,2024,7,Announced & Planning,Approved,1,0,353.6,0.616,50.84,-106.21,Mining,Other,No,MIN-OTH,2,0.14141014834709892,0.29399119366916854,0.25,0.015241087675758047,0.09094252407856257,0.3637700963142503,0.15173531562851206,0.11525964069854236
3105,Ram River Coal,Aries,AB,Private,2018,2024,7,Announced & Planning,Announced & Planning,1,0,1028.0,0.817,52.18,-115.58,Mining,Coal,No,MIN-COAL,3,0.12862121882312558,0.33198499645107393,0.25,0.017193736591296416,0.08405022593039392,0.3362009037215757,0.1401813807224539,0.10650268784721792
3600,Fibre Pontiac,Fibre Pontiac (The Biomass Conversion Centre),QC,Private,2018,2024,7,In Review,In Review,1,0,120.0,0.389,45.542307,-76.109056,Energy,Waste Biomass,Yes,EN-BIO,1,0.8231538587695799,0.7788205762350136,0.25,0.03986987115939855,0.5098402637255074,2.0393610549020296,0.853956419842019,0.647486726172112
3603,Maritime Resources Corp.,Hammerdown (Green Bay),NL,Private,2018,2024,7,Announced & Planning,Approved,1,0,75.0,0.293,49.5544,-56.2372,Mining,Precious Metal,No,MIN-PM,0,0.3866058094650193,0.25954839222330023,0.25,0.01346758610411336,0.23735052012065694,0.9494020804826278,0.39716701629373213,0.30127711858988704
3604,AuMEGA (previously Matador Mining Limited),Cape Ray,NL,Private,2018,2024,7,In Review,In Review,1,0,145.4,0.44,47.4503,-58.5547,Mining,Other,No,MIN-OTH,1,0.5880372672147071,0.24422515008944934,0.25,0.012677547571815051,0.3578933793575503,1.4315735174302011,0.5992395788951138,0.45443185917257567
3610,Telkwa Mining Ltd.,Tenas Project,BC,Private,2018,2024,7,In Review,In Review,1,0,115.0,0.381,54.62717,-127.161516,Mining,Coal,No,MIN-COAL,1,0.004393838847087844,0.11602217821202393,0.25,0.006042796010110707,0.005053421712296989,0.020213686849187958,0.0077547337462153506,0.006133946525864334
3615,NB Power,Advanced Meter Infrastructure,NB,Public,2018,2024,7,In Review,Approved,1,0,109.6,0.37,,,Energy,Waste Biomass,Yes,EN-BIO,1,0.8997673794264492,0.9385173038778459,0.25,0.04784666162645723,0.5589990923064524,2.2359963692258096,0.9363640425640899,0.7099450724095074
3617,St Barbara Ltd.,Beaver Dam Gold Project,NS,Private,2018,2024,7,Announced & Planning,In Review,1,0,314.5,0.586,44.98,-62.94,Mining,Other,No,MIN-OTH,2,0.14588350907625558,0.13383436023532416,0.25,0.006967271019614585,0.09031701385359918,0.3612680554143967,0.15068673875807861,0.11446490381539096
3622,CVW Cleantech,Titanium and Zircon Extraction Facility,AB,Private,2018,2024,7,Announced & Planning,Announced & Planning,1,0,610.0,0.727,57.336236,-111.754013,Mining,Critical Mineral,Yes,MIN-CM,3,0.20515521708536852,0.4427587598123702,0.25,0.02286475718501202,0.13223903312522592,0.5289561325009037,0.22096290374429461,0.1677285813728534
4000,Hydro One,Northwest Bulk Transmission Line Waasigan Transmission Line,ON,Public,2019,2024,6,Announced & Planning,In Review,1,0,1200.0,0.829,,,Energy,Trans & Distr,No,EN-T&D,4,0.6859761355254106,0.8749393133798659,0.25,0.04467893618831931,0.4294572557905741,1.7178290231622964,0.7192060040492617,0.5453567550940491
4006,Mines Agnico Eagle ltee,Wasamac,QC,Private,2019,2024,6,Announced & Planning,In Review,1,0,533.0,0.699,48.21,-79.19,Mining,Precious Metal,No,MIN-PM,2,0.04986925394307443,0.23269713800186304,0.25,0.012082767199519062,0.034754659245652283,0.13901863698260913,0.057544536466943706,0.043870610134168854
4007,NexGen Energy Ltd.,Rook I,SK,Private,2019,2024,6,Announced & Planning,Approved,1,0,1300.0,0.843,57.59,-108.99,Mining,Other,No,MIN-OTH,4,0.10244324985099663,0.276634514218283,0.25,0.014347770090027967,0.06720505794660916,0.26882023178643666,0.11194290783834361,0.08510019790330295
4008,Denison Mines Corp.,Wheeler River - Phoenix,SK,Private,2019,2024,6,Announced & Planning,In Review,1,0,945.659,0.801,57.53,-105.41,Mining,Other,No,MIN-OTH,3,0.12485638875652635,0.276634514218283,0.25,0.014347770090027967,0.08065294128992699,0.32261176515970796,0.13448632738182967,0.10218629572668807
4013,Rio Tinto,Vaudreuil alumina refinery,QC,Private,2019,2024,6,Announced & Planning,Announced & Planning,1,0,250.0,0.535,48.42623,-71.182543,Mining,Critical Mineral,Yes,MIN-CM,2,0.018235639335073415,0.31034142306119733,0.25,0.016081864472034524,0.017374129389857856,0.06949651755943143,0.028408607308103226,0.021787920557156004
4014,Alcoa/Rio Tinto,The Elysis joint venture,QC,Private,2019,2024,6,Announced & Planning,Announced & Planning,1,0,664.0,0.737,48.43214,-71.17565,Mining,Critical Mineral,Yes,MIN-CM,3,0.01972530065728269,0.29201945724590034,0.25,0.015139646667279183,0.017891039061281287,0.07156415624512515,0.029275131153640166,0.02244467589822484
4015,Signal Gold Inc. (formerly Anaconda Mining),Goldboro Gold,NS,Private,2019,2024,6,In Review,Approved,1,0,271.0,0.56,45.203,-61.6422,Mining,Precious Metal,No,MIN-PM,2,0.15250969112441573,0.13383436023532416,0.25,0.006967271019614585,0.09429272308249527,0.3771708923299811,0.157351436751198,0.11951620854997635
4016,Allkem Limited,James Bay Lithium,QC,Private,2019,2024,6,In Review,Approved,1,0,508.7,0.691,,,Mining,Critical Mineral,Yes,MIN-CM,2,0.018235639335073415,0.29201945724590034,0.25,0.015139646667279183,0.016997242267955723,0.06798896907182289,0.02777681089132374,0.02130906971730293
4021,Tolko,Mill upgrade,BC,Private,2019,2024,6,Announced & Planning,Announced & Planning,1,0,35.0,0.158,50.4477,-119.197,Forest,Pulp & Paper,No,FOR-P&P,0,0.03999151456017152,0.3873643779116232,0.25,0.02003296515006625,0.03200809479612941,0.12803237918451765,0.05294032083626722,0.04038098521218454
4057,EDF Renewables Canada,Vulcan Solar Project,AB,Private,2019,2024,6,Announced & Planning,Announced & Planning,1,0,155.0,0.452,50.403783,-113.253133,Energy,Clean Electricity,Yes,EN-CLEL,1,0.9492928664135073,1.1111298938078658,0.25,0.056394083240398296,0.5921333531442637,2.368533412577055,0.9919088092950744,0.752043535604588
4072,PEI Energy Corporation,Borden Battery Park,PE,Public,2020,2024,5,Announced & Planning,In Review,1,0,35.0,0.158,46.2537626,-63.6921622,Energy,"DER, Storage, EV",Yes,EN-DER,0,0.8451967326349064,0.812555396097532,0.25,0.0415604610704009,0.5237422240091042,2.094968896036417,0.8772610333004432,0.6651497477256398
4073,PEI Energy Corporation,Western PEI Transmission Upgrade,PE,Private,2019,2024,6,In Review,In Review,1,0,44.0,0.193,46.794249,-64.157612,Energy,Trans & Distr,No,EN-T&D,0,0.7334148597776233,0.6474887561367124,0.25,0.03325984536418991,0.45335285401224995,1.8134114160489998,0.7592634972771078,0.5757171113181931
4077,Synex Energy Resources Ltd.,Victoria Lake Hydro Project,BC,Private,2019,2024,6,In Review,In Review,1,0,18.0,0.083,50.424697,-127.487264,Energy,Clean Electricity,Yes,EN-CLEL,0,0.03886750070353142,0.3653923344007385,0.25,0.01890747006322835,0.030883488447410193,0.12353395378964077,0.051055081940806185,0.03895212584476859
4080,Pacific Greengen Power Inc.,Fries Creek Hydroelectric Project,BC,Private,2019,2024,6,In Review,In Review,1,0,20.0,0.089,49.307766,-121.799622,Energy,Clean Electricity,Yes,EN-CLEL,0,0.03886750070353142,0.3653923344007385,0.25,0.01890747006322835,0.030883488447410193,0.12353395378964077,0.051055081940806185,0.03895212584476859
4096,Boralex,Babcock Ridge Wind Farm,BC,Private,2019,2024,6,In Review,Announced & Planning,1,0,50.0,0.214,55.11167,-121.000634,Energy,Clean Electricity,Yes,EN-CLEL,0,0.03886750070353142,0.3438202677586979,0.25,0.017801205832257083,0.030440982755021686,0.12176393102008674,0.050313285539155234,0.03838990386867511
4104,Canfor Corporation/Licella,Biofuel Facility,BC,Private,2019,2024,6,Announced & Planning,Announced & Planning,1,0,70.0,0.276,53.92241,-122.745706,Energy,Low Carbon Fuels,Yes,EN-LCF,0,0.01088860225261998,0.3438202677586979,0.25,0.017801205832257083,0.01365364368447482,0.05461457473789928,0.02217175441305873,0.017060887975908386
4111,Borealis Geopower,Canoe Reach Geothermal Energy Project,BC,Private,2019,2024,6,Announced & Planning,In Review,1,0,120.0,0.389,52.830616,-119.265917,Energy,Clean Electricity,Yes,EN-CLEL,1,0.10768137894118547,0.3438202677586979,0.25,0.017801205832257083,0.07172930969761411,0.28691723879045644,0.11952715754808958,0.0908484488378043
4116,Alcan Aluminum Ltd. and the Province of BC,Kenney Dam Cold Water Release Facility,BC,Public,2020,2024,5,Announced & Planning,Announced & Planning,1,0,275.0,0.563,53.566667,-124.95,Energy,Clean Electricity,Yes,EN-CLEL,2,0.09960249225460978,0.323521774794583,0.25,0.01675911424411447,0.06646514105041165,0.2658605642016466,0.11070254483158218,0.08416010256287987
4119,AltaGas / Vopak Development Canada Inc.,Ridley Island Energy Export Facility (REEF) ,BC,Private,2019,2024,6,In Review,In Review,1,0,750.0,0.757,54.314188,-130.322183,Energy,"DER, Storage, EV",Yes,EN-DER,3,0.06390513507558263,0.30442166614707683,0.25,0.015777536125827107,0.04465409549568042,0.17861638198272167,0.07413950081419685,0.056448257623086986
4125,Nisgaa Nation,Nisgaa LNG,BC,Private,2019,2024,6,Announced & Planning,Announced & Planning,1,0,10000.0,0.976,54.901569,-130.072604,Energy,Oil & Gas - Downstream,No,EN-OG-D,4,0.007828627205537945,0.22825844439146817,0.25,0.011853660127980059,0.00943864037451479,0.03775456149805916,0.015105914714142354,0.011705550110365816
4126,Devon Energy Corporation/ BP JV,Pike ,AB,Private,2019,2024,6,Announced & Planning,Announced & Planning,1,0,1900.0,0.891,55.599405,-110.995766,Energy,Clean Electricity,Yes,EN-CLEL,4,0.9291019674510724,0.9838047529420494,0.25,0.05009666683947622,0.5774998472064339,2.3099993888257355,0.967377865998893,0.7334510547234174
4153,DP Energy Limited (Haligonia Tidal Energy Ltd. / Rio Fundo Operations Canada Ltd.),Uisce Tapa In-Stream Tidal Energy Project,NS,Private,2019,2024,6,Approved,Approved,1,0,117.0,0.384,45.367408,-63.70584,Energy,Clean Electricity,Yes,EN-CLEL,1,0.5850280328986679,0.4214888055286186,0.25,0.021778394213436747,0.3597281774245754,1.4389127096983017,0.6023153508620886,0.4567630467995807
4162,Waroona Energy Inc.,Superior Lake (formerly Pick Lake/Winston Lake Zinc Project),ON,Private,2020,2024,5,Announced & Planning,Announced & Planning,1,0,145.0846,0.439,49.011,-87.41,Mining,Other,No,MIN-OTH,1,0.6393275762754627,0.4184698127951961,0.25,0.021624101300653176,0.39224618628553887,1.5689847451421555,0.6568270608283826,0.49807853610267633
4163,Canadian Premium Sand,Wanipigow,MB,Private,2020,2024,5,Announced & Planning,Approved,1,0,124.0,0.401,,,Mining,Other,No,MIN-OTH,1,0.4633966401274785,0.36677731695795324,0.25,0.018978452511251964,0.2856293650809879,1.1425174603239516,0.4780994745275004,0.3626174088595929
4164,Copper Mountain Mining Corp.,New Ingerbelle,BC,Private,2020,2024,5,Announced & Planning,In Review,1,0,183.0,0.479,49.33,-120.53,Mining,Critical Mineral,Yes,MIN-CM,1,0.006954471598443828,0.13700417583897828,0.25,0.007131698353477711,0.0070253623004573815,0.028101449201829526,0.011060405193448529,0.008639379457653841
4166,Foran Mining Corp.,McIlvenna Bay,SK,Private,2020,2024,5,Announced & Planning,Approved,1,0,368.0,0.623,54.66,-102.89,Mining,Other,No,MIN-OTH,2,0.13002983666261173,0.29399119366916854,0.25,0.015241087675758047,0.08411433706787025,0.336457348271481,0.14028885371523958,0.10658414372681799
4169,Allegiance Coal,Telkwa (Delete same project as Tenas Project (ID3610),BC,Private,2020,2024,5,Announced & Planning,Announced & Planning,1,0,73.216,0.289,,,Mining,Coal,No,MIN-COAL,0,0.0013402956476757457,0.11602217821202393,0.25,0.006042796010110707,0.0032212957926497305,0.012885183170598922,0.004683441245479441,0.003806153973781615
4188,Alpin Sun,Airport City Solar,AB,Private,2020,2024,5,Announced & Planning,Announced & Planning,1,0,169.0,0.464,53.29107862,-113.5936546,Energy,Clean Electricity,Yes,EN-CLEL,1,0.9550504018680642,1.1111298938078658,0.25,0.056394083240398296,0.5955878744169979,2.3823514976679916,0.9976998115208515,0.7564326492585394
4198,Climate Transition Development Corporation,Greenview Geothermal Power Plant (Alberta No. 1),AB,Private,2020,2024,5,Announced & Planning,Announced & Planning,1,0,106.0,0.366,54.8418269,-117.6498413,Energy,Clean Electricity,Yes,EN-CLEL,1,0.9550504018680642,1.1808447139184974,0.25,0.059824426436066225,0.596960011695265,2.38784004678106,1.0,0.758176007017159
4204,Jupiter Hydro,In-Stream Tidal Demonstration Project,NS,Public,2020,2024,5,Announced & Planning,Approved,1,0,23.3,0.119,45.357404,-64.409667,Energy,Clean Electricity,Yes,EN-CLEL,0,0.3490342673947641,0.4479339731186769,0.25,0.023128898683524746,0.21867211991026836,0.8746884796410734,0.3658553963462586,0.27754543048466446
4216,NRStor and Six Nations of the Grand River Development Corporation Oneida Energy Storage LP,Oneida Energy Storage,ON,Private,2020,2024,5,Announced & Planning,Approved,1,0,800.0,0.777,,,Energy,"DER, Storage, EV",Yes,EN-DER,3,0.8442128377643133,1.1668811827170842,0.25,0.05913834598154388,0.5301830410512055,2.120732164204822,0.8880581258298837,0.6733330749626768
4220,Port Hawkesbury Paper,Goose Harbour Lake Wind Farm (formerly Pirate Harbour),NS,Private,2020,2024,5,Announced & Planning,Approved,1,0,155.0,0.452,45.6056941,-61.3709266,Energy,Clean Electricity,Yes,EN-CLEL,1,0.6153885702211679,0.39660491020374966,0.25,0.020505916039659677,0.37743550854856456,1.5097420341942582,0.631999114792259,0.4792609510460424
4224,WindRiver Power Corp. & TC Energy,Canyon Creek Hydro Power Project (storage),AB,Private,2020,2024,5,Announced & Planning,In Review,1,0,200.0,0.491,53.53010506,-117.5245285,Energy,Clean Electricity,Yes,EN-CLEL,1,0.9550504018680642,1.1111298938078658,0.25,0.056394083240398296,0.5955878744169979,2.3823514976679916,0.9976998115208515,0.7564326492585394
4231,Enbridge Frontier Inc.,Frontier NGL Plant and Pipeline Project,BC,Private,2020,2024,5,Announced & Planning,Announced & Planning,1,0,2500.0,0.913,55.712509,-121.6689065,Energy,Trans & Distr,No,EN-T&D,4,0.0342336096050978,0.22825844439146817,0.25,0.011853660127980059,0.025281629814250705,0.10112651925700282,0.041664381102122595,0.031834730329399465
5002,Inuvialuit Petroleum Corporation,Inuvialuit Energy Security Project,NT,Private,2021,2024,4,Announced & Planning,Approved,1,0,160.0,0.456,69.297389,-133.076278,Energy,Clean Electricity,Yes,EN-CLEL,1,0.9110966592802525,0.577765306323898,1.0,0.02973214069140029,0.5585508518447116,0.5585508518447116,0.2333657138633067,0.42847679665214966
5010,Deh Tai GP Ltd,Clarke Lake Geothermal Development,BC,Private,2021,2024,4,Announced & Planning,Announced & Planning,1,0,100.0,0.343,,,Energy,Clean Electricity,Yes,EN-CLEL,1,0.2504756651240083,0.3438202677586979,1.0,0.017801205832257083,0.15740588140730782,0.15740588140730782,0.06525042137708786,0.12054369739521983
5014,"Nisga'a Nation, Western LNG, Rockies LNG Partners",Ksi Lisims LNG,BC,Private,2021,2024,4,Announced & Planning,Announced & Planning,1,0,10000.0,0.976,,,Energy,Oil & Gas - Downstream,No,EN-OG-D,4,0.02138310546857932,0.22825844439146817,1.0,0.011853660127980059,0.017571327332339615,0.017571327332339615,0.0066473509400833694,0.013201736775437116
5016,Pace Canada LP,Caroline Solar Project,AB,Private,2021,2024,4,Announced & Planning,Announced & Planning,1,0,17.0,0.082,,,Energy,Clean Electricity,Yes,EN-CLEL,0,0.9455720921326908,1.2549336006167915,1.0,0.06345632950990021,0.5927257870835746,0.5927257870835746,0.2476880403457113,0.45471068838842926
5017,Pace Canada LP,Hannah Sheerness Solar Project,AB,Private,2021,2024,4,Announced & Planning,Announced & Planning,1,0,17.2,0.083,,,Energy,Clean Electricity,Yes,EN-CLEL,0,0.9455720921326908,1.2549336006167915,1.0,0.06345632950990021,0.5927257870835746,0.5927257870835746,0.2476880403457113,0.45471068838842926
5018,Tlingit Homeland Energy Limited Partnership (THELP),Atlin Hydro Expansion project,BC,Private,2021,2024,4,Announced & Planning,Announced & Planning,1,0,330.0,0.595,,,Energy,Clean Electricity,Yes,EN-CLEL,2,0.21254523108576506,0.323521774794583,1.0,0.01675911424411447,0.13423078434910482,0.13423078434910482,0.0555380019091632,0.10275367137312816
5019,AWP Industrial Park,"pellet mill, sawmill, biomass power plant and logistics",NT,Private,2021,2024,4,Announced & Planning,Announced & Planning,1,0,20.0,0.089,60.44313,-116.34148,Forest,Lumber,No,FOR-LUM,0,0.45658048544962626,0.6917793975542401,1.0,0.035494095548093685,0.28814592948901324,0.28814592948901324,0.12004208783859713,0.2209043928288468
5025,Interfor Corporation,Mill improvement,BC,Private,2021,2024,4,Announced & Planning,Announced & Planning,1,0,35.0,0.158,49.335625,-117.737002,Forest,Pulp & Paper,No,FOR-P&P,0,0.10342778086645331,0.3873643779116232,1.0,0.02003296515006625,0.07006985457989848,0.07006985457989848,0.028648886329385476,0.05350146727969328
5027,Osisko Development Corp.,Cariboo Gold Project,BC,Private,2021,2024,4,Approved,Approved,1,0,588.0,0.712,53.08972,-121.56139,Mining,Precious Metal,No,MIN-PM,3,0.04053747028432772,0.1027271167914559,1.0,0.005352204439095898,0.02646336394623499,0.02646336394623499,0.010373902302582517,0.020027579288774
5028,St Barbara Ltd.,Moose River Consolidated (15 Mile Stream Mine),NS,Private,2021,2024,4,In Review,In Review,1,0,182.0,0.478,45.140214,-62.526081,Mining,Precious Metal,No,MIN-PM,1,0.38156577788498625,0.13383436023532416,1.0,0.006967271019614585,0.2317263751388376,0.2317263751388376,0.09639729460791152,0.17759474292646718
5034,Greengate Power Corporation,Lathom Solar Project,AB,Private,2021,2024,4,Announced & Planning,Approved,1,0,170.0,0.465,,,Energy,Clean Electricity,Yes,EN-CLEL,1,0.9810760253222282,1.1111298938078658,1.0,0.056394083240398296,0.6112032484894963,0.6112032484894963,0.255431734166108,0.468894642760141
5038,TransAlta Renewables,Tempest Wind Power Project,AB,Private,2021,2024,4,Announced & Planning,In Review,1,0,105.0,0.363,,,Energy,Clean Electricity,Yes,EN-CLEL,1,0.9810760253222282,1.1808447139184974,1.0,0.059824426436066225,0.6125753857677634,0.6125753857677634,0.2560067812858951,0.4699479439750161
5040,Prairie Sunlight,Vauxhall Solar Farm,AB,Private,2021,2024,4,In Review,In Review,1,0,220.0,0.519,,,Energy,Clean Electricity,Yes,EN-CLEL,1,0.9810760253222282,1.1111298938078658,1.0,0.056394083240398296,0.6112032484894963,0.6112032484894963,0.255431734166108,0.468894642760141
5041,AltaLink,Provost to Edgerton and Nilrem to Vermilion (PENV) Transmission Development,AB,Private,2021,2024,4,Announced & Planning,Announced & Planning,1,0,241.0,0.533,,,Energy,Trans & Distr,No,EN-T&D,2,0.9393279850825164,0.8854093103107231,1.0,0.045201319811199236,0.5816773189739894,0.5816773189739894,0.24305775308137822,0.44622949261694494
5048,Ascent Energy Partners,Dunmore Solar Project,AB,Private,2021,2024,4,Announced & Planning,Approved,1,0,200.0,0.491,,,Energy,Clean Electricity,Yes,EN-CLEL,1,0.9810760253222282,1.1111298938078658,1.0,0.056394083240398296,0.6112032484894963,0.6112032484894963,0.255431734166108,0.468894642760141
5052,Fortis,Tilbury LNG Phase 2,BC,Private,2022,2024,3,In Review,Announced & Planning,1,0,3500.0,0.931,49.1417976,-123.023505,Energy,Oil & Gas - Downstream,No,EN-OG-D,4,0.02138310546857932,0.22825844439146817,2.0,0.011853660127980059,0.017571327332339615,0.008785663666169808,0.0029653792695594323,0.011728948107227542
5053,Alberta BioBoard,MDF and Fuel Pellet Plant,AB,Private,2021,2024,4,Announced & Planning,Announced & Planning,1,0,790.0,0.776,,,Energy,Waste Biomass,Yes,EN-BIO,3,0.967027397136477,1.0455309037346399,1.0,0.05315483233786611,0.6014783712170326,0.6014783712170326,0.25135614876048734,0.4614294822344145
5060,Fortis,Tilbury LNG Phase 1B,BC,Private,2021,2024,4,Announced & Planning,In Review,1,0,60.0,0.254,49.1417976,-123.023505,Energy,Oil & Gas - Downstream,No,EN-OG-D,0,0.010351981534265023,0.2739748681441891,1.0,0.014210811227819087,0.011895513411686648,0.011895513411686648,0.004268681910960338,0.008844780811396124
5067,Ontario Power Generation,Redevelopment of Coniston station,ON,Public,2021,2024,4,Announced & Planning,Announced & Planning,1,0,85.0,0.318,,,Energy,Clean Electricity,Yes,EN-LCF,0,0.8867811168699334,1.317900285357946,1.0,0.06653198135678029,0.5586814626646721,0.5586814626646721,0.2334204513717331,0.42857705814749647
5069,Canada Nickel Company Inc.,Crawford,ON,Private,2024,2024,1,In Review,In Review,1,0,2655.1095,0.917,48.83972,-81.37309,Mining,Critical Mineral,Yes,MIN-CM,4,0.585365504066369,0.4649743186529237,4.0,0.02399812882767305,0.36081855397089063,0.09020463849272266,0.037087145153770894,0.23132599044404273
5074,New Age Metals Inc.,River Valley Palladium,ON,Private,2024,2024,1,Announced & Planning,Announced & Planning,1,0,606.348,0.725,46.70591,-80.27606,Mining,Precious Metal,No,MIN-PM,3,0.8329612207130856,0.3937641530442728,4.0,0.02036054410689292,0.5079209500706086,0.12698023751765214,0.05249938023599205,0.3257523221367619
5076,Resolve Energie,Usine de production d'ethanol cellulosique,QC,Private,2021,2024,4,Announced & Planning,Announced & Planning,1,0,300.0,0.574,46.4833314,-70.6166642,Energy,Oil & Gas - Upstream,No,EN-OG-U,2,0.8222467873962317,0.5839675455477698,1.0,0.030046468072143284,0.5053666596665963,0.5053666596665963,0.2110768241037819,0.38765072544147056
5077,Greenfield Global,Agrandissement usine d'ethanol a Varennes,QC,Private,2021,2024,4,Announced & Planning,Announced & Planning,1,0,120.0,0.389,45.6820019,-73.44098293,Energy,Low Carbon Fuels,Yes,EN-LCF,1,0.8127220775616291,0.7788205762350136,1.0,0.03986987115939855,0.5035811950007368,0.5035811950007368,0.2103285561791025,0.3862801394720831
5086,DEEP,DEEP Geothermal ,SK,Private,2021,2024,4,Announced & Planning,Announced & Planning,1,0,256.0,0.551,,,Energy,Clean Electricity,Yes,EN-CLEL,2,0.9696297825014337,0.9258758127409857,1.0,0.047217646595432816,0.6006649281390333,0.6006649281390333,0.2510152440226574,0.4608050544924829
6002,Highwood Organics Processing,Aldersyde Bioenergy Facility,AB,Private,2022,2024,3,Approved,Approved,1,0,25.0,0.125,50.63106,-113.87501,Energy,Waste Biomass,Yes,EN-BIO,0,0.9182477560727055,1.2549336006167915,2.0,0.06345632950990021,0.5763311854475833,0.28816559272379166,0.12005032847654504,0.393818842659168
6016,Voltarix Group,Creekside Solar Project,AB,Private,2022,2024,3,Announced & Planning,Approved,1,0,43.0,0.189,53.247146,-113.825172,Energy,Clean Electricity,Yes,EN-CLEL,0,0.9455720921326908,1.2549336006167915,2.0,0.06345632950990021,0.5927257870835746,0.2963628935417873,0.1234857239723734,0.4050297618390941
6018,FortisBC,Eagle Mountain - Woodfibre Gas Pipeline,BC,Private,2022,2024,3,Announced & Planning,Announced & Planning,1,0,350.0,0.603,,,Energy,Trans & Distr,No,EN-T&D,2,0.09074145344100426,0.24257989904601776,2.0,0.012592683813049566,0.05948194558982239,0.029740972794911193,0.011747510875188568,0.040388171703968856
6019,Skeena Resources Ltd.,Eskay Creek Mine,BC,Private,2022,2024,3,Announced & Planning,In Review,1,0,713.0,0.75,,,Mining,Precious Metal,No,MIN-PM,3,0.04053747028432772,0.1027271167914559,2.0,0.005352204439095898,0.02646336394623499,0.013231681973117495,0.004828654950809007,0.017809480348064597
6022,NTPC,Fort Providence and Kakisa Transmission Line ,NT,Private,2022,2024,3,Announced & Planning,Announced & Planning,1,0,60.0,0.254,60.977458,-117.221393,Energy,Trans & Distr,No,EN-T&D,0,0.5594247983985213,0.48928135894062674,2.0,0.025236695621509098,0.34574955728771645,0.17287477864385822,0.07173326018851885,0.2361430384480374
6023,STLLR Gold Inc.,Tower Gold (formerly Garrison/Golden Highway),ON,Private,2024,2024,1,Announced & Planning,Announced & Planning,1,0,517.0,0.694,48.493967,-79.98755,Mining,Precious Metal,No,MIN-PM,2,0.8215256669990532,0.3937641530442728,4.0,0.02036054410689292,0.501059617842189,0.12526490446054725,0.05178050367051491,0.32134797217351935
6025,Rock Tech Lithium Inc.,Georgia Lake,ON,Private,2023,2024,2,Announced & Planning,Announced & Planning,1,0,255.88,0.551,49.445411,-88.039681,Mining,Critical Mineral,Yes,MIN-CM,2,0.6196210030347992,0.5251518289205102,3.0,0.027061607080883787,0.382597244653233,0.127532414884411,0.052730791487180656,0.2506506633868121
6026,TransAlta Corporation,Ghost River WaterCharger Battery Energy Storage,AB,Private,2022,2024,3,Announced & Planning,Approved,1,0,120.0,0.389,51.217782,-114.704604,Energy,"DER, Storage, EV",Yes,EN-DER,1,0.971029568678574,1.1808447139184974,2.0,0.059824426436066225,0.6065475117815708,0.3032737558907854,0.12638198774421372,0.414481302166628
6028,TransAlta Corporation,Glacier Gas Plant CSS (Phase 2),AB,Private,2022,2024,3,Announced & Planning,Announced & Planning,1,0,100.0,0.343,55.559541,-119.60376,Energy,Oil & Gas - Downstream,No,EN-OG-D,1,0.8288406887937504,0.9409619069392359,2.0,0.047968252205271456,0.5164917141583588,0.2582458570791794,0.1075113077242227,0.3528995515847043
6029,LNG Newfoundland and Labrador,Grassy Point LNG,NL,Private,2022,2024,3,Announced & Planning,Announced & Planning,1,0,10000.0,0.976,47.752791,-54.027147,Energy,Oil & Gas - Downstream,No,EN-OG-D,4,0.4628067348834723,0.5106274780062474,2.0,0.02632309218288542,0.2882132778032375,0.14410663890161876,0.059676860174884154,0.19679871075189617
6031,Diageo Canada Inc.,Implantation de mesures de reduction des emissions de GES et de conversion energetique,QC,Private,2022,2024,3,Announced & Planning,Announced & Planning,1,0,94.0,0.334,,-74.12034257,Energy,Waste Biomass,Yes,EN-BIO,0,0.7754744757585529,0.7788205762350136,2.0,0.03986987115939855,0.4812326339188911,0.24061631695944555,0.10012296806638055,0.32878876757788683
6040,FD Power,Kopahawakenum,SK,Private,2022,2024,3,Announced & Planning,Announced & Planning,1,0,30.0,0.146,,,Energy,Other,Yes,EN-LCF,0,0.8711528757799202,1.0457037236439963,2.0,0.05316338070549442,0.5439570777501498,0.2719785388750749,0.11326651840085113,0.3716808540104303
6046,"LNG Canada (Shell Canada Limited, PETRONAS, Korea Gas Corporation (KOGAS), Mitsubishi Corporation, and PetroChina Company Limited) ",LNG Canada Phase 2,BC,Private,2022,2024,3,Announced & Planning,Announced & Planning,1,0,25000.0,0.995,54.081951,-128.638058,Energy,Oil & Gas - Downstream,No,EN-OG-D,4,0.02138310546857932,0.22825844439146817,2.0,0.011853660127980059,0.017571327332339615,0.008785663666169808,0.0029653792695594323,0.011728948107227542
6050,Miniere O3,Marban Block,QC,Private,2023,2024,2,Announced & Planning,Announced & Planning,1,0,435.1,0.653,48.137067,-77.97919,Mining,Other,No,MIN-OTH,2,0.09934953282093764,0.23269713800186304,3.0,0.012082767199519062,0.0644428265723702,0.021480942190790067,0.008285826039796548,0.041980026359340734
6051,Fox River Resources Corporation,Martison,ON,Private,2024,2024,1,Announced & Planning,Announced & Planning,1,0,2326.92,0.908,50.31444,-83.41444,Mining,Other,No,MIN-OTH,4,0.751713122696553,0.370517068332852,4.0,0.019170094763117262,0.4586959115231787,0.11467397788079467,0.047341966854974785,0.2941543336558971
6053,TC Energy Corporation,Meaford Pumped Storage Project,ON,Private,2022,2024,3,In Review,In Review,1,0,4300.0,0.942,,,Energy,"DER, Storage, EV",Yes,EN-DER,4,0.9136286675917454,1.0979907428609783,2.0,0.055746166161362076,0.5704756670195921,0.28523783350979603,0.11882333790489856,0.3898147353737147
6056,San Group,Mill and port upgrades,BC,Private,2022,2024,3,Announced & Planning,Announced & Planning,1,0,100.0,0.343,,,Forest,Pulp & Paper,No,FOR-P&P,1,0.25608868629824083,0.3644951237200518,2.0,0.01886148391939302,0.16119780534670172,0.08059890267335086,0.03306149057543179,0.10994327943819375
6060,Sayona Nord,Moblan ,QC,Private,2024,2024,1,Announced & Planning,Announced & Planning,1,0,822.6,0.785,50.739349,-74.835889,Mining,Other,No,MIN-OTH,3,0.10674490584545243,0.23269713800186304,4.0,0.012082767199519062,0.06888005038707908,0.01722001259676977,0.006500118932012462,0.04392807780505243
6062,Voltarix Group,Moon Lake Solar Project,AB,Private,2022,2024,3,Announced & Planning,Approved,1,0,43.0,0.189,53.422494,-114.990517,Energy,Clean Electricity,Yes,EN-CLEL,0,0.9455720921326908,1.2549336006167915,2.0,0.06345632950990021,0.5927257870835746,0.2963628935417873,0.1234857239723734,0.4050297618390941
6063,Northriver Midstream NEBC Connector GP Inc.,NEBC Connector Project,Multi,Private,2022,2024,3,In Review,Approved,1,0,350.1,0.615,56.9228,-122.058,Energy,Clean Electricity,Yes,EN-CLEL,2,0.8861253946145815,1.0455309037346399,2.0,0.05315483233786611,0.5529371697038953,0.27646858485194764,0.11514824557757593,0.37782160005336757
6064,One Sky Forest Products,New OSB Mill,SK,Private,2022,2024,3,Announced & Planning,Announced & Planning,1,0,400.0,0.635,,,Forest,EWP,No,FOR-EWP,2,0.6072182164473681,0.9236023505197732,2.0,0.0471044796356922,0.3831727217226977,0.19158636086134884,0.07957507137698601,0.261733661584413
6067,Northern Petrochemical Corp.,Northern Petrochemical Ammonia and Methanol Production Facility,AB,Private,2022,2024,3,Announced & Planning,Announced & Planning,1,0,2500.0,0.913,54.760765,-118.572392,Energy,Low Carbon Fuels,Yes,EN-LCF,4,0.9080795818985947,0.9838047529420494,2.0,0.05009666683947622,0.5648864158749473,0.28244320793747363,0.11765214212755112,0.3859927063759888
6072,Peak Renewables,Pellet Plant,BC,Private,2022,2024,3,Announced & Planning,Announced & Planning,1,0,29.0,0.143,58.80493975,-122.6973869,Forest,Other,Yes,FOR-OTH,0,0.11195912583851204,0.4861165735233168,2.0,0.02507552282048231,0.07720568463130015,0.038602842315650074,0.015461419552216844,0.05250797859966682
6077,Hydro One,Power Downtown Toronto,ON,Public,2022,2024,3,Announced & Planning,Announced & Planning,1,0,120.0,0.389,,,Energy,Trans & Distr,No,EN-LCF,1,0.8962856218609437,1.0501753118333965,2.0,0.053384536607121835,0.5591251877594149,0.27956259387970744,0.1164449095544162,0.38205307647741543
6081,Newcrest Mining Ltd./Imperial Metals,Red Chris Block Cave Expansion,BC,Private,2022,2024,3,Announced & Planning,Approved,1,0,2632.0,0.916,,,Mining,Precious Metal,No,MIN-PM,4,0.0326950511604343,0.0966623037104579,2.0,0.005037017685261991,0.021631837770365377,0.010815918885182688,0.0038162361295964774,0.014505597114057816
6083,Voltarix Group,Rocktree Solar Project,AB,Private,2022,2024,3,Announced & Planning,Approved,1,0,40.0,0.178,53.515088,-113.912081,Energy,Clean Electricity,Yes,EN-CLEL,0,0.9455720921326908,1.2549336006167915,2.0,0.06345632950990021,0.5927257870835746,0.2963628935417873,0.1234857239723734,0.4050297618390941
6084,DP Energy,Saamis Solar Farm,AB,Private,2022,2024,3,Announced & Planning,In Review,1,0,600.0,0.714,50.070674,-110.70734,Energy,Clean Electricity,Yes,EN-CLEL,3,0.9784309107822862,1.0455309037346399,2.0,0.05315483233786611,0.6083204794045182,0.3041602397022591,0.12675350302231303,0.41569368885163616
6087,Magna Mining Inc.,Shakespeare,ON,Private,2022,2024,3,Announced & Planning,Announced & Planning,1,0,232.9,0.527,46.291979,-81.858789,Mining,Other,No,MIN-OTH,2,0.7774505589001721,0.4184698127951961,2.0,0.021624101300653176,0.47511997586036453,0.23755998793018226,0.09884209534814987,0.32460882365547866
6088,Expander Energy,Slave Lake Bio-Mass/Gas to Liquids Plant (Phase 1),AB,Private,2022,2024,3,Announced & Planning,Announced & Planning,1,0,35.0,0.158,55.265038,-114.57517,Energy,Waste Biomass,Yes,EN-BIO,0,0.9182477560727055,1.2549336006167915,2.0,0.06345632950990021,0.5763311854475833,0.28816559272379166,0.12005032847654504,0.393818842659168
6089,Hydro One ,St.Clair Transmission Line ,ON,Public,2022,2024,3,Announced & Planning,Announced & Planning,1,0,250.0,0.535,,,Energy,Trans & Distr,No,EN-T&D,2,0.8746862084847985,0.9881749640432593,2.0,0.05031350946852875,0.5449371288782905,0.27246856443914524,0.11347188253875765,0.37235103034247735
6091,"ATCO, Suncor",Suncor and ATCO clean hydrogen project,AB,Private,2022,2024,3,Announced & Planning,Announced & Planning,1,0,3532.0,0.932,,,Energy,Low Carbon Fuels,Yes,EN-LCF,4,0.9080795818985947,0.9838047529420494,2.0,0.05009666683947622,0.5648864158749473,0.28244320793747363,0.11765214212755112,0.3859927063759888
6092,Suncor Energy Inc.,Suncor PURE Demonstration Facility,AB,Private,2022,2024,3,Announced & Planning,Announced & Planning,1,0,52.5,0.235,57.380561,-111.509771,Energy,Clean Electricity,Yes,EN-CLEL,0,0.9455720921326908,1.1808447139184974,2.0,0.059824426436066225,0.591273025854041,0.2956365129270205,0.12318130612220145,0.40403633796130517
6096,Troilus Gold Corp.,Troilus,QC,Private,2024,2024,1,In Review,In Review,1,0,449.5,0.654,51.011121,-74.466634,Mining,Other,No,MIN-OTH,2,0.09934953282093764,0.23269713800186304,4.0,0.012082767199519062,0.0644428265723702,0.01611070664309255,0.006035221429606283,0.04107978451526463
6097,Agnico Eagle Mines Limited,Upper Beaver,ON,Private,2022,2024,3,Announced & Planning,In Review,1,0,240.1,0.532,48.165061,-79.764065,Mining,Other,No,MIN-OTH,2,0.7774505589001721,0.4184698127951961,2.0,0.021624101300653176,0.47511997586036453,0.23755998793018226,0.09884209534814987,0.32460882365547866
6100,Probe Gold inc.,Novador,QC,Private,2023,2024,2,Announced & Planning,In Review,1,0,602.0,0.724,48.150028,-77.500793,Mining,Precious Metal,No,MIN-PM,3,0.13603939550756514,0.23269713800186304,3.0,0.012082767199519062,0.08645674418434669,0.028818914728115565,0.01136108683148287,0.05641848124320116
6101,Ville de Quebec,Projet de valorisation de la vapeur de l'incinerateur pour le CHU de Quebec - Universite Laval,QC,Private,2022,2024,3,Announced & Planning,Announced & Planning,1,0,43.8,0.191,46.8347,-71.2033,Energy,Other,Yes,EN-OTH,0,0.7316670295253875,0.8276855529341924,2.0,0.042317727906173164,0.4559273088777018,0.2279636544388509,0.09482038117850353,0.3114845377980225
6102,Galleon Gold Corp.,West Cache,ON,Private,2022,2024,3,Announced & Planning,Announced & Planning,1,0,149.6,0.441,48.418089,-81.48394,Mining,Precious Metal,No,MIN-PM,1,0.8507242124579351,0.4184698127951961,2.0,0.021624101300653176,0.5190841679950223,0.25954208399751116,0.10805454167594404,0.354672317467391
6103,"Enbridge Inc., BG Group",Westcoast Connector Gas Transmission Project,BC,Private,2022,2024,3,Announced & Planning,Approved,1,0,6700.0,0.964,,,Energy,Trans & Distr,No,EN-T&D,4,0.0796057316208045,0.22825844439146817,2.0,0.011853660127980059,0.05250490302367473,0.026252451511837364,0.010285511301296686,0.03561714633472351
6104,NTPC,Whati Transmission Line,NT,Private,2022,2024,3,Announced & Planning,Announced & Planning,1,0,41.5,0.186,63.252421,-116.735563,Energy,Trans & Distr,No,EN-T&D,0,0.5594247983985213,0.5199799857277568,2.0,0.02679870030917353,0.3463743591627822,0.1731871795813911,0.07186418386663213,0.23657028904432217
7003,Rio Tinto Group,Jonquiere Refinery,QC,Private,2023,2024,2,Approved,Approved,1,0,1485.0,0.863,48.429,-71.162,Mining,Critical Mineral,Yes,MIN-CM,4,0.042676020089328644,0.274779185353463,3.0,0.014252231666981419,0.031306504720389754,0.01043550157346325,0.003656807563019163,0.020246625857441518
7009,Energir Developpement/Nature Energy,Biomethanization plants in Quebec- Farnham Project,QC,Private,2023,2024,2,Announced & Planning,In Review,1,0,1390.083265,0.856,,,Energy,Waste Biomass,Yes,EN-BIO,4,0.8782667264117371,0.6488637968717333,3.0,0.03332928735053653,0.5402917507872568,0.18009725026241893,0.0747601158594345,0.35407909681612787
7010,Enbridge Gas,Bobcaygeon Natural Gas Expansion,ON,Private,2023,2024,2,In Review,Approved,1,0,122.79,0.4,,,Energy,NG Power Gen,No,EN-NGPG,1,0.8962856218609437,0.9881749640432593,3.0,0.05031350946852875,0.5578967769039777,0.1859655923013259,0.07721947123214248,0.3656258546352436
7012,Cielo Waste Solutions Corp.,Cielo- Halifax,NS,Private,2023,2024,2,Announced & Planning,Announced & Planning,1,0,50.0,0.214,,,Energy,Other,Yes,EN-OTH,0,0.4003956705902213,0.4214888055286186,3.0,0.021778394213436747,0.24894876003950747,0.08298292001316916,0.034060605114843205,0.16299349806964178
7014,Capital Power Corporation,East Windsor Expansion,ON,Private,2023,2024,2,Announced & Planning,Announced & Planning,1,0,200.0,0.491,,,Energy,"DER, Storage, EV",Yes,EN-DER,1,0.9379317931977105,1.2400939656661758,3.0,0.06273000280195262,0.5878510770394073,0.19595035901313576,0.08140397334451413,0.38527223556145007
7029,Federated Co-operatives Limited,FCL HDRD Plant,SK,Private,2023,2024,2,Announced & Planning,Announced & Planning,1,0,2000.0,0.894,,,Energy,Waste Biomass,Yes,EN-BIO,4,0.9470604351492394,0.8197790647923764,3.0,0.0419220815430853,0.5850050937067778,0.19500169790225927,0.08100640026774988,0.3834056163311666
7031,Fort Nelson First Nation/Hydrogen Naturally,Fort Nelson First Nation Hydrogen,BC,Private,2023,2024,2,Announced & Planning,Announced & Planning,1,0,1200.0,0.829,,,Energy,Low Carbon Fuels,Yes,EN-LCF,4,0.059867416957535884,0.2864491914913728,3.0,0.01485301367824543,0.0418616556458197,0.013953885215273234,0.005131322111653925,0.027169522232153392
7035,Green Impact Partners (In partnership with Carbon Clean Energy and PCL Construction),Future Energy Park Renewable Natural Gas and Ethanol Project,AB,Private,2023,2024,2,Announced & Planning,Announced & Planning,1,0,1200.0,0.829,51.010133,-113.914,Energy,Low Carbon Fuels,Yes,EN-LCF,4,0.9080795818985947,0.9838047529420494,3.0,0.05009666683947622,0.5648864158749473,0.18829547195831575,0.07819589728471259,0.3702102084388534
7038,H2MB,H2MB ,MB,Private,2023,2024,2,Announced & Planning,Announced & Planning,1,0,20.0,0.089,,,Energy,Low Carbon Fuels,Yes,EN-LCF,0,0.9439075625920761,1.227577286923221,3.0,0.06211693539310781,0.5911913117124887,0.19706377057082958,0.08187059145884605,0.38746302361103163
7039,FortisBC/Suncor/Hazer,Hazer Pyrolysis Hydrogen Production Demo Plant ,BC,Private,2023,2024,2,Announced & Planning,Announced & Planning,1,0,11.25,0.069,,,Energy,Low Carbon Fuels,Yes,EN-LCF,0,0.0295831492874604,0.3653923344007385,3.0,0.01890747006322835,0.025312877597767576,0.008437625865922525,0.0028195205877940025,0.016315534793778147
7040,Heidelberg Materials,Heidelberg Materials Carbon Capture Utilization and Storage Hub,AB,Private,2023,2024,2,Announced & Planning,Announced & Planning,1,0,1360.0,0.853,53.5798,-113.606,Energy,CCUS,Yes,EN-CCU,4,0.9591212163949346,0.9838047529420494,3.0,0.05009666683947622,0.5955113965727512,0.19850379885758374,0.08247409092775908,0.39029647431475434
7042,Kiwetinohk Energy Corp,Homestead Solar Project,AB,Private,2023,2024,2,Announced & Planning,Announced & Planning,1,0,500.0,0.678,49.981414,-113.446,Energy,Clean Electricity,Yes,EN-CLEL,2,0.9766754108594883,1.0455309037346399,3.0,0.05315483233786611,0.6072671794508394,0.2024223931502798,0.0841163292061877,0.3980068393529787
7044,Renewable Hydrogen Canada/ Fortis BC/ Green Investment Group,Hydrogen Electrolyzer Plant,BC,Private,2023,2024,2,In Review,In Review,1,0,200.0,0.491,,,Energy,Low Carbon Fuels,Yes,EN-LCF,1,0.083385422848821,0.323521774794583,3.0,0.01675911424411447,0.05673489940693839,0.01891163313564613,0.0072090578509245015,0.036924562784532836
7048,Manitoba Hydro,Kettle Unit 10 Stator Overhaul,MB,Public,2023,2024,2,Approved,Approved,1,0,22.9,0.116,,,Energy,Clean Electricity,Yes,EN-CLEL,0,0.9840805135590951,1.227577286923221,3.0,0.06211693539310781,0.6152950822927001,0.20509836076423338,0.08523779678339033,0.4032721680889762
7055,Kiwetinohk Energy Corp,Phoenix Solar Project,AB,Private,2023,2024,2,Announced & Planning,Announced & Planning,1,0,320.0,0.588,52.238021,-114.157,Energy,Clean Electricity,Yes,EN-CLEL,2,0.9766754108594883,1.1111298938078658,3.0,0.056394083240398296,0.6085628798118523,0.20285429327061744,0.08429733363203461,0.3988566613399252
7058,Greengate Power Corporation ,Luna Solar Project (Phase Two),AB,Private,2023,2024,2,Announced & Planning,Approved,1,0,700.0,0.743,50.582389,-112.246,Energy,Clean Electricity,Yes,EN-CLEL,3,0.9784309107822862,1.0455309037346399,3.0,0.05315483233786611,0.6083204794045182,0.2027734931348394,0.08426347121455387,0.39869767612853246
7059,McLeod Lake Indian Band/Mitsubishi,McLeod Lake Indian Band Hydrogen Project,BC,Private,2023,2024,2,Announced & Planning,Announced & Planning,1,0,5000.0,0.947,,,Energy,Low Carbon Fuels,Yes,EN-LCF,4,0.059867416957535884,0.2864491914913728,3.0,0.01485301367824543,0.0418616556458197,0.013953885215273234,0.005131322111653925,0.027169522232153392
7061,Huron Clean Energy and Upper Nicola Band,Merritt Electro Fuels Project,BC,Private,2023,2024,2,Announced & Planning,Announced & Planning,1,0,75.0,0.293,,,Energy,Clean Electricity,Yes,EN-CLEL,0,0.10070784563986054,0.3438202677586979,3.0,0.017801205832257083,0.06754518971681915,0.022515063238939717,0.008719214403824314,0.04401479959162122
7066,Newmont Corp.,Pamour,ON,Private,2023,2024,2,Announced & Planning,Announced & Planning,1,0,520.52,0.696,48.522253,-81.120492,Mining,Other,No,MIN-OTH,2,0.7774505589001721,0.3937641530442728,3.0,0.02036054410689292,0.4746145529828604,0.1582048509942868,0.06558526043952484,0.3110028359655262
7067,Enbridge Gas,Panhandle Regional Expansion,ON,Private,2024,2024,1,Approved,Approved,1,0,358.0,0.62,42.370631,-82.388726,Energy,Other,Yes,EN-OTH,2,0.9059775090982345,1.1668811827170842,4.0,0.05913834598154388,0.5672418438515583,0.14181046096288957,0.05871455812894563,0.36383092956251323
7068,Alliance de lenergie de lEst / Valeco Energie Quebec,Parc Eolien de Grosse Ile + Battery,QC,Private,2023,2024,2,In Review,In Review,1,0,70.0,0.276,,,Energy,"DER, Storage, EV",Yes,EN-DER,0,0.7754744757585529,0.7788205762350136,3.0,0.03986987115939855,0.4812326339188911,0.1604108779729637,0.0665097812439322,0.3153434928489075
7069,The Pathways Alliance,Pathways Alliance Carbon Capture Storage Hub (Phase 1),AB,Private,2023,2024,2,Announced & Planning,Announced & Planning,1,0,16500.0,0.99,58.152833,-112.285,Energy,CCUS,Yes,EN-CCU,4,0.9591212163949346,0.9838047529420494,3.0,0.05009666683947622,0.5955113965727512,0.19850379885758374,0.08247409092775908,0.39029647431475434
7077,SAF + Consortium,SAF Consortium,QC,Private,2023,2024,2,Announced & Planning,Announced & Planning,1,0,200.0,0.491,,,Energy,Other,Yes,EN-OTH,1,0.8905531879642774,0.7328404945776128,3.0,0.03756081789721022,0.5493562399374505,0.18311874664581684,0.07602639061214327,0.36002430020732756
7078,Pace Canada LP,Salt Flats Solar Project,AB,Private,2023,2024,2,Announced & Planning,Announced & Planning,1,0,28.0,0.141,50.582845,-111.914,Energy,Clean Electricity,Yes,EN-CLEL,0,0.9455720921326908,1.2549336006167915,3.0,0.06345632950990021,0.5927257870835746,0.19757526236119152,0.08208495184792743,0.38846945298931573
7079,Invenergy,Skinners Pond Wind Energy Centre,PE,Private,2023,2024,2,Announced & Planning,Announced & Planning,1,0,85.0,0.318,46.42191308,-63.77014174,Energy,Trans & Distr,No,EN-T&D,0,0.8839713418548971,0.6092622546961147,3.0,0.03132734121149661,0.5429137415975369,0.18097124719917898,0.07512639803042934,0.35579880417069387
7081,ABO Wind Canada Ltd.,Stettler Solar and Battery Storage Project,AB,Private,2023,2024,2,Announced & Planning,Announced & Planning,1,0,160.0,0.456,52.290433,-112.756,Energy,"DER, Storage, EV",Yes,EN-DER,1,0.971029568678574,1.1111298938078658,3.0,0.056394083240398296,0.6051753745033037,0.20172512483443458,0.08382411198922528,0.3966348694976723
7083,Evolugen by Brookfield Renewable,Sunrise Solar Project,AB,Private,2023,2024,2,Announced & Planning,In Review,1,0,140.0,0.426,49.50343,-113.963,Energy,Clean Electricity,Yes,EN-CLEL,1,0.9810760253222282,1.1111298938078658,3.0,0.056394083240398296,0.6112032484894963,0.20373441616316543,0.084666183121393,0.40058842234225495
7084,Tla'amin Nation,Tlaamin tiskwat mill site,BC,Private,2023,2024,2,Announced & Planning,Announced & Planning,1,0,800.0,0.777,,,Energy,Other,Yes,EN-OTH,3,0.12986687831366128,0.30442166614707683,3.0,0.015777536125827107,0.08423114143852761,0.02807704714617587,0.011050178569594797,0.05495875629095448
7086,Energir/WM Quebec,WM Sainte-Sophie Landfill RNG Facility,QC,Private,2023,2024,2,Announced & Planning,Announced & Planning,1,0,200.0,0.491,,,Energy,Waste Biomass,Yes,EN-BIO,1,0.9115567630603959,0.7328404945776128,3.0,0.03756081789721022,0.5619583849951216,0.18731946166504054,0.07778686247681108,0.3682897759877974
8004,Federation Group,Marguerite Lake Compressed Air Energy Storage,AB,Private,2024,2024,1,Announced & Planning,Announced & Planning,1,0,500.0,0.678,54.585707,-110.80399,Energy,"DER, Storage, EV",Yes,EN-DER,2,0.9643775606101028,1.0455309037346399,4.0,0.05315483233786611,0.5998884693012081,0.14997211732530202,0.06213501543903694,0.38478708775633963
8005,MYTILINEOS Energy & Metals,Red Willow Solar,AB,Private,2024,2024,1,Announced & Planning,Announced & Planning,1,0,315.0,0.587,52.411522,-112.4617,Energy,Clean Electricity,Yes,EN-CLEL,2,0.9766754108594883,1.1111298938078658,4.0,0.056394083240398296,0.6085628798118523,0.15214071995296308,0.06304385212378483,0.3903552687366253
8006,MYTILINEOS Energy & Metals,Sunnynook Solar Project,AB,Private,2024,2024,1,Announced & Planning,Announced & Planning,1,0,385.0,0.63,51.325481,-111.557846,Energy,Clean Electricity,Yes,EN-CLEL,2,0.9766754108594883,1.0455309037346399,4.0,0.05315483233786611,0.6072671794508394,0.15181679486270985,0.06290809880439965,0.3895235471922635
8007,MYTILINEOS Energy & Metals,Dolcy Solar Project,AB,Private,2024,2024,1,Announced & Planning,Announced & Planning,1,0,275.0,0.563,52.685568,-110.472889,Energy,Clean Electricity,Yes,EN-CLEL,2,0.9766754108594883,1.1111298938078658,4.0,0.056394083240398296,0.6085628798118523,0.15214071995296308,0.06304385212378483,0.3903552687366253
8011,Solar Krafte and Kinbrook Solar,Rainier Solar Farm,AB,Private,2024,2024,1,Announced & Planning,Announced & Planning,1,0,700.0,0.743,50.502131,-111.974802,Energy,Clean Electricity,Yes,EN-CLEL,3,0.9784309107822862,1.0455309037346399,4.0,0.05315483233786611,0.6083204794045182,0.15208011985112954,0.06301845531067427,0.3901996697669806
8013,Kineticor Resource Corp.,Greenlight Electricity Centre,AB,Private,2024,2024,1,Announced & Planning,Announced & Planning,1,0,4500.0,0.943,53.828808,-113.17862,Energy,Clean Electricity,Yes,EN-CLEL,4,0.9731832417407139,0.9838047529420494,4.0,0.05009666683947622,0.6039486117802187,0.1509871529450547,0.06256040531719641,0.3873933291950098
8016,NorthRiver Midstream,NEBC Connector Pipeline Project,AB,Private,2024,2024,1,Announced & Planning,Announced & Planning,1,0,450.0,0.655,,,Energy,Trans & Distr,No,EN-T&D,2,0.9393279850825164,0.8331364330517316,4.0,0.04259039872153114,0.5806329505381222,0.14515823763453056,0.06011757323771736,0.37242679961796027
8017,Gibson Energy & Varme Energy JV,Heartland Waste to Power Project,AB,Private,2024,2024,1,Announced & Planning,Announced & Planning,1,0,300.0,0.574,53.775933,-113.040261,Energy,Waste Biomass,Yes,EN-BIO,2,0.9643775606101028,1.1111298938078658,4.0,0.056394083240398296,0.601184169662221,0.15029604241555525,0.062270768758422114,0.38561880930070147
8021,Horizon New Energy,Aira Solar Project,AB,Private,2024,2024,1,Announced & Planning,Announced & Planning,1,0,700.0,0.743,49.59354,-110.933991,Energy,Clean Electricity,Yes,EN-CLEL,3,0.9784309107822862,1.0455309037346399,4.0,0.05315483233786611,0.6083204794045182,0.15208011985112954,0.06301845531067427,0.3901996697669806
8022,hep Energy,Alderson Solar Power Project,AB,Private,2024,2024,1,Announced & Planning,Announced & Planning,1,0,150.0,0.442,50.35223,-111.360655,Energy,Clean Electricity,Yes,EN-CLEL,1,0.9810760253222282,1.1111298938078658,4.0,0.056394083240398296,0.6112032484894963,0.15280081212237406,0.06332048924080362,0.3920501447900192
8029,Renewable Energy Systems Canada Inc.,Nova Solar Project,AB,Private,2024,2024,1,Announced & Planning,Announced & Planning,1,0,225.0,0.523,50.840356,-113.525047,Energy,Clean Electricity,Yes,EN-CLEL,2,0.9766754108594883,1.1111298938078658,4.0,0.056394083240398296,0.6085628798118523,0.15214071995296308,0.06304385212378483,0.3903552687366253
8032,PR Development GP Inc.,Prominence Solar Project,AB,Private,2024,2024,1,Announced & Planning,Announced & Planning,1,0,120.0,0.389,49.857665,-112.71883,Energy,Clean Electricity,Yes,EN-CLEL,1,0.9810760253222282,1.1808447139184974,4.0,0.059824426436066225,0.6125753857677634,0.15314384644194085,0.0634642510207504,0.3929309318689582
8033,Canadian Utilities Limited,Yellowhead Mainline Natural Gas Pipeline,AB,Private,2024,2024,1,Announced & Planning,Announced & Planning,1,0,2000.0,0.894,,,Energy,NG Power Gen,No,EN-NGPG,4,0.9306412344884077,0.7839496467849103,4.0,0.040127101977712076,0.5744355814841295,0.14360889537103239,0.05946826152503343,0.3684486535004911
8035,Pouce Coupe Pipeline,Pouce Coupe Pipeline,AB,Private,2024,2024,1,Announced & Planning,Announced & Planning,1,0,341.0,0.6,,,Energy,Trans & Distr,No,EN-T&D,2,0.9393279850825164,0.8331364330517316,4.0,0.04259039872153114,0.5806329505381222,0.14515823763453056,0.06011757323771736,0.37242679961796027
8038,Cielo,Carseland Biomass Gasifier Project ,AB,Private,2024,2024,1,Announced & Planning,Announced & Planning,1,0,100.0,0.343,50.888447,-113.39972,Energy,Waste Biomass,Yes,EN-BIO,1,0.971029568678574,1.1808447139184974,4.0,0.059824426436066225,0.6065475117815708,0.1516368779453927,0.06283269767162461,0.38906158613759234
8042,Canadian Natural Resources Ltd. (CNRL),Naphtha Recovery Unit Tailings Treatment Project,AB,Private,2024,2024,1,Announced & Planning,Announced & Planning,1,0,350.0,0.603,57.347385,-111.840992,Energy,Other,Yes,EN-OTH,2,0.9553028359771447,1.0455309037346399,4.0,0.05315483233786611,0.5944436345214332,0.1486109086303583,0.061564548364164424,0.3812920000585257
8043,EDF EN Canada,Pe-Na-Koyim Wind Project,AB,Private,2024,2024,1,Announced & Planning,Announced & Planning,1,0,425.0,0.65,49.447019,-113.121414,Energy,Clean Electricity,Yes,EN-CLEL,2,0.9766754108594883,1.0455309037346399,4.0,0.05315483233786611,0.6072671794508394,0.15181679486270985,0.06290809880439965,0.3895235471922635
8046,Mondi Group plc,Hinton Pulp Mill Expansion,AB,Private,2024,2024,1,Announced & Planning,Announced & Planning,1,0,584.0,0.71,53.414597,-117.568992,Forest,Pulp & Paper,No,FOR-P&P,3,0.813961807740584,1.1084015453601903,4.0,0.056259579657701675,0.5108809165074311,0.12772022912685776,0.05280950229905395,0.3276523508240802
8059,BC Hydro,Bridge River 1 Replace Units 1-4 Generators / Governors Project,BC,Public,2024,2024,1,Approved,Approved,1,0,313.0,0.585,,,Energy,Clean Electricity,Yes,EN-CLEL,2,0.21254523108576506,0.323521774794583,4.0,0.01675911424411447,0.13423078434910482,0.033557696087276205,0.013347056176567422,0.08587729308008986
8065,HTEC,H2 Gateway Project ,BC,Private,2024,2024,1,Announced & Planning,Announced & Planning,1,0,830.0,0.785,,,Energy,Low Carbon Fuels,Yes,EN-LCF,3,0.07373075375254565,0.30442166614707683,4.0,0.015777536125827107,0.05054946670185823,0.012637366675464558,0.004579584172269734,0.03216151369002283
8066,Hydra Energy,Prince George Project ,BC,Private,2024,2024,1,Announced & Planning,Announced & Planning,1,0,62.0,0.261,,,Energy,Clean Electricity,Yes,EN-CLEL,0,0.10070784563986054,0.3438202677586979,4.0,0.017801205832257083,0.06754518971681915,0.016886297429204788,0.0063602627026271095,0.04307121891114234
8068,Teralta Hydrogen Solutions,Teralta Hydrogen Project ,BC,Private,2024,2024,1,Announced & Planning,Announced & Planning,1,0,36.0,0.168,,,Energy,Low Carbon Fuels,Yes,EN-LCF,0,0.0295831492874604,0.3653923344007385,4.0,0.01890747006322835,0.025312877597767576,0.006328219399441894,0.001935492340604376,0.015961923494902296
8069,Salish Elements & Xaxli'p First Nation ,Salish Elements Green Hydrogen Production Project,BC,Private,2024,2024,1,Announced & Planning,Announced & Planning,1,0,90.0,0.329,,,Energy,Low Carbon Fuels,Yes,EN-LCF,0,0.0295831492874604,0.3438202677586979,4.0,0.017801205832257083,0.024870371905379073,0.006217592976344768,0.0018891300655011919,0.01567787516942792
8070,Mcleod Lake Indian Band ,Tse'khene Energy Transition Hub ,BC,Private,2024,2024,1,Announced & Planning,Announced & Planning,1,0,5000.0,0.947,,,Energy,Clean Electricity,Yes,EN-CLEL,4,0.1895783982016138,0.2864491914913728,4.0,0.01485301367824543,0.11968824439226644,0.02992206109806661,0.011823402922439243,0.07654230780433556
8071,HTEC,BCH2 Ports Hydrogen Vehicle Demonstration & Commercialized Project,BC,Private,2024,2024,1,Approved,Approved,1,0,22.0,0.109,,,Energy,Low Carbon Fuels,Yes,EN-LCF,0,0.0295831492874604,0.3653923344007385,4.0,0.01890747006322835,0.025312877597767576,0.006328219399441894,0.001935492340604376,0.015961923494902296
8075,Teck Resources Ltd.,Fording River Castle Expansion,BC,Private,2024,2024,1,In Review,In Review,1,0,2300.0,0.906,50.2,-114.86,Mining,Other,No,MIN-OTH,4,0.025010336003991506,0.0966623037104579,4.0,0.005037017685261991,0.0170210086764997,0.004255252169124925,0.0010667353626492826,0.010639299350959532
8076,Galore Creek Mining Corporation (Newmont & Teck),Galore Creek,BC,Private,2024,2024,1,Approved,Approved,1,0,5160.0,0.952,57.13,-131.47,Mining,Other,No,MIN-OTH,4,0.025010336003991506,0.0966623037104579,4.0,0.005037017685261991,0.0170210086764997,0.004255252169124925,0.0010667353626492826,0.010639299350959532
8077,North Coal,Michel Coal,BC,Private,2024,2024,1,In Review,In Review,1,0,350.0,0.603,49.467,-114.67,Mining,Coal,No,MIN-COAL,2,0.007831081995680545,0.1027271167914559,4.0,0.005352204439095898,0.0068395309730466865,0.0017098827432616716,0.0,0.004103718583828012
8078,FPX Nickel Corp.,Baptiste Nickel (Decar),BC,Private,2024,2024,1,Announced & Planning,Announced & Planning,1,0,2871.0,0.919,49.78,-114.73,Mining,Critical Mineral,Yes,MIN-CM,4,0.011820038388287244,0.12130477283927879,4.0,0.006317059159060667,0.009618846696596614,0.0024047116741491535,0.0002911948984843708,0.005887785977351717
8084,Two Utilities,NS-NB Transmission Line,Multi,Private,2024,2024,1,In Review,In Review,1,0,1700.0,0.884,,,Energy,Trans & Distr,No,EN-T&D,4,0.713755813171068,0.7839496467849103,4.0,0.040127101977712076,0.4443043286937256,0.1110760821734314,0.045834129704433534,0.2849162490980088
8088,Atlas Salt,St. Georges Great Atlantic Salt Project,NL,Private,2024,2024,1,Approved,Approved,1,0,480.0,0.671,48.402,-58.529,Mining,Other,No,MIN-OTH,2,0.7185363951110683,0.22980656295068932,4.0,0.011933573661301433,0.4358952665311615,0.10897381663279038,0.04495309413800678,0.2795183975738996
8092,MTC,Mass Timber Manufacturing Plant start up,NS,Private,2024,2024,1,In Review,In Review,1,0,215.0,0.515,,,Forest,Other,Yes,FOR-OTH,1,0.5780722510145921,0.5276416657918258,4.0,0.027188150744091866,0.357718610906392,0.089429652726598,0.036762357437742345,0.22933610951893216
8093,"Torchlight, Municipality of New Glasgow Pictou Landing First nation",District Energy System,NS,Public,2024,2024,1,In Review,In Review,1,0,200.0,0.491,45.5882,-62.645,Forest,Other,Yes,FOR-OTH,1,0.5780722510145921,0.5276416657918258,4.0,0.027188150744091866,0.357718610906392,0.089429652726598,0.036762357437742345,0.22933610951893216
8094,Vyterra / Ledwidge Lumber,Liquid Biofuel manufacturing plant,NS,Private,2024,2024,1,In Review,In Review,1,0,200.0,0.491,,,Forest,Other,Yes,FOR-OTH,1,0.5780722510145921,0.5276416657918258,4.0,0.027188150744091866,0.357718610906392,0.089429652726598,0.036762357437742345,0.22933610951893216
8095,Canadian Gypsum Company Inc. (CGC),Little Narrows Gypsum,NS,Private,2024,2024,1,Announced & Planning,Announced & Planning,1,0,104.0,0.361,46.001301,-60.958168,Mining,Other,No,MIN-OTH,1,0.31891658776106896,0.14223143280120767,4.0,0.00740279154475354,0.19431106927454278,0.048577767318635695,0.01964179711640894,0.12444336041128924
8106,Nova Scotia Power & WMA,NSP Battery Storage,NS,Private,2024,2024,1,Approved,Approved,1,0,354.0,0.617,,,Energy,"DER, Storage, EV",Yes,EN-DER,2,0.670910316160801,0.3731901126067847,4.0,0.019307051039495815,0.4102690101122789,0.10256725252806972,0.04226817602193909,0.26306867647614296
8107,Ontario Power Generation,Sir Adam Beck Complex Refurbishment,ON,Public,2024,2024,1,Announced & Planning,Announced & Planning,1,0,1000.0,0.805,43.1491,-79.04442,Energy,Clean Electricity,Yes,EN-CLEL,3,0.9533829837153003,1.0979907428609783,4.0,0.055746166161362076,0.5943282566937249,0.14858206417343123,0.061552459980487036,0.38121793800842974
8108,Ontario Power Generation,R.H. Saunders Refurbishment,ON,Public,2024,2024,1,Announced & Planning,Announced & Planning,1,0,600.0,0.714,45.00962,-74.78765,Energy,Clean Electricity,Yes,EN-LCF,3,0.9533829837153003,1.1668811827170842,4.0,0.05913834598154388,0.5956851286217977,0.14892128215544942,0.06169462237679327,0.38208892612379586
8115,Potentia Renewables Inc.,Skyview 2 Battery Energy Storage System,ON,Private,2024,2024,1,Announced & Planning,Announced & Planning,1,0,750.0,0.757,44.14855,-76.84013,Energy,"DER, Storage, EV",Yes,EN-DER,3,0.9296883519278337,1.1668811827170842,4.0,0.05913834598154388,0.5814683495493178,0.14536708738732945,0.060205099792616394,0.37296304964663723
8130,Hydro One,Longwood to Lakeshore Phase 1,ON,Public,2024,2024,1,Announced & Planning,Announced & Planning,1,0,800.0,0.777,42.95939,-81.62679,Energy,Waste Biomass,Yes,EN-BIO,3,0.9296883519278337,1.1668811827170842,4.0,0.05913834598154388,0.5814683495493178,0.14536708738732945,0.060205099792616394,0.37296304964663723
8131,Hydro One,Longwood to Lakeshore Phase 2,ON,Public,2024,2024,1,Announced & Planning,Announced & Planning,1,0,800.0,0.777,42.95939,-81.62679,Energy,Waste Biomass,Yes,EN-BIO,3,0.9296883519278337,1.1668811827170842,4.0,0.05913834598154388,0.5814683495493178,0.14536708738732945,0.060205099792616394,0.37296304964663723
8132,Hydro One,Mississagi to Third Line Transmission Line,ON,Public,2024,2024,1,Announced & Planning,Announced & Planning,1,0,230.0,0.524,46.42,-83.3883,Energy,Trans & Distr,No,EN-T&D,2,0.8746862084847985,0.9881749640432593,4.0,0.05031350946852875,0.5449371288782905,0.13623428221957262,0.056377645068896566,0.34951333535453294
8133,Hydro One,Northeast Power Line (Mississagi to Hanmer Transmissio Line),ON,Public,2024,2024,1,Announced & Planning,Announced & Planning,1,0,650.0,0.733,46.42,-83.3883,Energy,Trans & Distr,No,EN-T&D,3,0.8831998330808721,0.9298349985557561,4.0,0.04741469235300644,0.5488857767897258,0.13722144419743146,0.05679135342091219,0.3520480074422004
8134,Hydro One,Greater Toronto Area East Line,ON,Public,2024,2024,1,Announced & Planning,Announced & Planning,1,0,298.0,0.572,43.8524,-79.1139,Energy,Trans & Distr,No,EN-T&D,2,0.8746862084847985,0.9881749640432593,4.0,0.05031350946852875,0.5449371288782905,0.13623428221957262,0.056377645068896566,0.34951333535453294
8135,TBD,Wawa to Porcupine,ON,Private,2024,2024,1,Announced & Planning,Announced & Planning,1,0,650.0,0.733,47.8851419,-84.546939,Energy,Other,Yes,EN-OTH,3,0.9125777268691351,1.1668811827170842,4.0,0.05913834598154388,0.5712019745140986,0.14280049362852465,0.05912946955354275,0.3663729725298762
8136,Hydro One,St. Thomas Line (including Centennial Transformer Station & Line) ,ON,Public,2024,2024,1,Announced & Planning,Announced & Planning,1,0,381.0,0.629,42.93962,-81.160509,Energy,Trans & Distr,No,EN-T&D,2,0.8746862084847985,0.9298349985557561,4.0,0.04741469235300644,0.5437776020320816,0.1359444005080204,0.05625615894214576,0.3487690247961073
8137,PUC Transmisison,PUC Tx Project,ON,Private,2024,2024,1,Announced & Planning,Announced & Planning,1,0,188.0,0.48,46.527383,-84.390652,Energy,Other,Yes,EN-OTH,1,0.9226603601203176,1.2400939656661758,4.0,0.06273000280195262,0.5786882171929716,0.1446720542982429,0.05991381933375391,0.3711784580492845
8144,Onimiskiw Opitciwan,Centrale de cogeneration a la biomasse d'opitciwan,QC,Private,2024,2024,1,Announced & Planning,Announced & Planning,1,0,60.2,0.26,,,Energy,Waste Biomass,Yes,EN-BIO,0,0.7754744757585529,0.7788205762350136,4.0,0.03986987115939855,0.4812326339188911,0.12030815847972277,0.04970318783270802,0.3086208554844178
8169,Hydro-Quebec-MRC Domaine du Roy - Premiere Nation des Pekuakamiulnuatsh et Atikamekw de Wemotaci,Parc eolien zone Chamouchouane,QC,Public,2024,2024,1,Announced & Planning,Announced & Planning,1,0,9000.0,0.974,,,Energy,Clean Electricity,Yes,EN-CLEL,4,0.9177572047062117,0.6488637968717333,4.0,0.03332928735053653,0.5639860377639415,0.14099650944098538,0.05837344030806078,0.3617409987815892
8170,Algonquin Power ,Saint-Damase 2 (Canton MacNider),QC,Private,2024,2024,1,Announced & Planning,Announced & Planning,1,0,400.0,0.635,,,Energy,Clean Electricity,Yes,EN-CLEL,2,0.927932641274581,0.6895749892600432,4.0,0.03538301593827853,0.5709127911400599,0.14272819778501497,0.059099171188181435,0.36618734315930845
8171,EDF Renouvelables,Foret Domaniale,QC,Private,2024,2024,1,Announced & Planning,Announced & Planning,1,0,590.0,0.714,,,Energy,Other,Yes,EN-OTH,3,0.8768435126621239,0.6895749892600432,4.0,0.03538301593827853,0.5402593139725856,0.1350648284931464,0.055887540319352114,0.3465106045112922
8172,EDF Renouvelables,Haute-Chaudiere,QC,Private,2024,2024,1,Announced & Planning,Announced & Planning,1,0,370.0,0.623,,,Energy,Other,Yes,EN-OTH,2,0.8679358517672686,0.6895749892600432,4.0,0.03538301593827853,0.5349147174356725,0.13372867935891813,0.055327575421222984,0.3430798606298927
8173,EDF Renouvelables,Madawaska,QC,Private,2024,2024,1,Announced & Planning,Announced & Planning,1,0,800.0,0.777,,,Energy,Other,Yes,EN-OTH,3,0.8768435126621239,0.6895749892600432,4.0,0.03538301593827853,0.5402593139725856,0.1350648284931464,0.055887540319352114,0.3465106045112922
8174,Invenergy,Pohenegamook-Picard-St-Antonin,QC,Private,2024,2024,1,Announced & Planning,Announced & Planning,1,0,950.0,0.801,,,Energy,Clean Electricity,Yes,EN-CLEL,3,0.9331054447217659,0.6488637968717333,4.0,0.03332928735053653,0.5731949817732741,0.14329874544331853,0.05933828121952108,0.36765230155177286
8175,Innergex,Mesgi'g Ugju's'n (MU2),QC,Private,2024,2024,1,Announced & Planning,Announced & Planning,1,0,220.0,0.519,,,Energy,Other,Yes,EN-OTH,1,0.8905531879642774,0.7328404945776128,4.0,0.03756081789721022,0.5493562399374505,0.13733905998436263,0.05684064485886633,0.35235000190601684
8176,Boralex-Energir-Hydro-Quebec,Des Neiges (secteur Sud),QC,Public,2024,2024,1,Announced & Planning,Announced & Planning,1,0,1000.0,0.805,,,Energy,Clean Electricity,Yes,EN-CLEL,3,0.9331054447217659,0.6488637968717333,4.0,0.03332928735053653,0.5731949817732741,0.14329874544331853,0.05933828121952108,0.36765230155177286
8177,Boralex-Energir-Hydro-Quebec,Des Neiges (secteur Ouest),QC,Public,2024,2024,1,Announced & Planning,Announced & Planning,1,0,1000.0,0.805,,,Energy,Clean Electricity,Yes,EN-CLEL,3,0.9331054447217659,0.6488637968717333,4.0,0.03332928735053653,0.5731949817732741,0.14329874544331853,0.05933828121952108,0.36765230155177286
8178,Boralex-Energir-Hydro-Quebec,Des Neiges (secteur Charlevoix),QC,Public,2024,2024,1,Announced & Planning,Announced & Planning,1,0,1000.0,0.805,,,Energy,Clean Electricity,Yes,EN-CLEL,3,0.9331054447217659,0.6488637968717333,4.0,0.03332928735053653,0.5731949817732741,0.14329874544331853,0.05933828121952108,0.36765230155177286
8186,Kruger,Saint-Paul-de-Montminy,QC,Private,2024,2024,1,Announced & Planning,Announced & Planning,1,0,550.0,0.702,,,Energy,Other,Yes,EN-OTH,3,0.8768435126621239,0.6895749892600432,4.0,0.03538301593827853,0.5402593139725856,0.1350648284931464,0.055887540319352114,0.3465106045112922
8187,Energie Matawak,minicentrale hydroelectrique barrage Matawin,QC,Private,2024,2024,1,Announced & Planning,Announced & Planning,1,0,110.0,0.372,,,Energy,Clean Electricity,Yes,EN-CLEL,1,0.9409736968441289,0.7788205762350136,4.0,0.03986987115939855,0.5805321665702368,0.1451330416425592,0.060107013884187065,0.3723621054958169
8188,Energie Renouvelable Onimiki,Amenagement hydroelectrique Onimiki,QC,Private,2024,2024,1,Announced & Planning,Announced & Planning,1,0,475.0,0.669,,,Energy,Clean Electricity,Yes,EN-CLEL,2,0.927932641274581,0.6895749892600432,4.0,0.03538301593827853,0.5709127911400599,0.14272819778501497,0.059099171188181435,0.36618734315930845
8189,Hydro-Quebec,Rehabilitation de levacuateur de crues du barrage Gouin,QC,Public,2024,2024,1,Announced & Planning,Announced & Planning,1,0,200.0,0.491,,,Energy,Clean Electricity,Yes,EN-CLEL,1,0.9409736968441289,0.7328404945776128,4.0,0.03756081789721022,0.5796085452653614,0.14490213631634036,0.06001024408943786,0.371769224794992
8190,Hydro-Quebec,Rehabilitation de lamenagement hydroelectrique de Carillon,QC,Public,2024,2024,1,Announced & Planning,Announced & Planning,1,0,750.0,0.757,,,Energy,Clean Electricity,Yes,EN-CLEL,3,0.9331054447217659,0.6895749892600432,4.0,0.03538301593827853,0.5740164732083709,0.14350411830209273,0.0594243506476979,0.3681796241841017
8194,Hydro-Quebec,Renforcement du reseau de Becancour a 230 kV,QC,Public,2024,2024,1,In Review,In Review,1,0,119.6,0.388,,,Energy,Clean Electricity,Yes,EN-CLEL,1,0.9409736968441289,0.7788205762350136,4.0,0.03986987115939855,0.5805321665702368,0.1451330416425592,0.060107013884187065,0.3723621054958169
8195,Hydro-Quebec,Construction du nouveau poste de Coteau-du-Lac a 120-25 kV et de sa ligne dalimentation,QC,Public,2024,2024,1,In Review,In Review,1,0,196.3,0.488,,,Energy,Trans & Distr,No,EN-LCF,1,0.8549504305873977,0.5839675455477698,4.0,0.030046468072143284,0.5249888455812959,0.13124721139532397,0.05428762043427666,0.3367083555224882
8196,Hydro-Quebec,Reconstruction de la ligne Cleveland-Waterloo en biterne,QC,Public,2024,2024,1,In Review,In Review,1,0,72.8,0.285,,,Energy,Clean Electricity,Yes,EN-CLEL,0,0.8423243115839777,0.7788205762350136,4.0,0.03986987115939855,0.5213425354141461,0.13033563385353653,0.05390558865934411,0.3343677567122253
8197,Hydro-Quebec,Renforcement de la ligne 7004 a 735 kV du poste aux Outardes au poste des Laurentides,QC,Public,2024,2024,1,In Review,In Review,1,0,166.9,0.463,,,Energy,Trans & Distr,No,EN-LCF,1,0.8549504305873977,0.5839675455477698,4.0,0.030046468072143284,0.5249888455812959,0.13124721139532397,0.05428762043427666,0.3367083555224882
8198,Hydro-Quebec,Ajout de transformateurs a 120-25 kV au poste de Sainte-Rosalie et au demantelement du reseau a 49 kV,QC,Public,2024,2024,1,In Review,In Review,1,0,82.8,0.315,,,Energy,Trans & Distr,No,EN-LCF,0,0.6638861457161335,0.620606999328274,4.0,0.031901266668971195,0.41109219409726855,0.10277304852431714,0.04235442278221605,0.26359708557124756
8199,Hydro-Quebec,Construction du poste de Bonsecours a 120-25 kV et de sa ligne dalimentation,QC,Public,2024,2024,1,In Review,In Review,1,0,161.3,0.459,,,Energy,Trans & Distr,No,EN-LCF,1,0.8549504305873977,0.5839675455477698,4.0,0.030046468072143284,0.5249888455812959,0.13124721139532397,0.05428762043427666,0.3367083555224882
8200,Hydro-Quebec,Construction du nouveau poste de Bagotville a 161-25 kV et sa ligne dalimentation,QC,Public,2024,2024,1,In Review,In Review,1,0,83.5,0.316,,,Energy,Trans & Distr,No,EN-LCF,0,0.6638861457161335,0.620606999328274,4.0,0.031901266668971195,0.41109219409726855,0.10277304852431714,0.04235442278221605,0.26359708557124756
8201,Hydro-Quebec,"Remplacement des transformateurs au poste de Saraguay, a la reconstruction dune ligne souterraine SaraguayMont-Royal et a la construction du nouveau poste de Cote-Saint-Luc a 315-25 kV",QC,Public,2024,2024,1,In Review,In Review,1,0,887.6,0.792,,,Energy,Trans & Distr,No,EN-LCF,3,0.8375943310080892,0.5494912152492545,4.0,0.02829792823361421,0.5138757698982992,0.1284689424745748,0.053123279543481415,0.3295747737563721
8202,Hydro-Quebec,Construction d'une nouvelle centrale thermique et d'un systeme de stockage d'energie a Kangiqsujuaq,QC,Public,2024,2024,1,In Review,In Review,1,0,110.0,0.372,,,Energy,Clean Electricity,Yes,EN-CLEL,1,0.9409736968441289,0.7788205762350136,4.0,0.03986987115939855,0.5805321665702368,0.1451330416425592,0.060107013884187065,0.3723621054958169
8211,TES Canada,Usine de production d'hydrogene vert pour usage energetique,QC,Private,2024,2024,1,In Review,In Review,1,0,4000.0,0.936,,,Energy,Clean Electricity,Yes,EN-CLEL,4,0.9177572047062117,0.6488637968717333,4.0,0.03332928735053653,0.5639860377639415,0.14099650944098538,0.05837344030806078,0.3617409987815892
8212,Hy2Gen ,Usine de production d'hydrogene pour usage chimique ,QC,Private,2024,2024,1,Announced & Planning,Announced & Planning,1,0,1000.0,0.805,,,Energy,Clean Electricity,Yes,EN-CLEL,3,0.9331054447217659,0.6488637968717333,4.0,0.03332928735053653,0.5731949817732741,0.14329874544331853,0.05933828121952108,0.36765230155177286
8215,Fortress Cellulose specialisee/Rio tinto,Conversion de l'usine pour production de biocharbon,QC,Private,2024,2024,1,Announced & Planning,Announced & Planning,1,0,96.0,0.339,45.598715,-75.256778,Forest,Other,Yes,FOR-OTH,1,0.554068380629208,1.0361399358028094,4.0,0.05269020124239576,0.3535171088744831,0.08837927721862078,0.03632215701456016,0.22663912813051396
8221,Mine Arnaud inc.,Arnaud,QC,Private,2024,2024,1,Approved,Approved,1,0,768.0,0.768,,,Mining,Other,No,MIN-OTH,3,0.10674490584545243,0.23269713800186304,4.0,0.012082767199519062,0.06888005038707908,0.01722001259676977,0.006500118932012462,0.04392807780505243
8244,Arcadium Lithium plc,Galaxy,QC,Private,2024,2024,1,Approved,Approved,1,0,380.1,0.628,,,Mining,Critical Mineral,Yes,MIN-CM,2,0.0489203729005055,0.29201945724590034,4.0,0.015139646667279183,0.03540808240721497,0.008852020601803743,0.002993188706208792,0.0224421249268125
8256,Minerai de Fer Quebec inc.,Lac Bloom - Phase III - Usine de traitement du minerai- 1e usine de flottation (Fe + 67%),QC,Private,2024,2024,1,Announced & Planning,Announced & Planning,1,0,470.7,0.667,,,Mining,Other,No,MIN-OTH,2,0.09934953282093764,0.23269713800186304,4.0,0.012082767199519062,0.0644428265723702,0.01611070664309255,0.006035221429606283,0.04107978451526463
8259,Focus Graphite inc.,Lac Knife,QC,Private,2024,2024,1,In Review,In Review,1,0,236.5,0.53,,,Mining,Critical Mineral,Yes,MIN-CM,2,0.0489203729005055,0.31034142306119733,4.0,0.016081864472034524,0.03578496952911711,0.008946242382279278,0.0030326759822575104,0.022684052110373273
8266,Groupe minier Windfall (Partenariat),Lac Windfall,QC,Private,2024,2024,1,In Review,In Review,1,0,788.6,0.773,,,Mining,Other,No,MIN-OTH,3,0.10674490584545243,0.23269713800186304,4.0,0.012082767199519062,0.06888005038707908,0.01722001259676977,0.006500118932012462,0.04392807780505243
8268,Eldorado Gold Quebec,Lamaque - Lower Triangle,QC,Private,2024,2024,1,Announced & Planning,Announced & Planning,1,0,85.5,0.321,,,Mining,Precious Metal,No,MIN-PM,0,0.05687416611270837,0.26281306881695304,4.0,0.013635825190835615,0.039578829743959265,0.009894707435989816,0.003430166893694442,0.025119364603853334
8271,Nouveau Monde Graphite inc.,Matawinie - Usine de fabrication de produit chimique,QC,Private,2024,2024,1,Announced & Planning,Announced & Planning,1,0,923.4,0.8,,,Mining,Critical Mineral,Yes,MIN-CM,3,0.052781894810835846,0.274779185353463,4.0,0.014252231666981419,0.037370029553294076,0.009342507388323519,0.003198746137195615,0.02370151618685469
8295,"Iyuhana Solar LP  a partnership between Greenwood Sustainable Infrastructure (GSI), Saturn Power and Ocean Man First Nation.",Iyuhana Solar Energy Facility,SK,Private,2024,2024,1,Announced & Planning,Announced & Planning,1,0,200.0,0.491,,,Energy,Clean Electricity,Yes,EN-CLEL,1,0.9753261028621941,0.9258758127409857,4.0,0.047217646595432816,0.6040827203554895,0.15102068008887237,0.0625744561616654,0.3874794146779598
8306,Denison Mines Corp.,Wheeler River - Gryphon,SK,Private,2024,2024,1,In Review,In Review,1,0,737.4,0.754,57.53,-105.41,Mining,Other,No,MIN-OTH,3,0.28319782136908933,0.29399119366916854,4.0,0.015241087675758047,0.1760151278917568,0.0440037819729392,0.017724891905355235,0.11269903349719618
8307,"Groupe Remabec, Airex Energie and SUEZ",Carbonity biochar plant ,QC,Private,2024,2024,1,Announced & Planning,Announced & Planning,1,0,80.0,0.305,,,Forest,Waste Biomass,Yes,FOR-OTH,0,0.34529266234201567,1.0361399358028094,4.0,0.05269020124239576,0.2282516779021677,0.05706291947554192,0.023197827832917586,0.14623013787446765
8308,"Groupe Remabec, Airex Energie and SUEZ",Carbonity biochar plant ,QC,Private,2024,2024,1,Announced & Planning,Announced & Planning,1,0,80.0,0.305,,,Forest,Waste Biomass,Yes,FOR-OTH,0,0.34529266234201567,1.0361399358028094,4.0,0.05269020124239576,0.2282516779021677,0.05706291947554192,0.023197827832917586,0.14623013787446765
8309,Structural Truss,Structural Truss Fort Macleod plant,AB,Private,2024,2024,1,Announced & Planning,Announced & Planning,1,0,28.5,0.142,,,Forest,Other,Yes,FOR-OTH,0,0.6468009795346272,1.669558894637501,4.0,0.08352419642195197,0.4214902662895571,0.10537256657238928,0.04344385121627652,0.2702717002602449
8310,Kalesnikoff,Kalesnikoff West Kootenays,BC,Private,2024,2024,1,Announced & Planning,Announced & Planning,1,0,34.0,0.157,,,Forest,Other,Yes,FOR-OTH,0,0.11195912583851204,0.4861165735233168,4.0,0.02507552282048231,0.07720568463130015,0.019301421157825037,0.00737241357562617,0.04927237620903055
8319,Covenant Energy Ltd.,Covenant Energy  Renewable Diesel Facility,SK,Private,2024,2024,1,Announced & Planning,Announced & Planning,1,0,920.0,0.799,53.29463959,-109.983713,Energy,Low Carbon Fuels,Yes,EN-LCF,3,0.9039893143127313,0.8712138703456728,4.0,0.04449299228038894,0.5601907854997943,0.14004769637494857,0.057975803548617935,0.3593047927193237
8322,Envest,Voisey's Bay Wind Energy Project,NL,Private,2024,2024,1,Announced & Planning,Announced & Planning,1,0,77.6,0.301,,,Energy,Clean Electricity,Yes,EN-CLEL,0,0.8153426435054083,0.7691460295416733,4.0,0.03938449003059108,0.5049593821154814,0.12623984552887035,0.052189090378405696,0.3238512654206511
8323,Enbridge  and Six Nations Energy Development LP ,The Seven Stars Energy Project (the Project),SK,Private,2024,2024,1,Announced & Planning,Announced & Planning,1,0,100.0,0.343,,,Energy,Clean Electricity,Yes,EN-CLEL,1,0.9753261028621941,0.9839673698935144,4.0,0.05010473650981817,0.6052375563212437,0.1513093890803109,0.06269545081476094,0.38822071411865056
8324,Ontario Power Generation,Hydroelectric refurbishment in Eastern Ontario,ON,Public,2024,2024,1,Announced & Planning,Announced & Planning,1,0,1000.0,0.805,,,Energy,Clean Electricity,Yes,EN-CLEL,3,0.9533829837153003,1.0979907428609783,4.0,0.055746166161362076,0.5943282566937249,0.14858206417343123,0.061552459980487036,0.38121793800842974
8325,Hydro One,Porcupine TS upgrade,ON,Public,2024,2024,1,Announced & Planning,Announced & Planning,1,0,80.0,0.305,,,Energy,Other,Yes,EN-OTH,0,0.7999124601186385,1.317900285357946,4.0,0.06653198135678029,0.5065602686138951,0.12664006715347378,0.05235681870715964,0.3248788886512009
8326,Manitoba Hydro,R44H Radisson to Henday 230 kV T-Line,MB,Public,2024,2024,1,In Review,In Review,1,0,106.8210593,0.368,,,Energy,Trans & Distr,No,EN-T&D,1,0.9855500214831037,0.9204498662326372,4.0,0.046947535031299115,0.6101090269023819,0.15252725672559547,0.06320584528679749,0.3913477542561481
8330,Nuclear Waste Management Organization,Adaptive Phased Management Deep Geological Repository,ON,Private,2024,2024,1,Announced & Planning,Announced & Planning,1,0,26000.0,0.996,,,Energy,Clean Electricity,Yes,EN-CLEL,4,0.9424000145095274,1.0979907428609783,4.0,0.055746166161362076,0.5877384751702612,0.1469346187925653,0.06086203436762855,0.3769878988492082
8331,Alamos Gold Inc.,Lynn Lake (MacLellan 2),MB,Private,2024,2024,1,In Review,In Review,1,0,260.598,0.555,56.8931,-100.9514,Mining,Precious Metal,No,MIN-PM,2,0.6915969294345001,0.36677731695795324,4.0,0.018978452511251964,0.42254953866520084,0.10563738466630021,0.04355483346607249,0.2709516565855495
9997,Radius RNG LP,Project Radius,ON,Private,2024,2024,1,In Review,In Review,1,0,165.0,0.46,42.82907703,-80.04730206,Energy,Low Carbon Fuels,Yes,EN-LCF,1,0.8641794486865804,1.2400939656661758,4.0,0.06273000280195262,0.5435996703327293,0.13589991758318232,0.05623751665451682,0.34865480886144423
9998,Northeast Renewables LP,Project Perimeter,AB,Private,2024,2024,1,Announced & Planning,Announced & Planning,1,0,135.0,0.42,50.08132098,-110.7277364,Energy,Low Carbon Fuels,Yes,EN-LCF,1,0.9338310233287266,1.1111298938078658,4.0,0.056394083240398296,0.5828562472933952,0.1457140618233488,0.06035051283053391,0.3738539535082507
9999,Northeast Renewables LP,Project Boundary,SK,Private,2024,2024,1,Announced & Planning,Announced & Planning,1,0,100.0,0.343,51.8521116,-104.8618769,Energy,Low Carbon Fuels,Yes,EN-LCF,1,0.9149701785914776,0.9839673698935144,4.0,0.05010473650981817,0.5690240017588137,0.14225600043970343,0.05890127865388964,0.3649749125168441
