Unique ID,company,project,province,company_type,start_year,end_year,reporting_years,start_status,end_status,current_survival,end_success,project_cost,cost_percentile,latitude_1,longitude_1,sector,group,cleantech,abbreviation,greenfield_flag,FOAK_flag,indigenous_flag_overlay,mpo_flag,_cost_quintile_bayes,p_bayes,risk_score,years_remaining,p_cox,blended_prob,priority_index,urgency_scale_(0-1),power_ranking,value_mode,value_proxy_amount,p_source_used,annual_p_2025,annual_p_2026,annual_p_2027,annual_p_2028,annual_p_2029,EV_2025,EV_2026,EV_2027,EV_2028,EV_2029,EV_cum,EV_disc,blended_prob.1,E_FID_year,cost_basis,DevCost,PV_OUT_per_DevCost,PV_IN_per_DevCost_k,PV_MOIC_k,k_star,IRR_k,k_star_adj,years_in_pipeline,FOAK,cost_band,unique_id,EV_base,EV_disc_base,blended_overlay,delta_blended,EV_overlay,delta_EV,EV_disc_overlay,delta_EV_disc,cross_over_to_favorite,cross_out_to_underdog,scenario_key,scenario_label
0,"Bighorn Mining, LTD",Vista Coal Project (Expansion Projects),AB,Private,2018,2024,7,Announced & Planning,In Review,1,0,870.0,0.789,53.33,-117.53,Mining,Coal,0,MIN-COAL,0,0,1,1,3,0.187983,0.108388,0.25,0.063609,0.125796,0.503185,0.203387,0.156833,capex,870.0,blended_prob,0.121867,0.002068,0.000861,0.000566,0.000434,106.024332,1.799301,0.749108,0.492629,0.377288,109.442659,109.442659,0.125796,2025.057423,870.0,26.1,0.160788,0.110646,0.68815,1.453172,-0.0,11.5518,,0,,0,109.442659,13.767466,0.188146,0.06235,163.68734,54.244681,20.591239,6.823773,0,0,mpo_only,MPO Cap Only
10,Aeolis Wind Power Corporation,Hackney Hills Wind Park,BC,Private,2017,2024,8,In Review,In Review,1,0,850.0,0.786,56.249263,-120.847549,Energy,Clean Electricity,1,EN-CLEL,1,0,1,1,3,0.146345,0.029808,0.25,0.017912,0.082129,0.328515,0.132512,0.102282,capex,850.0,blended_prob,0.079438,0.001384,0.000592,0.0004,0.000314,67.522514,1.176765,0.503122,0.339775,0.267232,69.809407,69.809407,0.082129,2025.061185,850.0,25.5,0.111681,0.07221,0.646568,1.546627,0.0,18.831742,,0,,1,69.809407,5.733357,0.136826,0.054697,116.301886,46.492478,9.551724,3.818367,0,0,mpo_only,MPO Cap Only
21,Champion Iron Limited,Kamistiatusset (Kami),NL,Private,2017,2024,8,Approved,In Review,1,0,3864.0,0.935,52.824,-67.027,Mining,Base Metal,0,MIN-BM,1,0,1,1,4,0.424106,0.033771,0.25,0.020269,0.222188,0.888751,0.359838,0.277248,capex,3864.0,blended_prob,0.215926,0.003456,0.001357,0.000841,0.000608,834.339769,13.352473,5.242311,3.251012,2.347969,858.533534,858.533534,0.222188,2025.050064,3864.0,115.92,0.302323,0.195578,0.646916,1.545796,0.0,6.957163,,0,,2,858.533534,190.755649,0.336016,0.113828,1298.364125,439.830591,288.480626,97.724977,0,0,mpo_only,MPO Cap Only
22,Kinross Gold Corp. (formerly Rockcliff Metals Corp.),Snow Lake,MB,Private,2021,2024,4,Announced & Planning,Announced & Planning,1,0,96.1,0.339,54.91,-100.031,Mining,Critical Mineral,1,MIN-CM,1,0,1,1,1,0.444861,0.154107,1.0,0.089211,0.267036,0.267036,0.107566,0.203248,capex,96.1,blended_prob,0.099211,0.057795,0.043232,0.035739,0.031059,9.534161,5.554143,4.154562,3.434495,2.9848,25.662163,25.662163,0.267036,2026.406972,96.1,2.883,0.262215,0.201798,0.769591,1.299391,-0.0,4.865975,,0,,3,25.662163,6.852722,0.305956,0.03892,29.402402,3.740239,7.851501,0.998779,0,0,mpo_only,MPO Cap Only
76,Blue Fuel Energy Corp.,Clean Methanol Plant,BC,Private,2017,2024,8,Announced & Planning,Announced & Planning,1,0,2500.0,0.912,55.698147,-121.629689,Energy,Low Carbon Fuels,1,EN-LCF,1,1,1,1,4,0.023336,0.008182,0.25,0.004949,0.014143,0.056571,0.022166,0.017352,capex,2500.0,blended_prob,0.013643,0.000248,0.00011,7.8e-05,6.4e-05,34.107899,0.619537,0.276072,0.194317,0.159286,35.357111,35.357111,0.014143,2025.067646,2500.0,75.0,0.019225,0.012426,0.646368,1.547107,0.0,109.39152,,0,,4,35.357111,0.50005,0.024784,0.010642,61.961154,26.604043,0.876307,0.376257,0,0,mpo_only,MPO Cap Only
88,"Canadian Kailuan Dehua Mines Co., Ltd.",Gething Coal Project,BC,Private,2019,2024,6,In Review,In Review,1,0,1360.0,0.853,55.8753,-121.9153,Mining,Coal,0,MIN-COAL,1,0,1,1,4,0.003553,0.005498,0.25,0.003328,0.00344,0.013762,0.004795,0.003982,capex,1360.0,blended_prob,0.003317,6.1e-05,2.7e-05,1.9e-05,1.6e-05,4.511711,0.082486,0.036997,0.026211,0.021626,4.679032,4.679032,0.00344,2025.068736,1360.0,40.8,0.004131,0.003023,0.731648,1.366778,-2e-06,397.265405,,0,,5,4.679032,0.016098,0.005029,0.001589,6.83965,2.160618,0.023532,0.007434,0,0,mpo_only,MPO Cap Only
89,Canadian Natural Resources Limited,Grouse,AB,Private,2017,2024,8,In Review,In Review,1,0,1530.0,0.868,55.466292,-111.755766,Energy,Oil & Gas - Upstream,0,EN-OG-U,1,0,1,1,4,0.73454,0.304628,0.25,0.168658,0.451599,1.806397,0.732189,0.563835,capex,1530.0,blended_prob,0.441514,0.006145,0.002098,0.001132,0.000711,675.515857,9.401844,3.210206,1.73136,1.087477,690.946742,690.946742,0.451599,2025.036712,1530.0,45.9,0.614929,0.398066,0.647337,1.544791,0.0,3.420712,,0,,6,690.946742,312.030981,0.593306,0.141707,907.758334,216.811592,409.942917,97.911937,1,0,mpo_only,MPO Cap Only
92,NorZinc,Prairie Creek,NT,Private,2017,2024,8,In Review,Approved,1,0,474.0,0.667,61.56,-124.794,Mining,Critical Mineral,1,MIN-CM,1,0,1,1,2,0.098223,0.110439,0.25,0.064773,0.081498,0.325992,0.131488,0.101494,capex,474.0,blended_prob,0.078826,0.001374,0.000588,0.000397,0.000312,37.363673,0.651415,0.278617,0.188232,0.1481,38.630036,38.630036,0.081498,2025.061241,474.0,14.22,0.110823,0.071655,0.646567,1.546631,0.0,18.977541,,0,,7,38.630036,3.148269,0.135837,0.054339,64.386782,25.756746,5.247392,2.099122,0,0,mpo_only,MPO Cap Only
94,Canagold Resources Ltd.,New Polaris Gold Mine,BC,Private,2020,2024,5,In Review,In Review,1,0,143.7,0.433,58.701,-133.64,Mining,Other,0,MIN-OTH,1,0,1,1,1,0.021218,0.008423,0.25,0.005095,0.013156,0.052625,0.020564,0.01612,capex,143.7,blended_prob,0.012691,0.000231,0.000103,7.2e-05,5.9e-05,1.823679,0.033145,0.014779,0.010408,0.008537,1.890549,1.890549,0.013156,2025.067746,143.7,4.311,0.014847,0.011559,0.778563,1.284417,3e-06,97.628108,,0,,8,1.890549,0.024872,0.017435,0.004279,2.50541,0.614861,0.032962,0.008089,0,0,mpo_only,MPO Cap Only
98,Kutcho Copper Corp.,Kutcho Creek,BC,Private,2018,2024,7,Announced & Planning,In Review,1,0,483.0,0.674,58.205,-128.358,Mining,Critical Mineral,1,MIN-CM,1,0,1,1,2,0.008916,0.008068,0.25,0.00488,0.006898,0.027594,0.010408,0.008302,capex,483.0,blended_prob,0.006653,0.000121,5.4e-05,3.8e-05,3.2e-05,3.213271,0.058624,0.026239,0.01855,0.015273,3.331957,3.331957,0.006898,2025.068382,483.0,14.49,0.008812,0.006061,0.687788,1.453937,3e-06,210.762503,,0,,9,3.331957,0.022985,0.011063,0.004165,5.343645,2.011688,0.036863,0.013878,0,0,mpo_only,MPO Cap Only
100,Alamos Gold Inc.,Lynn Lake (Gordon site),MB,Private,2018,2024,7,Announced & Planning,In Review,1,0,434.33,0.651,56.79,-100.82,Mining,Precious Metal,0,MIN-PM,1,0,1,1,2,0.452349,0.091738,0.25,0.054108,0.253229,1.012914,0.410219,0.316025,capex,434.33,blended_prob,0.24632,0.003868,0.00149,0.000907,0.000643,106.984342,1.680095,0.647276,0.393895,0.279157,109.984766,109.984766,0.253229,2025.047943,434.33,13.0299,0.323836,0.22295,0.688465,1.452507,-0.0,5.735951,,0,,10,109.984766,27.851285,0.35322,0.099991,153.413982,43.429216,38.848804,10.997518,0,0,mpo_only,MPO Cap Only
114,NWP Coal Canada Ltd.,Crown Mountain Coal Project,BC,Private,2017,2024,8,In Review,In Review,1,0,468.0,0.665,49.802,-114.729,Mining,Coal,0,MIN-COAL,1,0,1,1,2,0.004489,0.006655,0.25,0.004027,0.004258,0.017033,0.006122,0.005004,capex,468.0,blended_prob,0.004106,7.5e-05,3.4e-05,2.4e-05,2e-05,1.921632,0.035115,0.015742,0.011147,0.009193,1.992829,1.992829,0.004258,2025.068652,468.0,14.04,0.005788,0.003741,0.646336,1.547182,3e-06,363.343352,,0,,11,1.992829,0.008486,0.007519,0.003261,3.518857,1.526028,0.014984,0.006498,0,0,mpo_only,MPO Cap Only
126,Connacher Oil & Gas Ltd.,Great Divide,AB,Private,2017,2024,8,Approved,Approved,1,0,600.0,0.714,56.1135,-111.8293,Energy,Oil & Gas - Upstream,0,EN-OG-U,1,0,1,1,3,0.775725,0.356211,0.25,0.194258,0.484992,1.939967,0.786387,0.60555,capex,600.0,blended_prob,0.474507,0.006471,0.002165,0.001144,0.000704,284.704053,3.882794,1.299084,0.686539,0.422543,290.995013,290.995013,0.484992,2025.035158,600.0,18.0,0.660456,0.42757,0.647386,1.544673,-0.0,3.184947,,0,,12,290.995013,141.130163,0.625231,0.140239,375.138382,84.143369,181.938997,40.808834,1,0,mpo_only,MPO Cap Only
130,Corporation Lithium Elements Critiques,Rose Lithium-Tantalum Mine,QC,Private,2017,2024,8,In Review,Approved,1,0,610.1,0.728,53.252069,-73.547974,Mining,Critical Mineral,1,MIN-CM,1,0,1,1,3,0.03037,0.036373,0.25,0.021814,0.026092,0.104368,0.04156,0.032279,capex,610.1,blended_prob,0.025182,0.000454,0.000201,0.00014,0.000114,15.363824,0.277047,0.12256,0.085641,0.069693,15.918764,15.918764,0.026092,2025.066454,610.1,18.303,0.035471,0.022928,0.646405,1.547019,-0.0,59.290789,,0,,13,15.918764,0.415353,0.045311,0.019219,27.644532,11.725768,0.721303,0.305949,0,0,mpo_only,MPO Cap Only
140,Canadian Natural Resources Limited,Pike (Formely Kirby),AB,Private,2017,2024,8,Approved,Approved,1,0,7700.0,0.967,55.448219,-110.824021,Energy,Oil & Gas - Upstream,0,EN-OG-U,1,0,1,1,4,0.73454,0.275483,0.25,0.153836,0.444188,1.776752,0.72016,0.554577,capex,7700.0,blended_prob,0.434196,0.00607,0.002082,0.001128,0.000712,3343.307852,46.742597,16.032146,8.685705,5.480204,3420.248504,3420.248504,0.444188,2025.037069,7700.0,231.0,0.604826,0.391519,0.647326,1.544818,-0.0,3.477846,,0,,14,3420.248504,1519.233744,0.586055,0.141867,4512.621288,1092.372784,2004.452754,485.219011,1,0,mpo_only,MPO Cap Only
165,WindRiver Power Corp.,Kinskuch Hydroelectric Project,BC,Private,2017,2024,8,In Review,In Review,1,0,300.0,0.573,57.857174,-129.979248,Energy,Clean Electricity,1,EN-CLEL,1,0,1,1,2,0.136626,0.037008,0.25,0.02219,0.079408,0.317633,0.128096,0.098883,capex,300.0,blended_prob,0.076799,0.001341,0.000574,0.000388,0.000306,23.039737,0.402196,0.172243,0.116514,0.09179,23.822479,23.822479,0.079408,2025.061429,300.0,9.0,0.10798,0.069816,0.646561,1.546645,0.0,19.477129,,0,,15,23.822479,1.891702,0.132555,0.053147,39.766545,15.944066,3.157792,1.266091,0,0,mpo_only,MPO Cap Only
186,Fortune Minerals Limited,NICO Cobalt-Gold-Bismuth Mine,NT,Private,2017,2024,8,Approved,Approved,1,0,589.0,0.712,63.55,-116.75,Mining,Precious Metal,0,MIN-PM,1,0,1,1,3,0.250058,0.086226,0.25,0.050941,0.150499,0.601997,0.243482,0.187692,capex,589.0,blended_prob,0.145922,0.002439,0.001,0.000648,0.000489,85.948268,1.436831,0.589273,0.381735,0.287995,88.644101,88.644101,0.150499,2025.055419,589.0,17.67,0.204719,0.132402,0.646748,1.546197,-0.0,10.27378,,0,,16,88.644101,13.340877,0.23888,0.088381,140.700387,52.056286,21.175313,7.834436,0,0,mpo_only,MPO Cap Only
188,Fosthall Creek Power LP,Fosthall Creek Hydropower Project,BC,Private,2018,2024,7,Announced & Planning,Announced & Planning,1,0,50.0,0.214,50.241332,-117.801075,Energy,Clean Electricity,1,EN-CLEL,1,0,1,1,0,0.069687,0.053293,0.25,0.031798,0.050743,0.202972,0.08157,0.063074,capex,50.0,blended_prob,0.049022,0.000871,0.000379,0.000261,0.000209,2.451096,0.043541,0.018975,0.013061,0.010471,2.537145,2.537145,0.050743,2025.064072,50.0,1.5,0.064834,0.044601,0.68793,1.453637,3e-06,28.647099,,0,,17,2.537145,0.128742,0.079266,0.028523,3.963317,1.426172,0.20111,0.072368,0,0,mpo_only,MPO Cap Only
205,Giga Metals Corp. & Mitsubishi Corporation,Turnagain Project,BC,Private,2020,2024,5,Announced & Planning,Announced & Planning,1,0,2461.55,0.912,58.476,-128.826,Mining,Critical Mineral,1,MIN-CM,1,0,1,1,4,0.007026,0.006336,0.25,0.003834,0.00543,0.021721,0.008025,0.006468,capex,2461.55,blended_prob,0.005237,9.6e-05,4.3e-05,3e-05,2.5e-05,12.88991,0.235378,0.105444,0.074613,0.061487,13.366832,13.366832,0.00543,2025.068532,2461.55,73.8465,0.006128,0.004771,0.778534,1.284465,1e-06,236.538843,,0,,18,13.366832,0.072585,0.007215,0.001784,17.759332,4.3925,0.096438,0.023852,0,0,mpo_only,MPO Cap Only
207,Harvest Operations Corp.,BlackGold Oil Sands Project,AB,Private,2017,2024,8,Approved,Announced & Planning,1,0,540.0,0.701,55.582639,-110.97301,Energy,Oil & Gas - Upstream,0,EN-OG-U,1,0,1,1,2,0.761493,0.360946,0.25,0.196569,0.479031,1.916123,0.776712,0.598103,capex,540.0,blended_prob,0.468615,0.006414,0.002154,0.001142,0.000706,253.051921,3.463666,1.163067,0.61689,0.381057,258.676601,258.676601,0.479031,2025.035429,540.0,16.2,0.652328,0.422303,0.647378,1.544694,-0.0,3.224623,,0,,19,258.676601,123.914044,0.61962,0.140589,334.594697,75.918096,160.281146,36.367102,1,0,mpo_only,MPO Cap Only
209,HD Mining International Ltd.,Murray River Coal Project,BC,Private,2017,2024,8,In Review,Approved,1,0,668.0,0.737,55.126784,-120.993032,Mining,Coal,0,MIN-COAL,1,0,1,1,3,0.004862,0.006185,0.25,0.003744,0.004303,0.01721,0.006194,0.005059,capex,668.0,blended_prob,0.004149,7.6e-05,3.4e-05,2.4e-05,2e-05,2.771449,0.050643,0.022703,0.016076,0.013257,2.874127,2.874127,0.004303,2025.068648,668.0,20.04,0.005848,0.00378,0.646337,1.547182,3e-06,359.593453,,0,,20,2.874127,0.012366,0.007597,0.003294,5.074844,2.200717,0.021835,0.009469,0,0,mpo_only,MPO Cap Only
238,Karnalyte Resources Inc,Wynyard Potash Project,SK,Private,2017,2024,8,In Review,Approved,1,0,789.0,0.774,51.709,-104.057,Mining,Precious Metal,0,MIN-PM,1,0,1,1,3,0.181509,0.074934,0.25,0.04442,0.112965,0.451858,0.182561,0.140803,capex,789.0,blended_prob,0.109387,0.001871,0.000785,0.00052,0.000402,86.306094,1.476154,0.61939,0.410517,0.316867,89.129022,89.129022,0.112965,2025.058499,789.0,23.67,0.153636,0.099349,0.646652,1.546427,-0.0,13.689488,,0,,21,89.129022,10.068419,0.184079,0.071115,145.23864,56.109618,16.406816,6.338397,0,0,mpo_only,MPO Cap Only
256,NorthWest Copper,Lorraine-Jayjay Copper Mine,BC,Private,2020,2024,5,In Review,In Review,1,0,100.0,0.342,55.91667,-125.58333,Mining,Base Metal,0,MIN-BM,1,0,1,1,1,0.033522,0.009239,0.25,0.005587,0.019554,0.078217,0.030949,0.024112,capex,100.0,blended_prob,0.018868,0.000342,0.000152,0.000106,8.7e-05,1.886753,0.034158,0.015171,0.010643,0.008696,1.955422,1.955422,0.019554,2025.067103,100.0,3.0,0.022068,0.017182,0.778587,1.284377,3e-06,65.682886,,0,,22,1.955422,0.038237,0.025859,0.006305,2.585929,0.630507,0.050566,0.012329,0,0,mpo_only,MPO Cap Only
283,Mount Hays Wind Farm Limited Partnership,Mount Hays Wind Farm,BC,Private,2017,2024,8,In Review,Announced & Planning,1,0,125.0,0.402,54.291483,-130.308203,Energy,Clean Electricity,1,EN-CLEL,1,0,1,1,1,0.163827,0.044029,0.25,0.026344,0.095085,0.380342,0.153541,0.118468,capex,125.0,blended_prob,0.092014,0.001591,0.000675,0.000452,0.000353,11.501812,0.198876,0.084361,0.056524,0.044107,11.88568,11.88568,0.095085,2025.060038,125.0,3.75,0.129308,0.083611,0.646604,1.546541,1e-06,16.264756,,0,,23,11.88568,1.130155,0.156936,0.061851,19.617019,7.73134,1.865293,0.735138,0,0,mpo_only,MPO Cap Only
314,Ring of Fire Metals Pty Ltd.,Eagle's Nest (McFaulds Lake),ON,Private,2017,2024,8,In Review,Approved,1,0,609.4,0.726,52.743,-86.25,Mining,Critical Mineral,1,MIN-CM,1,0,1,1,3,0.268534,0.114306,0.25,0.066963,0.167749,0.670995,0.271479,0.209241,capex,609.4,blended_prob,0.162741,0.002692,0.001093,0.0007,0.000523,99.174144,1.640617,0.665823,0.42682,0.318646,102.22605,102.22605,0.167749,2025.054069,609.4,18.282,0.228199,0.147597,0.64679,1.546096,-0.0,9.21674,,0,,24,102.22605,17.148286,0.263122,0.095373,160.346324,58.120274,26.897885,9.7496,0,0,mpo_only,MPO Cap Only
329,Northcliff Resources (HDI Mining),Sisson Project,NB,Private,2017,2024,8,In Review,Approved,1,0,579.0,0.707,46.365,-67.045,Mining,Other,0,MIN-OTH,1,0,1,1,3,0.336037,0.025273,0.25,0.015207,0.175622,0.702489,0.284258,0.219077,capex,579.0,blended_prob,0.170423,0.002806,0.001133,0.000723,0.000537,98.674923,1.624555,0.656152,0.418609,0.311022,101.685262,101.685262,0.175622,2025.053467,579.0,17.37,0.238918,0.154535,0.646809,1.546051,-0.0,8.803277,,0,,25,101.685262,17.858191,0.273998,0.098376,158.644763,56.959501,27.861545,10.003354,0,0,mpo_only,MPO Cap Only
341,Osum Oil Sands Corp.,Taiga,AB,Private,2017,2024,8,Approved,Approved,1,0,1570.0,0.871,54.680878,-110.13648,Energy,Oil & Gas - Upstream,0,EN-OG-U,1,0,1,1,4,0.73454,0.303701,0.25,0.168191,0.451365,1.805462,0.73181,0.563543,capex,1570.0,blended_prob,0.441283,0.006143,0.002098,0.001131,0.000711,692.814086,9.643972,3.293347,1.776453,1.115959,708.643818,708.643818,0.451365,2025.036723,1570.0,47.1,0.614611,0.39786,0.647336,1.544792,0.0,3.422485,,0,,26,708.643818,319.857363,0.593078,0.141713,931.133066,222.489248,420.281332,100.423968,1,0,mpo_only,MPO Cap Only
344,Agnico Eagle Mines Limited,Hammond Reef,ON,Private,2021,2024,4,In Review,Approved,1,0,1300.0,0.842,48.88278,-91.349945,Mining,Other,0,MIN-OTH,1,0,1,1,4,0.614076,0.083036,1.0,0.049103,0.331589,0.331589,0.133759,0.252457,capex,1300.0,blended_prob,0.124897,0.072048,0.053366,0.043685,0.037594,162.365778,93.661942,69.375391,56.790694,48.872396,431.0662,431.0662,0.331589,2026.387894,1300.0,39.0,0.325969,0.251135,0.770426,1.297984,-0.0,3.914431,,0,,27,431.0662,142.936976,0.375103,0.043514,487.634288,56.568088,161.694354,18.757377,0,0,mpo_only,MPO Cap Only
371,Metaux Torngat ltee,Strange Lake / B-Zone,QC,Private,2017,2024,8,Announced & Planning,In Review,1,0,1631.0,0.881,56.325,-64.174,Mining,Other,0,MIN-OTH,1,0,1,1,4,0.050996,0.025448,0.25,0.015312,0.033154,0.132617,0.053023,0.041102,capex,1631.0,blended_prob,0.032007,0.000575,0.000253,0.000176,0.000143,52.204195,0.937329,0.412878,0.287267,0.23277,54.074438,54.074438,0.033154,2025.065761,1631.0,48.93,0.045073,0.029136,0.646426,1.546967,0.0,46.659818,,0,,28,54.074438,1.792793,0.05727,0.024115,93.406778,39.33234,3.096823,1.304031,0,0,mpo_only,MPO Cap Only
376,Magneto Investments Limited Partnership,Dumont,QC,Private,2017,2024,8,In Review,Approved,1,0,1381.0,0.854,48.653,-78.436,Mining,Critical Mineral,1,MIN-CM,1,0,1,1,4,0.024445,0.032004,0.25,0.019219,0.021832,0.087326,0.034645,0.026957,capex,1381.0,blended_prob,0.021067,0.000381,0.000169,0.000118,9.7e-05,29.093399,0.525986,0.23329,0.163438,0.133348,30.149461,30.149461,0.021832,2025.066876,1381.0,41.43,0.029678,0.019184,0.646392,1.54705,0.0,70.862828,,0,,29,30.149461,0.658211,0.038035,0.016204,52.526825,22.377364,1.146745,0.488534,0,0,mpo_only,MPO Cap Only
390,Seabridge Gold Inc.,Kerr-Sulphurets-Mitchell (KSM),BC,Private,2017,2024,8,Approved,Approved,1,0,8361.6,0.971,56.491,-130.293,Mining,Precious Metal,0,MIN-PM,1,0,1,1,4,0.018946,0.004877,0.25,0.002953,0.010949,0.043797,0.016982,0.013362,capex,8361.6,blended_prob,0.010561,0.000192,8.6e-05,6.1e-05,5e-05,88.306531,1.607123,0.717543,0.506036,0.415616,91.552849,91.552849,0.010949,2025.067969,8361.6,250.848,0.014884,0.00962,0.646358,1.547131,-0.0,141.300817,,0,,30,91.552849,1.002431,0.019235,0.008285,160.832745,69.279896,1.76099,0.75856,0,0,mpo_only,MPO Cap Only
399,Canadian Natural Resources Limited,AOSP Jackpine,AB,Private,2017,2024,8,Approved,Approved,1,0,12000.0,0.98,57.224497,-111.367681,Energy,Other,1,EN-OTH,1,0,1,1,4,0.797213,0.332652,0.25,0.182666,0.489939,1.959758,0.794418,0.611731,capex,12000.0,blended_prob,0.479398,0.006518,0.002174,0.001146,0.000703,5752.77736,78.220467,26.091893,13.747553,8.435744,5879.273017,5879.273017,0.489939,2025.034935,12000.0,360.0,0.667202,0.431942,0.647393,1.544656,-0.0,3.152749,,0,,31,5879.273017,2880.487601,0.629859,0.13992,7558.311772,1679.038755,3703.114871,822.627271,1,0,mpo_only,MPO Cap Only
404,Skygold Ventures Inc.,Spanish Mountain Copper-Gold Mines,BC,Private,2021,2024,4,In Review,In Review,1,0,756.0,0.762,52.585112,-121.462784,Mining,Precious Metal,0,MIN-PM,1,0,1,1,3,0.057478,0.00603,1.0,0.00365,0.030564,0.030564,0.011613,0.022984,capex,756.0,blended_prob,0.010781,0.006511,0.005048,0.004326,0.003898,8.150491,4.922041,3.816633,3.270731,2.94662,23.106516,23.106516,0.030564,2026.47811,756.0,22.68,0.029887,0.022907,0.766472,1.304679,-0.0,42.686536,,0,,32,23.106516,0.706232,0.036747,0.006183,27.780576,4.674059,0.84909,0.142859,0,0,mpo_only,MPO Cap Only
413,Spanish Mountain Gold Ltd.,Spanish Mountain Copper-Gold Mines,BC,Private,2020,2024,5,In Review,In Review,1,0,756.0,0.762,52.592,-121.465,Mining,Precious Metal,0,MIN-PM,1,0,1,1,3,0.024384,0.00603,0.25,0.00365,0.014017,0.056068,0.021961,0.017195,capex,756.0,blended_prob,0.013522,0.000246,0.000109,7.7e-05,6.3e-05,10.222314,0.185693,0.082753,0.058251,0.047754,10.596764,10.596764,0.014017,2025.067659,756.0,22.68,0.015819,0.012316,0.778567,1.284411,1e-06,91.633167,,0,,33,10.596764,0.148534,0.01857,0.004553,14.039157,3.442393,0.196785,0.048252,0,0,mpo_only,MPO Cap Only
417,Generation Mining Ltd.,Marathon PGM Copper Mine,ON,Private,2020,2024,5,In Review,Approved,1,0,897.9,0.793,48.782,-86.319,Mining,Other,0,MIN-OTH,1,0,1,1,3,0.449083,0.087273,0.25,0.051543,0.250313,1.001252,0.405487,0.312383,capex,897.9,blended_prob,0.243464,0.00383,0.001478,0.000901,0.00064,218.605986,3.439112,1.327312,0.80916,0.574478,224.756048,224.756048,0.250313,2025.048137,897.9,26.937,0.282792,0.220379,0.779297,1.283208,-0.0,5.126413,,0,,34,224.756048,56.259362,0.307675,0.057362,276.261074,51.505026,69.15174,12.892378,0,0,mpo_only,MPO Cap Only
422,Suncor Energy Inc.,Lewis,AB,Private,2020,2024,5,In Review,Announced & Planning,1,0,6200.0,0.96,56.94062,-111.048346,Energy,Clean Electricity,1,EN-CLEL,1,0,1,1,4,0.888574,0.339479,0.25,0.186042,0.537308,2.149233,0.871301,0.670905,capex,6200.0,blended_prob,0.526262,0.006952,0.002253,0.001153,0.000688,3262.823073,43.103762,13.969445,7.151181,4.263385,3331.310847,3331.310847,0.537308,2025.032885,6200.0,186.0,0.607539,0.473805,0.779876,1.282256,0.0,2.386443,,0,,35,3331.310847,1789.940639,0.607172,0.069864,3764.467841,433.156994,2022.679444,232.738805,0,0,mpo_only,MPO Cap Only
427,Sunshine Oilsands Ltd.,Thickwood (Sunshine),AB,Private,2017,2024,8,Approved,Approved,1,0,1753.0,0.888,56.833315,-112.786783,Energy,Waste Biomass,1,EN-BIO,1,0,1,1,4,0.832766,0.365238,0.25,0.198657,0.515711,2.062845,0.836247,0.643926,capex,1753.0,blended_prob,0.504888,0.006758,0.002219,0.001151,0.000695,885.067821,11.846963,3.890271,2.017842,1.218913,904.041811,904.041811,0.515711,2025.0338,1753.0,52.59,0.702342,0.454717,0.64743,1.54457,0.0,2.995028,,0,,36,904.041811,466.224527,0.65356,0.137849,1145.691494,241.649684,590.845986,124.621459,0,0,mpo_only,MPO Cap Only
429,Sunshine Oilsands Ltd.,West Ells,AB,Private,2017,2024,8,Announced & Planning,Announced & Planning,1,0,2950.0,0.92,57.202491,-112.729238,Energy,Oil & Gas - Upstream,0,EN-OG-U,1,0,1,1,4,0.73454,0.288955,0.25,0.16072,0.44763,1.79052,0.725747,0.558877,capex,2950.0,blended_prob,0.437594,0.006105,0.00209,0.00113,0.000711,1290.902716,18.010269,6.164377,3.332674,2.098334,1320.50837,1320.50837,0.44763,2025.036903,2950.0,88.5,0.609518,0.39456,0.647331,1.544805,0.0,3.451077,,0,,37,1320.50837,591.099104,0.58943,0.1418,1738.818684,418.310314,778.347331,187.248227,1,0,mpo_only,MPO Cap Only
439,Osisko Metals Inc/Appian,Pine Point,NT,Private,2021,2024,4,In Review,In Review,1,0,653.3,0.734,60.854,-114.424,Mining,Other,0,MIN-OTH,1,0,1,1,3,0.389981,0.084321,1.0,0.049844,0.219913,0.219913,0.088444,0.167325,capex,653.3,blended_prob,0.080879,0.047455,0.035753,0.029769,0.026057,52.838286,31.002548,23.35714,19.447841,17.023069,143.668884,143.668884,0.219913,2026.420994,653.3,19.599,0.215764,0.165918,0.768978,1.300428,-0.0,5.913386,,0,,38,143.668884,31.594594,0.254348,0.034435,166.165552,22.496668,36.541894,4.9473,0,0,mpo_only,MPO Cap Only
441,Taseko Mines Ltd.,Harmony Gold Mine,BC,Private,2020,2024,5,In Review,Announced & Planning,1,0,50.0,0.214,53.514064,-132.397868,Mining,Precious Metal,0,MIN-PM,1,0,1,1,0,0.009481,0.010522,0.25,0.00636,0.00792,0.031682,0.012066,0.009579,capex,50.0,blended_prob,0.007639,0.000139,6.2e-05,4.4e-05,3.6e-05,0.381932,0.006964,0.003115,0.002201,0.001811,0.396022,0.396022,0.00792,2025.068277,50.0,1.5,0.008938,0.006959,0.778544,1.284449,3e-06,162.168791,,0,,39,0.396022,0.003137,0.010515,0.002594,0.525728,0.129705,0.004164,0.001027,0,0,mpo_only,MPO Cap Only
442,Teck Resources Ltd.,Highland Valley Copper 2040 (HVC 2040),BC,Private,2023,2024,2,In Review,In Review,1,0,741.0,0.754,50.470726,-121.01857,Mining,Base Metal,0,MIN-BM,1,0,1,1,3,0.068946,0.00608,3.0,0.00368,0.036313,0.012104,0.004122,0.023437,capex,741.0,blended_prob,0.008132,0.007559,0.007154,0.006851,0.006617,6.025516,5.601468,5.301084,5.076889,4.902864,26.907821,26.907821,0.036313,2026.89706,741.0,22.23,0.030605,0.025868,0.845217,1.183128,1e-06,32.581517,,0,,40,26.907821,0.9771,0.036313,-0.0,26.907821,-0.0,0.9771,-0.0,0,0,mpo_only,MPO Cap Only
443,Teck Coal Ltd.,Line Creek Coal Mine,BC,Private,2017,2024,8,In Review,In Review,1,0,140.0,0.425,49.88479,-114.852031,Mining,Coal,0,MIN-COAL,1,0,1,1,1,0.005552,0.008492,0.25,0.005136,0.005344,0.021376,0.007885,0.00636,capex,140.0,blended_prob,0.005153,9.4e-05,4.2e-05,3e-05,2.5e-05,0.721479,0.013175,0.005903,0.004177,0.003442,0.748176,0.748176,0.005344,2025.068541,140.0,4.2,0.007264,0.004695,0.64634,1.547174,3e-06,289.50979,,0,,41,0.748176,0.003998,0.009429,0.004084,1.319997,0.571821,0.007054,0.003056,0,0,mpo_only,MPO Cap Only
444,Conuma Resources Ltd.,Quintette Mine,BC,Private,2024,2024,1,In Review,In Review,1,0,500.0,0.677,54.986669,-121.09759,Mining,Precious Metal,0,MIN-PM,1,0,1,1,2,0.053293,0.006574,4.0,0.003978,0.028636,0.007159,0.002116,0.018028,capex,500.0,blended_prob,0.006138,0.005883,0.005686,0.005528,0.0054,3.069162,2.941573,2.842881,2.764201,2.699944,14.317762,14.317762,0.028636,2026.936037,500.0,15.0,0.022668,0.020302,0.895595,1.116576,-2e-06,38.992679,,0,,42,14.317762,0.409997,0.028636,-0.0,14.317762,-0.0,0.409997,-0.0,0,0,mpo_only,MPO Cap Only
460,GoldMining Inc,Yellowknife Gold,NT,Private,2020,2024,5,In Review,In Review,1,0,193.0,0.484,63.182,-113.909,Mining,Precious Metal,0,MIN-PM,1,0,1,1,1,0.282923,0.108699,0.25,0.063785,0.173354,0.693416,0.280577,0.216243,capex,193.0,blended_prob,0.16821,0.002773,0.001122,0.000717,0.000533,32.464448,0.535224,0.216473,0.138296,0.102894,33.457335,33.457335,0.173354,2025.05364,193.0,5.79,0.195787,0.152536,0.77909,1.283548,-0.0,7.404201,,0,,43,33.457335,5.799965,0.218213,0.044859,42.115138,8.657803,7.30083,1.500865,0,0,mpo_only,MPO Cap Only
485,Conuma Coal Resources Ltd.,Wolverine Coal Mine (Hermann Deposit),BC,Private,2020,2024,5,In Review,Approved,1,0,55.0,0.241,55.266598,-120.871582,Mining,Coal,0,MIN-COAL,1,0,1,1,0,0.001933,0.010237,0.25,0.006188,0.004061,0.016243,0.005802,0.004757,capex,55.0,blended_prob,0.003916,7.2e-05,3.2e-05,2.3e-05,1.9e-05,0.215364,0.003936,0.001765,0.00125,0.001031,0.223345,0.223345,0.004061,2025.068672,55.0,1.65,0.004583,0.003568,0.778529,1.284474,3e-06,316.308948,,0,,44,0.223345,0.000907,0.005398,0.001337,0.296873,0.073528,0.001206,0.000299,0,0,mpo_only,MPO Cap Only
488,Western Copper and Gold Corporation,Casino Mine,YK,Private,2017,2024,8,In Review,Announced & Planning,1,0,3617.0,0.932,62.739,-138.823,Mining,Precious Metal,0,MIN-PM,1,0,1,1,4,0.545531,0.068958,0.25,0.040951,0.293241,1.172964,0.475162,0.36601,capex,3617.0,blended_prob,0.285566,0.004377,0.001646,0.000977,0.000676,1032.890659,15.830378,5.952104,3.534959,2.444987,1060.653088,1060.653088,0.293241,2025.045368,3617.0,108.51,0.399107,0.258247,0.647063,1.545444,0.0,5.270216,,0,,45,1060.653088,311.027087,0.423644,0.130403,1532.31921,471.666122,449.338983,138.311896,0,0,mpo_only,MPO Cap Only
515,Athabasca Oil Corporation,Dover West Clastics,AB,Private,2019,2024,6,In Review,In Review,1,0,615.0,0.73,57.1005,-113.2251,Energy,Oil & Gas - Upstream,0,EN-OG-U,1,0,1,1,3,0.75935,0.350468,0.25,0.191448,0.475399,1.901595,0.770817,0.593566,capex,615.0,blended_prob,0.465025,0.006379,0.002147,0.001141,0.000706,285.990467,3.923178,1.320282,0.701827,0.434482,292.370236,292.370236,0.475399,2025.035596,615.0,18.45,0.571893,0.419094,0.732818,1.364595,-0.0,2.870422,,0,,46,292.370236,138.992447,0.570222,0.094823,350.686419,58.316183,166.715888,27.723441,1,0,mpo_only,MPO Cap Only
522,BURNCO Rock Products Ltd.,BURNCO Aggregate Project (McNab Creek),BC,Private,2017,2024,8,In Review,Approved,1,0,60.0,0.253,49.468116,-123.338801,Mining,Other,0,MIN-OTH,1,0,1,1,0,0.006967,0.010113,0.25,0.006113,0.00654,0.026162,0.009826,0.007855,capex,60.0,blended_prob,0.006307,0.000115,5.2e-05,3.6e-05,3e-05,0.37844,0.006906,0.003092,0.002186,0.0018,0.392423,0.392423,0.00654,2025.068418,60.0,1.8,0.00889,0.005746,0.646344,1.547165,3e-06,236.555341,,0,,47,0.392423,0.002567,0.011529,0.004988,0.691712,0.299288,0.004524,0.001957,0,0,mpo_only,MPO Cap Only
530,Centermount Coal Limited,Bingay Main Metallurgical Coal,BC,Private,2019,2024,6,In Review,In Review,1,0,480.0,0.67,50.1826,-114.9877,Mining,Coal,0,MIN-COAL,1,0,1,1,2,0.004097,0.006621,0.25,0.004007,0.004052,0.016208,0.005787,0.004746,capex,480.0,blended_prob,0.003907,7.1e-05,3.2e-05,2.3e-05,1.9e-05,1.875414,0.034275,0.015367,0.010883,0.008976,1.944916,1.944916,0.004052,2025.068673,480.0,14.4,0.004865,0.00356,0.73165,1.366773,3e-06,337.316003,,0,,48,1.944916,0.007881,0.005921,0.001869,2.842207,0.897291,0.011516,0.003636,0,0,mpo_only,MPO Cap Only
533,Granite Creek Copper,Carmacks Copper Project,YK,Private,2017,2024,8,Announced & Planning,Announced & Planning,1,0,321.0,0.588,62.343,-136.699,Mining,Base Metal,0,MIN-BM,1,0,1,1,2,0.627121,0.097801,0.25,0.057579,0.34235,1.369399,0.554869,0.427358,capex,321.0,blended_prob,0.333826,0.004966,0.001812,0.001044,0.000701,107.158283,1.593975,0.581674,0.335284,0.225073,109.894289,109.894289,0.34235,2025.042436,321.0,9.63,0.46602,0.301587,0.647156,1.545223,-0.0,4.51358,,0,,49,109.894289,37.622289,0.479766,0.137416,154.004981,44.110692,52.723576,15.101287,0,0,mpo_only,MPO Cap Only
536,ecoTECH Energy Group (Canada) Inc,Biomass Project - McBride,BC,Private,2017,2024,8,Announced & Planning,In Review,1,0,140.0,0.425,53.342917,-120.267604,Energy,Waste Biomass,1,EN-BIO,1,0,1,1,1,0.112429,0.043012,0.25,0.025744,0.069086,0.276345,0.111343,0.085989,capex,140.0,blended_prob,0.06679,0.001173,0.000506,0.000344,0.000273,9.350657,0.16426,0.070788,0.048187,0.038201,9.672092,9.672092,0.069086,2025.062365,140.0,4.2,0.09394,0.060735,0.646532,1.546715,1e-06,22.38813,,0,,50,9.672092,0.66821,0.116197,0.047111,16.267569,6.595477,1.123867,0.455658,0,0,mpo_only,MPO Cap Only
545,Holmes Hydro,Robson Valley Hydroelectric Project,BC,Public,2019,2024,6,In Review,In Review,1,0,200.0,0.49,53.3469,-119.8406,Energy,Clean Electricity,1,EN-CLEL,1,0,1,1,1,0.151635,0.040264,0.25,0.024119,0.087877,0.351508,0.141842,0.109463,capex,200.0,blended_prob,0.085016,0.001476,0.000629,0.000423,0.000332,17.003261,0.295294,0.125811,0.084667,0.066358,17.57539,17.57539,0.087877,2025.060673,200.0,6.0,0.105567,0.077268,0.73193,1.36625,1e-06,15.547313,,0,,51,17.57539,1.544472,0.123619,0.035742,24.723801,7.148411,2.172652,0.628181,0,0,mpo_only,MPO Cap Only
566,MEG Energy Corp.,Surmont (MEG),AB,Private,2017,2024,8,Approved,Approved,1,0,5000.0,0.946,56.034459,-110.720215,Energy,Clean Electricity,1,EN-CLEL,1,0,1,1,4,0.885085,0.344342,0.25,0.188439,0.536762,2.147048,0.870414,0.670223,capex,5000.0,blended_prob,0.525721,0.006947,0.002252,0.001153,0.000688,2628.605043,34.736926,11.261591,5.766905,3.439252,2683.809717,2683.809717,0.536762,2025.032908,5000.0,150.0,0.731047,0.473322,0.647458,1.544502,0.0,2.877443,,0,,52,2683.809717,1440.566919,0.672425,0.135663,3362.126254,678.316537,1804.661422,364.094503,0,0,mpo_only,MPO Cap Only
584,Quicksilver Resources/ Kohlberg Kravis Roberts & Co. L.P. (KKR),Fortune Creek Gas Plant,BC,Private,2017,2024,8,Approved,In Review,1,0,760.0,0.764,58.805556,-122.695414,Energy,Oil & Gas - Downstream,0,EN-OG-D,1,0,1,1,3,0.015761,0.024912,0.25,0.014992,0.015376,0.061506,0.024168,0.018893,capex,760.0,blended_prob,0.014834,0.000269,0.00012,8.4e-05,6.9e-05,11.273776,0.204623,0.091114,0.064084,0.052491,11.686088,11.686088,0.015376,2025.067522,760.0,22.8,0.020902,0.013511,0.646371,1.547098,1e-06,100.614891,,0,,53,11.686088,0.17969,0.026921,0.011544,20.459885,8.773797,0.3146,0.13491,0,0,mpo_only,MPO Cap Only
593,Enbridge,Westcoast Connector Gas Transmission Project,BC,Private,2017,2024,8,Approved,Approved,1,0,7460.0,0.965,56.836954,-122.629395,Energy,Trans & Distr,0,EN-T&D,1,0,1,1,4,0.048261,0.020311,0.25,0.01224,0.030251,0.121003,0.04831,0.037474,capex,7460.0,blended_prob,0.029201,0.000525,0.000232,0.000162,0.000131,217.840026,3.918248,1.728974,1.205091,0.978204,225.670544,225.670544,0.030251,2025.066044,7460.0,223.8,0.041125,0.026584,0.646417,1.546988,-0.0,51.138851,,0,,54,225.670544,6.826702,0.052369,0.022118,390.670763,165.00022,11.818081,4.991379,0,0,mpo_only,MPO Cap Only
606,Treasury Metals Inc.,Goliath Complex,ON,Private,2018,2024,7,In Review,Approved,1,0,335.0,0.598,49.764413,-92.544708,Mining,Precious Metal,0,MIN-PM,1,0,1,1,2,0.522109,0.106392,0.25,0.062475,0.292292,1.169168,0.473622,0.364824,capex,335.0,blended_prob,0.284634,0.004365,0.001642,0.000976,0.000675,95.35237,1.462242,0.55011,0.326899,0.226234,97.917855,97.917855,0.292292,2025.045427,335.0,10.05,0.373844,0.25741,0.688549,1.452329,-0.0,4.96876,,0,,55,97.917855,28.620616,0.399457,0.107165,133.818195,35.90034,39.114002,10.493386,0,0,mpo_only,MPO Cap Only
607,Value Creation Inc.,TriStar Advanced (In Situ + Upgrader),AB,Private,2017,2024,8,In Review,Approved,1,0,3390.0,0.928,56.736814,-111.156578,Energy,Oil & Gas - Downstream,0,EN-OG-D,0,0,1,1,4,0.552189,0.389591,0.25,0.210403,0.381296,1.525185,0.618082,0.476011,capex,3390.0,blended_prob,0.372168,0.005406,0.001927,0.001085,0.000711,1261.648533,18.327336,6.531346,3.676551,2.41022,1292.593986,1292.593986,0.381296,2025.040276,3390.0,101.7,0.519097,0.335972,0.647224,1.54506,0.0,4.052127,,0,,56,1292.593986,492.861125,0.521939,0.140642,1769.371846,476.77786,674.654693,181.793568,1,0,mpo_only,MPO Cap Only
629,Sunshine Oilsands Ltd.,West Ells,AB,Private,2020,2024,5,Announced & Planning,Announced & Planning,1,0,2100.0,0.9,57.202491,-112.729238,Energy,Oil & Gas - Upstream,0,EN-OG-U,1,0,1,1,4,0.741263,0.294885,0.25,0.163732,0.452498,1.809991,0.733647,0.564958,capex,2100.0,blended_prob,0.442401,0.006154,0.0021,0.001132,0.000711,929.042319,12.923359,4.410194,2.377249,1.492347,950.245468,950.245468,0.452498,2025.036669,2100.0,63.0,0.511536,0.39886,0.779731,1.282493,-0.0,2.834253,,0,,57,950.245468,429.984024,0.523819,0.071321,1100.019355,149.773887,497.756384,67.772361,1,0,mpo_only,MPO Cap Only
636,Arianne Phosphate inc.,Lac a Paul Phosphate/Apatite mine,QC,Private,2017,2024,8,In Review,Approved,1,0,1275.0,0.84,49.883575,-70.717621,Mining,Precious Metal,0,MIN-PM,1,0,1,1,4,0.066124,0.02653,0.25,0.015958,0.041041,0.164164,0.065823,0.050954,capex,1275.0,blended_prob,0.039634,0.000708,0.00031,0.000215,0.000173,50.533251,0.902982,0.395844,0.274096,0.221034,52.327208,52.327208,0.041041,2025.064997,1275.0,38.25,0.055797,0.03607,0.64645,1.54691,0.0,37.691878,,0,,58,52.327208,2.147558,0.070475,0.029434,89.855513,37.528305,3.687755,1.540197,0,0,mpo_only,MPO Cap Only
643,Search Minerals Inc.,Deep Fox + Foxtrot,NL,Private,2017,2024,8,Announced & Planning,Announced & Planning,1,0,421.8,0.647,52.399277,-55.817757,Mining,Critical Mineral,1,MIN-CM,1,0,1,1,2,0.198488,0.055364,0.25,0.033013,0.115751,0.463002,0.187082,0.144283,capex,421.8,blended_prob,0.112096,0.001914,0.000802,0.00053,0.000409,47.281914,0.807326,0.338178,0.223756,0.172419,48.823593,48.823593,0.115751,2025.058263,421.8,12.654,0.157427,0.101801,0.646659,1.546409,0.0,13.35984,,0,,59,48.823593,5.651359,0.188247,0.072497,79.402633,30.57904,9.190901,3.539541,0,0,mpo_only,MPO Cap Only
644,Ontario Power Generation,New Nuclear Power Plant Darlington Small Modular Reactor Project,ON,Public,2021,2024,4,Announced & Planning,In Review,1,0,20900.0,0.993,43.872684,-78.706527,Energy,Nuclear,1,EN-NUC,1,1,1,1,4,0.919166,0.112555,1.0,0.065972,0.492569,0.492569,0.19908,0.375173,capex,20900.0,blended_prob,0.191837,0.107985,0.078049,0.062345,0.052354,4009.387074,2256.880444,1631.220766,1303.005887,1094.195031,10294.689202,10294.689202,0.492569,2026.340994,20900.0,627.0,0.485557,0.375079,0.772473,1.294544,-0.0,2.628148,,0,,60,10294.689202,5070.843338,0.540137,0.047568,11288.860309,994.171108,5560.541068,489.697731,1,0,mpo_only,MPO Cap Only
648,Northern Graphite,Bissett Creek,ON,Private,2017,2024,8,Announced & Planning,In Review,1,0,134.1,0.418,46.157005,-77.723637,Mining,Critical Mineral,1,MIN-CM,1,0,1,1,1,0.295558,0.156295,0.25,0.090419,0.192988,0.771954,0.312445,0.240771,capex,134.1,blended_prob,0.18738,0.003053,0.00122,0.00077,0.000566,25.12761,0.409344,0.163594,0.103272,0.075923,25.879743,25.879743,0.192988,2025.052166,134.1,4.023,0.262562,0.169838,0.64685,1.545954,0.0,8.010605,,0,,61,25.879743,4.99449,0.29758,0.104592,39.90552,14.025776,7.701302,2.706812,0,0,mpo_only,MPO Cap Only
649,Husky Oil Operations Ltd.,Saleski' Thermal Oil Sands Project Using CSS,AB,Private,2017,2024,8,Approved,Approved,1,0,300.0,0.573,56.593344,-113.012742,Energy,CCUS,1,EN-OG-U,1,1,1,1,2,0.7862,0.156919,0.25,0.090763,0.438481,1.753925,0.710898,0.547448,capex,300.0,blended_prob,0.428562,0.006013,0.002069,0.001125,0.000712,128.568606,1.803765,0.620822,0.337512,0.213693,131.544397,131.544397,0.438481,2025.037346,300.0,9.0,0.597046,0.386478,0.647317,1.544839,-0.0,3.523158,,0,,62,131.544397,57.679761,0.580429,0.141947,174.128593,42.584196,76.352136,18.672375,1,0,mpo_only,MPO Cap Only
650,TransCanada,Prince Rupert Gas Transmission Project,BC,Private,2017,2024,8,Approved,Announced & Planning,1,0,5000.0,0.946,54.235538,-130.293442,Energy,Trans & Distr,0,EN-T&D,1,0,1,1,4,0.048261,0.020707,0.25,0.012477,0.030369,0.121477,0.048502,0.037623,capex,5000.0,blended_prob,0.029316,0.000527,0.000233,0.000162,0.000132,146.578116,2.636283,1.163208,0.810695,0.658014,151.846316,151.846316,0.030369,2025.066033,5000.0,150.0,0.041286,0.026688,0.646418,1.546987,-0.0,50.939246,,0,,63,151.846316,4.611461,0.052569,0.0222,262.846072,110.999755,7.982442,3.370981,0,0,mpo_only,MPO Cap Only
684,Osum Oil Sands Corp.,Sepiko Kesik Project,AB,Private,2017,2024,8,In Review,Approved,1,0,3200.0,0.921,56.688999,-113.130997,Energy,Oil & Gas - Upstream,0,EN-OG-U,1,0,1,1,4,0.73454,0.288661,0.25,0.16057,0.447555,1.790221,0.725625,0.558783,capex,3200.0,blended_prob,0.43752,0.006104,0.002089,0.00113,0.000711,1400.065362,19.534159,6.686263,3.614988,2.27619,1432.176962,1432.176962,0.447555,2025.036906,3200.0,96.0,0.609416,0.394494,0.647331,1.544806,0.0,3.451653,,0,,64,1432.176962,640.978391,0.589357,0.141802,1885.94237,453.765408,844.063504,203.085113,1,0,mpo_only,MPO Cap Only
688,Graymont Western Canada Inc.,Giscome Quarry and Lime Plant Project,BC,Private,2017,2024,8,In Review,Approved,1,0,130.0,0.411,54.052936,-122.285282,Mining,Other,0,MIN-OTH,1,0,1,1,1,0.020508,0.008614,0.25,0.005209,0.012859,0.051434,0.020081,0.015748,capex,130.0,blended_prob,0.012404,0.000225,0.000101,7.1e-05,5.8e-05,1.612472,0.029312,0.013072,0.009208,0.007554,1.671617,1.671617,0.012859,2025.067776,130.0,3.9,0.017479,0.011298,0.646364,1.547117,3e-06,120.317721,,0,,65,1.671617,0.021495,0.022556,0.009697,2.93228,1.260663,0.037705,0.01621,0,0,mpo_only,MPO Cap Only
692,EDF Renouvelables,Taylor Wind Project,BC,Private,2017,2024,8,In Review,In Review,1,0,900.0,0.793,55.999947,-120.764046,Energy,Clean Electricity,1,EN-CLEL,1,0,1,1,3,0.146345,0.029597,0.25,0.017786,0.082066,0.328263,0.13241,0.102203,capex,900.0,blended_prob,0.079377,0.001383,0.000591,0.000399,0.000314,71.439514,1.245077,0.532349,0.359527,0.282777,73.859244,73.859244,0.082066,2025.06119,900.0,27.0,0.111596,0.072154,0.646568,1.546627,-0.0,18.846179,,0,,66,73.859244,6.06132,0.136727,0.054661,123.054494,49.19525,10.098569,4.037249,0,0,mpo_only,MPO Cap Only
693,Imperial Oil Limited,Aspen' oil sands project (SAGD),AB,Private,2017,2024,8,In Review,Announced & Planning,1,0,7000.0,0.964,57.242382,-111.5391,Energy,Oil & Gas - Upstream,0,EN-OG-U,1,0,1,1,4,0.73454,0.276324,0.25,0.154267,0.444404,1.777615,0.72051,0.554846,capex,7000.0,blended_prob,0.434409,0.006073,0.002083,0.001128,0.000712,3040.86109,42.508527,14.577997,7.896857,4.98183,3110.826302,3110.826302,0.444404,2025.037058,7000.0,210.0,0.60512,0.39171,0.647326,1.544817,-0.0,3.476157,,0,,67,3110.826302,1382.462897,0.586267,0.141863,4103.866053,993.039751,1823.773494,441.310597,1,0,mpo_only,MPO Cap Only
707,Port Alberni Harbour Authority,Port Alberni LNG Export Facility,BC,Public,2020,2024,5,Announced & Planning,Announced & Planning,1,0,1600.0,0.872,49.230014,-124.81106,Energy,Oil & Gas - Downstream,0,EN-OG-D,1,0,1,1,4,0.01309,0.022323,0.25,0.013445,0.013267,0.05307,0.020745,0.016259,capex,1600.0,blended_prob,0.012798,0.000233,0.000104,7.3e-05,6e-05,20.477229,0.372147,0.165921,0.116848,0.095834,21.227979,21.227979,0.013267,2025.067735,1600.0,48.0,0.014973,0.011657,0.778564,1.284416,1e-06,96.8093,,0,,68,21.227979,0.281642,0.017582,0.004314,28.130902,6.902923,0.373226,0.091584,0,0,mpo_only,MPO Cap Only
718,Kitimat Clean Ltd.,Kitimat Clean Oil Refinery,BC,Private,2017,2024,8,Announced & Planning,In Review,1,0,22000.0,0.994,54.166667,-128.7,Energy,Oil & Gas - Downstream,0,EN-OG-D,1,0,1,1,4,0.012649,0.019722,0.25,0.011887,0.012268,0.049071,0.019123,0.01501,capex,22000.0,blended_prob,0.011833,0.000215,9.6e-05,6.8e-05,5.6e-05,260.336516,4.734159,2.111995,1.488256,1.221351,269.892278,269.892278,0.012268,2025.067836,22000.0,660.0,0.016676,0.010779,0.646362,1.547121,-0.0,126.11205,,0,,69,269.892278,3.310993,0.021529,0.009262,473.647382,203.755104,5.810626,2.499633,0,0,mpo_only,MPO Cap Only
725,Greater Vancouver Regional District,Capilano (Cleveland) Dam Power Plant,BC,Private,2017,2024,8,Announced & Planning,Announced & Planning,1,0,90.0,0.328,49.360504,-123.11085,Energy,Clean Electricity,1,EN-CLEL,1,0,1,1,0,0.061611,0.047466,0.25,0.028371,0.044991,0.179963,0.072234,0.055888,capex,90.0,blended_prob,0.043455,0.000775,0.000339,0.000234,0.000188,3.910962,0.069717,0.030489,0.021061,0.016943,4.049173,4.049173,0.044991,2025.064618,90.0,2.7,0.061168,0.039543,0.646462,1.546882,-2e-06,34.382184,,0,,70,4.049173,0.182176,0.07703,0.032039,6.932701,2.883528,0.311908,0.129732,0,0,mpo_only,MPO Cap Only
753,Kruger Energy Inc.,Maselpanik Creek Hydro Project,BC,Private,2017,2024,8,Announced & Planning,In Review,1,0,400.0,0.634,49.089,,Energy,Clean Electricity,1,EN-CLEL,1,0,1,1,2,0.136626,0.034785,0.25,0.020871,0.078749,0.314995,0.127026,0.098059,capex,400.0,blended_prob,0.076159,0.00133,0.00057,0.000386,0.000304,30.463718,0.532007,0.227926,0.154243,0.121561,31.499456,31.499456,0.078749,2025.061488,400.0,12.0,0.107083,0.069236,0.646559,1.546649,0.0,19.640331,,0,,71,31.499456,2.480539,0.131517,0.052768,52.606848,21.107392,4.142718,1.662178,0,0,mpo_only,MPO Cap Only
754,Pacific Coastal Wave Energy Corp.,Wave Energy Project,BC,Private,2017,2024,8,Announced & Planning,Announced & Planning,1,0,20.0,0.088,48.9206,-125.5448,Energy,Clean Electricity,1,EN-CLEL,1,1,1,1,0,0.040325,0.018897,0.25,0.011393,0.025859,0.103436,0.041182,0.031988,capex,20.0,blended_prob,0.024957,0.00045,0.000199,0.000139,0.000113,0.499147,0.009002,0.003983,0.002784,0.002265,0.517181,0.517181,0.025859,2025.066477,20.0,0.6,0.035154,0.022724,0.646404,1.54702,3e-06,59.825101,,0,,72,0.517181,0.013374,0.044915,0.019056,0.898295,0.381114,0.023229,0.009855,0,0,mpo_only,MPO Cap Only
757,Innergex Renewable Energy Inc.,Shovel Creek Hydroelectric Project,BC,Private,2020,2024,5,In Review,In Review,1,0,40.0,0.177,49.7212,-121.8148,Energy,Clean Electricity,1,EN-CLEL,1,0,1,1,0,0.063651,0.055334,0.25,0.032996,0.048324,0.193294,0.077644,0.060052,capex,40.0,blended_prob,0.04668,0.00083,0.000362,0.00025,0.000201,1.86721,0.033218,0.014497,0.009994,0.008024,1.932943,1.932943,0.048324,2025.064301,40.0,1.2,0.054545,0.042474,0.778692,1.284205,3e-06,26.575125,,0,,73,1.932943,0.093407,0.063306,0.014983,2.532244,0.599301,0.122367,0.02896,0,0,mpo_only,MPO Cap Only
758,Pristine Power Inc./Cheslatta Forest Products,Cheslatta Green Energy Project,BC,Private,2017,2024,8,Announced & Planning,In Review,1,0,46.0,0.203,53.5792,-124.95,Energy,Clean Electricity,1,EN-CLEL,1,0,1,1,0,0.061611,0.053892,0.25,0.03215,0.04688,0.187521,0.075301,0.058248,capex,46.0,blended_prob,0.045283,0.000806,0.000352,0.000243,0.000195,2.083035,0.03709,0.016202,0.011179,0.008983,2.156488,2.156488,0.04688,2025.064438,46.0,1.38,0.063738,0.041204,0.646467,1.546869,3e-06,32.996229,,0,,74,2.156488,0.101097,0.080152,0.033272,3.686988,1.5305,0.172847,0.07175,0,0,mpo_only,MPO Cap Only
759,KMC Power,Tamihi Creek Hydro Project,BC,Private,2017,2024,8,In Review,In Review,1,0,50.0,0.214,49.0461,-121.8196,Energy,Clean Electricity,1,EN-CLEL,1,0,1,1,0,0.061611,0.053293,0.25,0.031798,0.046704,0.186818,0.075016,0.058029,capex,50.0,blended_prob,0.045113,0.000803,0.000351,0.000242,0.000195,2.255665,0.040168,0.017548,0.012109,0.009731,2.335221,2.335221,0.046704,2025.064455,50.0,1.5,0.063499,0.04105,0.646467,1.54687,3e-06,33.120419,,0,,75,2.335221,0.109065,0.079862,0.033157,3.993094,1.657873,0.186495,0.07743,0,0,mpo_only,MPO Cap Only
764,Highwater Power Corporation Altagas Ltd.,Log Creek Water Power Project,BC,Private,2017,2024,8,Announced & Planning,Announced & Planning,1,0,20.0,0.088,50.05884,-121.717396,Energy,Clean Electricity,1,EN-LCF,1,0,1,1,0,0.061611,0.06057,0.25,0.036061,0.048836,0.195343,0.078475,0.060691,capex,20.0,blended_prob,0.047176,0.000839,0.000366,0.000252,0.000202,0.943519,0.01678,0.007321,0.005045,0.004049,0.976715,0.976715,0.048836,2025.064252,20.0,0.6,0.066397,0.042924,0.646473,1.546855,3e-06,31.674656,,0,,76,0.976715,0.047699,0.083374,0.034538,1.667479,0.690765,0.081433,0.033734,0,0,mpo_only,MPO Cap Only
782,J.D. Irving,Saint John Pulp Mill Upgrades,NB,Private,2024,2024,1,In Review,In Review,1,0,1100.0,0.821,45.2627,-66.0915,Forest,Pulp & Paper,0,FOR-P&P,0,0,1,1,3,0.882197,0.240784,4.0,0.135844,0.509021,0.127255,0.050847,0.325751,capex,1100.0,blended_prob,0.113006,0.106347,0.100917,0.096348,0.092404,124.306156,116.981198,111.009109,105.982279,101.644049,559.922791,559.922791,0.509021,2026.899409,1100.0,33.0,0.403859,0.362475,0.897531,1.114168,-0.0,2.188846,,0,,77,559.922791,285.012302,0.509021,-0.0,559.922791,-0.0,285.012302,-0.0,0,0,mpo_only,MPO Cap Only
783,First Mining Gold Corp.,Springpole Lake Gold Project,ON,Private,2018,2024,7,In Review,Approved,1,0,1067.04673,0.818,51.3961,-92.293,Mining,Precious Metal,0,MIN-PM,1,0,1,1,3,0.542035,0.085085,0.25,0.050284,0.296159,1.184638,0.479899,0.369655,capex,1067.04673,blended_prob,0.288431,0.004413,0.001656,0.000982,0.000678,307.769105,4.708586,1.767251,1.047709,0.723372,316.016024,316.016024,0.296159,2025.045187,1067.04673,32.011402,0.378795,0.260822,0.688557,1.452312,-0.0,4.903818,,0,,78,316.016024,93.591147,0.403933,0.107774,431.01573,114.999706,127.649402,34.058255,0,0,mpo_only,MPO Cap Only
795,Nouveau Monde Graphite inc.,Uatnan,QC,Private,2017,2024,8,In Review,Announced & Planning,1,0,1564.0,0.869,51.125343,-69.064963,Mining,Critical Mineral,1,MIN-CM,1,0,1,1,4,0.024445,0.03152,0.25,0.018931,0.021688,0.086751,0.034412,0.026777,capex,1564.0,blended_prob,0.020928,0.000378,0.000168,0.000118,9.6e-05,32.731241,0.591807,0.262507,0.183923,0.150075,33.919552,33.919552,0.021688,2025.06689,1564.0,46.92,0.029482,0.019057,0.646391,1.547051,0.0,71.333132,,0,,79,33.919552,0.735637,0.037789,0.016101,59.101587,25.182034,1.281777,0.54614,0,0,mpo_only,MPO Cap Only
800,Joyce Direct Iron Inc.,Joyce Lake DSO (the Attikamagen Project),NL,Private,2017,2024,8,In Review,In Review,1,0,270.4,0.559,53.6069,-77.6882,Mining,Other,0,MIN-OTH,1,0,1,1,2,0.346866,0.049479,0.25,0.029556,0.188211,0.752846,0.304692,0.234804,capex,270.4,blended_prob,0.182714,0.002985,0.001197,0.000758,0.000559,49.40579,0.807194,0.323534,0.204831,0.151026,50.892375,50.892375,0.188211,2025.05252,270.4,8.112,0.256058,0.165628,0.646839,1.54598,0.0,8.214061,,0,,80,50.892375,9.578528,0.291148,0.102937,78.726545,27.83417,14.817237,5.238709,0,0,mpo_only,MPO Cap Only
802,Vulcan Materials Company,Black Point Aggregate Project,NS,Private,2017,2024,8,Approved,Approved,1,0,95.0,0.335,45.347966,-61.14967,Mining,Other,0,MIN-OTH,1,0,1,1,0,0.048215,0.126461,0.25,0.073815,0.061015,0.244059,0.098242,0.075906,capex,95.0,blended_prob,0.058969,0.001041,0.000451,0.000308,0.000246,5.602036,0.098894,0.042829,0.029298,0.02334,5.796396,5.796396,0.061015,2025.063109,95.0,2.85,0.082961,0.053635,0.646509,1.54677,-2e-06,25.350777,,0,,81,5.796396,0.353665,0.103231,0.042217,9.806991,4.010594,0.598371,0.244705,0,0,mpo_only,MPO Cap Only
808,Spartan Delta Inception Exploration Ltd.,Greenview Sour Gas plant,AB,Private,2017,2024,8,Announced & Planning,Announced & Planning,1,0,50.0,0.214,54.700001,-119.014999,Energy,Oil & Gas - Downstream,0,EN-OG-D,1,0,1,1,0,0.256179,0.591949,0.25,0.30158,0.278879,1.115518,0.451852,0.348069,capex,50.0,blended_prob,0.271471,0.004197,0.001592,0.000954,0.000665,13.573551,0.209859,0.079598,0.047688,0.033274,13.94397,13.94397,0.278879,2025.046272,50.0,1.5,0.379541,0.245576,0.647035,1.545512,-0.0,5.541865,,0,,82,13.94397,3.888686,0.406569,0.12769,20.328467,6.384497,5.669191,1.780505,0,0,mpo_only,MPO Cap Only
817,Focus Graphite inc.,Lac Knife,QC,Private,2017,2024,8,In Review,In Review,1,0,236.8,0.53,52.54809,-67.18002,Mining,Critical Mineral,1,MIN-CM,1,0,1,1,2,0.0281,0.044477,0.25,0.026608,0.027354,0.109416,0.043609,0.033856,capex,236.8,blended_prob,0.026402,0.000476,0.00021,0.000147,0.000119,6.251953,0.112651,0.049796,0.034769,0.028273,6.477443,6.477443,0.027354,2025.066329,236.8,7.104,0.037186,0.024038,0.646408,1.547009,1e-06,56.555006,,0,,83,6.477443,0.177184,0.047458,0.020104,11.238004,4.760561,0.307405,0.130221,0,0,mpo_only,MPO Cap Only
818,Athabasca Oil Corporation,Hangingstone Oil Sands,AB,Private,2020,2024,5,In Review,In Review,1,0,640.0,0.731,56.476139,-111.407639,Energy,Oil & Gas - Upstream,0,EN-OG-U,1,0,1,1,3,0.781715,0.350113,0.25,0.191273,0.486494,1.945977,0.788826,0.607427,capex,640.0,blended_prob,0.475992,0.006486,0.002168,0.001145,0.000704,304.634935,4.150814,1.387488,0.732588,0.450472,311.356296,311.356296,0.486494,2025.03509,640.0,19.2,0.550016,0.428898,0.779791,1.282394,-0.0,2.635991,,0,,84,311.356296,151.473036,0.557715,0.071221,356.937701,45.581404,173.648126,22.175089,1,0,mpo_only,MPO Cap Only
841,Canadian Natural Resources Limited,Jackfish,AB,Private,2017,2024,8,Announced & Planning,Announced & Planning,1,0,1300.0,0.842,55.5279,-110.8738,Energy,Oil & Gas - Upstream,0,EN-OG-U,1,0,1,1,4,0.73454,0.31278,0.25,0.172758,0.453649,1.814596,0.735516,0.566396,capex,1300.0,blended_prob,0.443538,0.006165,0.002103,0.001133,0.00071,576.59928,8.015115,2.733303,1.472314,0.923615,589.743626,589.743626,0.453649,2025.036614,1300.0,39.0,0.617724,0.399877,0.64734,1.544783,-0.0,3.40524,,0,,85,589.743626,267.536573,0.595301,0.141652,773.891117,184.147491,351.074888,83.538315,1,0,mpo_only,MPO Cap Only
857,Bear Head Energy,Bear Head Energy,NS,Private,2017,2024,8,Approved,Announced & Planning,1,0,8000.0,0.968,45.596588,-61.356844,Energy,Oil & Gas - Downstream,0,EN-OG-D,1,0,1,1,4,0.080587,0.275204,0.25,0.153693,0.11714,0.46856,0.189338,0.146019,capex,8000.0,blended_prob,0.113447,0.001935,0.00081,0.000536,0.000412,907.573351,15.483467,6.480329,4.284109,3.298391,937.119647,937.119647,0.11714,2025.058146,8000.0,240.0,0.159317,0.103025,0.646663,1.5464,0.0,13.201306,,0,,86,937.119647,109.774154,0.190319,0.073179,1522.55514,585.435492,178.352042,68.577888,0,0,mpo_only,MPO Cap Only
858,ConocoPhillips Canada,Surmont (ConocoPhillips),AB,Private,2020,2024,5,In Review,In Review,1,0,6000.0,0.957,56.1936,-110.9506,Energy,Oil & Gas - Upstream,0,EN-OG-U,1,0,1,1,4,0.741263,0.278296,0.25,0.155278,0.448271,1.793083,0.726786,0.559677,capex,6000.0,blended_prob,0.438227,0.006112,0.002091,0.00113,0.000711,2629.360547,36.669709,12.546053,6.780183,4.267307,2689.6238,2689.6238,0.448271,2025.036872,6000.0,180.0,0.506751,0.395126,0.779723,1.282506,0.0,2.861008,,0,,87,2689.6238,1205.679364,0.519558,0.071287,3117.345149,427.72135,1397.414284,191.73492,1,0,mpo_only,MPO Cap Only
862,Taseko Mines Ltd.,Aley Niobium Project,BC,Private,2017,2024,8,In Review,In Review,1,0,870.0,0.789,56.968715,-122.439746,Mining,Critical Mineral,1,MIN-CM,1,0,1,1,3,0.00847,0.007179,0.25,0.004344,0.006407,0.025628,0.00961,0.007688,capex,870.0,blended_prob,0.006179,0.000113,5e-05,3.6e-05,2.9e-05,5.375346,0.098099,0.04392,0.03106,0.02558,5.574005,5.574005,0.006407,2025.068432,870.0,26.1,0.008709,0.005629,0.646343,1.547166,-2e-06,241.484203,,0,,88,5.574005,0.035712,0.011294,0.004887,9.826115,4.252111,0.062955,0.027243,0,0,mpo_only,MPO Cap Only
865,Imperial Metals Corporation,Ruddock Creek Zinc-Lead Mine Development Project,BC,Private,2017,2024,8,In Review,In Review,1,0,144.7,0.436,51.822198,-119.00528,Mining,Base Metal,0,MIN-BM,1,0,1,1,1,0.032414,0.008398,0.25,0.005079,0.018746,0.074986,0.029638,0.023103,capex,144.7,blended_prob,0.018087,0.000328,0.000146,0.000102,8.4e-05,2.617256,0.047407,0.021066,0.014786,0.012087,2.712602,2.712602,0.018746,2025.067184,144.7,4.341,0.025484,0.016472,0.646382,1.547073,3e-06,82.526471,,0,,89,2.712602,0.050851,0.032737,0.01399,4.737023,2.024421,0.088802,0.037951,0,0,mpo_only,MPO Cap Only
885,Pacific Northern Gas Ltd.,Pacific Northern Gas Pipeline Looping Project,BC,Private,2017,2024,8,In Review,In Review,1,0,1300.0,0.842,54.040484,-128.648436,Energy,Trans & Distr,0,EN-T&D,0,0,1,1,4,0.079963,0.031283,0.25,0.01879,0.049376,0.197506,0.079352,0.061367,capex,1300.0,blended_prob,0.047699,0.000848,0.00037,0.000255,0.000204,62.008994,1.102436,0.480833,0.331261,0.265781,64.189305,64.189305,0.049376,2025.064201,1300.0,39.0,0.067132,0.043399,0.646475,1.546851,0.0,31.327751,,0,,90,64.189305,3.169436,0.084263,0.034887,109.542057,45.352752,5.408791,2.239355,0,0,mpo_only,MPO Cap Only
891,Arctic Canadian Diamond Corp,Ekati (Misery Deep),NT,Private,2018,2024,7,Approved,Approved,1,0,126.721,0.408,64.445237,-110.695595,Mining,Other,0,MIN-OTH,1,0,1,1,1,0.248097,0.117423,0.25,0.068725,0.158411,0.633643,0.256323,0.197576,capex,126.721,blended_prob,0.153634,0.002556,0.001043,0.000673,0.000505,19.468645,0.323901,0.1322,0.085229,0.063991,20.073967,20.073967,0.158411,2025.054795,126.721,3.80163,0.202504,0.139371,0.688237,1.452988,-0.0,9.172282,,0,,91,20.073967,3.179932,0.232625,0.074214,29.478427,9.40446,4.669699,1.489767,0,0,mpo_only,MPO Cap Only
893,PRISM Diversifed Ltd.,Clear Hills Project,AB,Private,2017,2024,8,Announced & Planning,Announced & Planning,1,0,300.0,0.573,56.548159,-117.888044,Mining,Other,0,MIN-OTH,1,0,1,1,2,0.290677,0.099303,0.25,0.058436,0.174557,0.698226,0.282529,0.217745,capex,300.0,blended_prob,0.169383,0.00279,0.001128,0.00072,0.000535,50.8149,0.837144,0.338339,0.215992,0.160584,52.366959,52.366959,0.174557,2025.053548,300.0,9.0,0.237467,0.153596,0.646807,1.546057,0.0,8.857057,,0,,92,52.366959,9.140995,0.272533,0.097976,81.759774,29.392815,14.271703,5.130708,0,0,mpo_only,MPO Cap Only
894,Newmont Goldcorp Corp.,Coffee Gold Mine,YK,Private,2017,2024,8,In Review,In Review,1,0,317.0,0.587,62.847528,-139.515693,Mining,Precious Metal,0,MIN-PM,1,0,1,1,2,0.58072,0.097901,0.25,0.057635,0.319178,1.276711,0.517259,0.39841,capex,317.0,blended_prob,0.311042,0.004692,0.001737,0.001015,0.000691,98.600327,1.487508,0.550532,0.32184,0.219117,101.179325,101.179325,0.319178,2025.043789,317.0,9.51,0.434445,0.281135,0.647113,1.545325,-0.0,4.841583,,0,,93,101.179325,32.294182,0.45371,0.134532,143.826023,42.646698,45.906057,13.611874,0,0,mpo_only,MPO Cap Only
896,Uranium Energy Corp,Roughrider Project,SK,Private,2024,2024,1,Announced & Planning,Announced & Planning,1,0,650.0,0.732,52.255289,-106.674981,Mining,Critical Mineral,1,MIN-CM,1,0,1,1,3,0.165457,0.095684,4.0,0.056368,0.110912,0.027728,0.010462,0.070732,capex,650.0,blended_prob,0.023919,0.022853,0.022018,0.021341,0.02078,15.547658,14.854756,14.3115,13.871931,13.507119,72.092963,72.092963,0.110912,2026.929759,650.0,19.5,0.087833,0.078692,0.895927,1.116162,-0.0,10.063468,,0,,94,72.092963,7.995993,0.110912,-0.0,72.092963,-0.0,7.995993,-0.0,0,0,mpo_only,MPO Cap Only
938,Cedar LNG (partnership between Pembina Pipeline Corporation and Haisla Nation),Cedar LNG,BC,Private,2017,2024,8,In Review,Announced & Planning,1,0,4600.0,0.945,53.925411,-128.727915,Energy,Oil & Gas - Downstream,0,EN-OG-D,1,0,1,1,4,0.012649,0.020728,0.25,0.01249,0.012569,0.050277,0.019612,0.015386,capex,4600.0,blended_prob,0.012124,0.00022,9.8e-05,6.9e-05,5.7e-05,55.772132,1.014017,0.452289,0.318655,0.261459,57.818552,57.818552,0.012569,2025.067805,4600.0,138.0,0.017086,0.011044,0.646363,1.547119,0.0,123.087612,,0,,95,57.818552,0.726736,0.022053,0.009484,101.445282,43.626729,1.275091,0.548355,0,0,mpo_only,MPO Cap Only
942,Watson Island LNG Corporation,Watson Island LNG,BC,Private,2017,2024,8,Announced & Planning,Announced & Planning,1,0,270.0,0.557,,,Energy,Oil & Gas - Downstream,0,EN-OG-D,1,0,1,1,2,0.014566,0.030742,0.25,0.018468,0.016517,0.066068,0.026019,0.020318,capex,270.0,blended_prob,0.015935,0.000289,0.000129,9e-05,7.4e-05,4.302432,0.078037,0.034724,0.024405,0.019977,4.459574,4.459574,0.016517,2025.067407,270.0,8.1,0.022453,0.014513,0.646375,1.547089,-2e-06,93.666828,,0,,96,4.459574,0.073659,0.028893,0.012376,7.800993,3.341419,0.128849,0.05519,0,0,mpo_only,MPO Cap Only
943,"Tilbury Jetty Marine Partnership (Fortis, Seaspan, Shell)",Tilbury Marine Jetty,BC,Private,2017,2024,8,In Review,In Review,1,0,1100.0,0.821,49.141798,-123.023505,Energy,Oil & Gas - Downstream,0,EN-OG-D,1,0,1,1,3,0.015761,0.02351,0.25,0.014155,0.014958,0.059831,0.023488,0.01837,capex,1100.0,blended_prob,0.01443,0.000262,0.000117,8.2e-05,6.7e-05,15.872716,0.288169,0.128347,0.090294,0.07398,16.453507,16.453507,0.014958,2025.067564,1100.0,33.0,0.020333,0.013143,0.64637,1.547101,-0.0,103.431519,,0,,97,16.453507,0.246107,0.026196,0.011238,28.815834,12.362327,0.43102,0.184912,0,0,mpo_only,MPO Cap Only
956,Altalink,Chapel Rock to Pincher Creek Area Transmission Development,AB,Private,2017,2024,8,Announced & Planning,Announced & Planning,1,0,500.0,0.677,49.739198,-114.300651,Energy,Trans & Distr,0,EN-T&D,1,0,1,1,2,0.766675,0.369854,0.25,0.200896,0.483786,1.935143,0.78443,0.604043,capex,500.0,blended_prob,0.473315,0.00646,0.002163,0.001144,0.000705,236.657338,3.229903,1.081437,0.571936,0.352267,241.892881,241.892881,0.483786,2025.035213,500.0,15.0,0.658812,0.426504,0.647385,1.544677,-0.0,3.192895,,0,,98,241.892881,117.024332,0.624099,0.140313,312.049287,70.156405,150.965002,33.94067,1,0,mpo_only,MPO Cap Only
957,Atrum Coal,Groundhog Project Anthracite Coal Mine,BC,Private,2017,2024,8,Announced & Planning,Announced & Planning,1,0,600.0,0.714,56.70066,-128.762292,Mining,Coal,0,MIN-COAL,1,0,1,1,3,0.004862,0.006332,0.25,0.003832,0.004347,0.017387,0.006266,0.005114,capex,600.0,blended_prob,0.004191,7.7e-05,3.4e-05,2.4e-05,2e-05,2.51488,0.045954,0.0206,0.014586,0.012028,2.608048,2.608048,0.004347,2025.068643,600.0,18.0,0.005908,0.003819,0.646337,1.547181,3e-06,355.940067,,0,,99,2.608048,0.011337,0.007675,0.003328,4.604872,1.996824,0.020016,0.00868,0,0,mpo_only,MPO Cap Only
974,Enbridge/ Borealis Inc./ Kitselas First Nation,Lakelse Geothermal Power Plant,BC,Private,2017,2024,8,Announced & Planning,In Review,1,0,120.0,0.388,54.44564,-128.5403,Energy,Clean Electricity,1,EN-CLEL,1,0,1,1,1,0.163827,0.044659,0.25,0.026716,0.095272,0.381086,0.153844,0.1187,capex,120.0,blended_prob,0.092195,0.001594,0.000676,0.000453,0.000353,11.063427,0.191274,0.081127,0.054351,0.042406,11.432586,11.432586,0.095272,2025.060022,120.0,3.6,0.129562,0.083775,0.646605,1.54654,1e-06,16.23297,,0,,100,11.432586,1.0892,0.157222,0.061951,18.866676,7.43409,1.797457,0.708257,0,0,mpo_only,MPO Cap Only
983,Red Willow Wind LP,Red Willow Wind Farm,BC,Private,2017,2024,8,In Review,In Review,1,0,480.0,0.67,54.808663,-120.375011,Energy,Clean Electricity,1,EN-CLEL,1,0,1,1,2,0.136626,0.033536,0.25,0.020129,0.078378,0.313511,0.126424,0.097596,capex,480.0,blended_prob,0.0758,0.001324,0.000567,0.000384,0.000303,36.383767,0.635536,0.272342,0.184342,0.145316,37.621304,37.621304,0.078378,2025.061521,480.0,14.4,0.106579,0.068909,0.646558,1.546652,0.0,19.733311,,0,,101,37.621304,2.948672,0.130933,0.052555,62.847826,25.226522,4.925869,1.977197,0,0,mpo_only,MPO Cap Only
1023,Nukik Corp.,Kivalliq Hydro Fibre Link,Multi,Public,2017,2024,8,Announced & Planning,Announced & Planning,1,0,1600.0,0.872,58.765245,-94.167571,Energy,Clean Electricity,1,EN-CLEL,1,0,1,1,4,0.670249,0.371223,0.25,0.20156,0.435904,1.743616,0.706715,0.544228,capex,1600.0,blended_prob,0.426018,0.005986,0.002064,0.001124,0.000713,681.628939,9.577987,3.30174,1.797819,1.140059,697.446544,697.446544,0.435904,2025.037473,1600.0,48.0,0.593533,0.384201,0.647313,1.544848,0.0,3.54401,,0,,102,697.446544,304.019801,0.577876,0.141972,924.601143,227.154598,403.03742,99.017619,1,0,mpo_only,MPO Cap Only
1034,Fission Uranium Corp.,Patterson Lake South,SK,Private,2020,2024,5,Announced & Planning,In Review,1,0,1177.0,0.827,57.635749,-109.316745,Mining,Critical Mineral,1,MIN-CM,1,0,1,1,3,0.075148,0.086882,0.25,0.051318,0.063233,0.252932,0.101843,0.078677,capex,1177.0,blended_prob,0.061118,0.001077,0.000466,0.000318,0.000253,71.93581,1.26818,0.548478,0.37469,0.298101,74.42526,74.42526,0.063233,2025.062904,1177.0,35.31,0.071379,0.055586,0.778744,1.284119,0.0,20.307735,,0,,103,74.42526,4.706134,0.082438,0.019205,97.029188,22.603928,6.135448,1.429315,0,0,mpo_only,MPO Cap Only
1037,"Western LNG, Nisga'a Nation, Rockies LNG Partners",Ksi Lisims LNG,BC,Private,2021,2024,4,Announced & Planning,Announced & Planning,1,0,10000.0,0.975,54.901569,-130.072604,Energy,Oil & Gas - Downstream,0,EN-OG-D,1,0,1,1,4,0.031349,0.020106,1.0,0.012117,0.021733,0.021733,0.00803,0.016252,capex,10000.0,blended_prob,0.007651,0.004627,0.003592,0.003083,0.002781,76.508311,46.265118,35.92298,30.826235,27.80887,217.331515,217.331515,0.021733,2026.480803,10000.0,300.0,0.021248,0.016284,0.766354,1.30488,-0.0,60.041005,,0,,104,217.331515,4.723299,0.026178,0.004444,261.776396,44.444881,5.689226,0.965927,0,0,mpo_only,MPO Cap Only
1041,"Energie hydroelectrique Pessamit, Societe en commandite",Centrale hydroelectrique des chutes du six milles,QC,Public,2017,2024,8,In Review,In Review,1,0,51.0,0.229,48.723889,-69.158333,Energy,Clean Electricity,1,EN-CLEL,1,0,1,1,0,0.526368,0.249959,0.25,0.140638,0.333503,1.334012,0.54051,0.416306,capex,51.0,blended_prob,0.325125,0.004862,0.001784,0.001034,0.000698,16.581385,0.247979,0.090981,0.052726,0.035585,17.008656,17.008656,0.333503,2025.042946,51.0,1.53,0.453965,0.293778,0.64714,1.545262,-0.0,4.633426,,0,,105,17.008656,5.672439,0.469906,0.136403,23.965197,6.95654,7.992467,2.320028,0,0,mpo_only,MPO Cap Only
1042,BMC Minerals Ltd.,Kudz Ze Kayah,YK,Private,2018,2024,7,Announced & Planning,In Review,1,0,496.0,0.676,61.45805,-130.61,Mining,Other,0,MIN-OTH,1,0,1,1,2,0.545304,0.089438,0.25,0.052787,0.299046,1.196183,0.484584,0.373261,capex,496.0,blended_prob,0.291265,0.004448,0.001667,0.000986,0.00068,144.467289,2.206338,0.826641,0.489211,0.337174,148.326654,148.326654,0.299046,2025.045008,496.0,14.88,0.382491,0.263369,0.688563,1.4523,-0.0,4.856448,,0,,106,148.326654,44.356444,0.407262,0.108216,202.001983,53.675328,60.407819,16.051375,0,0,mpo_only,MPO Cap Only
1045,Northern Energy Solutions (NES),NES Wood Pellet Plant,NB,Private,2017,2024,8,In Review,In Review,1,0,70.0,0.275,47.022825,-65.495815,Forest,Other,1,FOR-OTH,1,0,1,1,0,0.419915,0.377415,0.25,0.204552,0.312233,1.248933,0.505988,0.389735,capex,70.0,blended_prob,0.304218,0.004609,0.001713,0.001006,0.000688,21.295266,0.322626,0.119911,0.070397,0.048131,21.856331,21.856331,0.312233,2025.044205,70.0,2.1,0.424983,0.275006,0.6471,1.545357,0.0,4.949365,,0,,107,21.856331,6.824274,0.445755,0.133522,31.20284,9.346509,9.742566,2.918291,0,0,mpo_only,MPO Cap Only
1049,"Energie hydroelectrique Pessamit, Societe en commandite",Centrale hydroelectrique de la chute du quatre milles,QC,Public,2017,2024,8,In Review,In Review,1,0,22.0,0.108,48.726389,-69.092778,Energy,Clean Electricity,1,EN-CLEL,1,0,1,1,0,0.526368,0.28265,0.25,0.157505,0.341936,1.367746,0.554198,0.426841,capex,22.0,blended_prob,0.33342,0.004961,0.001811,0.001044,0.000701,7.335236,0.109139,0.039837,0.022968,0.015422,7.522602,7.522602,0.341936,2025.04246,22.0,0.66,0.465457,0.301223,0.647155,1.545225,1e-06,4.519042,,0,,108,7.522602,2.572252,0.479308,0.137371,10.544775,3.022173,3.605643,1.033391,0,0,mpo_only,MPO Cap Only
1050,"Manouane Sipi, Societe en commandite",Centrale hydroelectrique Manouane Sipi (Dam B),QC,Private,2017,2024,8,In Review,In Review,1,0,100.0,0.342,47.3812,-73.5727,Energy,Clean Electricity,1,EN-CLEL,1,0,1,1,1,0.768325,0.222853,0.25,0.126397,0.447361,1.789444,0.72531,0.558541,capex,100.0,blended_prob,0.437329,0.006102,0.002089,0.00113,0.000711,43.732852,0.610247,0.208903,0.112959,0.071133,44.736095,44.736095,0.447361,2025.036916,100.0,3.0,0.609151,0.394322,0.64733,1.544806,0.0,3.453154,,0,,109,44.736095,20.013182,0.589167,0.141806,58.916673,14.180578,26.357019,6.343837,1,0,mpo_only,MPO Cap Only
1051,Fluorspar Holdings PTE Ltd.,St. Lawrence Fluorspar Mine,NL,Private,2017,2024,8,Approved,Approved,1,0,250.0,0.534,,,Mining,Precious Metal,0,MIN-PM,1,0,1,1,2,0.411687,0.050752,0.25,0.030305,0.220996,0.883985,0.357904,0.275759,capex,250.0,blended_prob,0.214761,0.003439,0.001351,0.000839,0.000606,53.69016,0.859861,0.337835,0.20966,0.151532,55.249048,55.249048,0.220996,2025.050148,250.0,7.5,0.300701,0.194527,0.646913,1.545803,0.0,6.994703,,0,,110,55.249048,12.209829,0.334476,0.11348,83.619011,28.369963,18.479483,6.269654,0,0,mpo_only,MPO Cap Only
1057,Pacific Future Energy,Pacific Future Energy Oil Refinery,BC,Private,2017,2024,8,Announced & Planning,Announced & Planning,1,0,12720.0,0.982,53.952896,-128.722594,Energy,Oil & Gas - Downstream,0,EN-OG-D,1,0,1,1,4,0.012649,0.019963,0.25,0.012032,0.01234,0.049361,0.01924,0.0151,capex,12720.0,blended_prob,0.011903,0.000216,9.7e-05,6.8e-05,5.6e-05,151.41126,2.753257,1.228224,0.865453,0.710211,156.968405,156.968405,0.01234,2025.067828,12720.0,381.6,0.016775,0.010842,0.646362,1.547121,-0.0,125.371574,,0,,111,156.968405,1.937035,0.021655,0.009315,275.456407,118.488002,3.39921,1.462176,0,0,mpo_only,MPO Cap Only
1067,Sayona Quebec inc.,Authier,QC,Private,2017,2024,8,Announced & Planning,In Review,1,0,223.0,0.519,48.400581,-78.257358,Mining,Other,0,MIN-OTH,1,0,1,1,1,0.071293,0.036758,0.25,0.022042,0.046668,0.186671,0.074956,0.057983,capex,223.0,blended_prob,0.045078,0.000803,0.000351,0.000242,0.000194,10.052347,0.179012,0.078206,0.053967,0.043371,10.406904,10.406904,0.046668,2025.064458,223.0,6.69,0.063449,0.041018,0.646467,1.54687,1e-06,33.146467,,0,,112,10.406904,0.485667,0.079801,0.033134,17.795695,7.388791,0.830485,0.344818,0,0,mpo_only,MPO Cap Only
1077,Cenovus Energy Inc.,Christina Lake,AB,Private,2017,2024,8,Approved,Approved,1,0,900.0,0.793,55.576423,-110.89741,Energy,Other,1,EN-OTH,1,0,1,1,3,0.830913,0.402241,0.25,0.216436,0.523675,2.094698,0.849172,0.653874,capex,900.0,blended_prob,0.512767,0.00683,0.002232,0.001152,0.000693,461.490527,6.147355,2.00889,1.036952,0.62336,471.307084,471.307084,0.523675,2025.033459,900.0,27.0,0.713201,0.461755,0.64744,1.544544,-0.0,2.949435,,0,,113,471.307084,246.811519,0.660748,0.137074,594.673354,123.36627,311.415294,64.603774,0,0,mpo_only,MPO Cap Only
1079,Japan Canada Oil Sands Limited (JACOS),Hangingstone,AB,Private,2017,2024,8,Approved,Approved,1,0,1200.0,0.828,56.28806,-111.604233,Energy,Oil & Gas - Upstream,0,EN-OG-U,1,0,1,1,3,0.775725,0.31726,0.25,0.175002,0.475363,1.901453,0.77076,0.593522,capex,1200.0,blended_prob,0.46499,0.006379,0.002147,0.001141,0.000706,557.988211,7.65457,2.576078,1.369404,0.847779,570.436042,570.436042,0.475363,2025.035597,1200.0,36.0,0.647328,0.419062,0.647372,1.544706,-0.0,3.249527,,0,,114,570.436042,271.164399,0.616149,0.140786,739.378892,168.94285,351.473641,80.309242,1,0,mpo_only,MPO Cap Only
1082,Cenovus Energy Inc.,Narrows Lake,AB,Private,2017,2024,8,Approved,Approved,1,0,1600.0,0.872,,-113.426459,Energy,Clean Electricity,1,EN-CLEL,1,0,1,1,4,0.885085,0.371223,0.25,0.20156,0.543322,2.17329,0.881062,0.678418,capex,1600.0,blended_prob,0.532216,0.007005,0.002262,0.001154,0.000685,851.545997,11.208306,3.619213,1.845963,1.096504,869.315983,869.315983,0.543322,2025.032636,1600.0,48.0,0.739994,0.479121,0.647467,1.544481,0.0,2.84266,,0,,115,869.315983,472.318923,0.678216,0.134894,1085.146068,215.830085,589.584263,117.265339,0,0,mpo_only,MPO Cap Only
1083,Value Creation Inc.,Heartland Upgrader,AB,Private,2017,2024,8,In Review,Announced & Planning,1,0,2000.0,0.893,,,Energy,Oil & Gas - Downstream,0,EN-OG-D,0,0,1,1,4,0.552189,0.403691,0.25,0.217125,0.384657,1.538629,0.623537,0.480209,capex,2000.0,blended_prob,0.375479,0.005443,0.001936,0.001087,0.000711,750.958355,10.886502,3.871714,2.174967,1.42292,769.314458,769.314458,0.384657,2025.040096,2000.0,60.0,0.523678,0.33894,0.64723,1.545047,0.0,4.016685,,0,,116,769.314458,295.922368,0.525486,0.140829,1050.972904,281.658446,404.264325,108.341957,1,0,mpo_only,MPO Cap Only
1090,Value Creation Inc.,Heartland Upgrader,AB,Private,2017,2024,8,In Review,Announced & Planning,1,0,2000.0,0.893,,,Energy,Oil & Gas - Downstream,0,EN-OG-D,0,0,1,1,4,0.552189,0.403691,0.25,0.217125,0.384657,1.538629,0.623537,0.480209,capex,2000.0,blended_prob,0.375479,0.005443,0.001936,0.001087,0.000711,750.958355,10.886502,3.871714,2.174967,1.42292,769.314458,769.314458,0.384657,2025.040096,2000.0,60.0,0.523678,0.33894,0.64723,1.545047,0.0,4.016685,,0,,117,769.314458,295.922368,0.525486,0.140829,1050.972904,281.658446,404.264325,108.341957,1,0,mpo_only,MPO Cap Only
2025,Synex Energy Resources Ltd.,Victoria Lake Hydro Project,ON,Private,2017,2024,8,Announced & Planning,In Review,1,0,18.0,0.083,49.777918,-94.497042,Energy,Other,1,EN-OTH,1,0,1,1,0,0.512699,0.909244,0.25,0.423817,0.468258,1.873031,0.759227,0.584646,capex,18.0,blended_prob,0.457969,0.00631,0.002133,0.001139,0.000708,8.24344,0.113575,0.038388,0.020495,0.012743,8.428642,8.428642,0.468258,2025.035926,18.0,0.54,0.637641,0.412784,0.647362,1.544731,1e-06,3.29889,,0,,118,8.428642,3.946778,0.609384,0.141126,10.968903,2.540262,5.136275,1.189497,1,0,mpo_only,MPO Cap Only
2059,Aeolis / Boralex,Hackney Hills Wind Park (Aeolis / Boralex),BC,Private,2017,2024,8,Approved,In Review,1,0,5200.0,0.952,56.247719,-120.841882,Energy,Other,1,EN-OTH,1,0,1,1,4,0.065423,0.025183,0.25,0.015154,0.040288,0.161152,0.064601,0.050013,capex,5200.0,blended_prob,0.038906,0.000696,0.000305,0.000211,0.00017,202.309853,3.616747,1.586213,1.098853,0.886535,209.4982,209.4982,0.040288,2025.065069,5200.0,156.0,0.054773,0.035408,0.646448,1.546916,-0.0,38.39633,,0,,119,209.4982,8.440288,0.069221,0.028933,359.949892,150.451692,14.501703,6.061415,0,0,mpo_only,MPO Cap Only
2075,FireFly Metals Ltd. (previously owned by Rambler Mining and Metals),Green Bay Copper-Gold Project (formerly Ming Mine),NL,Private,2017,2024,8,Announced & Planning,Approved,1,0,66.24,0.269,49.975196,-56.180174,Mining,Other,0,MIN-OTH,1,0,1,1,0,0.180557,0.066429,0.25,0.039479,0.110018,0.440073,0.177779,0.137122,capex,66.24,blended_prob,0.106523,0.001825,0.000767,0.000509,0.000394,7.056058,0.120901,0.050821,0.033743,0.026092,7.287616,7.287616,0.110018,2025.058749,66.24,1.9872,0.149627,0.096755,0.646644,1.546445,1e-06,14.056249,,0,,120,7.287616,0.801771,0.179654,0.069636,11.900289,4.612674,1.30925,0.507479,0,0,mpo_only,MPO Cap Only
2083,Ressources Falco ltee,Horne 5,QC,Private,2017,2024,8,Announced & Planning,In Review,1,0,1080.0,0.819,48.234558,-78.996534,Mining,Other,0,MIN-OTH,1,0,1,1,3,0.062943,0.027102,0.25,0.0163,0.039621,0.158484,0.063519,0.04918,capex,1080.0,blended_prob,0.038261,0.000684,0.0003,0.000208,0.000168,41.32139,0.739013,0.324244,0.224712,0.181367,42.790726,42.790726,0.039621,2025.065133,1080.0,32.4,0.053866,0.034822,0.646446,1.546921,0.0,39.042903,,0,,121,42.790726,1.695413,0.068109,0.028488,73.557719,30.766992,2.914434,1.21902,0,0,mpo_only,MPO Cap Only
2092,Miniere Osisko Inc.,Lac Windfall,QC,Private,2017,2024,8,Announced & Planning,In Review,1,0,788.6,0.773,49.026695,-75.642654,Mining,Other,0,MIN-OTH,1,0,1,1,3,0.062943,0.028399,0.25,0.017073,0.040008,0.16003,0.064146,0.049663,capex,788.6,blended_prob,0.038634,0.000691,0.000303,0.00021,0.000169,30.467063,0.544761,0.238959,0.165568,0.1336,31.54995,31.54995,0.040008,2025.065096,788.6,23.658,0.054392,0.035161,0.646447,1.546918,0.0,38.665651,,0,,122,31.54995,1.262236,0.068754,0.028746,54.219014,22.669064,2.16917,0.906934,0,0,mpo_only,MPO Cap Only
2114,Chantiers Chibougamau inc.,Centrale de cogeneration Assinica,QC,Private,2017,2024,8,Announced & Planning,Announced & Planning,1,0,342.0,0.6,,,Energy,Other,1,EN-OTH,1,0,1,1,2,0.577562,0.171475,0.25,0.098753,0.338158,1.35263,0.548065,0.422121,capex,342.0,blended_prob,0.329703,0.004917,0.001799,0.00104,0.0007,112.758346,1.681561,0.615204,0.355517,0.239265,115.649892,115.649892,0.338158,2025.042677,342.0,10.26,0.460307,0.297887,0.647148,1.545242,-0.0,4.56959,,0,,123,115.649892,39.107888,0.475107,0.136949,162.486592,46.8367,54.946073,15.838185,0,0,mpo_only,MPO Cap Only
2115,Cogeneration Val-d'Or,Cogeneration Val-d'Or,QC,Private,2017,2024,8,Announced & Planning,Announced & Planning,1,0,72.0,0.284,48.148516,-77.791895,Energy,Other,1,EN-OTH,1,0,1,1,0,0.361939,0.236377,0.25,0.133532,0.247735,0.990941,0.401303,0.309162,capex,72.0,blended_prob,0.240938,0.003796,0.001468,0.000896,0.000637,17.347553,0.27334,0.10566,0.064514,0.045875,17.836943,17.836943,0.247735,2025.04831,72.0,2.16,0.337118,0.218105,0.646971,1.545665,-0.0,6.239179,,0,,124,17.836943,4.418841,0.368451,0.120716,26.528498,8.691555,6.572046,2.153205,0,0,mpo_only,MPO Cap Only
2121,Ainsworth Energy Co. Ltd.,Anahim Lake Bioenergy Project,BC,Private,2018,2024,7,Announced & Planning,Announced & Planning,1,0,15.0,0.072,52.418398,-126.486276,Energy,Waste Biomass,1,EN-BIO,1,0,1,1,0,0.046193,0.061562,0.25,0.036641,0.041417,0.165667,0.066433,0.051423,capex,15.0,blended_prob,0.039997,0.000715,0.000313,0.000217,0.000175,0.599962,0.010718,0.004698,0.003252,0.002622,0.621252,0.621252,0.041417,2025.064961,15.0,0.45,0.052915,0.0364,0.6879,1.453699,3e-06,35.099258,,0,,125,0.621252,0.02573,0.065057,0.02364,0.975857,0.354606,0.040417,0.014687,0,0,mpo_only,MPO Cap Only
2122,Yun Ka Whu'ten Holdings,Biomass Project - Anahim Lake,BC,Private,2018,2024,7,Announced & Planning,Announced & Planning,1,0,15.0,0.072,52.465348,-125.317541,Energy,Waste Biomass,1,EN-BIO,1,0,1,1,0,0.046193,0.061562,0.25,0.036641,0.041417,0.165667,0.066433,0.051423,capex,15.0,blended_prob,0.039997,0.000715,0.000313,0.000217,0.000175,0.599962,0.010718,0.004698,0.003252,0.002622,0.621252,0.621252,0.041417,2025.064961,15.0,0.45,0.052915,0.0364,0.6879,1.453699,3e-06,35.099258,,0,,126,0.621252,0.02573,0.065057,0.02364,0.975857,0.354606,0.040417,0.014687,0,0,mpo_only,MPO Cap Only
2123,Ainsworth Energy Co. Ltd.,Tumbler Ridge Bioenergy Project,BC,Private,2018,2024,7,Announced & Planning,Announced & Planning,1,0,15.0,0.072,50.024653,-119.373429,Energy,Waste Biomass,1,EN-BIO,1,1,1,1,0,0.030063,0.019207,0.25,0.011579,0.020821,0.083284,0.033005,0.025694,capex,15.0,blended_prob,0.020091,0.000363,0.000161,0.000113,9.2e-05,0.301362,0.005452,0.002419,0.001696,0.001385,0.312314,0.312314,0.020821,2025.066977,15.0,0.45,0.026598,0.018295,0.687834,1.453839,3e-06,69.825893,,0,,127,0.312314,0.006503,0.033111,0.01229,0.496671,0.184357,0.010341,0.003838,0,0,mpo_only,MPO Cap Only
2124,Nations Energy Corp.,Biomass Project - Kamloops,BC,Private,2018,2024,7,Announced & Planning,Announced & Planning,1,0,15.0,0.072,50.716188,-120.388986,Energy,Waste Biomass,1,EN-BIO,1,1,1,1,0,0.030063,0.019207,0.25,0.011579,0.020821,0.083284,0.033005,0.025694,capex,15.0,blended_prob,0.020091,0.000363,0.000161,0.000113,9.2e-05,0.301362,0.005452,0.002419,0.001696,0.001385,0.312314,0.312314,0.020821,2025.066977,15.0,0.45,0.026598,0.018295,0.687834,1.453839,3e-06,69.825893,,0,,128,0.312314,0.006503,0.033111,0.01229,0.496671,0.184357,0.010341,0.003838,0,0,mpo_only,MPO Cap Only
3101,Frontier Lithium Inc.,Pakeagama Lake,ON,Private,2018,2024,7,Announced & Planning,Announced & Planning,1,0,869.316174,0.788,52.6,-93.37,Mining,Critical Mineral,1,MIN-CM,1,0,1,1,3,0.295204,0.107329,0.25,0.063008,0.179106,0.716424,0.289913,0.223429,capex,869.316174,blended_prob,0.173823,0.002856,0.001151,0.000733,0.000543,151.107395,2.482518,1.000556,0.636979,0.472267,155.699715,155.699715,0.179106,2025.053203,869.316174,26.079485,0.22898,0.157604,0.68829,1.452876,-0.0,8.111825,,0,,129,155.699715,27.886748,0.26002,0.080914,226.039443,70.339728,40.485013,12.598265,0,0,mpo_only,MPO Cap Only
3104,Gensource Potash Corp,Vanguard,SK,Private,2018,2024,7,Announced & Planning,Approved,1,0,353.6,0.615,50.84,-106.21,Mining,Other,0,MIN-OTH,1,0,1,1,2,0.15056,0.088069,0.25,0.052001,0.10128,0.405121,0.163596,0.126207,capex,353.6,blended_prob,0.098031,0.001689,0.000714,0.000476,0.00037,34.663891,0.597112,0.252335,0.168435,0.130938,35.812712,35.812712,0.10128,2025.0595,353.6,10.608,0.129438,0.089064,0.688081,1.453317,0.0,14.349458,,0,,130,35.812712,3.627122,0.153615,0.052334,54.318099,18.505388,5.501353,1.874231,0,0,mpo_only,MPO Cap Only
3105,Ram River Coal,Aries,AB,Private,2018,2024,7,Announced & Planning,Announced & Planning,1,0,1028.0,0.816,52.18,-115.58,Mining,Coal,0,MIN-COAL,1,0,1,1,3,0.118995,0.077582,0.25,0.045953,0.082474,0.329897,0.133073,0.102714,capex,1028.0,blended_prob,0.079773,0.00139,0.000594,0.000401,0.000315,82.007116,1.428898,0.610792,0.412402,0.324284,84.783493,84.783493,0.082474,2025.061154,1028.0,30.84,0.105394,0.072514,0.688026,1.453433,-0.0,17.622877,,0,,131,84.783493,6.992452,0.126458,0.043984,129.999038,45.215545,10.721569,3.729117,0,0,mpo_only,MPO Cap Only
3600,Fibre Pontiac,Fibre Pontiac (The Biomass Conversion Centre),QC,Private,2018,2024,7,In Review,In Review,1,0,120.0,0.388,45.542307,-76.109056,Energy,Waste Biomass,1,EN-BIO,1,0,1,1,1,0.709832,0.212679,0.25,0.120991,0.415412,1.661647,0.673454,0.518629,capex,120.0,blended_prob,0.405798,0.005774,0.002015,0.001111,0.000713,48.695787,0.692842,0.241835,0.133334,0.085613,49.849411,49.849411,0.415412,2025.038495,120.0,3.6,0.531519,0.366101,0.688782,1.451839,0.0,3.494939,,0,,132,49.849411,20.708031,0.533677,0.118266,64.041273,14.191862,26.603498,5.895466,1,0,mpo_only,MPO Cap Only
3603,Maritime Resources Corp.,Hammerdown (Green Bay),NL,Private,2018,2024,7,Announced & Planning,Approved,1,0,75.0,0.292,49.5544,-56.2372,Mining,Precious Metal,0,MIN-PM,1,0,1,1,0,0.248824,0.064895,0.25,0.038585,0.143705,0.574818,0.232454,0.179204,capex,75.0,blended_prob,0.139302,0.002338,0.000963,0.000626,0.000475,10.447663,0.175381,0.072226,0.046982,0.035592,10.777844,10.777844,0.143705,2025.055962,75.0,2.25,0.183692,0.126417,0.688198,1.45307,1e-06,10.111506,,0,,133,10.777844,1.548825,0.212771,0.069066,15.957798,5.179954,2.293209,0.744383,0,0,mpo_only,MPO Cap Only
3604,AuMEGA (previously Matador Mining Limited),Cape Ray,NL,Private,2018,2024,7,In Review,In Review,1,0,145.4,0.439,47.4503,-58.5547,Mining,Other,0,MIN-OTH,1,0,1,1,1,0.428632,0.055893,0.25,0.033324,0.230978,0.923911,0.374104,0.288228,capex,145.4,blended_prob,0.224528,0.003574,0.001396,0.000861,0.000618,32.646428,0.519674,0.20294,0.125182,0.089927,33.584151,33.584151,0.230978,2025.049452,145.4,4.362,0.295357,0.203328,0.688415,1.452613,0.0,6.288976,,0,,134,33.584151,7.757188,0.326019,0.095041,47.403102,13.818951,10.949057,3.191869,0,0,mpo_only,MPO Cap Only
3610,Telkwa Mining Ltd.,Tenas Project,BC,Private,2018,2024,7,In Review,In Review,1,0,115.0,0.38,54.62717,-127.161516,Mining,Coal,0,MIN-COAL,1,0,1,1,1,0.00633,0.008889,0.25,0.005376,0.005853,0.023411,0.00871,0.006996,capex,115.0,blended_prob,0.005644,0.000103,4.6e-05,3.3e-05,2.7e-05,0.649049,0.011849,0.005307,0.003754,0.003093,0.673052,0.673052,0.005853,2025.068489,115.0,3.45,0.007476,0.005142,0.687784,1.453945,3e-06,248.425945,,0,,135,0.673052,0.003939,0.009392,0.00354,1.080098,0.407046,0.006321,0.002382,0,0,mpo_only,MPO Cap Only
3615,NB Power,Advanced Meter Infrastructure,NB,Public,2018,2024,7,In Review,Approved,1,0,109.6,0.369,,,Energy,Waste Biomass,1,EN-BIO,1,0,1,1,1,0.841098,0.180443,0.25,0.10364,0.472369,1.889477,0.7659,0.589782,capex,109.6,blended_prob,0.462031,0.00635,0.002141,0.00114,0.000707,50.638626,0.695936,0.234638,0.124958,0.077501,51.771658,51.771658,0.472369,2025.035736,109.6,3.288,0.604488,0.416417,0.688875,1.451643,0.0,3.073111,,0,,136,51.771658,24.455334,0.590471,0.118102,64.715674,12.944015,30.569688,6.114353,1,0,mpo_only,MPO Cap Only
3617,St Barbara Ltd.,Beaver Dam Gold Project,NS,Private,2018,2024,7,Announced & Planning,In Review,1,0,314.5,0.585,44.98,-62.94,Mining,Other,0,MIN-OTH,1,0,1,1,2,0.12227,0.0981,0.25,0.057749,0.09001,0.360038,0.145303,0.112127,capex,314.5,blended_prob,0.087086,0.00151,0.000643,0.000432,0.000338,27.388654,0.475038,0.202129,0.135851,0.106335,28.308008,28.308008,0.09001,2025.060484,314.5,9.435,0.115027,0.079144,0.688048,1.453386,0.0,16.147019,,0,,137,28.308008,2.547992,0.13741,0.047401,43.21556,14.907552,3.889814,1.341822,0,0,mpo_only,MPO Cap Only
3622,CVW Cleantech,Titanium and Zircon Extraction Facility,AB,Private,2018,2024,7,Announced & Planning,Announced & Planning,1,0,610.0,0.726,57.336236,-111.754013,Mining,Critical Mineral,1,MIN-CM,1,0,1,1,3,0.191057,0.104015,0.25,0.061123,0.12609,0.50436,0.203864,0.1572,capex,610.0,blended_prob,0.122153,0.002073,0.000863,0.000567,0.000434,74.513249,1.264312,0.52628,0.346031,0.264966,76.914839,76.914839,0.12609,2025.057399,610.0,18.3,0.161163,0.110905,0.688151,1.45317,0.0,11.524875,,0,,138,76.914839,9.698184,0.188554,0.062464,115.018121,38.103282,14.502623,4.804439,0,0,mpo_only,MPO Cap Only
4000,Hydro One,Northwest Bulk Transmission Line Waasigan Transmission Line,ON,Public,2019,2024,6,Announced & Planning,In Review,1,0,1200.0,0.828,,,Energy,Trans & Distr,0,EN-T&D,1,0,1,1,3,0.644818,0.348651,0.25,0.190556,0.417687,1.670749,0.677147,0.521471,capex,1200.0,blended_prob,0.408043,0.005798,0.002021,0.001113,0.000713,489.651351,6.957104,2.425004,1.335153,0.856106,501.224717,501.224717,0.417687,2025.03838,1200.0,36.0,0.50239,0.36811,0.732719,1.364781,-0.0,3.26747,,0,,139,501.224717,209.355181,0.512239,0.094552,614.686881,113.462163,256.746882,47.391701,1,0,mpo_only,MPO Cap Only
4006,Mines Agnico Eagle ltee,Wasamac,QC,Private,2019,2024,6,Announced & Planning,In Review,1,0,533.0,0.698,48.21,-79.19,Mining,Precious Metal,0,MIN-PM,1,0,1,1,2,0.069362,0.030647,0.25,0.018412,0.043887,0.175548,0.070443,0.054509,capex,533.0,blended_prob,0.042387,0.000756,0.000331,0.000229,0.000184,22.59234,0.403006,0.176361,0.121907,0.098137,23.391752,23.391752,0.043887,2025.064724,533.0,15.99,0.05271,0.038572,0.731788,1.366515,-0.0,31.137161,,0,,140,23.391752,1.026593,0.062972,0.019085,33.56423,10.172478,1.473032,0.446439,0,0,mpo_only,MPO Cap Only
4007,NexGen Energy Ltd.,Rook I,SK,Private,2019,2024,6,Announced & Planning,Approved,1,0,1300.0,0.842,57.59,-108.99,Mining,Other,0,MIN-OTH,1,0,1,1,4,0.109393,0.069933,0.25,0.041518,0.075455,0.301822,0.121681,0.093945,capex,1300.0,blended_prob,0.072965,0.001277,0.000548,0.000372,0.000294,94.854983,1.659836,0.712546,0.483164,0.381553,98.092083,98.092083,0.075455,2025.061785,1300.0,39.0,0.090639,0.066338,0.731891,1.366323,0.0,18.107682,,0,,141,98.092083,7.401582,0.106737,0.031281,138.757488,40.665405,10.470008,3.068426,0,0,mpo_only,MPO Cap Only
4008,Denison Mines Corp.,Wheeler River - Phoenix,SK,Private,2019,2024,6,Announced & Planning,In Review,1,0,945.659,0.8,57.53,-105.41,Mining,Other,0,MIN-OTH,1,0,1,1,3,0.133101,0.072981,0.25,0.043288,0.088194,0.352778,0.142357,0.109859,capex,945.659,blended_prob,0.085324,0.001482,0.000631,0.000425,0.000333,80.687871,1.401025,0.596796,0.401551,0.314654,83.401898,83.401898,0.088194,2025.060645,945.659,28.36977,0.105949,0.077547,0.731931,1.366249,0.0,15.491318,,0,,142,83.401898,7.355587,0.124048,0.035854,117.307211,33.905313,10.345848,2.990261,0,0,mpo_only,MPO Cap Only
4013,Rio Tinto,Vaudreuil alumina refinery,QC,Private,2019,2024,6,Announced & Planning,Announced & Planning,1,0,250.0,0.534,48.42623,-71.182543,Mining,Critical Mineral,1,MIN-CM,1,0,1,1,2,0.025698,0.044296,0.25,0.026502,0.0261,0.1044,0.041573,0.032289,capex,250.0,blended_prob,0.02519,0.000454,0.000201,0.00014,0.000114,6.297553,0.113559,0.050236,0.035103,0.028566,6.525018,6.525018,0.0261,2025.066453,250.0,7.5,0.031344,0.022935,0.731728,1.366628,-2e-06,52.361103,,0,,143,6.525018,0.170303,0.037756,0.011656,9.438944,2.913926,0.246357,0.076054,0,0,mpo_only,MPO Cap Only
4014,Alcoa/Rio Tinto,The Elysis joint venture,QC,Private,2019,2024,6,Announced & Planning,Announced & Planning,1,0,664.0,0.736,48.43214,-71.17565,Mining,Critical Mineral,1,MIN-CM,1,0,1,1,3,0.02778,0.036079,0.25,0.021639,0.02471,0.098839,0.039317,0.030552,capex,664.0,blended_prob,0.023847,0.00043,0.000191,0.000133,0.000109,15.834401,0.285773,0.126527,0.088487,0.07207,16.407256,16.407256,0.02471,2025.06659,664.0,19.92,0.029674,0.021713,0.731723,1.366637,1e-06,55.30768,,0,,144,16.407256,0.405419,0.035767,0.011058,23.74951,7.342253,0.586844,0.181425,0,0,mpo_only,MPO Cap Only
4015,Signal Gold Inc. (formerly Anaconda Mining),Goldboro Gold,NS,Private,2019,2024,6,In Review,Approved,1,0,271.0,0.559,45.203,-61.6422,Mining,Precious Metal,0,MIN-PM,1,0,1,1,2,0.127984,0.100725,0.25,0.059248,0.093616,0.374465,0.151157,0.116632,capex,271.0,blended_prob,0.090588,0.001568,0.000666,0.000446,0.000349,24.549289,0.424858,0.180381,0.120968,0.094478,25.369975,25.369975,0.093616,2025.060167,271.0,8.13,0.112465,0.082318,0.731948,1.366217,-0.0,14.593822,,0,,145,25.369975,2.375039,0.131356,0.03774,35.597564,10.227589,3.332507,0.957467,0,0,mpo_only,MPO Cap Only
4016,Allkem Limited,James Bay Lithium,QC,Private,2019,2024,6,In Review,Approved,1,0,508.7,0.69,,,Mining,Critical Mineral,1,MIN-CM,1,0,1,1,2,0.025698,0.037805,0.25,0.022663,0.02418,0.096721,0.038457,0.029891,capex,508.7,blended_prob,0.023336,0.000421,0.000187,0.000131,0.000106,11.870828,0.214309,0.094916,0.066401,0.054099,12.300554,12.300554,0.02418,2025.066643,508.7,15.261,0.029038,0.021248,0.731721,1.366641,1e-06,56.518611,,0,,146,12.300554,0.297432,0.03501,0.010829,17.809382,5.508828,0.430637,0.133206,0,0,mpo_only,MPO Cap Only
4021,Tolko,Mill upgrade,BC,Private,2019,2024,6,Announced & Planning,Announced & Planning,1,0,35.0,0.157,50.4477,-119.197,Forest,Pulp & Paper,0,FOR-P&P,0,0,1,1,0,0.055028,0.119264,0.25,0.069764,0.062396,0.249584,0.100484,0.077631,capex,35.0,blended_prob,0.060307,0.001064,0.00046,0.000315,0.00025,2.110744,0.03723,0.01611,0.011011,0.008765,2.183859,2.183859,0.062396,2025.062981,35.0,1.05,0.074947,0.05485,0.731849,1.366402,3e-06,21.898873,,0,,147,2.183859,0.136264,0.088783,0.026387,3.107404,0.923545,0.193889,0.057625,0,0,mpo_only,MPO Cap Only
4057,EDF Renewables Canada,Vulcan Solar Project,AB,Private,2019,2024,6,Announced & Planning,Announced & Planning,1,0,155.0,0.451,50.403783,-113.253133,Energy,Clean Electricity,1,EN-CLEL,1,0,1,1,1,0.909403,0.569326,0.25,0.291933,0.600668,2.402671,0.974138,0.750056,capex,155.0,blended_prob,0.589036,0.007487,0.002335,0.00115,0.00066,91.300638,1.160506,0.361879,0.178244,0.102245,93.103511,93.103511,0.600668,2025.030375,155.0,4.65,0.722799,0.529816,0.733006,1.364245,0.0,2.271215,,0,,148,93.103511,55.924282,0.687722,0.087054,106.596853,13.493342,64.029299,8.105016,0,0,mpo_only,MPO Cap Only
4072,PEI Energy Corporation,Borden Battery Park,PE,Public,2020,2024,5,Announced & Planning,In Review,1,0,35.0,0.157,46.253763,-63.692162,Energy,"DER, Storage, EV",1,EN-DER,1,0,1,1,0,0.741566,0.767468,0.25,0.372092,0.556829,2.227316,0.902984,0.695291,capex,35.0,blended_prob,0.545592,0.007122,0.002281,0.001154,0.00068,19.09571,0.249286,0.079836,0.040387,0.023793,19.489013,19.489013,0.556829,2025.032084,35.0,1.05,0.62964,0.49106,0.779906,1.282205,1e-06,2.302691,,0,,149,19.489013,10.852046,0.625798,0.068969,21.902937,2.413925,12.196189,1.344143,0,0,mpo_only,MPO Cap Only
4073,PEI Energy Corporation,Western PEI Transmission Upgrade,PE,Private,2019,2024,6,In Review,In Review,1,0,44.0,0.192,46.794249,-64.157612,Energy,Trans & Distr,0,EN-T&D,0,0,1,1,0,0.712496,0.822808,0.25,0.392813,0.552654,2.210618,0.896209,0.690076,capex,44.0,blended_prob,0.541457,0.007086,0.002275,0.001154,0.000682,23.824117,0.311804,0.100113,0.050773,0.029988,24.316795,24.316795,0.552654,2025.032253,44.0,1.32,0.664954,0.48737,0.732938,1.364372,-0.0,2.468761,,0,,150,24.316795,13.438785,0.643971,0.091317,28.334732,4.017936,15.659315,2.22053,0,0,mpo_only,MPO Cap Only
4077,Synex Energy Resources Ltd.,Victoria Lake Hydro Project,BC,Private,2019,2024,6,In Review,In Review,1,0,18.0,0.083,50.424697,-127.487264,Energy,Clean Electricity,1,EN-CLEL,1,0,1,1,0,0.056512,0.060878,0.25,0.036241,0.046376,0.185505,0.074483,0.057619,capex,18.0,blended_prob,0.044796,0.000798,0.000349,0.000241,0.000193,0.806325,0.014362,0.006275,0.004331,0.003481,0.834774,0.834774,0.046376,2025.064486,18.0,0.54,0.0557,0.040761,0.731797,1.3665,3e-06,29.465449,,0,,151,0.834774,0.038714,0.066469,0.020093,1.196442,0.361667,0.055487,0.016773,0,0,mpo_only,MPO Cap Only
4080,Pacific Greengen Power Inc.,Fries Creek Hydroelectric Project,BC,Private,2019,2024,6,In Review,In Review,1,0,20.0,0.088,49.307766,-121.799622,Energy,Clean Electricity,1,EN-CLEL,1,0,1,1,0,0.056512,0.06057,0.25,0.036061,0.046286,0.185145,0.074337,0.057506,capex,20.0,blended_prob,0.044709,0.000796,0.000348,0.00024,0.000193,0.894172,0.015927,0.00696,0.004804,0.003862,0.925724,0.925724,0.046286,2025.064495,20.0,0.6,0.055592,0.040682,0.731796,1.366501,3e-06,29.522834,,0,,152,0.925724,0.042848,0.066343,0.020056,1.326851,0.401126,0.061415,0.018567,0,0,mpo_only,MPO Cap Only
4096,Boralex,Babcock Ridge Wind Farm,BC,Private,2019,2024,6,In Review,Announced & Planning,1,0,50.0,0.214,55.11167,-121.000634,Energy,Clean Electricity,1,EN-CLEL,1,0,1,1,0,0.056512,0.053293,0.25,0.031798,0.044155,0.17662,0.070878,0.054844,capex,50.0,blended_prob,0.042646,0.000761,0.000333,0.00023,0.000185,2.132319,0.03803,0.01664,0.0115,0.009256,2.207746,2.207746,0.044155,2025.064698,50.0,1.5,0.053032,0.038808,0.731789,1.366514,3e-06,30.94817,,0,,153,2.207746,0.097483,0.063349,0.019194,3.167452,0.959706,0.139859,0.042376,0,0,mpo_only,MPO Cap Only
4104,Canfor Corporation/Licella,Biofuel Facility,BC,Private,2019,2024,6,Announced & Planning,Announced & Planning,1,0,70.0,0.275,53.92241,-122.745706,Energy,Low Carbon Fuels,1,EN-LCF,1,1,1,1,0,0.010328,0.015628,0.25,0.009431,0.009879,0.039518,0.015246,0.012026,capex,70.0,blended_prob,0.009529,0.000174,7.8e-05,5.5e-05,4.5e-05,0.667006,0.012147,0.005427,0.00383,0.003147,0.691557,0.691557,0.009879,2025.068078,70.0,2.1,0.011863,0.00868,0.731671,1.366735,3e-06,138.341979,,0,,154,0.691557,0.006832,0.014398,0.004519,1.007888,0.316331,0.009957,0.003125,0,0,mpo_only,MPO Cap Only
4111,Borealis Geopower,Canoe Reach Geothermal Energy Project,BC,Private,2019,2024,6,Announced & Planning,In Review,1,0,120.0,0.388,52.830616,-119.265917,Energy,Clean Electricity,1,EN-CLEL,1,0,1,1,1,0.151635,0.044659,0.25,0.026716,0.089176,0.356703,0.14395,0.111085,capex,120.0,blended_prob,0.086277,0.001497,0.000637,0.000429,0.000336,10.353231,0.179661,0.076485,0.051432,0.040278,10.701086,10.701086,0.089176,2025.060558,120.0,3.6,0.107128,0.078411,0.731934,1.366243,1e-06,15.320795,,0,,155,10.701086,0.954277,0.125373,0.036198,15.044809,4.343723,1.341632,0.387355,0,0,mpo_only,MPO Cap Only
4116,Alcan Aluminum Ltd. and the Province of BC,Kenney Dam Cold Water Release Facility,BC,Public,2020,2024,5,Announced & Planning,Announced & Planning,1,0,275.0,0.563,53.566667,-124.95,Energy,Clean Electricity,1,EN-CLEL,1,0,1,1,2,0.140779,0.037386,0.25,0.022414,0.081597,0.326387,0.131648,0.101617,capex,275.0,blended_prob,0.078922,0.001376,0.000588,0.000398,0.000313,21.703565,0.378367,0.161822,0.109319,0.086007,22.43908,22.43908,0.081597,2025.061232,275.0,8.25,0.092117,0.071741,0.778806,1.284017,1e-06,15.736142,,0,,156,22.43908,1.830954,0.105749,0.024152,29.080982,6.641902,2.372911,0.541957,0,0,mpo_only,MPO Cap Only
4119,AltaGas / Vopak Development Canada Inc.,Ridley Island Energy Export Facility (REEF),BC,Private,2019,2024,6,In Review,In Review,1,0,750.0,0.757,54.314188,-130.322183,Energy,"DER, Storage, EV",1,EN-DER,1,0,1,1,3,0.091829,0.030699,0.25,0.018443,0.055136,0.220543,0.0887,0.068562,capex,750.0,blended_prob,0.053275,0.000944,0.00041,0.000282,0.000225,39.956212,0.707882,0.307666,0.211219,0.168874,41.351853,41.351853,0.055136,2025.063658,750.0,22.5,0.066224,0.048464,0.731826,1.366446,0.0,24.783275,,0,,157,41.351853,2.279968,0.07871,0.023574,59.032689,17.680836,3.254815,0.974847,0,0,mpo_only,MPO Cap Only
4125,Nisgaa Nation,Nisgaa LNG,BC,Private,2019,2024,6,Announced & Planning,Announced & Planning,1,0,10000.0,0.975,54.901569,-130.072604,Energy,Oil & Gas - Downstream,0,EN-OG-D,1,0,1,1,4,0.011552,0.020106,0.25,0.012117,0.011835,0.047338,0.018419,0.014469,capex,10000.0,blended_prob,0.011415,0.000208,9.3e-05,6.5e-05,5.4e-05,114.153835,2.076408,0.926568,0.653095,0.53611,118.346017,118.346017,0.011835,2025.06788,10000.0,300.0,0.014211,0.010398,0.731678,1.366722,-0.0,115.485227,,0,,158,118.346017,1.400578,0.017232,0.005398,172.323925,53.977908,2.039385,0.638807,0,0,mpo_only,MPO Cap Only
4126,Devon Energy Corporation/ BP JV,Pike,AB,Private,2019,2024,6,Announced & Planning,Announced & Planning,1,0,1900.0,0.89,55.599405,-110.995766,Energy,Clean Electricity,1,EN-CLEL,1,0,1,1,4,0.875413,0.364497,0.25,0.198297,0.536855,2.147418,0.870565,0.670339,capex,1900.0,blended_prob,0.525813,0.006948,0.002252,0.001153,0.000688,999.044183,13.20159,4.279669,2.191435,1.306849,1020.023726,1020.023726,0.536855,2025.032904,1900.0,57.0,0.64592,0.473404,0.732915,1.364415,0.0,2.541498,,0,,159,1020.023726,547.604422,0.629233,0.092378,1195.542326,175.5186,641.832389,94.227966,0,0,mpo_only,MPO Cap Only
4153,DP Energy Limited (Haligonia Tidal Energy Ltd. / Rio Fundo Operations Canada Ltd.),Uisce Tapa In-Stream Tidal Energy Project,NS,Private,2019,2024,6,Approved,Approved,1,0,117.0,0.384,45.367408,-63.70584,Energy,Clean Electricity,1,EN-CLEL,1,0,1,1,1,0.550146,0.609422,0.25,0.308941,0.429543,1.718173,0.696391,0.536282,capex,117.0,blended_prob,0.41974,0.005921,0.002049,0.00112,0.000713,49.10963,0.692746,0.239731,0.131041,0.08342,50.256569,50.256569,0.429543,2025.037786,117.0,3.51,0.516667,0.378583,0.73274,1.364741,0.0,3.177191,,0,,160,50.256569,21.587374,0.524362,0.094819,61.35038,11.093811,26.352647,4.765272,1,0,mpo_only,MPO Cap Only
4162,Waroona Energy Inc.,Superior Lake (formerly Pick Lake/Winston Lake Zinc Project),ON,Private,2020,2024,5,Announced & Planning,Announced & Planning,1,0,145.0846,0.438,49.011,-87.41,Mining,Other,0,MIN-OTH,1,0,1,1,1,0.482296,0.125168,0.25,0.073088,0.277692,1.110768,0.449925,0.346585,capex,145.0846,blended_prob,0.270306,0.004182,0.001587,0.000952,0.000665,39.217245,0.60677,0.23031,0.138082,0.096414,40.288821,40.288821,0.277692,2025.046348,145.0846,4.352538,0.313754,0.244529,0.779364,1.283097,0.0,4.620577,,0,,161,40.288821,11.18788,0.338495,0.060803,49.11039,8.821568,13.637558,2.449678,0,0,mpo_only,MPO Cap Only
4163,Canadian Premium Sand,Wanipigow,MB,Private,2020,2024,5,Announced & Planning,Approved,1,0,124.0,0.4,,,Mining,Other,0,MIN-OTH,1,0,1,1,1,0.413255,0.118381,0.25,0.069266,0.24126,0.965042,0.390794,0.301074,capex,124.0,blended_prob,0.234596,0.003711,0.00144,0.000883,0.00063,29.089928,0.460172,0.178583,0.10947,0.078149,29.916302,29.916302,0.24126,2025.048747,124.0,3.72,0.272555,0.212395,0.779274,1.283246,-0.0,5.318922,,0,,162,29.916302,7.217622,0.297371,0.05611,36.873946,6.957645,8.896227,1.678605,0,0,mpo_only,MPO Cap Only
4164,Copper Mountain Mining Corp.,New Ingerbelle,BC,Private,2020,2024,5,Announced & Planning,In Review,1,0,183.0,0.478,49.33,-120.53,Mining,Critical Mineral,1,MIN-CM,1,0,1,1,1,0.010007,0.009846,0.25,0.005952,0.00798,0.031919,0.012163,0.009653,capex,183.0,blended_prob,0.007696,0.00014,6.3e-05,4.4e-05,3.6e-05,1.408351,0.025677,0.011485,0.008114,0.006677,1.460304,1.460304,0.00798,2025.068271,183.0,5.49,0.009005,0.007011,0.778544,1.284449,3e-06,160.962473,,0,,163,1.460304,0.011653,0.010593,0.002613,1.938545,0.47824,0.015469,0.003816,0,0,mpo_only,MPO Cap Only
4166,Foran Mining Corp.,McIlvenna Bay,SK,Private,2020,2024,5,Announced & Planning,Approved,1,0,368.0,0.622,54.66,-102.89,Mining,Critical Mineral,1,MIN-CM,1,0,1,1,2,0.069771,0.106995,0.25,0.062818,0.066294,0.265177,0.106811,0.082501,capex,368.0,blended_prob,0.064084,0.001128,0.000487,0.000332,0.000264,23.583043,0.414979,0.179141,0.122152,0.097002,24.396317,24.396317,0.066294,2025.062621,368.0,11.04,0.074836,0.058279,0.778754,1.284102,-0.0,19.369708,,0,,164,24.396317,1.617338,0.086343,0.020049,31.774262,7.377945,2.106454,0.489116,0,0,mpo_only,MPO Cap Only
4169,Allegiance Coal,Telkwa (Delete same project as Tenas Project (ID3610),BC,Private,2020,2024,5,Announced & Planning,Announced & Planning,1,0,73.216,0.288,,,Mining,Coal,0,MIN-COAL,1,0,1,1,0,0.001933,0.00976,0.25,0.005901,0.003917,0.015668,0.005569,0.004578,capex,73.216,blended_prob,0.003777,6.9e-05,3.1e-05,2.2e-05,1.8e-05,0.276537,0.005054,0.002266,0.001605,0.001324,0.286787,0.286787,0.003917,2025.068687,73.216,2.19648,0.00442,0.003441,0.778528,1.284475,3e-06,327.923284,,0,,165,0.286787,0.001123,0.005207,0.00129,0.381219,0.094432,0.001493,0.00037,0,0,mpo_only,MPO Cap Only
4188,Alpin Sun,Airport City Solar,AB,Private,2020,2024,5,Announced & Planning,Announced & Planning,1,0,169.0,0.464,53.291079,-113.593655,Energy,Clean Electricity,1,EN-CLEL,1,0,1,1,1,0.919304,0.561857,0.25,0.288719,0.604012,2.416047,0.979566,0.754233,capex,169.0,blended_prob,0.592352,0.007514,0.002338,0.001149,0.000658,100.10751,1.269861,0.395174,0.194247,0.111199,102.077991,102.077991,0.604012,2025.030249,169.0,5.07,0.683062,0.532773,0.779977,1.282089,0.0,2.122623,,0,,166,102.077991,61.656309,0.66999,0.065978,113.228308,11.150317,68.391232,6.734923,0,0,mpo_only,MPO Cap Only
4198,Climate Transition Development Corporation,Greenview Geothermal Power Plant (Alberta No. 1),AB,Private,2020,2024,5,Announced & Planning,Announced & Planning,1,0,106.0,0.365,54.841827,-117.649841,Energy,Clean Electricity,1,EN-CLEL,1,0,1,1,1,0.919304,0.621298,0.25,0.313899,0.616602,2.466407,1.0,0.769961,capex,106.0,blended_prob,0.604838,0.007614,0.002351,0.001147,0.000652,64.11285,0.807062,0.249236,0.121576,0.069066,65.35979,65.35979,0.616602,2025.029782,106.0,3.18,0.697318,0.543904,0.779995,1.28206,0.0,2.079235,,0,,167,65.35979,40.300964,0.681588,0.064986,72.248342,6.888551,44.548457,4.247493,0,0,mpo_only,MPO Cap Only
4204,Jupiter Hydro,In-Stream Tidal Demonstration Project,NS,Public,2020,2024,5,Announced & Planning,Approved,1,0,23.3,0.118,45.357404,-64.409667,Energy,Clean Electricity,1,EN-CLEL,1,1,1,1,0,0.229389,0.249115,0.25,0.140198,0.184794,0.739176,0.299145,0.230534,capex,23.3,blended_prob,0.179376,0.002937,0.00118,0.000748,0.000553,4.179469,0.068426,0.027483,0.017436,0.012883,4.305697,4.305697,0.184794,2025.052775,23.3,0.699,0.208718,0.162617,0.779123,1.283495,3e-06,6.945549,,0,,168,4.305697,0.795667,0.231783,0.046989,5.400549,1.094852,0.997988,0.202322,0,0,mpo_only,MPO Cap Only
4216,NRStor and Six Nations of the Grand River Development Corporation Oneida Energy Storage LP,Oneida Energy Storage,ON,Private,2020,2024,5,Announced & Planning,Approved,1,0,800.0,0.776,,,Energy,"DER, Storage, EV",1,EN-DER,1,0,1,1,3,0.782745,0.449739,0.25,0.238682,0.510713,2.042854,0.828136,0.637682,capex,800.0,blended_prob,0.499943,0.006712,0.002211,0.00115,0.000697,399.954433,5.369849,1.768707,0.920205,0.557559,408.570754,408.570754,0.510713,2025.034016,800.0,24.0,0.577432,0.4503,0.779832,1.282327,-0.0,2.510854,,0,,169,408.570754,208.662576,0.581465,0.070752,465.172118,56.601364,237.569654,28.907078,0,0,mpo_only,MPO Cap Only
4220,Port Hawkesbury Paper,Goose Harbour Lake Wind Farm (formerly Pirate Harbour),NS,Private,2020,2024,5,Announced & Planning,Approved,1,0,155.0,0.451,45.605694,-61.370927,Energy,Clean Electricity,1,EN-CLEL,1,0,1,1,1,0.581232,0.569326,0.25,0.291933,0.436582,1.74633,0.707816,0.545076,capex,155.0,blended_prob,0.426688,0.005993,0.002065,0.001124,0.000712,66.136592,0.928942,0.320094,0.174222,0.110434,67.670284,67.670284,0.436582,2025.037439,155.0,4.65,0.493523,0.384801,0.779702,1.282542,0.0,2.937684,,0,,170,67.670284,29.543661,0.507721,0.071139,78.696772,11.026488,34.357632,4.813971,1,0,mpo_only,MPO Cap Only
4224,WindRiver Power Corp. & TC Energy,Canyon Creek Hydro Power Project (storage),AB,Private,2020,2024,5,Announced & Planning,In Review,1,0,200.0,0.49,53.530105,-117.524529,Energy,Clean Electricity,1,EN-CLEL,1,0,1,1,1,0.919304,0.547212,0.25,0.282375,0.60084,2.403358,0.974417,0.750271,capex,200.0,blended_prob,0.589207,0.007489,0.002335,0.00115,0.00066,117.841345,1.497703,0.466978,0.229986,0.131912,120.167925,120.167925,0.60084,2025.030368,200.0,6.0,0.67947,0.529968,0.779972,1.282097,0.0,2.133842,,0,,171,120.167925,72.201651,0.667055,0.066215,133.411005,13.24308,80.158618,7.956967,0,0,mpo_only,MPO Cap Only
4231,Enbridge Frontier Inc.,Frontier NGL Plant and Pipeline Project,BC,Private,2020,2024,5,Announced & Planning,Announced & Planning,1,0,2500.0,0.912,55.712509,-121.668906,Energy,Trans & Distr,0,EN-T&D,1,0,1,1,4,0.049883,0.021435,0.25,0.012913,0.031398,0.125592,0.050172,0.038908,capex,2500.0,blended_prob,0.03031,0.000545,0.00024,0.000167,0.000136,75.775084,1.362001,0.60058,0.41831,0.339316,78.495292,78.495292,0.031398,2025.065932,2500.0,75.0,0.035437,0.027592,0.778631,1.284305,0.0,40.9039,,0,,172,78.495292,2.464604,0.041361,0.009963,103.402594,24.907302,3.246647,0.782042,0,0,mpo_only,MPO Cap Only
5002,Inuvialuit Petroleum Corporation,Inuvialuit Energy Security Project,NT,Private,2021,2024,4,Announced & Planning,Approved,1,0,160.0,0.456,69.297389,-133.076278,Energy,Clean Electricity,1,EN-CLEL,1,0,1,1,1,0.876648,0.566442,1.0,0.290694,0.583671,0.583671,0.236046,0.444621,capex,160.0,blended_prob,0.231541,0.12854,0.091627,0.072183,0.059781,37.04651,20.566364,14.660249,11.549273,9.564949,93.387346,93.387346,0.583671,2026.314894,160.0,4.8,0.576244,0.445788,0.77361,1.292641,0.0,2.214674,,0,,173,93.387346,54.507477,0.629129,0.045458,100.660626,7.27328,58.752679,4.245202,0,0,mpo_only,MPO Cap Only
5010,Deh Tai GP Ltd,Clarke Lake Geothermal Development,BC,Private,2021,2024,4,Announced & Planning,Announced & Planning,1,0,100.0,0.342,,,Energy,Clean Electricity,1,EN-CLEL,1,0,1,1,1,0.331089,0.046795,1.0,0.027976,0.179533,0.179533,0.07206,0.136543,capex,100.0,blended_prob,0.065452,0.03864,0.029291,0.024539,0.021611,6.545178,3.864013,2.929067,2.453858,2.161147,17.953264,17.953264,0.179533,2026.433072,100.0,3.0,0.17602,0.135263,0.768449,1.301323,1e-06,7.248394,,0,,174,17.953264,3.223197,0.209342,0.029809,20.934191,2.980928,3.758371,0.535174,0,0,mpo_only,MPO Cap Only
5014,"Nisga'a Nation, Western LNG, Rockies LNG Partners",Ksi Lisims LNG,BC,Private,2021,2024,4,Announced & Planning,Announced & Planning,1,0,10000.0,0.975,,,Energy,Oil & Gas - Downstream,0,EN-OG-D,1,0,1,1,4,0.031349,0.020106,1.0,0.012117,0.021733,0.021733,0.00803,0.016252,capex,10000.0,blended_prob,0.007651,0.004627,0.003592,0.003083,0.002781,76.508311,46.265118,35.92298,30.826235,27.80887,217.331515,217.331515,0.021733,2026.480803,10000.0,300.0,0.021248,0.016284,0.766354,1.30488,-0.0,60.041005,,0,,175,217.331515,4.723299,0.026178,0.004444,261.776396,44.444881,5.689226,0.965927,0,0,mpo_only,MPO Cap Only
5016,Pace Canada LP,Caroline Solar Project,AB,Private,2021,2024,4,Announced & Planning,Announced & Planning,1,0,17.0,0.081,,,Energy,Clean Electricity,1,EN-CLEL,1,0,1,1,0,0.903054,0.829064,1.0,0.395112,0.649083,0.649083,0.262588,0.494485,capex,17.0,blended_prob,0.260857,0.143381,0.101193,0.07893,0.064721,4.434574,2.437471,1.720286,1.341811,1.100263,11.034406,11.034406,0.649083,2026.296357,17.0,0.51,0.641521,0.496805,0.774416,1.291295,1e-06,1.989415,,0,,176,11.034406,7.162241,0.691177,0.042095,11.750017,0.715611,7.626732,0.464491,0,0,mpo_only,MPO Cap Only
5017,Pace Canada LP,Hannah Sheerness Solar Project,AB,Private,2021,2024,4,Announced & Planning,Announced & Planning,1,0,17.2,0.082,,,Energy,Clean Electricity,1,EN-CLEL,1,0,1,1,0,0.903054,0.828222,1.0,0.394803,0.648928,0.648928,0.262525,0.494367,capex,17.2,blended_prob,0.260787,0.143346,0.101171,0.078914,0.06471,4.485541,2.465543,1.740139,1.357328,1.113014,11.161566,11.161566,0.648928,2026.296401,17.2,0.516,0.641367,0.496684,0.774415,1.291298,1e-06,1.989893,,0,,177,11.161566,7.243056,0.691033,0.042104,11.885764,0.724197,7.713008,0.469952,0,0,mpo_only,MPO Cap Only
5018,Tlingit Homeland Energy Limited Partnership (THELP),Atlin Hydro Expansion project,BC,Private,2021,2024,4,Announced & Planning,Announced & Planning,1,0,330.0,0.594,,,Energy,Clean Electricity,1,EN-CLEL,0,0,1,1,2,0.406604,0.049243,1.0,0.029417,0.21801,0.21801,0.087673,0.165875,capex,330.0,blended_prob,0.080147,0.047039,0.035449,0.029525,0.025851,26.448356,15.522906,11.698253,9.743129,8.530816,71.94346,71.94346,0.21801,2026.421562,330.0,9.9,0.21389,0.164472,0.768953,1.30047,0.0,5.965172,,0,,178,71.94346,15.684429,0.252244,0.034234,83.240647,11.297187,18.147334,2.462905,0,0,mpo_only,MPO Cap Only
5019,AWP Industrial Park,"pellet mill, sawmill, biomass power plant and logistics",NT,Private,2021,2024,4,Announced & Planning,Announced & Planning,1,0,20.0,0.088,60.44313,-116.34148,Forest,Lumber,0,FOR-LUM,1,0,1,1,0,0.390145,1.279033,1.0,0.539552,0.464848,0.464848,0.187831,0.354041,capex,20.0,blended_prob,0.180016,0.101759,0.07386,0.059248,0.049964,3.600327,2.035188,1.477204,1.184966,0.999278,9.296963,9.296963,0.464848,2026.349,20.0,0.6,0.458015,0.353644,0.772124,1.295129,-2e-06,2.786133,,0,,179,9.296963,4.321676,0.512443,0.047594,10.248852,0.951889,4.76416,0.442484,1,0,mpo_only,MPO Cap Only
5025,Interfor Corporation,Mill improvement,BC,Private,2021,2024,4,Announced & Planning,Announced & Planning,1,0,35.0,0.157,49.335625,-117.737002,Forest,Pulp & Paper,0,FOR-P&P,1,0,1,1,0,0.085994,0.08774,1.0,0.051812,0.068903,0.068903,0.02717,0.05221,capex,35.0,blended_prob,0.024514,0.014718,0.011346,0.009667,0.008658,0.857998,0.515127,0.397115,0.338335,0.303035,2.41161,2.41161,0.068903,2026.466448,35.0,1.05,0.067422,0.051712,0.766984,1.303807,3e-06,18.922321,,0,,180,2.41161,0.166168,0.082184,0.01328,2.876427,0.464817,0.198195,0.032027,0,0,mpo_only,MPO Cap Only
5027,Osisko Development Corp.,Cariboo Gold Project,BC,Private,2021,2024,4,Approved,Approved,1,0,588.0,0.711,53.08972,-121.56139,Mining,Precious Metal,0,MIN-PM,1,0,1,1,3,0.057478,0.006351,1.0,0.003844,0.030661,0.030661,0.011652,0.023057,capex,588.0,blended_prob,0.010815,0.006531,0.005064,0.00434,0.00391,6.359496,3.840412,2.977875,2.551906,2.298992,18.028681,18.028681,0.030661,2026.478081,588.0,17.64,0.029981,0.02298,0.766473,1.304677,1e-06,42.551634,,0,,181,18.028681,0.552778,0.036862,0.006201,21.675142,3.646461,0.664582,0.111804,0,0,mpo_only,MPO Cap Only
5028,St Barbara Ltd.,Moose River Consolidated (15 Mile Stream Mine),NS,Private,2021,2024,4,In Review,In Review,1,0,182.0,0.477,45.140214,-62.526081,Mining,Precious Metal,0,MIN-PM,1,0,1,1,1,0.334755,0.109474,1.0,0.064226,0.19949,0.19949,0.080158,0.151757,capex,182.0,blended_prob,0.073044,0.042992,0.03249,0.027137,0.023827,13.294056,7.824485,5.913268,4.938885,4.336556,36.307249,36.307249,0.19949,2026.427095,182.0,5.46,0.195657,0.150403,0.76871,1.30088,0.0,6.521016,,0,,182,36.307249,7.242947,0.231678,0.032187,42.16534,5.858091,8.41158,1.168633,0,0,mpo_only,MPO Cap Only
5034,Greengate Power Corporation,Lathom Solar Project,AB,Private,2021,2024,4,Announced & Planning,Approved,1,0,170.0,0.464,,,Energy,Clean Electricity,1,EN-CLEL,1,0,1,1,1,0.965274,0.561857,1.0,0.288719,0.626997,0.626997,0.253626,0.477648,capex,170.0,blended_prob,0.250883,0.138363,0.09798,0.076681,0.063089,42.650147,23.521642,16.656676,13.035825,10.725151,106.589441,106.589441,0.626997,2026.302597,170.0,5.1,0.619466,0.479556,0.774145,1.291748,0.0,2.060214,,0,,183,106.589441,66.831229,0.670396,0.043399,113.967236,7.377795,71.457082,4.625853,0,0,mpo_only,MPO Cap Only
5038,TransAlta Renewables,Tempest Wind Power Project,AB,Private,2021,2024,4,Announced & Planning,In Review,1,0,105.0,0.362,,,Energy,Clean Electricity,1,EN-CLEL,1,0,1,1,1,0.965274,0.623194,1.0,0.314688,0.639981,0.639981,0.258895,0.487546,capex,105.0,blended_prob,0.256738,0.141312,0.099871,0.078007,0.064053,26.957449,14.837743,10.486499,8.190731,6.725576,67.197998,67.197998,0.639981,2026.298926,105.0,3.15,0.63243,0.489694,0.774305,1.291481,0.0,2.017999,,0,,184,67.197998,43.005438,0.682634,0.042653,71.676538,4.47854,45.871618,2.86618,0,0,mpo_only,MPO Cap Only
5040,Prairie Sunlight,Vauxhall Solar Farm,AB,Private,2021,2024,4,In Review,In Review,1,0,220.0,0.518,,,Energy,Clean Electricity,1,EN-CLEL,1,0,1,1,1,0.965274,0.531868,1.0,0.275667,0.62047,0.62047,0.250978,0.472673,capex,220.0,blended_prob,0.247951,0.136881,0.097028,0.076011,0.0626,54.549144,30.113852,21.346089,16.722444,13.771966,136.503495,136.503495,0.62047,2026.304444,220.0,6.6,0.612952,0.474464,0.774065,1.291882,-0.0,2.0821,,0,,185,136.503495,84.696382,0.664222,0.043751,146.12882,9.625325,90.668612,5.97223,0,0,mpo_only,MPO Cap Only
5041,AltaLink,Provost to Edgerton and Nilrem to Vermilion (PENV) Transmission Development,AB,Private,2021,2024,4,Announced & Planning,Announced & Planning,1,0,241.0,0.532,,,Energy,Trans & Distr,0,EN-T&D,1,0,1,1,2,0.892486,0.428546,1.0,0.228835,0.560661,0.560661,0.226709,0.42708,capex,241.0,blended_prob,0.221389,0.123335,0.088225,0.069747,0.057966,53.354632,29.723704,21.262159,16.808975,13.969789,135.119259,135.119259,0.560661,2026.321456,241.0,7.23,0.553314,0.427891,0.773324,1.293119,-0.0,2.306419,,0,,186,135.119259,75.756076,0.606939,0.046278,146.272374,11.153115,82.00919,6.253114,0,0,mpo_only,MPO Cap Only
5048,Ascent Energy Partners,Dunmore Solar Project,AB,Private,2021,2024,4,Announced & Planning,Approved,1,0,200.0,0.49,,,Energy,Clean Electricity,1,EN-CLEL,1,0,1,1,1,0.965274,0.547212,1.0,0.282375,0.623825,0.623825,0.252339,0.47523,capex,200.0,blended_prob,0.249457,0.137642,0.097518,0.076356,0.062852,49.891396,27.528489,19.503508,15.271177,12.57034,124.764911,124.764911,0.623825,2026.303495,200.0,6.0,0.616299,0.477081,0.774106,1.291813,-0.0,2.070795,,0,,187,124.764911,77.831415,0.667397,0.043572,133.479329,8.714418,83.267683,5.436268,0,0,mpo_only,MPO Cap Only
5052,Fortis,Tilbury LNG Phase 2,BC,Private,2022,2024,3,In Review,Announced & Planning,1,0,3500.0,0.93,49.141798,-123.023505,Energy,Oil & Gas - Downstream,0,EN-OG-D,0,0,1,1,4,0.052555,0.028608,2.0,0.017197,0.034876,0.017438,0.006287,0.02344,capex,3500.0,blended_prob,0.008644,0.007423,0.0067,0.006224,0.005885,30.254287,25.978789,23.451228,21.783151,20.598285,122.065741,122.065741,0.034876,2026.807418,3500.0,105.0,0.031424,0.025118,0.799311,1.251077,0.0,35.872236,,0,,188,122.065741,4.257156,0.03823,0.003354,133.805655,11.739914,4.666596,0.40944,0,0,mpo_only,MPO Cap Only
5053,Alberta BioBoard,MDF and Fuel Pellet Plant,AB,Private,2021,2024,4,Announced & Planning,Announced & Planning,1,0,790.0,0.775,,,Energy,Waste Biomass,1,EN-BIO,1,1,1,1,3,0.909618,0.127809,1.0,0.074571,0.492094,0.492094,0.198887,0.374812,capex,790.0,blended_prob,0.191633,0.107878,0.077977,0.062292,0.052313,151.390387,85.223667,61.602133,49.210835,41.327625,388.754647,388.754647,0.492094,2026.341131,790.0,23.7,0.485085,0.374712,0.772467,1.294554,-0.0,2.630701,,0,,189,388.754647,191.30402,0.539665,0.047571,426.335663,37.581015,209.797431,18.493411,1,0,mpo_only,MPO Cap Only
5060,Fortis,Tilbury LNG Phase 1B,BC,Private,2021,2024,4,Announced & Planning,In Review,1,0,60.0,0.253,49.141798,-123.023505,Energy,Oil & Gas - Downstream,0,EN-OG-D,0,0,1,1,0,0.025868,0.056904,1.0,0.033916,0.029892,0.029892,0.01134,0.022471,capex,60.0,blended_prob,0.010542,0.006367,0.004938,0.004232,0.003813,0.632542,0.382028,0.296261,0.253912,0.228774,1.793518,1.793518,0.029892,2026.478315,60.0,1.8,0.029229,0.022403,0.766463,1.304694,3e-06,43.646987,,0,,190,1.793518,0.053612,0.035944,0.006052,2.156619,0.363101,0.064466,0.010854,0,0,mpo_only,MPO Cap Only
5067,Ontario Power Generation,Redevelopment of Coniston station,ON,Public,2021,2024,4,Announced & Planning,Announced & Planning,1,0,85.0,0.317,,,Energy,Clean Electricity,1,EN-LCF,1,0,1,1,0,0.838904,0.716886,1.0,0.352536,0.59572,0.59572,0.240935,0.453806,capex,85.0,blended_prob,0.23689,0.131269,0.0934,0.073446,0.060715,20.135661,11.157833,7.939031,6.242873,5.160791,50.63619,50.63619,0.59572,2026.311467,85.0,2.55,0.588258,0.45517,0.773759,1.292392,0.0,2.169462,,0,,191,50.63619,30.164985,0.640672,0.044952,54.457138,3.820948,32.4412,2.276215,0,0,mpo_only,MPO Cap Only
5069,Canada Nickel Company Inc.,Crawford,ON,Private,2024,2024,1,In Review,In Review,1,0,2655.1095,0.916,48.83972,-81.37309,Mining,Critical Mineral,1,MIN-CM,1,0,1,1,4,0.425935,0.094243,4.0,0.055543,0.240739,0.060185,0.023632,0.153896,capex,2655.1095,blended_prob,0.052414,0.049831,0.047773,0.046077,0.044644,139.165001,132.307877,126.841246,122.339692,118.535472,639.189288,639.189288,0.240739,2026.919856,2655.1095,79.653285,0.190763,0.171009,0.896451,1.11551,-0.0,4.633684,,0,,192,639.189288,153.878002,0.240739,-0.0,639.189288,-0.0,153.878002,-0.0,0,0,mpo_only,MPO Cap Only
5074,New Age Metals Inc.,River Valley Palladium,ON,Private,2024,2024,1,Announced & Planning,Announced & Planning,1,0,606.348,0.724,46.70591,-80.27606,Mining,Precious Metal,0,MIN-PM,1,0,1,1,3,0.723816,0.09361,4.0,0.05518,0.389498,0.097375,0.038722,0.249188,capex,606.348,blended_prob,0.085726,0.081042,0.077255,0.074093,0.071384,51.979501,49.139435,46.843284,44.92588,43.283255,236.171355,236.171355,0.389498,2026.908515,606.348,18.19044,0.308855,0.277059,0.89705,1.114765,0.0,2.862056,,0,,193,236.171355,91.988279,0.389498,-0.0,236.171355,-0.0,91.988279,-0.0,0,0,mpo_only,MPO Cap Only
5076,Resolve Energie,Usine de production d'ethanol cellulosique,QC,Private,2021,2024,4,Announced & Planning,Announced & Planning,1,0,300.0,0.573,46.483331,-70.616664,Energy,Oil & Gas - Upstream,0,EN-OG-U,1,0,1,1,2,0.70855,0.14404,1.0,0.083634,0.396092,0.396092,0.159932,0.301628,capex,300.0,blended_prob,0.151225,0.086383,0.063359,0.051359,0.043766,45.367373,25.914911,19.007694,15.407728,13.129932,118.827639,118.827639,0.396092,2026.368985,300.0,9.0,0.389811,0.300643,0.771252,1.296593,-0.0,3.273464,,0,,194,118.827639,47.066692,0.442467,0.046375,132.740199,13.912561,52.577348,5.510656,0,0,mpo_only,MPO Cap Only
5077,Greenfield Global,Agrandissement usine d'ethanol a Varennes,QC,Private,2021,2024,4,Announced & Planning,Announced & Planning,1,0,120.0,0.388,45.682002,-73.440983,Energy,Low Carbon Fuels,1,EN-LCF,0,0,1,1,1,0.796298,0.28909,1.0,0.160789,0.478543,0.478543,0.193389,0.364482,capex,120.0,blended_prob,0.185841,0.104833,0.075933,0.060784,0.051152,22.300912,12.579983,9.111945,7.294097,6.138281,57.425218,57.425218,0.478543,2026.345041,120.0,3.6,0.471619,0.36423,0.772297,1.294839,0.0,2.705793,,0,,195,57.425218,27.480464,0.526161,0.047618,63.139377,5.714159,30.214938,2.734474,1,0,mpo_only,MPO Cap Only
5086,DEEP,DEEP Geothermal,SK,Private,2021,2024,4,Announced & Planning,Announced & Planning,1,0,256.0,0.551,,,Energy,Clean Electricity,1,EN-CLEL,1,1,1,1,2,0.901294,0.148515,1.0,0.086118,0.493706,0.493706,0.199541,0.37604,capex,256.0,blended_prob,0.192324,0.10824,0.07822,0.062471,0.052451,49.234976,27.70953,20.02434,15.992513,13.427339,126.388698,126.388698,0.493706,2026.340667,256.0,7.68,0.486687,0.375959,0.772487,1.29452,-0.0,2.622047,,0,,196,126.388698,62.39884,0.541267,0.047561,138.564231,12.175533,68.409972,6.011132,1,0,mpo_only,MPO Cap Only
6002,Highwood Organics Processing,Aldersyde Bioenergy Facility,AB,Private,2022,2024,3,Approved,Approved,1,0,25.0,0.124,50.63106,-113.87501,Energy,Waste Biomass,1,EN-BIO,1,0,1,1,0,0.857598,0.79363,2.0,0.381975,0.619787,0.309893,0.124956,0.421854,capex,25.0,blended_prob,0.16615,0.13646,0.117822,0.104678,0.094676,4.153757,3.41151,2.945553,2.61695,2.366897,15.494666,15.494666,0.619787,2026.718078,25.0,0.75,0.56143,0.451148,0.803569,1.244448,1e-06,2.007865,,0,,197,15.494666,9.603387,0.641976,0.02219,16.049412,0.554746,9.947211,0.343824,0,0,mpo_only,MPO Cap Only
6016,Voltarix Group,Creekside Solar Project,AB,Private,2022,2024,3,Announced & Planning,Approved,1,0,43.0,0.188,53.247146,-113.825172,Energy,Clean Electricity,1,EN-CLEL,1,0,1,1,0,0.903054,0.743677,2.0,0.362969,0.633011,0.316506,0.127639,0.430862,capex,43.0,blended_prob,0.169989,0.139473,0.120302,0.106774,0.096474,7.309522,5.997324,5.17298,4.591266,4.148388,27.219479,27.219479,0.633011,2026.716074,43.0,1.29,0.573478,0.460884,0.803665,1.2443,-0.0,1.965684,,0,,198,27.219479,17.230234,0.654859,0.021848,28.158935,0.939456,17.82492,0.594686,0,0,mpo_only,MPO Cap Only
6018,FortisBC,Eagle Mountain - Woodfibre Gas Pipeline,BC,Private,2022,2024,3,Announced & Planning,Announced & Planning,1,0,350.0,0.602,,,Energy,Trans & Distr,0,EN-T&D,1,0,1,1,2,0.128779,0.029368,2.0,0.01765,0.073214,0.036607,0.014065,0.049555,capex,350.0,blended_prob,0.018242,0.015619,0.014058,0.01302,0.012276,6.384734,5.466484,4.920259,4.556972,4.29655,25.624999,25.624999,0.073214,2026.801527,350.0,10.5,0.065991,0.052766,0.799593,1.250637,-0.0,17.081872,,0,,199,25.624999,1.876116,0.07995,0.006736,27.982626,2.357627,2.048728,0.172612,0,0,mpo_only,MPO Cap Only
6019,Skeena Resources Ltd.,Eskay Creek Mine,BC,Private,2022,2024,3,Announced & Planning,In Review,1,0,713.0,0.75,,,Mining,Precious Metal,0,MIN-PM,1,0,1,1,3,0.057478,0.006104,2.0,0.003695,0.030587,0.015293,0.005416,0.020518,capex,713.0,blended_prob,0.007576,0.006508,0.005877,0.00546,0.005165,5.402023,4.64013,4.190044,3.893278,3.68271,21.808185,21.808185,0.030587,2026.808078,713.0,21.39,0.027558,0.022027,0.79928,1.251127,1e-06,40.904522,,0,,200,21.808185,0.667036,0.033543,0.002956,23.915853,2.107668,0.731503,0.064466,0,0,mpo_only,MPO Cap Only
6022,NTPC,Fort Providence and Kakisa Transmission Line,NT,Private,2022,2024,3,Announced & Planning,Announced & Planning,1,0,60.0,0.253,60.977458,-117.221393,Energy,Trans & Distr,0,EN-T&D,1,0,1,1,0,0.468241,0.568957,2.0,0.291775,0.380008,0.190004,0.076308,0.258528,capex,60.0,blended_prob,0.098695,0.082551,0.072588,0.065678,0.060496,5.921704,4.953075,4.355297,3.940662,3.629742,22.800479,22.800479,0.380008,2026.754552,60.0,1.8,0.34348,0.275414,0.801833,1.247142,1e-06,3.281883,,0,,201,22.800479,8.664364,0.402706,0.022698,24.162339,1.36186,9.181882,0.517518,0,0,mpo_only,MPO Cap Only
6023,STLLR Gold Inc.,Tower Gold (formerly Garrison/Golden Highway),ON,Private,2024,2024,1,Announced & Planning,Announced & Planning,1,0,517.0,0.694,48.493967,-79.98755,Mining,Precious Metal,0,MIN-PM,1,0,1,1,2,0.707532,0.096506,4.0,0.056838,0.382185,0.095546,0.037981,0.244503,capex,517.0,blended_prob,0.084071,0.0795,0.075806,0.072724,0.070084,43.464875,41.101465,39.191807,37.598054,36.233435,197.589636,197.589636,0.382185,2026.909073,517.0,15.51,0.303046,0.271838,0.897021,1.114802,0.0,2.916917,,0,,202,197.589636,75.515791,0.382185,-0.0,197.589636,-0.0,75.515791,-0.0,0,0,mpo_only,MPO Cap Only
6025,Rock Tech Lithium Inc.,Georgia Lake,ON,Private,2023,2024,2,Announced & Planning,Announced & Planning,1,0,255.88,0.55,49.445411,-88.039681,Mining,Critical Mineral,1,MIN-CM,1,0,1,1,2,0.46124,0.136682,3.0,0.079537,0.270388,0.090129,0.035783,0.176546,capex,255.88,blended_prob,0.061919,0.056882,0.053196,0.050345,0.048046,15.843834,14.554982,13.611887,12.882352,12.293941,69.186996,69.186996,0.270388,2026.873207,255.88,7.6764,0.228213,0.193165,0.846426,1.181438,0.0,4.369409,,0,,203,69.186996,18.707365,0.270388,-0.0,69.186996,-0.0,18.707365,-0.0,0,0,mpo_only,MPO Cap Only
6026,TransAlta Corporation,Ghost River WaterCharger Battery Energy Storage,AB,Private,2022,2024,3,Announced & Planning,Approved,1,0,120.0,0.388,51.217782,-114.704604,Energy,"DER, Storage, EV",1,EN-DER,1,0,1,1,1,0.94729,0.606951,2.0,0.307904,0.627597,0.313798,0.12654,0.427174,capex,120.0,blended_prob,0.168416,0.138239,0.119287,0.105916,0.095739,20.209901,16.588671,14.31442,12.709963,11.48868,75.311635,75.311635,0.627597,2026.716894,120.0,3.6,0.568545,0.456897,0.803626,1.24436,0.0,1.982738,,0,,204,75.311635,47.265353,0.649589,0.021992,77.95064,2.639005,48.921585,1.656232,0,0,mpo_only,MPO Cap Only
6028,TransAlta Corporation,Glacier Gas Plant CSS (Phase 2),AB,Private,2022,2024,3,Announced & Planning,Announced & Planning,1,0,100.0,0.342,55.559541,-119.60376,Energy,CCUS,1,EN-CCU,0,1,1,1,1,0.951723,0.269706,2.0,0.150866,0.551295,0.275647,0.11106,0.375201,capex,100.0,blended_prob,0.146468,0.120924,0.104953,0.093732,0.085218,14.646801,12.092368,10.495295,9.373168,8.52184,55.129472,55.129472,0.551295,2026.728473,100.0,3.0,0.499078,0.400797,0.803075,1.245214,0.0,2.258708,,0,,205,55.129472,30.392587,0.574739,0.023444,57.473913,2.344441,31.685064,1.292478,0,0,mpo_only,MPO Cap Only
6029,LNG Newfoundland and Labrador,Grassy Point LNG,NL,Private,2022,2024,3,Announced & Planning,Announced & Planning,1,0,10000.0,0.975,47.752791,-54.027147,Energy,Oil & Gas - Downstream,0,EN-OG-D,1,0,1,1,4,0.388547,0.13423,2.0,0.078167,0.233357,0.116679,0.046555,0.158637,capex,10000.0,blended_prob,0.059425,0.050262,0.044692,0.040891,0.038087,594.248607,502.622544,446.92071,408.909697,380.872483,2333.574042,2333.574042,0.233357,2026.776967,10000.0,300.0,0.210644,0.168676,0.800765,1.248806,0.0,5.351474,,0,,206,2333.574042,544.556781,0.25084,0.017482,2508.396164,174.822122,585.352818,40.796037,0,0,mpo_only,MPO Cap Only
6031,Diageo Canada Inc.,Implantation de mesures de reduction des emissions de GES et de conversion energetique,QC,Private,2022,2024,3,Announced & Planning,Announced & Planning,1,0,94.0,0.333,,-74.120343,Energy,Waste Biomass,1,EN-BIO,0,0,1,1,0,0.756762,0.305701,2.0,0.169199,0.46298,0.23149,0.093142,0.315045,capex,94.0,blended_prob,0.121579,0.101052,0.088297,0.079388,0.072664,11.428414,9.498885,8.299921,7.46249,6.830442,43.520152,43.520152,0.46298,2026.741905,94.0,2.82,0.418793,0.336054,0.802436,1.246206,0.0,2.691703,,0,,207,43.520152,20.148974,0.486743,0.023763,45.753853,2.233702,21.183134,1.03416,0,0,mpo_only,MPO Cap Only
6040,FD Power,Kopahawakenum,SK,Private,2022,2024,3,Announced & Planning,Announced & Planning,1,0,30.0,0.145,,,Energy,Other,1,EN-LCF,1,0,1,1,0,0.751329,0.719024,2.0,0.353375,0.552352,0.276176,0.111274,0.375921,capex,30.0,blended_prob,0.146769,0.121163,0.105152,0.093902,0.085366,4.403076,3.634878,3.154556,2.817053,2.560985,16.570549,16.570549,0.552352,2026.728313,30.0,0.9,0.500039,0.401573,0.803083,1.245202,1e-06,2.254364,,0,,208,16.570549,9.15277,0.575783,0.023432,17.2735,0.70295,9.541046,0.388276,0,0,mpo_only,MPO Cap Only
6046,"LNG Canada (Shell Canada Limited, PETRONAS, Korea Gas Corporation (KOGAS), Mitsubishi Corporation, and PetroChina Company Limited)",LNG Canada Phase 2,BC,Private,2022,2024,3,Announced & Planning,Announced & Planning,1,0,25000.0,0.995,54.081951,-128.638058,Energy,Oil & Gas - Downstream,0,EN-OG-D,0,0,1,1,4,0.052555,0.02678,2.0,0.016107,0.034331,0.017165,0.006176,0.023069,capex,25000.0,blended_prob,0.008508,0.007306,0.006596,0.006127,0.005794,212.709463,182.657197,164.892723,153.170315,144.844824,858.274521,858.274521,0.034331,2026.807502,25000.0,750.0,0.030933,0.024725,0.799307,1.251084,-0.0,36.441828,,0,,209,858.274521,29.465406,0.037635,0.003304,940.871868,82.597347,32.301054,2.835648,0,0,mpo_only,MPO Cap Only
6050,Miniere O3,Marban Block,QC,Private,2023,2024,2,Announced & Planning,Announced & Planning,1,0,435.1,0.652,48.137067,-77.97919,Mining,Other,0,MIN-OTH,1,0,1,1,2,0.135427,0.032113,3.0,0.019284,0.077355,0.025785,0.009674,0.050283,capex,435.1,blended_prob,0.017391,0.016133,0.015236,0.014562,0.014033,7.566732,7.019591,6.629345,6.335772,6.10587,33.65731,33.65731,0.077355,2026.892875,435.1,13.053,0.065212,0.055132,0.84543,1.182831,-0.0,15.290872,,0,,210,33.65731,2.603573,0.077355,-0.0,33.65731,-0.0,2.603573,-0.0,0,0,mpo_only,MPO Cap Only
6051,Fox River Resources Corporation,Martison,ON,Private,2024,2024,1,Announced & Planning,Announced & Planning,1,0,2326.92,0.907,50.31444,-83.41444,Mining,Other,0,MIN-OTH,1,0,1,1,4,0.614076,0.07773,4.0,0.046039,0.330057,0.082514,0.032693,0.211111,capex,2326.92,blended_prob,0.07233,0.068533,0.065478,0.06294,0.060776,168.305916,159.470166,152.362689,146.456921,141.421434,768.017125,768.017125,0.330057,2026.913046,2326.92,69.8076,0.261648,0.234649,0.896811,1.115063,-0.0,3.37839,,0,,211,768.017125,253.489722,0.330057,-0.0,768.017125,-0.0,253.489722,-0.0,0,0,mpo_only,MPO Cap Only
6053,TC Energy Corporation,Meaford Pumped Storage Project,ON,Private,2022,2024,3,In Review,In Review,1,0,4300.0,0.941,,,Energy,Clean Electricity,1,EN-CLEL,1,0,1,1,4,0.91581,0.380338,2.0,0.205961,0.560885,0.280443,0.113006,0.381733,capex,4300.0,blended_prob,0.149204,0.123093,0.106758,0.095274,0.086557,641.577051,529.29832,459.057339,409.677174,372.196135,2411.806018,2411.806018,0.560885,2026.727017,4300.0,129.0,0.507804,0.40784,0.803144,1.245106,0.0,2.219895,,0,,212,2411.806018,1352.746109,0.584206,0.023321,2512.087377,100.281359,1408.992431,56.246322,0,0,mpo_only,MPO Cap Only
6056,San Group,Mill and port upgrades,BC,Private,2022,2024,3,Announced & Planning,Announced & Planning,1,0,100.0,0.342,,,Forest,Pulp & Paper,0,FOR-P&P,0,0,1,1,1,0.32488,0.098831,2.0,0.058167,0.191524,0.095762,0.038068,0.130141,capex,100.0,blended_prob,0.048496,0.041149,0.036706,0.033691,0.031481,4.849628,4.114949,3.670585,3.369104,3.148103,19.15237,19.15237,0.191524,2026.783374,100.0,3.0,0.172816,0.138332,0.800459,1.249283,1e-06,6.522863,,0,,213,19.15237,3.668133,0.206717,0.015193,20.671695,1.519325,3.95912,0.290987,0,0,mpo_only,MPO Cap Only
6060,Sayona Nord,Moblan,QC,Private,2024,2024,1,Announced & Planning,Announced & Planning,1,0,822.6,0.784,50.739349,-74.835889,Mining,Other,0,MIN-OTH,1,0,1,1,3,0.145075,0.028083,4.0,0.016884,0.08098,0.020245,0.007426,0.051558,capex,822.6,blended_prob,0.017426,0.016668,0.016077,0.015601,0.015208,14.334517,13.711284,13.224896,12.833306,12.510044,66.614047,66.614047,0.08098,2026.932043,822.6,24.678,0.06412,0.05744,0.895807,1.116312,-0.0,13.785059,,0,,214,66.614047,5.394397,0.08098,-0.0,66.614047,-0.0,5.394397,-0.0,0,0,mpo_only,MPO Cap Only
6062,Voltarix Group,Moon Lake Solar Project,AB,Private,2022,2024,3,Announced & Planning,Approved,1,0,43.0,0.188,53.422494,-114.990517,Energy,Clean Electricity,1,EN-CLEL,1,0,1,1,0,0.903054,0.743677,2.0,0.362969,0.633011,0.316506,0.127639,0.430862,capex,43.0,blended_prob,0.169989,0.139473,0.120302,0.106774,0.096474,7.309522,5.997324,5.17298,4.591266,4.148388,27.219479,27.219479,0.633011,2026.716074,43.0,1.29,0.573478,0.460884,0.803665,1.2443,-0.0,1.965684,,0,,215,27.219479,17.230234,0.654859,0.021848,28.158935,0.939456,17.82492,0.594686,0,0,mpo_only,MPO Cap Only
6063,Northriver Midstream NEBC Connector GP Inc.,NEBC Connector Project,Multi,Private,2022,2024,3,In Review,Approved,1,0,350.1,0.615,56.9228,-122.058,Energy,Clean Electricity,1,EN-CLEL,1,0,1,1,2,0.855595,0.481961,2.0,0.253412,0.554503,0.277252,0.111711,0.377386,capex,350.1,blended_prob,0.147383,0.121649,0.105557,0.094248,0.085667,51.598665,42.589351,36.955434,32.996206,29.991968,194.131623,194.131623,0.554503,2026.727986,350.1,10.503,0.501997,0.403153,0.803098,1.245178,-0.0,2.245573,,0,,216,194.131623,107.646636,0.577908,0.023405,202.325755,8.194131,112.190309,4.543673,0,0,mpo_only,MPO Cap Only
6064,One Sky Forest Products,New OSB Mill,SK,Private,2022,2024,3,Announced & Planning,Announced & Planning,1,0,400.0,0.634,,,Forest,EWP,0,FOR-EWP,1,0,1,1,2,0.540671,0.679831,2.0,0.337823,0.439247,0.219624,0.088327,0.298879,capex,400.0,blended_prob,0.114984,0.095743,0.08381,0.07549,0.069221,45.993588,38.297296,33.523833,30.195875,27.688335,175.698928,175.698928,0.439247,2026.74552,400.0,12.0,0.397239,0.318691,0.802264,1.246473,-0.0,2.837748,,0,,217,175.698928,77.175283,0.462842,0.023595,185.136739,9.437811,81.320817,4.145533,0,0,mpo_only,MPO Cap Only
6067,Northern Petrochemical Corp.,Northern Petrochemical Ammonia and Methanol Production Facility,AB,Private,2022,2024,3,Announced & Planning,Announced & Planning,1,0,2500.0,0.912,54.760765,-118.572392,Energy,Low Carbon Fuels,1,EN-LCF,1,1,1,1,4,0.77221,0.111205,2.0,0.065207,0.418709,0.209354,0.08416,0.284889,capex,2500.0,blended_prob,0.109309,0.09116,0.079922,0.072101,0.066217,273.271527,227.899748,199.805772,180.252223,165.54211,1046.771379,1046.771379,0.418709,2026.74865,2500.0,75.0,0.378594,0.303676,0.802115,1.246705,-0.0,2.9775,,0,,218,1046.771379,438.292128,0.44207,0.023361,1105.173939,58.40256,462.745779,24.453651,0,0,mpo_only,MPO Cap Only
6072,Peak Renewables,Pellet Plant,BC,Private,2022,2024,3,Announced & Planning,Announced & Planning,1,0,29.0,0.142,58.80494,-122.697387,Forest,Other,1,FOR-OTH,1,0,1,1,0,0.093237,0.109005,2.0,0.063959,0.078598,0.039299,0.015157,0.053222,capex,29.0,blended_prob,0.019598,0.016773,0.01509,0.013971,0.013167,0.568343,0.486405,0.437623,0.405145,0.381835,2.279352,2.279352,0.078598,2026.8007,29.0,0.87,0.070848,0.056652,0.799632,1.250575,3e-06,15.910961,,0,,219,2.279352,0.179153,0.085784,0.007186,2.487734,0.208382,0.195532,0.016378,0,0,mpo_only,MPO Cap Only
6077,Hydro One,Power Downtown Toronto,ON,Public,2022,2024,3,Announced & Planning,Announced & Planning,1,0,120.0,0.388,,,Energy,Trans & Distr,0,EN-T&D,0,0,1,1,1,0.907816,0.740981,2.0,0.361926,0.634871,0.317436,0.128016,0.432129,capex,120.0,blended_prob,0.17053,0.139897,0.12065,0.107068,0.096726,20.46357,16.787595,14.478056,12.848146,11.607159,76.184526,76.184526,0.634871,2026.715792,120.0,3.6,0.575173,0.462254,0.803678,1.244279,0.0,1.959893,,0,,220,76.184526,48.36735,0.656668,0.021797,78.800183,2.615657,50.027955,1.660605,0,0,mpo_only,MPO Cap Only
6081,Newcrest Mining Ltd./Imperial Metals,Red Chris Block Cave Expansion,BC,Private,2022,2024,3,Announced & Planning,Approved,1,0,2632.0,0.916,,,Mining,Critical Mineral,1,MIN-CM,0,0,1,1,4,0.028741,0.008577,2.0,0.005187,0.016964,0.008482,0.002653,0.01124,capex,2632.0,blended_prob,0.004194,0.003606,0.00326,0.003032,0.002871,11.039387,9.492241,8.580395,7.980943,7.557122,44.650089,44.650089,0.016964,2026.810172,2632.0,78.96,0.015283,0.012214,0.799179,1.251283,0.0,73.759721,,0,,221,44.650089,0.757458,0.018629,0.001665,49.031919,4.38183,0.831793,0.074335,0,0,mpo_only,MPO Cap Only
6083,Voltarix Group,Rocktree Solar Project,AB,Private,2022,2024,3,Announced & Planning,Approved,1,0,40.0,0.177,53.515088,-113.912081,Energy,Clean Electricity,1,EN-CLEL,1,0,1,1,0,0.903054,0.752033,2.0,0.366188,0.634621,0.31731,0.127965,0.431959,capex,40.0,blended_prob,0.170457,0.13984,0.120604,0.107028,0.096692,6.81828,5.593584,4.824144,4.281133,3.867697,25.384838,25.384838,0.634621,2026.71583,40.0,1.2,0.574945,0.462069,0.803676,1.244282,-0.0,1.96067,,0,,222,25.384838,16.10975,0.656425,0.021804,26.256998,0.87216,16.663241,0.553491,0,0,mpo_only,MPO Cap Only
6084,DP Energy,Saamis Solar Farm,AB,Private,2022,2024,3,Announced & Planning,In Review,1,0,600.0,0.714,50.070674,-110.70734,Energy,Clean Electricity,1,EN-CLEL,1,0,1,1,3,0.960509,0.43585,2.0,0.232243,0.596376,0.298188,0.120206,0.405908,capex,600.0,blended_prob,0.159386,0.131138,0.113428,0.100954,0.091471,95.631328,78.682688,68.057018,60.572438,54.882319,357.825791,357.825791,0.596376,2026.721629,600.0,18.0,0.54011,0.433924,0.803401,1.244709,-0.0,2.08712,,0,,223,357.825791,213.398827,0.619093,0.022716,371.455635,13.629845,221.527344,8.128517,0,0,mpo_only,MPO Cap Only
6087,Magna Mining Inc.,Shakespeare,ON,Private,2022,2024,3,Announced & Planning,Announced & Planning,1,0,232.9,0.526,46.291979,-81.858789,Mining,Other,0,MIN-OTH,1,0,1,1,2,0.647388,0.114464,2.0,0.067053,0.35722,0.17861,0.071685,0.243006,capex,232.9,blended_prob,0.092495,0.077499,0.068264,0.061873,0.05709,21.542003,18.049585,15.898754,14.410112,13.29618,83.196633,83.196633,0.35722,2026.75803,232.9,6.987,0.322816,0.258791,0.801668,1.2474,0.0,3.491961,,0,,224,83.196633,29.719535,0.37939,0.022169,88.3599,5.163267,31.56396,1.844424,0,0,mpo_only,MPO Cap Only
6088,Expander Energy,Slave Lake Bio-Mass/Gas to Liquids Plant (Phase 1),AB,Private,2022,2024,3,Announced & Planning,Announced & Planning,1,0,35.0,0.157,55.265038,-114.57517,Energy,Waste Biomass,1,EN-BIO,1,1,1,1,0,0.793998,0.239439,2.0,0.135139,0.464569,0.232284,0.093464,0.316127,capex,35.0,blended_prob,0.122022,0.101408,0.088597,0.079648,0.072894,4.270758,3.549271,3.100902,2.787695,2.551278,16.259904,16.259904,0.464569,2026.741663,35.0,1.05,0.420236,0.337217,0.802447,1.246188,1e-06,2.682462,,0,,225,16.259904,7.553842,0.488339,0.02377,17.09186,0.831956,7.940343,0.386501,0,0,mpo_only,MPO Cap Only
6089,Hydro One,St.Clair Transmission Line,ON,Public,2022,2024,3,Announced & Planning,Announced & Planning,1,0,250.0,0.534,,,Energy,Trans & Distr,0,EN-T&D,1,0,1,1,2,0.822717,0.469991,2.0,0.247974,0.535345,0.267673,0.107824,0.364337,capex,250.0,blended_prob,0.141932,0.117321,0.10195,0.09116,0.082981,35.483102,29.330343,25.487512,22.790096,20.745319,133.836372,133.836372,0.535345,2026.730897,250.0,7.5,0.484569,0.38909,0.80296,1.245393,0.0,2.326334,,0,,226,133.836372,71.648698,0.558957,0.023611,139.739138,5.902766,74.808717,3.160019,0,0,mpo_only,MPO Cap Only
6091,"ATCO, Suncor",Suncor and ATCO clean hydrogen project,AB,Private,2022,2024,3,Announced & Planning,Announced & Planning,1,0,3532.0,0.931,,,Energy,Low Carbon Fuels,1,EN-LCF,1,1,1,1,4,0.77221,0.109079,2.0,0.064001,0.418106,0.209053,0.084038,0.284479,capex,3532.0,blended_prob,0.109142,0.091026,0.079808,0.072001,0.066128,385.491244,321.502162,281.882426,254.30829,233.565285,1476.749407,1476.749407,0.418106,2026.748742,3532.0,105.96,0.378047,0.303235,0.80211,1.246711,0.0,2.981809,,0,,227,1476.749407,617.437376,0.441459,0.023353,1559.231967,82.48256,651.923806,34.48643,0,0,mpo_only,MPO Cap Only
6092,Suncor Energy Inc.,Suncor PURE Demonstration Facility,AB,Private,2022,2024,3,Announced & Planning,Announced & Planning,1,0,52.5,0.234,57.380561,-111.509771,Energy,Clean Electricity,1,EN-CLEL,1,1,1,1,0,0.856355,0.221425,2.0,0.12564,0.490997,0.245499,0.098826,0.334129,capex,52.5,blended_prob,0.129415,0.107336,0.093588,0.083966,0.076691,6.794298,5.63515,4.913389,4.40824,4.026285,25.777361,25.777361,0.490997,2026.73764,52.5,1.575,0.444249,0.356571,0.802639,1.24589,-0.0,2.537469,,0,,228,25.777361,12.656616,0.51482,0.023822,27.028028,1.250667,13.270691,0.614074,1,0,mpo_only,MPO Cap Only
6096,Troilus Gold Corp.,Troilus,QC,Private,2024,2024,1,In Review,In Review,1,0,449.5,0.654,51.011121,-74.466634,Mining,Other,0,MIN-OTH,1,0,1,1,2,0.135427,0.032048,4.0,0.019245,0.077336,0.019334,0.007056,0.049224,capex,449.5,blended_prob,0.016637,0.015916,0.015354,0.014901,0.014528,7.478459,7.154304,6.901472,6.698047,6.530234,34.762516,34.762516,0.077336,2026.932321,449.5,13.485,0.061234,0.054853,0.895792,1.116331,1e-06,14.43482,,0,,229,34.762516,2.688393,0.077336,-0.0,34.762516,-0.0,2.688393,-0.0,0,0,mpo_only,MPO Cap Only
6097,Agnico Eagle Mines Limited,Upper Beaver,ON,Private,2022,2024,3,Announced & Planning,In Review,1,0,240.1,0.531,48.165061,-79.764065,Mining,Other,0,MIN-OTH,1,0,1,1,2,0.647388,0.113884,2.0,0.066725,0.357056,0.178528,0.071652,0.242895,capex,240.1,blended_prob,0.09245,0.077463,0.068233,0.061845,0.057065,22.197278,18.598858,16.382779,14.849002,13.701314,85.729231,85.729231,0.357056,2026.758055,240.1,7.203,0.322667,0.258671,0.801667,1.247401,0.0,3.49357,,0,,230,85.729231,30.610167,0.379222,0.022165,91.051117,5.321885,32.51038,1.900213,0,0,mpo_only,MPO Cap Only
6100,Probe Gold inc.,Novador,QC,Private,2023,2024,2,Announced & Planning,In Review,1,0,602.0,0.723,48.150028,-77.500793,Mining,Precious Metal,0,MIN-PM,1,0,1,1,3,0.182737,0.029879,3.0,0.017954,0.100346,0.033449,0.012783,0.065321,capex,602.0,blended_prob,0.022609,0.02095,0.019762,0.018865,0.018159,13.61073,12.611841,11.896818,11.356731,10.931883,60.408003,60.408003,0.100346,2026.890531,602.0,18.06,0.084605,0.071538,0.845548,1.182664,0.0,11.785921,,0,,231,60.408003,6.061672,0.100346,-0.0,60.408003,-0.0,6.061672,-0.0,0,0,mpo_only,MPO Cap Only
6101,Ville de Quebec,Projet de valorisation de la vapeur de l'incinerateur pour le CHU de Quebec - Universite Laval,QC,Private,2022,2024,3,Announced & Planning,Announced & Planning,1,0,43.8,0.19,46.8347,-71.2033,Energy,Other,1,EN-OTH,1,0,1,1,0,0.588993,0.26006,2.0,0.145886,0.367439,0.18372,0.073758,0.249967,capex,43.8,blended_prob,0.095271,0.079763,0.070204,0.063581,0.05862,4.172856,3.49363,3.074929,2.784849,2.567578,16.093841,16.093841,0.367439,2026.75647,43.8,1.314,0.332082,0.266244,0.801742,1.247284,1e-06,3.394531,,0,,232,16.093841,5.91351,0.389858,0.022419,17.075793,0.981952,6.274317,0.360808,0,0,mpo_only,MPO Cap Only
6102,Galleon Gold Corp.,West Cache,ON,Private,2022,2024,3,Announced & Planning,Announced & Planning,1,0,149.6,0.44,48.418089,-81.48394,Mining,Precious Metal,0,MIN-PM,1,0,1,1,1,0.749697,0.124913,2.0,0.072945,0.411321,0.205661,0.082661,0.279857,capex,149.6,blended_prob,0.107275,0.089514,0.078523,0.070879,0.065131,16.048277,13.391276,11.747088,10.603443,9.743587,61.533672,61.533672,0.411321,2026.749776,149.6,4.488,0.371889,0.298278,0.802061,1.246788,0.0,3.031178,,0,,233,61.533672,25.310112,0.434578,0.023257,65.012919,3.479247,26.741201,1.431089,0,0,mpo_only,MPO Cap Only
6103,"Enbridge Inc., BG Group",Westcoast Connector Gas Transmission Project,BC,Private,2022,2024,3,Announced & Planning,Approved,1,0,6700.0,0.963,,,Energy,Trans & Distr,0,EN-T&D,1,0,1,1,4,0.113558,0.020352,2.0,0.012265,0.062912,0.031456,0.011975,0.042537,capex,6700.0,blended_prob,0.015653,0.013412,0.012082,0.011198,0.010567,104.874651,89.862015,80.946207,75.028328,70.796093,421.507293,421.507293,0.062912,2026.803109,6700.0,201.0,0.0567,0.045332,0.799517,1.250755,-0.0,19.881176,,0,,234,421.507293,26.517671,0.06877,0.005859,460.759315,39.252022,28.987076,2.469405,0,0,mpo_only,MPO Cap Only
6104,NTPC,Whati Transmission Line,NT,Private,2022,2024,3,Announced & Planning,Announced & Planning,1,0,41.5,0.186,63.252421,-116.735563,Energy,Trans & Distr,0,EN-T&D,1,0,1,1,0,0.468241,0.609027,2.0,0.308775,0.388508,0.194254,0.078033,0.264318,capex,41.5,blended_prob,0.101017,0.084439,0.0742,0.067093,0.061759,4.192215,3.504217,3.079307,2.784348,2.563003,16.12309,16.12309,0.388508,2026.753255,41.5,1.245,0.35119,0.281618,0.801895,1.247046,1e-06,3.209831,,0,,235,16.12309,6.263953,0.411377,0.022868,17.072133,0.949043,6.632664,0.368711,0,0,mpo_only,MPO Cap Only
7003,Rio Tinto Group,Jonquiere Refinery,QC,Private,2023,2024,2,Approved,Approved,1,0,1485.0,0.862,48.429,-71.162,Mining,Critical Mineral,1,MIN-CM,0,0,1,1,4,0.097879,0.04315,3.0,0.025825,0.061852,0.020617,0.007577,0.040142,capex,1485.0,blended_prob,0.013885,0.012891,0.012184,0.011653,0.011239,20.618668,19.142807,18.092804,17.305188,16.690367,91.849834,91.849834,0.061852,2026.894456,1485.0,44.55,0.052137,0.044074,0.845349,1.182943,0.0,19.125457,,0,,236,91.849834,5.681072,0.061852,-0.0,91.849834,-0.0,5.681072,-0.0,0,0,mpo_only,MPO Cap Only
7009,Energir Developpement/Nature Energy,Biomethanization plants in Quebec- Farnham Project,QC,Private,2023,2024,2,Announced & Planning,In Review,1,0,1390.083264,0.855,,,Energy,Waste Biomass,1,EN-BIO,1,0,1,1,4,0.791308,0.132345,3.0,0.077113,0.43421,0.144737,0.05794,0.283702,capex,1390.083264,blended_prob,0.100987,0.092004,0.085331,0.080089,0.075799,140.380372,127.893697,118.61706,111.330802,105.366522,603.588452,603.588452,0.43421,2026.85654,1390.083264,41.702498,0.36685,0.310821,0.84727,1.180261,-0.0,2.718179,,0,,237,603.588452,262.084315,0.43421,-0.0,603.588452,-0.0,262.084315,-0.0,0,0,mpo_only,MPO Cap Only
7010,Enbridge Gas,Bobcaygeon Natural Gas Expansion,ON,Private,2023,2024,2,In Review,Approved,1,0,122.79,0.4,,,Energy,NG Power Gen,0,EN-NGPG,0,0,1,1,1,0.907816,0.732003,3.0,0.358443,0.63313,0.211043,0.084846,0.413816,capex,122.79,blended_prob,0.15002,0.135304,0.12423,0.115428,0.108148,18.420938,16.613944,15.254184,14.173444,13.279476,77.741987,77.741987,0.63313,2026.836338,122.79,3.6837,0.535563,0.454314,0.848292,1.17884,0.0,1.861925,,0,,238,77.741987,49.220755,0.63313,-0.0,77.741987,-0.0,49.220755,-0.0,0,0,mpo_only,MPO Cap Only
7012,Cielo Waste Solutions Corp.,Cielo- Halifax,NS,Private,2023,2024,2,Announced & Planning,Announced & Planning,1,0,50.0,0.214,,,Energy,Other,1,EN-OTH,1,1,1,1,0,0.27046,0.225969,3.0,0.128046,0.199253,0.066418,0.026161,0.130016,capex,50.0,blended_prob,0.045321,0.041785,0.039219,0.037251,0.035678,2.26605,2.089238,1.960927,1.862539,1.783891,9.962645,9.962645,0.199253,2026.880452,50.0,1.5,0.1681,0.142222,0.846059,1.18195,-2e-06,5.93191,,0,,239,9.962645,1.985086,0.199253,-0.0,9.962645,-0.0,1.985086,-0.0,0,0,mpo_only,MPO Cap Only
7014,Capital Power Corporation,East Windsor Expansion,ON,Private,2023,2024,2,Announced & Planning,Announced & Planning,1,0,200.0,0.49,,,Energy,NG Power Gen,0,EN-NGPG,0,0,1,1,1,0.907816,0.66805,3.0,0.333076,0.620446,0.206815,0.08313,0.40552,capex,200.0,blended_prob,0.146841,0.132522,0.121754,0.113201,0.106129,29.368166,26.504353,24.350779,22.640117,21.225777,124.089193,124.089193,0.620446,2026.837625,200.0,6.0,0.524793,0.445144,0.848227,1.17893,0.0,1.900134,,0,,240,124.089193,76.990639,0.620446,-0.0,124.089193,-0.0,76.990639,-0.0,0,0,mpo_only,MPO Cap Only
7029,Federated Co-operatives Limited,FCL HDRD Plant,SK,Private,2023,2024,2,Announced & Planning,Announced & Planning,1,0,2000.0,0.893,,,Energy,Waste Biomass,1,EN-BIO,1,0,1,1,4,0.888819,0.336326,3.0,0.184484,0.536652,0.178884,0.071796,0.350709,capex,2000.0,blended_prob,0.126019,0.114215,0.105381,0.098395,0.092641,252.037735,228.429274,210.762435,196.790818,185.282999,1073.303261,1073.303261,0.536652,2026.846131,2000.0,60.0,0.453685,0.384632,0.847797,1.179528,-0.0,2.19794,,0,,241,1073.303261,575.989945,0.536652,-0.0,1073.303261,-0.0,575.989945,-0.0,0,0,mpo_only,MPO Cap Only
7031,Fort Nelson First Nation/Hydrogen Naturally,Fort Nelson First Nation Hydrogen,BC,Private,2023,2024,2,Announced & Planning,Announced & Planning,1,0,1200.0,0.828,,,Energy,Low Carbon Fuels,1,EN-LCF,1,1,1,1,4,0.056928,0.008911,3.0,0.005389,0.031158,0.010386,0.003425,0.020065,capex,1200.0,blended_prob,0.006974,0.006485,0.006139,0.005881,0.00568,8.368634,7.781722,7.366346,7.056651,6.816545,37.389899,37.389899,0.031158,2026.897586,1200.0,36.0,0.026259,0.022194,0.845191,1.183165,-0.0,37.97277,,0,,242,37.389899,1.165004,0.031158,-0.0,37.389899,-0.0,1.165004,-0.0,0,0,mpo_only,MPO Cap Only
7035,Green Impact Partners (In partnership with Carbon Clean Energy and PCL Construction),Future Energy Park Renewable Natural Gas and Ethanol Project,AB,Private,2023,2024,2,Announced & Planning,Announced & Planning,1,0,1200.0,0.828,51.010133,-113.914,Energy,Low Carbon Fuels,1,EN-LCF,1,1,1,1,4,0.77221,0.12111,3.0,0.070805,0.421507,0.140502,0.056222,0.275393,capex,1200.0,blended_prob,0.097915,0.089263,0.082842,0.077804,0.073683,117.498483,107.116119,99.410592,93.36426,88.419445,505.808899,505.808899,0.421507,2026.857832,1200.0,36.0,0.35609,0.301681,0.847205,1.180352,-0.0,2.800312,,0,,243,505.808899,213.202202,0.421507,-0.0,505.808899,-0.0,213.202202,-0.0,0,0,mpo_only,MPO Cap Only
7038,H2MB,H2MB,MB,Private,2023,2024,2,Announced & Planning,Announced & Planning,1,0,20.0,0.088,,,Energy,Low Carbon Fuels,1,EN-LCF,1,1,1,1,0,0.784824,0.256823,3.0,0.144208,0.464516,0.154839,0.062039,0.303525,capex,20.0,blended_prob,0.108344,0.098555,0.091266,0.085528,0.080822,2.166877,1.971104,1.825324,1.710569,1.616442,9.290315,9.290315,0.464516,2026.85346,20.0,0.6,0.392527,0.332638,0.847426,1.180044,-2e-06,2.540375,,0,,244,9.290315,4.315498,0.464516,-0.0,9.290315,-0.0,4.315498,-0.0,0,0,mpo_only,MPO Cap Only
7039,FortisBC/Suncor/Hazer,Hazer Pyrolysis Hydrogen Production Demo Plant,BC,Private,2023,2024,2,Announced & Planning,Announced & Planning,1,0,11.25,0.068,,,Energy,Low Carbon Fuels,1,EN-LCF,1,1,1,1,0,0.028086,0.019285,3.0,0.011625,0.019856,0.006619,0.001897,0.012672,capex,11.25,blended_prob,0.004439,0.00413,0.003912,0.00375,0.003624,0.049942,0.046466,0.044011,0.042185,0.040773,0.223377,0.223377,0.019856,2026.898739,11.25,0.3375,0.016733,0.014141,0.845132,1.183247,3e-06,59.592178,,0,,245,0.223377,0.004435,0.019856,-0.0,0.223377,-0.0,0.004435,-0.0,0,0,mpo_only,MPO Cap Only
7040,Heidelberg Materials,Heidelberg Materials Carbon Capture Utilization and Storage Hub,AB,Private,2023,2024,2,Announced & Planning,Announced & Planning,1,0,1360.0,0.853,53.5798,-113.606,Energy,CCUS,1,EN-CCU,1,1,1,1,4,0.889518,0.118073,3.0,0.069092,0.479305,0.159768,0.06404,0.313199,capex,1360.0,blended_prob,0.111949,0.101758,0.094162,0.088176,0.083261,152.250399,138.391,128.059711,119.918823,113.235165,651.855097,651.855097,0.479305,2026.851957,1360.0,40.8,0.405062,0.343291,0.847502,1.179938,-0.0,2.461768,,0,,246,651.855097,312.43755,0.479305,-0.0,651.855097,-0.0,312.43755,-0.0,0,0,mpo_only,MPO Cap Only
7042,Kiwetinohk Energy Corp,Homestead Solar Project,AB,Private,2023,2024,2,Announced & Planning,Announced & Planning,1,0,500.0,0.677,49.981414,-113.446,Energy,Clean Electricity,1,EN-CLEL,1,0,1,1,2,0.957359,0.452543,3.0,0.239975,0.598667,0.199556,0.080184,0.391274,capex,500.0,blended_prob,0.141399,0.127752,0.117501,0.109367,0.102648,70.69946,63.875781,58.750505,54.683608,51.324159,299.333513,299.333513,0.598667,2026.839835,500.0,15.0,0.506305,0.429404,0.848115,1.179086,-0.0,1.969518,,0,,247,299.333513,179.201104,0.598667,-0.0,299.333513,-0.0,179.201104,-0.0,0,0,mpo_only,MPO Cap Only
7044,Renewable Hydrogen Canada/ Fortis BC/ Green Investment Group,Hydrogen Electrolyzer Plant,BC,Private,2023,2024,2,In Review,In Review,1,0,200.0,0.49,,,Energy,Low Carbon Fuels,1,EN-LCF,1,1,1,1,1,0.079388,0.012562,3.0,0.007588,0.043488,0.014496,0.005093,0.02813,capex,200.0,blended_prob,0.009745,0.009056,0.008567,0.008202,0.007918,1.949021,1.811198,1.713447,1.640385,1.583579,8.697631,8.697631,0.043488,2026.896328,200.0,6.0,0.036654,0.030982,0.845254,1.183076,-2e-06,27.204552,,0,,248,8.697631,0.378244,0.043488,-0.0,8.697631,-0.0,0.378244,-0.0,0,0,mpo_only,MPO Cap Only
7048,Manitoba Hydro,Kettle Unit 10 Stator Overhaul,MB,Public,2023,2024,2,Approved,Approved,1,0,22.9,0.115,,,Energy,Clean Electricity,1,EN-CLEL,0,0,1,1,0,0.972887,1.088672,3.0,0.483215,0.728051,0.242684,0.097684,0.475904,capex,22.9,blended_prob,0.174039,0.156213,0.142739,0.131989,0.12307,3.9855,3.577279,3.268723,3.022551,2.818307,16.672361,16.672361,0.728051,2026.826712,22.9,0.687,0.616214,0.523029,0.848778,1.178165,1e-06,1.618245,,0,,249,16.672361,12.138324,0.728051,-0.0,16.672361,-0.0,12.138324,-0.0,0,0,mpo_only,MPO Cap Only
7055,Kiwetinohk Energy Corp,Phoenix Solar Project,AB,Private,2023,2024,2,Announced & Planning,Announced & Planning,1,0,320.0,0.587,52.238021,-114.157,Energy,Clean Electricity,1,EN-CLEL,1,0,1,1,2,0.957359,0.495865,3.0,0.25968,0.60852,0.20284,0.081517,0.397718,capex,320.0,blended_prob,0.143858,0.129909,0.119425,0.111103,0.104225,46.034611,41.570723,38.216062,35.552853,33.352017,194.726265,194.726265,0.60852,2026.838835,320.0,9.6,0.514668,0.436524,0.848165,1.179015,-0.0,1.937514,,0,,250,194.726265,118.494744,0.60852,-0.0,194.726265,-0.0,118.494744,-0.0,0,0,mpo_only,MPO Cap Only
7058,Greengate Power Corporation,Luna Solar Project (Phase Two),AB,Private,2023,2024,2,Announced & Planning,Approved,1,0,700.0,0.742,50.582389,-112.246,Energy,Clean Electricity,1,EN-CLEL,0,0,1,1,3,0.976574,0.575829,3.0,0.29472,0.635647,0.211882,0.085186,0.415463,capex,700.0,blended_prob,0.150652,0.135856,0.124721,0.11587,0.108548,105.456157,95.099334,87.30483,81.109036,75.983506,444.952864,444.952864,0.635647,2026.836082,700.0,21.0,0.537701,0.456134,0.848304,1.178822,-0.0,1.854523,,0,,251,444.952864,282.832931,0.635647,-0.0,444.952864,-0.0,282.832931,-0.0,0,0,mpo_only,MPO Cap Only
7059,McLeod Lake Indian Band/Mitsubishi,McLeod Lake Indian Band Hydrogen Project,BC,Private,2023,2024,2,Announced & Planning,Announced & Planning,1,0,5000.0,0.946,,,Energy,Low Carbon Fuels,1,EN-LCF,1,1,1,1,4,0.056928,0.007905,3.0,0.004782,0.030855,0.010285,0.003384,0.019866,capex,5000.0,blended_prob,0.006906,0.006421,0.006079,0.005823,0.005625,34.528507,32.107435,30.394058,29.116685,28.126409,154.273095,154.273095,0.030855,2026.897617,5000.0,150.0,0.026003,0.021978,0.845189,1.183167,0.0,38.346519,,0,,252,154.273095,4.760038,0.030855,-0.0,154.273095,-0.0,4.760038,-0.0,0,0,mpo_only,MPO Cap Only
7061,Huron Clean Energy and Upper Nicola Band,Merritt Electro Fuels Project,BC,Private,2023,2024,2,Announced & Planning,Announced & Planning,1,0,75.0,0.292,,,Energy,Clean Electricity,1,EN-CLEL,1,0,1,1,0,0.142269,0.049234,3.0,0.029412,0.085841,0.028614,0.010821,0.055833,capex,75.0,blended_prob,0.019314,0.01791,0.016907,0.016151,0.015558,1.44856,1.343239,1.268017,1.211343,1.166885,6.438043,6.438043,0.085841,2026.89201,75.0,2.25,0.072369,0.061186,0.845473,1.182769,3e-06,13.778673,,0,,253,6.438043,0.552645,0.085841,-0.0,6.438043,-0.0,0.552645,-0.0,0,0,mpo_only,MPO Cap Only
7066,Newmont Corp.,Pamour,ON,Private,2023,2024,2,Announced & Planning,Announced & Planning,1,0,520.52,0.695,48.522253,-81.120492,Mining,Other,0,MIN-OTH,1,0,1,1,2,0.647388,0.096408,3.0,0.056782,0.352085,0.117362,0.046833,0.229984,capex,520.52,blended_prob,0.081254,0.074336,0.069232,0.06525,0.062013,42.294567,38.693353,36.036568,33.964142,32.278771,183.2674,183.2674,0.352085,2026.864892,520.52,15.6156,0.297316,0.251781,0.846847,1.18085,-0.0,3.353877,,0,,254,183.2674,64.525743,0.352085,-0.0,183.2674,-0.0,64.525743,-0.0,0,0,mpo_only,MPO Cap Only
7067,Enbridge Gas,Panhandle Regional Expansion,ON,Private,2024,2024,1,Approved,Approved,1,0,358.0,0.619,42.370631,-82.388726,Energy,Trans & Distr,0,EN-T&D,0,0,1,1,2,0.888318,0.586004,4.0,0.299058,0.593688,0.148422,0.059436,0.379987,capex,358.0,blended_prob,0.13261,0.124394,0.117664,0.111975,0.107046,47.474251,44.533085,42.123704,40.086894,38.322368,212.540301,212.540301,0.593688,2026.892962,358.0,10.74,0.471221,0.423096,0.897871,1.113746,0.0,1.875979,,0,,255,212.540301,126.182625,0.593688,-0.0,212.540301,-0.0,126.182625,-0.0,0,0,mpo_only,MPO Cap Only
7068,Alliance de lenergie de lEst / Valeco Energie Quebec,Parc Eolien de Grosse Ile + Battery,QC,Private,2023,2024,2,In Review,In Review,1,0,70.0,0.275,,,Energy,"DER, Storage, EV",1,EN-DER,1,0,1,1,0,0.644785,0.238548,3.0,0.134671,0.389728,0.129909,0.051924,0.254606,capex,70.0,blended_prob,0.090262,0.082419,0.076614,0.07207,0.068363,6.318353,5.769345,5.362958,5.044898,4.785414,27.280968,27.280968,0.389728,2026.861063,70.0,2.1,0.329179,0.278828,0.847041,1.18058,1e-06,3.029241,,0,,256,27.280968,10.63216,0.389728,-0.0,27.280968,-0.0,10.63216,-0.0,0,0,mpo_only,MPO Cap Only
7069,The Pathways Alliance,Pathways Alliance Carbon Capture Storage Hub (Phase 1),AB,Private,2023,2024,2,Announced & Planning,Announced & Planning,1,0,16500.0,0.989,58.152833,-112.285,Energy,CCUS,1,EN-CCU,1,1,1,1,4,0.889518,0.102838,3.0,0.060453,0.474985,0.158328,0.063456,0.310374,capex,16500.0,blended_prob,0.110895,0.100822,0.093316,0.087403,0.08255,1829.765346,1663.565718,1539.713027,1442.147824,1362.068328,7837.260242,7837.260242,0.474985,2026.852396,16500.0,495.0,0.4014,0.340179,0.84748,1.179969,-0.0,2.484222,,0,,257,7837.260242,3722.584734,0.474985,-0.0,7837.260242,-0.0,3722.584734,-0.0,0,0,mpo_only,MPO Cap Only
7077,SAF + Consortium,SAF Consortium,QC,Private,2023,2024,2,Announced & Planning,Announced & Planning,1,0,200.0,0.49,,,Energy,Other,1,EN-OTH,1,1,1,1,1,0.732398,0.059822,3.0,0.035624,0.384011,0.128004,0.051151,0.250867,capex,200.0,blended_prob,0.08889,0.08119,0.075493,0.071036,0.067402,17.778018,16.237975,15.098565,14.207237,13.480398,76.802193,76.802193,0.384011,2026.861645,200.0,6.0,0.324339,0.274719,0.847012,1.180621,0.0,3.074447,,0,,258,76.802193,29.492884,0.384011,-0.0,76.802193,-0.0,29.492884,-0.0,0,0,mpo_only,MPO Cap Only
7078,Pace Canada LP,Salt Flats Solar Project,AB,Private,2023,2024,2,Announced & Planning,Announced & Planning,1,0,28.0,0.14,50.582845,-111.914,Energy,Clean Electricity,1,EN-CLEL,1,0,1,1,0,0.903054,0.780836,3.0,0.377162,0.640108,0.213369,0.085789,0.41838,capex,28.0,blended_prob,0.151772,0.136835,0.125592,0.116652,0.109256,4.249613,3.831392,3.516569,3.266268,3.059171,17.923013,17.923013,0.640108,2026.83563,28.0,0.84,0.541489,0.45936,0.848327,1.17879,1e-06,1.84155,,0,,259,17.923013,11.472656,0.640108,-0.0,17.923013,-0.0,11.472656,-0.0,0,0,mpo_only,MPO Cap Only
7079,Invenergy,Skinners Pond Wind Energy Centre,PE,Private,2023,2024,2,Announced & Planning,Announced & Planning,1,0,85.0,0.317,46.421913,-63.770142,Energy,Trans & Distr,0,EN-T&D,1,0,1,1,0,0.80016,0.533145,3.0,0.276228,0.538194,0.179398,0.072005,0.351718,capex,85.0,blended_prob,0.126399,0.11455,0.105683,0.098669,0.092892,10.743936,9.736786,8.983035,8.386886,7.895825,45.746469,45.746469,0.538194,2026.845975,85.0,2.55,0.454993,0.385745,0.847804,1.179517,-0.0,2.191622,,0,,260,45.746469,24.620463,0.538194,-0.0,45.746469,-0.0,24.620463,-0.0,0,0,mpo_only,MPO Cap Only
7081,ABO Wind Canada Ltd.,Stettler Solar and Battery Storage Project,AB,Private,2023,2024,2,Announced & Planning,Announced & Planning,1,0,160.0,0.456,52.290433,-112.756,Energy,"DER, Storage, EV",1,EN-DER,1,0,1,1,1,0.94729,0.566442,3.0,0.290694,0.618992,0.206331,0.082933,0.404568,capex,160.0,blended_prob,0.146477,0.132203,0.12147,0.112945,0.105897,23.436284,21.152474,19.435193,18.071188,16.943521,99.038661,99.038661,0.618992,2026.837772,160.0,4.8,0.523559,0.444092,0.848219,1.178941,0.0,1.904615,,0,,261,99.038661,61.304102,0.618992,-0.0,99.038661,-0.0,61.304102,-0.0,0,0,mpo_only,MPO Cap Only
7083,Evolugen by Brookfield Renewable,Sunrise Solar Project,AB,Private,2023,2024,2,Announced & Planning,In Review,1,0,140.0,0.425,49.50343,-113.963,Energy,Clean Electricity,1,EN-CLEL,1,0,1,1,1,0.965274,0.584562,3.0,0.298445,0.631859,0.21062,0.084674,0.412985,capex,140.0,blended_prob,0.149701,0.135025,0.123982,0.115205,0.107946,20.958166,18.903501,17.357472,16.128756,15.112433,88.460327,88.460327,0.631859,2026.836467,140.0,4.2,0.534485,0.453395,0.848285,1.178849,0.0,1.865682,,0,,262,88.460327,55.894496,0.631859,-0.0,88.460327,-0.0,55.894496,-0.0,0,0,mpo_only,MPO Cap Only
7084,Tla'amin Nation,Tlaamin tiskwat mill site,BC,Private,2023,2024,2,Announced & Planning,Announced & Planning,1,0,800.0,0.776,,,Energy,Other,1,EN-OTH,1,0,1,1,3,0.181039,0.030112,3.0,0.018093,0.099566,0.033189,0.012678,0.064811,capex,800.0,blended_prob,0.022432,0.020786,0.019609,0.018719,0.01802,17.945535,16.629173,15.68701,14.975448,14.415796,79.652963,79.652963,0.099566,2026.89061,800.0,24.0,0.083947,0.070981,0.845544,1.18267,0.0,11.878228,,0,,263,79.652963,7.930743,0.099566,-0.0,79.652963,-0.0,7.930743,-0.0,0,0,mpo_only,MPO Cap Only
7086,Energir/WM Quebec,WM Sainte-Sophie Landfill RNG Facility,QC,Private,2023,2024,2,Announced & Planning,Announced & Planning,1,0,200.0,0.49,,,Energy,Waste Biomass,1,EN-BIO,1,0,1,1,1,0.844158,0.191747,3.0,0.109763,0.476961,0.158987,0.063723,0.311665,capex,200.0,blended_prob,0.111377,0.10125,0.093703,0.087756,0.082875,22.275337,20.250014,18.740521,17.551253,16.575008,95.392133,95.392133,0.476961,2026.852195,200.0,6.0,0.403074,0.341602,0.84749,1.179955,0.0,2.473905,,0,,264,95.392133,45.498295,0.476961,-0.0,95.392133,-0.0,45.498295,-0.0,0,0,mpo_only,MPO Cap Only
8004,Federation Group,Marguerite Lake Compressed Air Energy Storage,AB,Private,2024,2024,1,Announced & Planning,Announced & Planning,1,0,500.0,0.677,54.585707,-110.80399,Energy,"DER, Storage, EV",1,EN-DER,1,1,1,1,2,0.902818,0.141187,4.0,0.082048,0.492433,0.123108,0.049164,0.315125,capex,500.0,blended_prob,0.109192,0.102823,0.097635,0.093272,0.089511,54.595996,51.411263,48.817425,46.636242,44.755488,246.216414,246.216414,0.492433,2026.900673,500.0,15.0,0.390667,0.35061,0.897464,1.114251,0.0,2.262747,,0,,265,246.216414,121.245045,0.492433,-0.0,246.216414,-0.0,121.245045,-0.0,0,0,mpo_only,MPO Cap Only
8005,MYTILINEOS Energy & Metals,Red Willow Solar,AB,Private,2024,2024,1,Announced & Planning,Announced & Planning,1,0,315.0,0.586,52.411522,-112.4617,Energy,Clean Electricity,1,EN-CLEL,1,0,1,1,2,0.957359,0.496369,4.0,0.259907,0.608633,0.152158,0.060952,0.38956,capex,315.0,blended_prob,0.136094,0.12759,0.120619,0.114721,0.109609,42.869644,40.190891,37.99483,36.137114,34.526813,191.719292,191.719292,0.608633,2026.891824,315.0,9.45,0.483117,0.433806,0.897931,1.113672,0.0,1.829793,,0,,266,191.719292,116.686625,0.608633,-0.0,191.719292,-0.0,116.686625,-0.0,0,0,mpo_only,MPO Cap Only
8006,MYTILINEOS Energy & Metals,Sunnynook Solar Project,AB,Private,2024,2024,1,Announced & Planning,Announced & Planning,1,0,385.0,0.629,51.325481,-111.557846,Energy,Clean Electricity,1,EN-CLEL,1,0,1,1,2,0.957359,0.475155,4.0,0.250325,0.603842,0.15096,0.060466,0.386491,capex,385.0,blended_prob,0.134976,0.126565,0.119671,0.113841,0.108788,51.965873,48.727612,46.073494,43.828768,41.883352,232.4791,232.4791,0.603842,2026.892189,385.0,11.55,0.479303,0.430372,0.897912,1.113695,0.0,1.84435,,0,,267,232.4791,140.380602,0.603842,-0.0,232.4791,-0.0,140.380602,-0.0,0,0,mpo_only,MPO Cap Only
8007,MYTILINEOS Energy & Metals,Dolcy Solar Project,AB,Private,2024,2024,1,Announced & Planning,Announced & Planning,1,0,275.0,0.563,52.685568,-110.472889,Energy,Clean Electricity,1,EN-CLEL,1,0,1,1,2,0.957359,0.508103,4.0,0.265153,0.611256,0.152814,0.061218,0.391241,capex,275.0,blended_prob,0.136707,0.128151,0.121137,0.115203,0.110058,37.594294,35.241659,33.312704,31.680753,30.266011,168.095422,168.095422,0.611256,2026.891624,275.0,8.25,0.485205,0.435686,0.897941,1.113658,0.0,1.821918,,0,,268,168.095422,102.749348,0.611256,-0.0,168.095422,-0.0,102.749348,-0.0,0,0,mpo_only,MPO Cap Only
8011,Solar Krafte and Kinbrook Solar,Rainier Solar Farm,AB,Private,2024,2024,1,Announced & Planning,Announced & Planning,1,0,700.0,0.742,50.502131,-111.974802,Energy,Clean Electricity,1,EN-CLEL,1,0,1,1,3,0.960509,0.423628,4.0,0.226532,0.593521,0.14838,0.059419,0.37988,capex,700.0,blended_prob,0.132571,0.124358,0.117631,0.111944,0.107017,92.799501,87.050857,82.341654,78.360682,74.911914,415.464607,415.464607,0.593521,2026.892974,700.0,21.0,0.471088,0.422976,0.89787,1.113747,-0.0,1.876508,,0,,269,415.464607,246.586913,0.593521,-0.0,415.464607,-0.0,246.586913,-0.0,0,0,mpo_only,MPO Cap Only
8013,Kineticor Resource Corp.,Greenlight Electricity Centre,AB,Private,2024,2024,1,Announced & Planning,Announced & Planning,1,0,4500.0,0.942,53.828808,-113.17862,Energy,Clean Electricity,1,EN-CLEL,1,0,1,1,4,0.951119,0.345744,4.0,0.189128,0.570124,0.142531,0.057045,0.364892,capex,4500.0,blended_prob,0.12713,0.119361,0.113004,0.107637,0.102991,572.0858,537.124697,508.520185,484.365675,463.460351,2565.556709,2565.556709,0.570124,2026.894756,4500.0,135.0,0.452468,0.406215,0.897776,1.113863,0.0,1.953722,,0,,270,2565.556709,1462.684717,0.570124,-0.0,2565.556709,-0.0,1462.684717,-0.0,0,0,mpo_only,MPO Cap Only
8016,NorthRiver Midstream,NEBC Connector Pipeline Project,AB,Private,2024,2024,1,Announced & Planning,Announced & Planning,1,0,450.0,0.654,,,Energy,Trans & Distr,0,EN-T&D,1,0,1,1,2,0.892486,0.378596,4.0,0.205121,0.548804,0.137201,0.054883,0.351235,capex,450.0,blended_prob,0.122188,0.114814,0.108788,0.103705,0.099309,54.984666,51.666348,48.95455,46.66706,44.68913,246.961753,246.961753,0.548804,2026.896379,450.0,13.5,0.435504,0.390948,0.897691,1.11397,0.0,2.029814,,0,,271,246.961753,135.533573,0.548804,-0.0,246.961753,-0.0,135.533573,-0.0,0,0,mpo_only,MPO Cap Only
8017,Gibson Energy & Varme Energy JV,Heartland Waste to Power Project,AB,Private,2024,2024,1,Announced & Planning,Announced & Planning,1,0,300.0,0.573,53.775933,-113.040261,Energy,Waste Biomass,1,EN-BIO,1,1,1,1,2,0.902818,0.156919,4.0,0.090763,0.49679,0.124198,0.049606,0.317917,capex,300.0,blended_prob,0.110193,0.103748,0.098497,0.094081,0.090272,33.057873,31.124357,29.54915,28.224204,27.081484,149.037068,149.037068,0.49679,2026.900341,300.0,9.0,0.394132,0.353726,0.897481,1.114229,0.0,2.242856,,0,,272,149.037068,74.040159,0.49679,-0.0,149.037068,-0.0,74.040159,-0.0,0,0,mpo_only,MPO Cap Only
8021,Horizon New Energy,Aira Solar Project,AB,Private,2024,2024,1,Announced & Planning,Announced & Planning,1,0,700.0,0.742,49.59354,-110.933991,Energy,Clean Electricity,1,EN-CLEL,1,0,1,1,3,0.960509,0.423628,4.0,0.226532,0.593521,0.14838,0.059419,0.37988,capex,700.0,blended_prob,0.132571,0.124358,0.117631,0.111944,0.107017,92.799501,87.050857,82.341654,78.360682,74.911914,415.464607,415.464607,0.593521,2026.892974,700.0,21.0,0.471088,0.422976,0.89787,1.113747,-0.0,1.876508,,0,,273,415.464607,246.586913,0.593521,-0.0,415.464607,-0.0,246.586913,-0.0,0,0,mpo_only,MPO Cap Only
8022,hep Energy,Alderson Solar Power Project,AB,Private,2024,2024,1,Announced & Planning,Announced & Planning,1,0,150.0,0.441,50.35223,-111.360655,Energy,Clean Electricity,1,EN-CLEL,1,0,1,1,1,0.965274,0.575138,4.0,0.294424,0.629849,0.157462,0.063104,0.403151,capex,150.0,blended_prob,0.141053,0.132133,0.124812,0.118614,0.113237,21.158009,19.819926,18.721834,17.792084,16.985539,94.477393,94.477393,0.629849,2026.890209,150.0,4.5,0.500008,0.449015,0.898016,1.113566,0.0,1.767988,,0,,274,94.477393,59.506519,0.629849,-0.0,94.477393,-0.0,59.506519,-0.0,0,0,mpo_only,MPO Cap Only
8029,Renewable Energy Systems Canada Inc.,Nova Solar Project,AB,Private,2024,2024,1,Announced & Planning,Announced & Planning,1,0,225.0,0.522,50.840356,-113.525047,Energy,Clean Electricity,1,EN-CLEL,1,0,1,1,1,0.965274,0.529711,4.0,0.274719,0.619997,0.154999,0.062105,0.39684,capex,225.0,blended_prob,0.138749,0.130022,0.122865,0.116807,0.111554,31.21842,29.255055,27.644584,26.281568,25.099586,139.499213,139.499213,0.619997,2026.890959,225.0,6.75,0.492164,0.441951,0.897976,1.113615,0.0,1.796163,,0,,275,139.499213,86.489025,0.619997,-0.0,139.499213,-0.0,86.489025,-0.0,0,0,mpo_only,MPO Cap Only
8032,PR Development GP Inc.,Prominence Solar Project,AB,Private,2024,2024,1,Announced & Planning,Announced & Planning,1,0,120.0,0.388,49.857665,-112.71883,Energy,Clean Electricity,1,EN-CLEL,1,0,1,1,1,0.965274,0.606951,4.0,0.307904,0.636589,0.159147,0.063788,0.407469,capex,120.0,blended_prob,0.142632,0.133577,0.126144,0.119849,0.114387,17.115828,16.029272,15.137314,14.381888,13.726413,76.390715,76.390715,0.636589,2026.889696,120.0,3.6,0.505375,0.453848,0.898043,1.113532,-0.0,1.749216,,0,,276,76.390715,48.629511,0.636589,-0.0,76.390715,-0.0,48.629511,-0.0,0,0,mpo_only,MPO Cap Only
8033,Canadian Utilities Limited,Yellowhead Mainline Natural Gas Pipeline,AB,Private,2024,2024,1,Announced & Planning,Announced & Planning,1,0,2000.0,0.893,,,Energy,NG Power Gen,0,EN-NGPG,1,0,1,1,4,0.877964,0.296989,4.0,0.164799,0.521382,0.130345,0.052101,0.333669,capex,2000.0,blended_prob,0.115853,0.108975,0.103363,0.098636,0.094554,231.706335,217.950126,206.726172,197.272201,189.108209,1042.763044,1042.763044,0.521382,2026.898468,2000.0,60.0,0.41369,0.37132,0.89758,1.114106,-0.0,2.136835,,0,,277,1042.763044,543.677383,0.521382,-0.0,1042.763044,-0.0,543.677383,-0.0,0,0,mpo_only,MPO Cap Only
8035,Pouce Coupe Pipeline,Pouce Coupe Pipeline,AB,Private,2024,2024,1,Announced & Planning,Announced & Planning,1,0,341.0,0.599,,,Energy,Trans & Distr,0,EN-T&D,1,0,1,1,2,0.892486,0.40035,4.0,0.215538,0.554012,0.138503,0.055411,0.354572,capex,341.0,blended_prob,0.123394,0.115924,0.109818,0.104666,0.10021,42.077365,39.530169,37.44794,35.691046,34.17155,188.91807,188.91807,0.554012,2026.895983,341.0,10.23,0.439648,0.394677,0.897711,1.113944,0.0,2.010685,,0,,278,188.91807,104.662865,0.554012,-0.0,188.91807,-0.0,104.662865,-0.0,0,0,mpo_only,MPO Cap Only
8038,Cielo,Carseland Biomass Gasifier Project,AB,Private,2024,2024,1,Announced & Planning,Announced & Planning,1,0,100.0,0.342,50.888447,-113.39972,Energy,Waste Biomass,1,EN-BIO,1,1,1,1,1,0.920012,0.198418,4.0,0.113357,0.516684,0.129171,0.051624,0.33066,capex,100.0,blended_prob,0.11477,0.107976,0.102434,0.097767,0.093737,11.477049,10.797596,10.243373,9.776672,9.373745,51.668435,51.668435,0.516684,2026.898825,100.0,3.0,0.409954,0.367959,0.897561,1.11413,-0.0,2.156307,,0,,279,51.668435,26.696272,0.516684,-0.0,51.668435,-0.0,26.696272,-0.0,0,0,mpo_only,MPO Cap Only
8042,Canadian Natural Resources Ltd. (CNRL),Naphtha Recovery Unit Tailings Treatment Project,AB,Private,2024,2024,1,Announced & Planning,Announced & Planning,1,0,350.0,0.602,57.347385,-111.840992,Energy,Other,1,EN-OTH,0,0,1,1,2,0.951554,0.663827,4.0,0.331366,0.64146,0.160365,0.064282,0.410589,capex,350.0,blended_prob,0.143774,0.134621,0.127107,0.120741,0.115217,50.320738,47.117519,44.487392,42.259424,40.325918,224.510991,224.510991,0.64146,2026.889325,350.0,10.5,0.509253,0.457341,0.898063,1.113508,0.0,1.735896,,0,,280,224.510991,144.014814,0.64146,-0.0,224.510991,-0.0,144.014814,-0.0,0,0,mpo_only,MPO Cap Only
8043,EDF EN Canada,Pe-Na-Koyim Wind Project,AB,Private,2024,2024,1,Announced & Planning,Announced & Planning,1,0,425.0,0.649,49.447019,-113.121414,Energy,Clean Electricity,1,EN-CLEL,1,0,1,1,2,0.957359,0.465599,4.0,0.245968,0.601664,0.150416,0.060245,0.385096,capex,425.0,blended_prob,0.134468,0.126099,0.119241,0.113441,0.108414,57.149033,53.592224,50.677337,48.212303,46.076135,255.707032,255.707032,0.601664,2026.892354,425.0,12.75,0.477569,0.428811,0.897903,1.113706,0.0,1.851045,,0,,281,255.707032,153.849614,0.601664,-0.0,255.707032,-0.0,153.849614,-0.0,0,0,mpo_only,MPO Cap Only
8046,Mondi Group plc,Hinton Pulp Mill Expansion,AB,Private,2024,2024,1,Announced & Planning,Announced & Planning,1,0,584.0,0.709,53.414597,-117.568992,Forest,Pulp & Paper,0,FOR-P&P,0,0,1,1,3,0.850965,0.925195,4.0,0.429363,0.640164,0.160041,0.06415,0.409758,capex,584.0,blended_prob,0.14347,0.134344,0.126851,0.120504,0.114996,83.786273,78.45664,74.080798,70.374236,67.157697,373.855644,373.855644,0.640164,2026.889424,584.0,17.52,0.508221,0.456411,0.898057,1.113515,-0.0,1.739421,,0,,282,373.855644,239.32884,0.640164,-0.0,373.855644,-0.0,239.32884,-0.0,0,0,mpo_only,MPO Cap Only
8059,BC Hydro,Bridge River 1 Replace Units 1-4 Generators / Governors Project,BC,Public,2024,2024,1,Approved,Approved,1,0,313.0,0.584,,,Energy,Clean Electricity,1,EN-CLEL,0,0,1,1,2,0.406604,0.049745,4.0,0.029713,0.218158,0.05454,0.021341,0.139432,capex,313.0,blended_prob,0.047419,0.045122,0.043294,0.041794,0.040529,14.842269,14.123067,13.551172,13.081478,12.685594,68.28358,68.28358,0.218158,2026.921578,313.0,9.39,0.172851,0.154937,0.89636,1.115623,-0.0,5.113823,,0,,283,68.28358,14.896637,0.218158,-0.0,68.28358,-0.0,14.896637,-0.0,0,0,mpo_only,MPO Cap Only
8065,HTEC,H2 Gateway Project,BC,Private,2024,2024,1,Announced & Planning,Announced & Planning,1,0,830.0,0.785,,,Energy,Low Carbon Fuels,1,EN-LCF,1,1,1,1,3,0.070161,0.009309,4.0,0.005629,0.037895,0.009474,0.003055,0.023959,capex,830.0,blended_prob,0.008129,0.007788,0.007524,0.007313,0.007141,6.746829,6.464078,6.245001,6.070027,5.926833,31.452768,31.452768,0.037895,2026.93533,830.0,24.9,0.029999,0.026868,0.895633,1.116529,1e-06,29.463836,,0,,284,31.452768,1.1919,0.037895,-0.0,31.452768,-0.0,1.1919,-0.0,0,0,mpo_only,MPO Cap Only
8066,Hydra Energy,Prince George Project,BC,Private,2024,2024,1,Announced & Planning,Announced & Planning,1,0,62.0,0.261,,,Energy,Clean Electricity,1,EN-CLEL,1,0,1,1,0,0.142269,0.050809,4.0,0.030339,0.086304,0.021576,0.007966,0.054969,capex,62.0,blended_prob,0.018579,0.017767,0.017134,0.016623,0.016201,1.151884,1.10158,1.062288,1.030625,1.00446,5.350837,5.350837,0.086304,2026.931636,62.0,1.86,0.068338,0.061219,0.895828,1.116286,3e-06,12.93437,,0,,285,5.350837,0.461798,0.086304,-0.0,5.350837,-0.0,0.461798,-0.0,0,0,mpo_only,MPO Cap Only
8068,Teralta Hydrogen Solutions,Teralta Hydrogen Project,BC,Private,2024,2024,1,Announced & Planning,Announced & Planning,1,0,36.0,0.167,,,Energy,Low Carbon Fuels,1,EN-LCF,1,1,1,1,0,0.028086,0.01744,4.0,0.010519,0.019303,0.004826,0.001169,0.012049,capex,36.0,blended_prob,0.004135,0.003964,0.003833,0.003728,0.003643,0.148855,0.142718,0.137978,0.134207,0.131134,0.694892,0.694892,0.019303,2026.936749,36.0,1.08,0.015279,0.013684,0.895558,1.116623,3e-06,57.848427,,0,,286,0.694892,0.013413,0.019303,-0.0,0.694892,-0.0,0.013413,-0.0,0,0,mpo_only,MPO Cap Only
8069,Salish Elements & Xaxli'p First Nation,Salish Elements Green Hydrogen Production Project,BC,Private,2024,2024,1,Announced & Planning,Announced & Planning,1,0,90.0,0.328,,,Energy,Low Carbon Fuels,1,EN-LCF,1,1,1,1,0,0.028086,0.014809,4.0,0.008939,0.018513,0.004628,0.001089,0.011543,capex,90.0,blended_prob,0.003965,0.003802,0.003676,0.003576,0.003494,0.356887,0.342183,0.33083,0.321797,0.314438,1.666135,1.666135,0.018513,2026.936809,90.0,2.7,0.014654,0.013124,0.895554,1.116627,3e-06,60.317079,,0,,287,1.666135,0.030845,0.018513,-0.0,1.666135,-0.0,0.030845,-0.0,0,0,mpo_only,MPO Cap Only
8070,Mcleod Lake Indian Band,Tse'khene Energy Transition Hub,BC,Private,2024,2024,1,Announced & Planning,Announced & Planning,1,0,5000.0,0.946,,,Energy,Clean Electricity,1,EN-CLEL,1,1,1,1,4,0.181499,0.007905,4.0,0.004782,0.09314,0.023285,0.008659,0.059348,capex,5000.0,blended_prob,0.020061,0.019179,0.018491,0.017935,0.017475,100.302704,95.89739,92.452796,89.673765,87.374524,465.701179,465.701179,0.09314,2026.931115,5000.0,150.0,0.073753,0.066072,0.895856,1.116251,-0.0,11.98463,,0,,288,465.701179,43.375518,0.09314,-0.0,465.701179,-0.0,43.375518,-0.0,0,0,mpo_only,MPO Cap Only
8071,HTEC,BCH2 Ports Hydrogen Vehicle Demonstration & Commercialized Project,BC,Private,2024,2024,1,Approved,Approved,1,0,22.0,0.108,,,Energy,Low Carbon Fuels,1,EN-LCF,1,1,1,1,0,0.028086,0.018517,4.0,0.011165,0.019626,0.004906,0.001202,0.012256,capex,22.0,blended_prob,0.004204,0.004031,0.003897,0.00379,0.003703,0.092492,0.088677,0.085731,0.083387,0.081476,0.431763,0.431763,0.019626,2026.936724,22.0,0.66,0.015535,0.013913,0.895559,1.116621,3e-06,56.896177,,0,,289,0.431763,0.008474,0.019626,-0.0,0.431763,-0.0,0.008474,-0.0,0,0,mpo_only,MPO Cap Only
8075,Teck Resources Ltd.,Fording River Castle Expansion,BC,Private,2024,2024,1,In Review,In Review,1,0,2300.0,0.905,50.2,-114.86,Mining,Other,0,MIN-OTH,0,0,1,1,4,0.059674,0.007089,4.0,0.004289,0.031982,0.007995,0.002455,0.020171,capex,2300.0,blended_prob,0.006857,0.006571,0.00635,0.006174,0.006029,15.771767,15.11419,14.605235,14.199213,13.86737,73.557774,73.557774,0.031982,2026.935781,2300.0,69.0,0.025317,0.022675,0.895609,1.116559,-0.0,34.912497,,0,,290,73.557774,2.352498,0.031982,-0.0,73.557774,-0.0,2.352498,-0.0,0,0,mpo_only,MPO Cap Only
8076,Galore Creek Mining Corporation (Newmont & Teck),Galore Creek,BC,Private,2024,2024,1,Approved,Approved,1,0,5160.0,0.952,57.13,-131.47,Mining,Other,0,MIN-OTH,1,0,1,1,4,0.035704,0.004972,4.0,0.00301,0.019357,0.004839,0.001175,0.012084,capex,5160.0,blended_prob,0.004147,0.003976,0.003844,0.003738,0.003653,21.396199,20.513971,19.832706,19.290624,18.848841,99.882341,99.882341,0.019357,2026.936745,5160.0,154.8,0.015323,0.013722,0.895558,1.116622,0.0,57.685592,,0,,291,99.882341,1.933427,0.019357,-0.0,99.882341,-0.0,1.933427,-0.0,0,0,mpo_only,MPO Cap Only
8077,North Coal,Michel Coal,BC,Private,2024,2024,1,In Review,In Review,1,0,350.0,0.602,49.467,-114.67,Mining,Coal,0,MIN-COAL,1,0,1,1,2,0.011264,0.007095,4.0,0.004293,0.007778,0.001945,0.0,0.004667,capex,350.0,blended_prob,0.001665,0.001597,0.001545,0.001503,0.001469,0.582689,0.55891,0.540586,0.526042,0.514222,2.722449,2.722449,0.007778,2026.937629,350.0,10.5,0.006157,0.005514,0.895511,1.116681,3e-06,143.56128,,0,,292,2.722449,0.021176,0.007778,-0.0,2.722449,-0.0,0.021176,-0.0,0,0,mpo_only,MPO Cap Only
8078,FPX Nickel Corp.,Baptiste Nickel (Decar),BC,Private,2024,2024,1,Announced & Planning,Announced & Planning,1,0,2871.0,0.918,49.78,-114.73,Mining,Critical Mineral,1,MIN-CM,1,0,1,1,4,0.016972,0.006297,4.0,0.003811,0.010392,0.002598,0.000265,0.006341,capex,2871.0,blended_prob,0.002225,0.002134,0.002063,0.002008,0.001962,6.386688,6.125435,5.92403,5.764076,5.633992,29.834222,29.834222,0.010392,2026.937429,2871.0,86.13,0.008225,0.007366,0.895522,1.116668,1e-06,107.458903,,0,,293,29.834222,0.310025,0.010392,-0.0,29.834222,-0.0,0.310025,-0.0,0,0,mpo_only,MPO Cap Only
8084,Two Utilities,NS-NB Transmission Line,Multi,Private,2024,2024,1,In Review,In Review,1,0,1700.0,0.884,,,Energy,Trans & Distr,0,EN-T&D,1,0,1,1,4,0.655004,0.299717,4.0,0.166179,0.410591,0.102648,0.040862,0.2627,capex,1700.0,blended_prob,0.090506,0.085493,0.081432,0.078037,0.075123,153.860944,145.337592,138.435238,132.662272,127.709227,698.005272,698.005272,0.410591,2026.906908,1700.0,51.0,0.325614,0.292119,0.897135,1.11466,-0.0,2.714767,,0,,294,698.005272,286.594918,0.410591,-0.0,698.005272,-0.0,286.594918,-0.0,0,0,mpo_only,MPO Cap Only
8088,Atlas Salt,St. Georges Great Atlantic Salt Project,NL,Private,2024,2024,1,Approved,Approved,1,0,480.0,0.67,48.402,-58.529,Mining,Other,0,MIN-OTH,1,0,1,1,2,0.572956,0.044203,4.0,0.026447,0.299701,0.074925,0.029613,0.191666,capex,480.0,blended_prob,0.065533,0.062164,0.059462,0.057223,0.05532,31.455624,29.838699,28.541748,27.467134,26.553404,143.856609,143.856609,0.299701,2026.91536,480.0,14.4,0.23755,0.213008,0.896688,1.115215,0.0,3.721087,,0,,295,143.856609,43.114008,0.299701,-0.0,143.856609,-0.0,43.114008,-0.0,0,0,mpo_only,MPO Cap Only
8092,MTC,Mass Timber Manufacturing Plant start up,NS,Private,2024,2024,1,In Review,In Review,1,0,215.0,0.514,,,Forest,Other,1,FOR-OTH,1,0,1,1,1,0.510568,1.015266,4.0,0.459693,0.48513,0.121283,0.048424,0.310448,capex,215.0,blended_prob,0.107516,0.101272,0.09619,0.091917,0.088235,23.11592,21.773553,20.680763,19.762227,18.970522,104.302986,104.302986,0.48513,2026.901229,215.0,6.45,0.384861,0.345387,0.897435,1.114287,0.0,2.296883,,0,,296,104.302986,50.600525,0.48513,-0.0,104.302986,-0.0,50.600525,-0.0,0,0,mpo_only,MPO Cap Only
8093,"Torchlight, Municipality of New Glasgow Pictou Landing First nation",District Energy System,NS,Public,2024,2024,1,In Review,In Review,1,0,200.0,0.49,45.5882,-62.645,Forest,Other,1,FOR-OTH,1,0,1,1,1,0.510568,1.040322,4.0,0.467839,0.489203,0.122301,0.048837,0.313057,capex,200.0,blended_prob,0.108451,0.102137,0.096996,0.092673,0.088947,21.690118,20.427384,19.39915,18.534665,17.789381,97.840698,97.840698,0.489203,2026.900919,200.0,6.0,0.388099,0.3483,0.897451,1.114267,0.0,2.277717,,0,,297,97.840698,47.864011,0.489203,-0.0,97.840698,-0.0,47.864011,-0.0,0,0,mpo_only,MPO Cap Only
8094,Vyterra / Ledwidge Lumber,Liquid Biofuel manufacturing plant,NS,Private,2024,2024,1,In Review,In Review,1,0,200.0,0.49,,,Forest,Other,1,FOR-OTH,1,1,1,1,1,0.400349,0.324566,4.0,0.178648,0.289499,0.072375,0.028578,0.18513,capex,200.0,blended_prob,0.063255,0.060026,0.05744,0.055298,0.05348,12.65092,12.005279,11.487922,11.059687,10.695922,57.89973,57.89973,0.289499,2026.916138,200.0,6.0,0.229452,0.205738,0.896647,1.115266,-0.0,3.852404,,0,,298,57.89973,16.761894,0.289499,-0.0,57.89973,-0.0,16.761894,-0.0,0,0,mpo_only,MPO Cap Only
8095,Canadian Gypsum Company Inc. (CGC),Little Narrows Gypsum,NS,Private,2024,2024,1,Announced & Planning,Announced & Planning,1,0,104.0,0.361,46.001301,-60.958168,Mining,Other,0,MIN-OTH,1,0,1,1,1,0.276357,0.123165,4.0,0.071962,0.174159,0.04354,0.016878,0.111247,capex,104.0,blended_prob,0.037734,0.035966,0.034567,0.033425,0.032468,3.924337,3.740433,3.594982,3.47619,3.376637,18.112579,18.112579,0.174159,2026.924934,104.0,3.12,0.137961,0.123638,0.896182,1.115844,-2e-06,6.407028,,0,,299,18.112579,3.154476,0.174159,-0.0,18.112579,-0.0,3.154476,-0.0,0,0,mpo_only,MPO Cap Only
8106,Nova Scotia Power & WMA,NSP Battery Storage,NS,Private,2024,2024,1,Approved,Approved,1,0,354.0,0.616,,,Energy,"DER, Storage, EV",1,EN-DER,1,0,1,1,2,0.63879,0.481471,4.0,0.253191,0.44599,0.111498,0.044453,0.285375,capex,354.0,blended_prob,0.098562,0.092977,0.088442,0.08464,0.08137,34.890955,32.913768,31.308443,29.962457,28.804971,157.880594,157.880594,0.44599,2026.904211,354.0,10.62,0.353745,0.317408,0.897277,1.114483,0.0,2.498894,,0,,300,157.880594,70.413226,0.44599,-0.0,157.880594,-0.0,70.413226,-0.0,0,0,mpo_only,MPO Cap Only
8107,Ontario Power Generation,Sir Adam Beck Complex Refurbishment,ON,Public,2024,2024,1,Announced & Planning,Announced & Planning,1,0,1000.0,0.805,43.1491,-79.04442,Energy,Clean Electricity,1,EN-CLEL,0,0,1,1,3,0.958857,0.593575,4.0,0.302268,0.630563,0.157641,0.063176,0.403608,capex,1000.0,blended_prob,0.14122,0.132286,0.124953,0.118745,0.113359,141.220363,132.285662,124.95319,118.744638,113.358667,630.562521,630.562521,0.630563,2026.890155,1000.0,30.0,0.500576,0.449527,0.898019,1.113562,-0.0,1.765982,,0,,301,630.562521,397.609092,0.630563,-0.0,630.562521,-0.0,397.609092,-0.0,0,0,mpo_only,MPO Cap Only
8108,Ontario Power Generation,R.H. Saunders Refurbishment,ON,Public,2024,2024,1,Announced & Planning,Announced & Planning,1,0,600.0,0.714,45.00962,-74.78765,Energy,Clean Electricity,1,EN-CLEL,0,0,1,1,3,0.958857,0.651059,4.0,0.326169,0.642513,0.160628,0.064389,0.411263,capex,600.0,blended_prob,0.144021,0.134847,0.127315,0.120934,0.115396,86.412302,80.908395,76.388982,72.560447,69.237796,385.507922,385.507922,0.642513,2026.889245,600.0,18.0,0.510092,0.458096,0.898067,1.113503,-0.0,1.733043,,0,,302,385.507922,247.69393,0.642513,-0.0,385.507922,-0.0,247.69393,-0.0,0,0,mpo_only,MPO Cap Only
8115,Potentia Renewables Inc.,Skyview 2 Battery Energy Storage System,ON,Private,2024,2024,1,Announced & Planning,Announced & Planning,1,0,750.0,0.757,44.14855,-76.84013,Energy,"DER, Storage, EV",1,EN-DER,1,0,1,1,3,0.897866,0.458503,4.0,0.242717,0.570291,0.142573,0.057062,0.365,capex,750.0,blended_prob,0.127169,0.119397,0.113038,0.107668,0.10302,95.376834,89.547628,84.778239,80.75079,77.265077,427.718568,427.718568,0.570291,2026.894743,750.0,22.5,0.452601,0.406335,0.897777,1.113863,-0.0,1.953146,,0,,303,427.718568,243.924231,0.570291,-0.0,427.718568,-0.0,243.924231,-0.0,0,0,mpo_only,MPO Cap Only
8130,Hydro One,Longwood to Lakeshore Phase 1,ON,Public,2024,2024,1,Announced & Planning,Announced & Planning,1,0,800.0,0.776,42.95939,-81.62679,Energy,Trans & Distr,0,EN-T&D,1,0,1,1,3,0.834092,0.367562,4.0,0.199785,0.516938,0.129235,0.05165,0.330823,capex,800.0,blended_prob,0.114829,0.10803,0.102484,0.097814,0.093782,91.863236,86.424,81.987209,78.251007,75.025315,413.550767,413.550767,0.516938,2026.898806,800.0,24.0,0.410156,0.36814,0.897562,1.114129,-0.0,2.155244,,0,,304,413.550767,213.780296,0.516938,-0.0,413.550767,-0.0,213.780296,-0.0,0,0,mpo_only,MPO Cap Only
8131,Hydro One,Longwood to Lakeshore Phase 2,ON,Public,2024,2024,1,Announced & Planning,Announced & Planning,1,0,800.0,0.776,42.95939,-81.62679,Energy,Trans & Distr,0,EN-T&D,1,0,1,1,3,0.834092,0.367562,4.0,0.199785,0.516938,0.129235,0.05165,0.330823,capex,800.0,blended_prob,0.114829,0.10803,0.102484,0.097814,0.093782,91.863236,86.424,81.987209,78.251007,75.025315,413.550767,413.550767,0.516938,2026.898806,800.0,24.0,0.410156,0.36814,0.897562,1.114129,-0.0,2.155244,,0,,305,413.550767,213.780296,0.516938,-0.0,413.550767,-0.0,213.780296,-0.0,0,0,mpo_only,MPO Cap Only
8132,Hydro One,Mississagi to Third Line Transmission Line,ON,Public,2024,2024,1,Announced & Planning,Announced & Planning,1,0,230.0,0.523,46.42,-83.3883,Energy,Trans & Distr,0,EN-T&D,1,0,1,1,2,0.822717,0.475272,4.0,0.250378,0.536548,0.134137,0.053639,0.343384,capex,230.0,blended_prob,0.119354,0.112203,0.106363,0.101441,0.097187,27.451364,25.806707,24.4636,23.33137,22.352915,123.405955,123.405955,0.536548,2026.897313,230.0,6.9,0.425754,0.382174,0.897641,1.114031,0.0,2.076294,,0,,306,123.405955,66.213173,0.536548,-0.0,123.405955,-0.0,66.213173,-0.0,0,0,mpo_only,MPO Cap Only
8133,Hydro One,Northeast Power Line (Mississagi to Hanmer Transmissio Line),ON,Public,2024,2024,1,Announced & Planning,Announced & Planning,1,0,650.0,0.732,46.42,-83.3883,Energy,Trans & Distr,0,EN-T&D,1,0,1,1,3,0.834092,0.384363,4.0,0.207896,0.520994,0.130248,0.052062,0.333421,capex,650.0,blended_prob,0.115764,0.108893,0.103286,0.098564,0.094487,75.246453,70.780179,67.136145,64.066829,61.416368,338.645974,338.645974,0.520994,2026.898497,650.0,19.5,0.413381,0.371042,0.897579,1.114108,-0.0,2.138429,,0,,307,338.645974,176.432455,0.520994,-0.0,338.645974,-0.0,176.432455,-0.0,0,0,mpo_only,MPO Cap Only
8134,Hydro One,Greater Toronto Area East Line,ON,Public,2024,2024,1,Announced & Planning,Announced & Planning,1,0,298.0,0.571,43.8524,-79.1139,Energy,Trans & Distr,0,EN-T&D,1,0,1,1,2,0.822717,0.452655,4.0,0.240027,0.531372,0.132843,0.053114,0.340069,capex,298.0,blended_prob,0.118158,0.111101,0.10534,0.100484,0.096289,35.211167,33.108125,31.391197,29.944237,28.694106,158.348833,158.348833,0.531372,2026.897707,298.0,8.94,0.421636,0.378469,0.89762,1.114057,0.0,2.096567,,0,,308,158.348833,84.142124,0.531372,-0.0,158.348833,-0.0,84.142124,-0.0,0,0,mpo_only,MPO Cap Only
8135,TBD,Wawa to Porcupine,ON,Private,2024,2024,1,Announced & Planning,Announced & Planning,1,0,650.0,0.732,47.885142,-84.546939,Energy,Trans & Distr,0,EN-T&D,1,0,1,1,3,0.834092,0.384363,4.0,0.207896,0.520994,0.130248,0.052062,0.333421,capex,650.0,blended_prob,0.115764,0.108893,0.103286,0.098564,0.094487,75.246453,70.780179,67.136145,64.066829,61.416368,338.645974,338.645974,0.520994,2026.898497,650.0,19.5,0.413381,0.371042,0.897579,1.114108,-0.0,2.138429,,0,,309,338.645974,176.432455,0.520994,-0.0,338.645974,-0.0,176.432455,-0.0,0,0,mpo_only,MPO Cap Only
8136,Hydro One,St. Thomas Line (including Centennial Transformer Station & Line),ON,Public,2024,2024,1,Announced & Planning,Announced & Planning,1,0,381.0,0.628,42.93962,-81.160509,Energy,Trans & Distr,0,EN-T&D,1,0,1,1,2,0.822717,0.42719,4.0,0.228201,0.525459,0.131365,0.052515,0.336281,capex,381.0,blended_prob,0.116794,0.109843,0.10417,0.099391,0.095263,44.498368,41.850045,39.688703,37.86779,36.295024,200.19993,200.19993,0.525459,2026.898157,381.0,11.43,0.416933,0.374238,0.897597,1.114086,0.0,2.120215,,0,,310,200.19993,105.196882,0.525459,-0.0,200.19993,-0.0,105.196882,-0.0,0,0,mpo_only,MPO Cap Only
8137,PUC Transmisison,PUC Tx Project,ON,Private,2024,2024,1,Announced & Planning,Announced & Planning,1,0,188.0,0.48,46.527383,-84.390652,Energy,Trans & Distr,0,EN-T&D,1,0,1,1,1,0.851756,0.496492,4.0,0.259962,0.555859,0.138965,0.055598,0.355755,capex,188.0,blended_prob,0.123822,0.116318,0.110183,0.105007,0.100529,23.278509,21.867784,20.714456,19.741237,18.899454,104.501439,104.501439,0.555859,2026.895842,188.0,5.64,0.441117,0.395999,0.897719,1.113934,0.0,2.003989,,0,,311,104.501439,58.088036,0.555859,-0.0,104.501439,-0.0,58.088036,-0.0,0,0,mpo_only,MPO Cap Only
8144,Onimiskiw Opitciwan,Centrale de cogeneration a la biomasse d'opitciwan,QC,Private,2024,2024,1,Announced & Planning,Announced & Planning,1,0,60.2,0.259,,,Energy,Waste Biomass,1,EN-BIO,1,0,1,1,0,0.644785,0.242457,4.0,0.13672,0.390752,0.097688,0.03885,0.249991,capex,60.2,blended_prob,0.086009,0.081306,0.077503,0.074327,0.071606,5.177767,4.89463,4.665695,4.474503,4.310696,23.523292,23.523292,0.390752,2026.90842,60.2,1.806,0.309852,0.277954,0.897055,1.114759,1e-06,2.852853,,0,,312,23.523292,9.191782,0.390752,-0.0,23.523292,-0.0,9.191782,-0.0,0,0,mpo_only,MPO Cap Only
8169,Hydro-Quebec-MRC Domaine du Roy - Premiere Nation des Pekuakamiulnuatsh et Atikamekw de Wemotaci,Parc eolien zone Chamouchouane,QC,Public,2024,2024,1,Announced & Planning,Announced & Planning,1,0,9000.0,0.973,,,Energy,Clean Electricity,1,EN-CLEL,1,0,1,1,4,0.854329,0.117395,4.0,0.068709,0.461519,0.11538,0.046028,0.295323,capex,9000.0,blended_prob,0.102109,0.096265,0.091516,0.08753,0.084099,918.976883,866.388713,823.645076,787.770138,756.890384,4153.671194,4153.671194,0.461519,2026.903028,9000.0,270.0,0.366089,0.328506,0.89734,1.114405,0.0,2.414646,,0,,313,4153.671194,1916.998266,0.461519,-0.0,4153.671194,-0.0,1916.998266,-0.0,0,0,mpo_only,MPO Cap Only
8170,Algonquin Power,Saint-Damase 2 (Canton MacNider),QC,Private,2024,2024,1,Announced & Planning,Announced & Planning,1,0,400.0,0.634,,,Energy,Clean Electricity,1,EN-CLEL,1,0,1,1,2,0.871251,0.165654,4.0,0.095566,0.483408,0.120852,0.048249,0.309345,capex,400.0,blended_prob,0.107121,0.100907,0.095849,0.091598,0.087934,42.848399,40.362789,38.339536,36.639085,35.173571,193.36338,193.36338,0.483408,2026.90136,400.0,12.0,0.383492,0.344156,0.897428,1.114296,0.0,2.305082,,0,,314,193.36338,93.473491,0.483408,-0.0,193.36338,-0.0,93.473491,-0.0,0,0,mpo_only,MPO Cap Only
8171,EDF Renouvelables,Foret Domaniale,QC,Private,2024,2024,1,Announced & Planning,Announced & Planning,1,0,590.0,0.713,,,Energy,Clean Electricity,1,EN-CLEL,1,0,1,1,3,0.879966,0.15288,4.0,0.088533,0.48425,0.121062,0.048334,0.309883,capex,590.0,blended_prob,0.107314,0.101085,0.096015,0.091754,0.088081,63.315218,59.640431,56.649042,54.134789,51.967807,285.707286,285.707286,0.48425,2026.901296,590.0,17.7,0.38416,0.344757,0.897431,1.114292,-0.0,2.301069,,0,,315,285.707286,138.35365,0.48425,-0.0,285.707286,-0.0,138.35365,-0.0,0,0,mpo_only,MPO Cap Only
8172,EDF Renouvelables,Haute-Chaudiere,QC,Private,2024,2024,1,Announced & Planning,Announced & Planning,1,0,370.0,0.623,,,Energy,Clean Electricity,1,EN-CLEL,1,0,1,1,2,0.871251,0.167515,4.0,0.096586,0.483919,0.12098,0.048301,0.309671,capex,370.0,blended_prob,0.107238,0.101015,0.09595,0.091692,0.088023,39.678056,37.375631,35.501425,33.926194,32.56856,179.049866,179.049866,0.483919,2026.901321,370.0,11.1,0.383897,0.344521,0.89743,1.114293,0.0,2.302646,,0,,316,179.049866,86.645553,0.483919,-0.0,179.049866,-0.0,86.645553,-0.0,0,0,mpo_only,MPO Cap Only
8173,EDF Renouvelables,Madawaska,QC,Private,2024,2024,1,Announced & Planning,Announced & Planning,1,0,800.0,0.776,,,Energy,Clean Electricity,1,EN-CLEL,1,0,1,1,3,0.879966,0.143403,4.0,0.08328,0.481623,0.120406,0.048068,0.308201,capex,800.0,blended_prob,0.106712,0.100528,0.095496,0.091266,0.087622,85.369293,80.422533,76.396406,73.013001,70.097339,385.298572,385.298572,0.481623,2026.901496,800.0,24.0,0.382072,0.342879,0.897421,1.114305,-0.0,2.313644,,0,,317,385.298572,185.568737,0.481623,-0.0,385.298572,-0.0,185.568737,-0.0,0,0,mpo_only,MPO Cap Only
8174,Invenergy,Pohenegamook-Picard-St-Antonin,QC,Private,2024,2024,1,Announced & Planning,Announced & Planning,1,0,950.0,0.801,,,Energy,Clean Electricity,1,EN-CLEL,1,0,1,1,3,0.879966,0.139807,4.0,0.08128,0.480623,0.120156,0.047966,0.30756,capex,950.0,blended_prob,0.106482,0.100316,0.095297,0.09108,0.087447,101.158124,95.3001,90.532615,86.526445,83.074307,456.591591,456.591591,0.480623,2026.901572,950.0,28.5,0.381277,0.342164,0.897416,1.11431,-0.0,2.318471,,0,,318,456.591591,219.448296,0.480623,-0.0,456.591591,-0.0,219.448296,-0.0,0,0,mpo_only,MPO Cap Only
8175,Innergex,Mesgi'g Ugju's'n (MU2),QC,Private,2024,2024,1,Announced & Planning,Announced & Planning,1,0,220.0,0.518,,,Energy,Clean Electricity,1,EN-CLEL,1,0,1,1,1,0.89337,0.18637,4.0,0.106856,0.500113,0.125028,0.049943,0.320045,capex,220.0,blended_prob,0.110957,0.104454,0.099155,0.094697,0.090851,24.410449,22.979806,21.814038,20.833291,19.987282,110.024865,110.024865,0.500113,2026.900088,220.0,6.6,0.396775,0.356103,0.897495,1.114213,0.0,2.227921,,0,,319,110.024865,55.024868,0.500113,-0.0,110.024865,-0.0,55.024868,-0.0,0,0,mpo_only,MPO Cap Only
8176,Boralex-Energir-Hydro-Quebec,Des Neiges (secteur Sud),QC,Public,2024,2024,1,Announced & Planning,Announced & Planning,1,0,1000.0,0.805,,,Energy,Clean Electricity,1,EN-CLEL,1,0,1,1,3,0.879966,0.13924,4.0,0.080964,0.480465,0.120116,0.04795,0.307459,capex,1000.0,blended_prob,0.106446,0.100282,0.095266,0.091051,0.087419,106.446029,100.282388,95.266231,91.051141,87.419006,480.464795,480.464795,0.480465,2026.901584,1000.0,30.0,0.381151,0.342051,0.897416,1.114311,-0.0,2.319235,,0,,320,480.464795,230.846419,0.480465,-0.0,480.464795,-0.0,230.846419,-0.0,0,0,mpo_only,MPO Cap Only
8177,Boralex-Energir-Hydro-Quebec,Des Neiges (secteur Ouest),QC,Public,2024,2024,1,Announced & Planning,Announced & Planning,1,0,1000.0,0.805,,,Energy,Clean Electricity,1,EN-CLEL,1,0,1,1,3,0.879966,0.13924,4.0,0.080964,0.480465,0.120116,0.04795,0.307459,capex,1000.0,blended_prob,0.106446,0.100282,0.095266,0.091051,0.087419,106.446029,100.282388,95.266231,91.051141,87.419006,480.464795,480.464795,0.480465,2026.901584,1000.0,30.0,0.381151,0.342051,0.897416,1.114311,-0.0,2.319235,,0,,321,480.464795,230.846419,0.480465,-0.0,480.464795,-0.0,230.846419,-0.0,0,0,mpo_only,MPO Cap Only
8178,Boralex-Energir-Hydro-Quebec,Des Neiges (secteur Charlevoix),QC,Public,2024,2024,1,Announced & Planning,Announced & Planning,1,0,1000.0,0.805,,,Energy,Clean Electricity,1,EN-CLEL,1,0,1,1,3,0.879966,0.13924,4.0,0.080964,0.480465,0.120116,0.04795,0.307459,capex,1000.0,blended_prob,0.106446,0.100282,0.095266,0.091051,0.087419,106.446029,100.282388,95.266231,91.051141,87.419006,480.464795,480.464795,0.480465,2026.901584,1000.0,30.0,0.381151,0.342051,0.897416,1.114311,-0.0,2.319235,,0,,322,480.464795,230.846419,0.480465,-0.0,480.464795,-0.0,230.846419,-0.0,0,0,mpo_only,MPO Cap Only
8186,Kruger,Saint-Paul-de-Montminy,QC,Private,2024,2024,1,Announced & Planning,Announced & Planning,1,0,550.0,0.702,,,Energy,Clean Electricity,1,EN-CLEL,1,0,1,1,3,0.879966,0.154598,4.0,0.089482,0.484724,0.121181,0.048382,0.310187,capex,550.0,blended_prob,0.107423,0.101186,0.096109,0.091842,0.088164,59.082517,55.65239,52.860074,50.513075,48.490193,266.59825,266.59825,0.484724,2026.90126,550.0,16.5,0.384538,0.345097,0.897433,1.114289,-0.0,2.298812,,0,,323,266.59825,129.226594,0.484724,-0.0,266.59825,-0.0,129.226594,-0.0,0,0,mpo_only,MPO Cap Only
8187,Energie Matawak,minicentrale hydroelectrique barrage Matawin,QC,Private,2024,2024,1,Announced & Planning,Announced & Planning,1,0,110.0,0.371,,,Energy,Clean Electricity,1,EN-CLEL,1,0,1,1,1,0.89337,0.216384,4.0,0.122963,0.508167,0.127042,0.05076,0.325204,capex,110.0,blended_prob,0.112809,0.106165,0.100748,0.096189,0.092255,12.408998,11.678156,11.082326,10.580828,10.148047,55.898356,55.898356,0.508167,2026.899474,110.0,3.3,0.40318,0.361865,0.897527,1.114172,-0.0,2.192532,,0,,324,55.898356,28.405693,0.508167,-0.0,55.898356,-0.0,28.405693,-0.0,0,0,mpo_only,MPO Cap Only
8188,Energie Renouvelable Onimiki,Amenagement hydroelectrique Onimiki,QC,Private,2024,2024,1,Announced & Planning,Announced & Planning,1,0,475.0,0.668,,,Energy,Clean Electricity,1,EN-CLEL,1,0,1,1,2,0.871251,0.16003,4.0,0.092477,0.481864,0.120466,0.048092,0.308355,capex,475.0,blended_prob,0.106767,0.100579,0.095543,0.091311,0.087664,50.714222,47.775127,45.382985,43.372689,41.640287,228.88531,228.88531,0.481864,2026.901478,475.0,14.25,0.382263,0.343051,0.897421,1.114304,0.0,2.312487,,0,,325,228.88531,110.291548,0.481864,-0.0,228.88531,-0.0,110.291548,-0.0,0,0,mpo_only,MPO Cap Only
8189,Hydro-Quebec,Rehabilitation de levacuateur de crues du barrage Gouin,QC,Public,2024,2024,1,Announced & Planning,Announced & Planning,1,0,200.0,0.49,,,Energy,Clean Electricity,1,EN-CLEL,0,0,1,1,1,0.934896,0.260637,4.0,0.146184,0.54054,0.135135,0.054044,0.345942,capex,200.0,blended_prob,0.120277,0.113053,0.107153,0.102178,0.097879,24.055312,22.610683,21.430658,20.435695,19.575704,108.108052,108.108052,0.54054,2026.897009,200.0,6.0,0.42893,0.385032,0.897657,1.114011,0.0,2.060921,,0,,326,108.108052,58.436754,0.54054,-0.0,108.108052,-0.0,58.436754,-0.0,0,0,mpo_only,MPO Cap Only
8190,Hydro-Quebec,Rehabilitation de lamenagement hydroelectrique de Carillon,QC,Public,2024,2024,1,Announced & Planning,Announced & Planning,1,0,750.0,0.757,,,Energy,Clean Electricity,1,EN-CLEL,0,0,1,1,3,0.926281,0.198723,4.0,0.113521,0.519901,0.129975,0.051951,0.332721,capex,750.0,blended_prob,0.115512,0.10866,0.10307,0.098362,0.094297,86.633889,81.495098,77.302632,73.771594,70.722584,389.925796,389.925796,0.519901,2026.89858,750.0,22.5,0.412512,0.37026,0.897574,1.114114,-0.0,2.142934,,0,,327,389.925796,202.722836,0.519901,-0.0,389.925796,-0.0,202.722836,-0.0,0,0,mpo_only,MPO Cap Only
8194,Hydro-Quebec,Renforcement du reseau de Becancour a 230 kV,QC,Public,2024,2024,1,In Review,In Review,1,0,119.6,0.388,,,Energy,Clean Electricity,1,EN-CLEL,0,0,1,1,1,0.934896,0.28909,4.0,0.160789,0.547843,0.136961,0.054785,0.35062,capex,119.6,blended_prob,0.121966,0.114609,0.108598,0.103527,0.099143,14.587092,13.707264,12.988289,12.381841,11.857484,65.521969,65.521969,0.547843,2026.896452,119.6,3.588,0.434739,0.39026,0.897687,1.113974,-0.0,2.033384,,0,,328,65.521969,35.895723,0.547843,-0.0,65.521969,-0.0,35.895723,-0.0,0,0,mpo_only,MPO Cap Only
8195,Hydro-Quebec,Construction du nouveau poste de Coteau-du-Lac a 120-25 kV et de sa ligne dalimentation,QC,Public,2024,2024,1,In Review,In Review,1,0,196.3,0.487,,,Energy,Trans & Distr,0,EN-T&D,1,0,1,1,1,0.755963,0.157189,4.0,0.090912,0.423438,0.105859,0.042165,0.270929,capex,196.3,blended_prob,0.093425,0.088207,0.083976,0.080435,0.077394,18.339349,17.314951,16.484574,15.789423,15.192487,83.120784,83.120784,0.423438,2026.905929,196.3,5.889,0.335822,0.301295,0.897186,1.114595,0.0,2.632255,,0,,329,83.120784,35.196458,0.423438,-0.0,83.120784,-0.0,35.196458,-0.0,0,0,mpo_only,MPO Cap Only
8196,Hydro-Quebec,Reconstruction de la ligne Cleveland-Waterloo en biterne,QC,Public,2024,2024,1,In Review,In Review,1,0,72.8,0.285,,,Energy,Clean Electricity,1,EN-CLEL,0,0,1,1,0,0.827947,0.320976,4.0,0.176859,0.502403,0.125601,0.050176,0.321512,capex,72.8,blended_prob,0.111483,0.10494,0.099608,0.095121,0.091251,8.115964,7.639639,7.251448,6.924824,6.643038,36.574913,36.574913,0.502403,2026.899913,72.8,2.184,0.398595,0.357741,0.897504,1.114201,1e-06,2.217745,,0,,330,36.574913,18.375333,0.502403,-0.0,36.574913,-0.0,18.375333,-0.0,0,0,mpo_only,MPO Cap Only
8197,Hydro-Quebec,Renforcement de la ligne 7004 a 735 kV du poste aux Outardes au poste des Laurentides,QC,Public,2024,2024,1,In Review,In Review,1,0,166.9,0.462,,,Energy,Trans & Distr,0,EN-T&D,0,0,1,1,1,0.841508,0.219159,4.0,0.124438,0.482973,0.120743,0.048205,0.309065,capex,166.9,blended_prob,0.107021,0.100815,0.095763,0.091517,0.087858,17.861815,16.82594,15.982777,15.274155,14.663453,80.608139,80.608139,0.482973,2026.901393,166.9,5.007,0.383145,0.343844,0.897426,1.114298,0.0,2.307166,,0,,331,80.608139,38.931529,0.482973,-0.0,80.608139,-0.0,38.931529,-0.0,0,0,mpo_only,MPO Cap Only
8198,Hydro-Quebec,Ajout de transformateurs a 120-25 kV au poste de Sainte-Rosalie et au demantelement du reseau a 49 kV,QC,Public,2024,2024,1,In Review,In Review,1,0,82.8,0.314,,,Energy,Trans & Distr,0,EN-T&D,1,0,1,1,0,0.509341,0.187388,4.0,0.107407,0.308374,0.077093,0.030493,0.197222,capex,82.8,blended_prob,0.067472,0.063982,0.061181,0.058858,0.056881,5.586641,5.29772,5.065781,4.873444,4.709768,25.533354,25.533354,0.308374,2026.914699,82.8,2.484,0.244434,0.21919,0.896723,1.115171,1e-06,3.616296,,0,,332,25.533354,7.873818,0.308374,-0.0,25.533354,-0.0,7.873818,-0.0,0,0,mpo_only,MPO Cap Only
8199,Hydro-Quebec,Construction du poste de Bonsecours a 120-25 kV et de sa ligne dalimentation,QC,Public,2024,2024,1,In Review,In Review,1,0,161.3,0.458,,,Energy,Trans & Distr,0,EN-T&D,1,0,1,1,1,0.755963,0.161888,4.0,0.093498,0.424731,0.106183,0.042296,0.271757,capex,161.3,blended_prob,0.093719,0.08848,0.084233,0.080677,0.077623,15.116917,14.271815,13.58671,13.013121,12.52053,68.509093,68.509093,0.424731,2026.90583,161.3,4.839,0.336849,0.302218,0.897192,1.114589,-0.0,2.624224,,0,,333,68.509093,29.097929,0.424731,-0.0,68.509093,-0.0,29.097929,-0.0,0,0,mpo_only,MPO Cap Only
8200,Hydro-Quebec,Construction du nouveau poste de Bagotville a 161-25 kV et sa ligne dalimentation,QC,Public,2024,2024,1,In Review,In Review,1,0,83.5,0.315,,,Energy,Trans & Distr,0,EN-T&D,1,0,1,1,0,0.509341,0.187197,4.0,0.107304,0.308322,0.077081,0.030488,0.197189,capex,83.5,blended_prob,0.06746,0.063971,0.061171,0.058848,0.056872,5.632909,5.341606,5.107756,4.913834,4.748811,25.744916,25.744916,0.308322,2026.914703,83.5,2.505,0.244393,0.219153,0.896723,1.115171,1e-06,3.616901,,0,,334,25.744916,7.937733,0.308322,-0.0,25.744916,-0.0,7.937733,-0.0,0,0,mpo_only,MPO Cap Only
8201,Hydro-Quebec,"Remplacement des transformateurs au poste de Saraguay, a la reconstruction dune ligne souterraine SaraguayMont-Royal et a la construction du nouveau poste de Cote-Saint-Luc a 315-25 kV",QC,Public,2024,2024,1,In Review,In Review,1,0,887.6,0.791,,,Energy,Trans & Distr,0,EN-T&D,0,0,1,1,3,0.822876,0.156898,4.0,0.090752,0.456814,0.114203,0.045551,0.292309,capex,887.6,blended_prob,0.101033,0.095269,0.090585,0.086655,0.083273,89.677016,84.56041,80.402978,76.914687,73.912941,405.468033,405.468033,0.456814,2026.903386,887.6,26.628,0.362349,0.325143,0.897321,1.114429,-0.0,2.439568,,0,,335,405.468033,185.22344,0.456814,-0.0,405.468033,-0.0,185.22344,-0.0,0,0,mpo_only,MPO Cap Only
8202,Hydro-Quebec,Construction d'une nouvelle centrale thermique et d'un systeme de stockage d'energie a Kangiqsujuaq,QC,Public,2024,2024,1,In Review,In Review,1,0,110.0,0.371,,,Energy,Clean Electricity,1,EN-CLEL,1,0,1,1,1,0.89337,0.216384,4.0,0.122963,0.508167,0.127042,0.05076,0.325204,capex,110.0,blended_prob,0.112809,0.106165,0.100748,0.096189,0.092255,12.408998,11.678156,11.082326,10.580828,10.148047,55.898356,55.898356,0.508167,2026.899474,110.0,3.3,0.40318,0.361865,0.897527,1.114172,-0.0,2.192532,,0,,336,55.898356,28.405693,0.508167,-0.0,55.898356,-0.0,28.405693,-0.0,0,0,mpo_only,MPO Cap Only
8211,TES Canada,Usine de production d'hydrogene vert pour usage energetique,QC,Private,2024,2024,1,In Review,In Review,1,0,4000.0,0.936,,,Energy,Clean Electricity,1,EN-CLEL,1,1,1,1,4,0.789627,0.038028,4.0,0.022795,0.406211,0.101553,0.040418,0.259894,capex,4000.0,blended_prob,0.089512,0.084568,0.080565,0.077218,0.074348,358.049636,338.271318,322.259876,308.872599,297.390161,1624.843589,1624.843589,0.406211,2026.907242,4000.0,120.0,0.322133,0.288991,0.897117,1.114682,-0.0,2.744096,,0,,337,1624.843589,660.029172,0.406211,-0.0,1624.843589,-0.0,660.029172,-0.0,0,0,mpo_only,MPO Cap Only
8212,Hy2Gen,Usine de production d'hydrogene pour usage chimique,QC,Private,2024,2024,1,Announced & Planning,Announced & Planning,1,0,1000.0,0.805,,,Energy,Clean Electricity,1,EN-CLEL,1,1,1,1,3,0.824309,0.043441,4.0,0.025997,0.425153,0.106288,0.042339,0.272028,capex,1000.0,blended_prob,0.093815,0.088569,0.084316,0.080755,0.077697,93.815297,88.569186,84.31615,80.755289,77.697178,425.1531,425.1531,0.425153,2026.905798,1000.0,30.0,0.337185,0.30252,0.897193,1.114587,-0.0,2.621613,,0,,338,425.1531,180.755158,0.425153,-0.0,425.1531,-0.0,180.755158,-0.0,0,0,mpo_only,MPO Cap Only
8215,Fortress Cellulose specialisee/Rio tinto,Conversion de l'usine pour production de biocharbon,QC,Private,2024,2024,1,Announced & Planning,Announced & Planning,1,0,96.0,0.338,45.598715,-75.256778,Forest,Other,1,FOR-OTH,1,1,1,1,1,0.401073,0.132718,4.0,0.077322,0.239198,0.059799,0.023476,0.152909,capex,96.0,blended_prob,0.052072,0.04951,0.047467,0.045785,0.044364,4.998959,4.752922,4.556811,4.395349,4.258923,22.962963,22.962963,0.239198,2026.919973,96.0,2.88,0.189539,0.169912,0.896445,1.115518,1e-06,4.663584,,0,,339,22.962963,5.492684,0.239198,-0.0,22.962963,-0.0,5.492684,-0.0,0,0,mpo_only,MPO Cap Only
8221,Mine Arnaud inc.,Arnaud,QC,Private,2024,2024,1,Approved,Approved,1,0,768.0,0.767,,,Mining,Other,0,MIN-OTH,1,0,1,1,3,0.145075,0.028573,4.0,0.017176,0.081126,0.020281,0.00744,0.051652,capex,768.0,blended_prob,0.017457,0.016698,0.016106,0.015629,0.015235,13.407301,12.82431,12.369318,12.002994,11.700583,62.304506,62.304506,0.081126,2026.932031,768.0,23.04,0.064236,0.057543,0.895807,1.116312,-0.0,13.760279,,0,,340,62.304506,5.054494,0.081126,-0.0,62.304506,-0.0,5.054494,-0.0,0,0,mpo_only,MPO Cap Only
8244,Arcadium Lithium plc,Galaxy,QC,Private,2024,2024,1,Approved,Approved,1,0,380.1,0.627,,,Mining,Critical Mineral,1,MIN-CM,1,0,1,1,2,0.068069,0.040303,4.0,0.024142,0.046106,0.011526,0.003888,0.029219,capex,380.1,blended_prob,0.009896,0.009478,0.009154,0.008895,0.008682,3.76145,3.602687,3.4795,3.380954,3.300165,17.524755,17.524755,0.046106,2026.934704,380.1,11.403,0.036501,0.032692,0.895666,1.116488,-2e-06,24.215861,,0,,341,17.524755,0.80799,0.046106,-0.0,17.524755,-0.0,0.80799,-0.0,0,0,mpo_only,MPO Cap Only
8256,Minerai de Fer Quebec inc.,Lac Bloom - Phase III - Usine de traitement du minerai- 1e usine de flottation (Fe + 67%),QC,Private,2024,2024,1,Announced & Planning,Announced & Planning,1,0,470.7,0.666,,,Mining,Other,0,MIN-OTH,0,0,1,1,2,0.211653,0.043034,4.0,0.025757,0.118705,0.029676,0.011253,0.075724,capex,470.7,blended_prob,0.025615,0.024466,0.023564,0.022834,0.022227,12.056833,11.516089,11.091644,10.747784,10.462031,55.874381,55.874381,0.118705,2026.929164,470.7,14.121,0.094008,0.084227,0.895959,1.116123,-0.0,9.402502,,0,,342,55.874381,6.632561,0.118705,-0.0,55.874381,-0.0,6.632561,-0.0,0,0,mpo_only,MPO Cap Only
8259,Focus Graphite inc.,Lac Knife,QC,Private,2024,2024,1,In Review,In Review,1,0,236.5,0.529,,,Mining,Critical Mineral,1,MIN-CM,1,0,1,1,2,0.068069,0.044522,4.0,0.026635,0.047352,0.011838,0.004014,0.030017,capex,236.5,blended_prob,0.010164,0.009735,0.009402,0.009135,0.008916,2.403888,2.302315,2.223487,2.160411,2.108687,11.198787,11.198787,0.047352,2026.934609,236.5,7.095,0.037488,0.033577,0.895671,1.116482,-2e-06,23.578257,,0,,343,11.198787,0.530287,0.047352,-0.0,11.198787,-0.0,0.530287,-0.0,0,0,mpo_only,MPO Cap Only
8266,Groupe minier Windfall (Partenariat),Lac Windfall,QC,Private,2024,2024,1,In Review,In Review,1,0,788.6,0.773,,,Mining,Other,0,MIN-OTH,1,0,1,1,3,0.145075,0.028399,4.0,0.017073,0.081074,0.020268,0.007435,0.051618,capex,788.6,blended_prob,0.017446,0.016688,0.016096,0.015619,0.015225,13.758092,13.159873,12.693001,12.317116,12.006814,63.934896,63.934896,0.081074,2026.932035,788.6,23.658,0.064195,0.057506,0.895807,1.116312,-0.0,13.769063,,0,,344,63.934896,5.183453,0.081074,-0.0,63.934896,-0.0,5.183453,-0.0,0,0,mpo_only,MPO Cap Only
8268,Eldorado Gold Quebec,Lamaque - Lower Triangle,QC,Private,2024,2024,1,Announced & Planning,Announced & Planning,1,0,85.5,0.321,,,Mining,Precious Metal,0,MIN-PM,1,0,1,1,0,0.078878,0.044947,4.0,0.026886,0.052882,0.013221,0.004575,0.033559,capex,85.5,blended_prob,0.011356,0.010874,0.010499,0.010199,0.009953,0.970946,0.929725,0.897703,0.872054,0.850996,4.521424,4.521424,0.052882,2026.934187,85.5,2.565,0.041867,0.0375,0.895693,1.116454,3e-06,21.112107,,0,,345,4.521424,0.239103,0.052882,-0.0,4.521424,-0.0,0.239103,-0.0,0,0,mpo_only,MPO Cap Only
8271,Nouveau Monde Graphite inc.,Matawinie - Usine de fabrication de produit chimique,QC,Private,2024,2024,1,Announced & Planning,Announced & Planning,1,0,923.4,0.799,,,Mining,Critical Mineral,1,MIN-CM,1,0,1,1,3,0.073326,0.033842,4.0,0.020312,0.046819,0.011705,0.00396,0.029675,capex,923.4,blended_prob,0.01005,0.009625,0.009296,0.009032,0.008816,9.279717,8.887798,8.583664,8.340332,8.140818,43.232329,43.232329,0.046819,2026.934649,923.4,27.702,0.037065,0.033198,0.895669,1.116484,1e-06,23.847005,,0,,346,43.232329,2.024079,0.046819,-0.0,43.232329,-0.0,2.024079,-0.0,0,0,mpo_only,MPO Cap Only
8295,"Iyuhana Solar LP a partnership between Greenwood Sustainable Infrastructure (GSI), Saturn Power and Ocean Man First Nation.",Iyuhana Solar Energy Facility,SK,Private,2024,2024,1,Announced & Planning,Announced & Planning,1,0,200.0,0.49,,,Energy,Clean Electricity,1,EN-CLEL,1,0,1,1,1,0.946422,0.50646,4.0,0.264421,0.605421,0.151355,0.060626,0.387503,capex,200.0,blended_prob,0.135345,0.126903,0.119984,0.114131,0.109059,27.068957,25.380626,23.99674,22.826234,21.811741,121.084298,121.084298,0.605421,2026.892068,200.0,6.0,0.480561,0.431504,0.897918,1.113688,0.0,1.839524,,0,,347,121.084298,73.307036,0.605421,-0.0,121.084298,-0.0,73.307036,-0.0,0,0,mpo_only,MPO Cap Only
8306,Denison Mines Corp.,Wheeler River - Gryphon,SK,Private,2024,2024,1,In Review,In Review,1,0,737.4,0.753,57.53,-105.41,Mining,Other,0,MIN-OTH,1,0,1,1,3,0.298334,0.07655,4.0,0.045356,0.171845,0.042961,0.016643,0.109764,capex,737.4,blended_prob,0.037226,0.035485,0.034108,0.032984,0.032042,27.450632,26.166535,25.151229,24.32228,23.627808,126.718484,126.718484,0.171845,2026.92511,737.4,22.122,0.136126,0.121993,0.896173,1.115856,0.0,6.493386,,0,,348,126.718484,21.775935,0.171845,-0.0,126.718484,-0.0,21.775935,-0.0,0,0,mpo_only,MPO Cap Only
8307,"Groupe Remabec, Airex Energie and SUEZ",Carbonity biochar plant,QC,Private,2024,2024,1,Announced & Planning,Announced & Planning,1,0,80.0,0.304,,,Forest,Waste Biomass,1,FOR-OTH,1,1,1,1,0,0.221333,0.137382,4.0,0.079927,0.15063,0.037658,0.014491,0.096175,capex,80.0,blended_prob,0.03258,0.031081,0.029899,0.028937,0.028133,2.606392,2.486475,2.391925,2.314958,2.250675,12.050427,12.050427,0.15063,2026.926729,80.0,2.4,0.119309,0.106912,0.896088,1.115962,-2e-06,7.408616,,0,,349,12.050427,1.81516,0.15063,-0.0,12.050427,-0.0,1.81516,-0.0,0,0,mpo_only,MPO Cap Only
8308,"Groupe Remabec, Airex Energie and SUEZ",Carbonity biochar plant,QC,Private,2024,2024,1,Announced & Planning,Announced & Planning,1,0,80.0,0.304,,,Forest,Waste Biomass,1,FOR-OTH,1,1,1,1,0,0.221333,0.137382,4.0,0.079927,0.15063,0.037658,0.014491,0.096175,capex,80.0,blended_prob,0.03258,0.031081,0.029899,0.028937,0.028133,2.606392,2.486475,2.391925,2.314958,2.250675,12.050427,12.050427,0.15063,2026.926729,80.0,2.4,0.119309,0.106912,0.896088,1.115962,-2e-06,7.408616,,0,,350,12.050427,1.81516,0.15063,-0.0,12.050427,-0.0,1.81516,-0.0,0,0,mpo_only,MPO Cap Only
8309,Structural Truss,Structural Truss Fort Macleod plant,AB,Private,2024,2024,1,Announced & Planning,Announced & Planning,1,0,28.5,0.142,,,Forest,Other,1,FOR-OTH,1,0,1,1,0,0.582348,1.481458,4.0,0.592738,0.587543,0.146886,0.058812,0.376051,capex,28.5,blended_prob,0.131179,0.123081,0.116449,0.110844,0.10599,3.738599,3.507802,3.318795,3.159059,3.020711,16.744967,16.744967,0.587543,2026.89343,28.5,0.855,0.46633,0.418693,0.897846,1.113777,-2e-06,1.895652,,0,,351,16.744967,9.838383,0.587543,-0.0,16.744967,-0.0,9.838383,-0.0,0,0,mpo_only,MPO Cap Only
8310,Kalesnikoff,Kalesnikoff West Kootenays,BC,Private,2024,2024,1,Announced & Planning,Announced & Planning,1,0,34.0,0.156,,,Forest,Other,1,FOR-OTH,1,0,1,1,0,0.093237,0.107466,4.0,0.063085,0.078161,0.01954,0.00714,0.049753,capex,34.0,blended_prob,0.016816,0.016086,0.015517,0.01506,0.014682,0.571739,0.54694,0.527595,0.512028,0.499183,2.657485,2.657485,0.078161,2026.932258,34.0,1.02,0.061888,0.055439,0.895795,1.116327,3e-06,14.282338,,0,,352,2.657485,0.207713,0.078161,-0.0,2.657485,-0.0,0.207713,-0.0,0,0,mpo_only,MPO Cap Only
8319,Covenant Energy Ltd.,Covenant Energy Renewable Diesel Facility,SK,Private,2024,2024,1,Announced & Planning,Announced & Planning,1,0,920.0,0.798,53.29464,-109.983713,Energy,Low Carbon Fuels,1,EN-LCF,1,1,1,1,3,0.729205,0.115559,4.0,0.067672,0.398438,0.09961,0.039629,0.254915,capex,920.0,blended_prob,0.08775,0.082927,0.079026,0.075765,0.07297,80.730144,76.293243,72.703538,69.703903,67.132485,366.563312,366.563312,0.398438,2026.907834,920.0,27.6,0.315958,0.283441,0.897086,1.11472,-0.0,2.797724,,0,,353,366.563312,146.052893,0.398438,-0.0,366.563312,-0.0,146.052893,-0.0,0,0,mpo_only,MPO Cap Only
8322,Envest,Voisey's Bay Wind Energy Project,NL,Private,2024,2024,1,Announced & Planning,Announced & Planning,1,0,77.6,0.3,,,Energy,Clean Electricity,1,EN-CLEL,1,0,1,1,0,0.765079,0.32603,4.0,0.179377,0.472228,0.118057,0.047115,0.302183,capex,77.6,blended_prob,0.104559,0.098535,0.093636,0.089521,0.085977,8.113775,7.646351,7.266154,6.946837,6.671809,36.644926,36.644926,0.472228,2026.902212,77.6,2.328,0.374603,0.336162,0.897383,1.114352,1e-06,2.359773,,0,,354,36.644926,17.304776,0.472228,-0.0,36.644926,-0.0,17.304776,-0.0,0,0,mpo_only,MPO Cap Only
8323,Enbridge and Six Nations Energy Development LP,The Seven Stars Energy Project (the Project),SK,Private,2024,2024,1,Announced & Planning,Announced & Planning,1,0,100.0,0.342,,,Energy,Clean Electricity,1,EN-CLEL,1,0,1,1,1,0.946422,0.588622,4.0,0.300169,0.623296,0.155824,0.062439,0.398953,capex,100.0,blended_prob,0.13952,0.130729,0.123517,0.117412,0.112118,13.951994,13.072895,12.351691,11.741217,11.211763,62.32956,62.32956,0.623296,2026.890708,100.0,3.0,0.49479,0.444316,0.89799,1.113599,-0.0,1.78663,,0,,355,62.32956,38.849741,0.623296,-0.0,62.32956,-0.0,38.849741,-0.0,0,0,mpo_only,MPO Cap Only
8324,Ontario Power Generation,Hydroelectric refurbishment in Eastern Ontario,ON,Public,2024,2024,1,Announced & Planning,Announced & Planning,1,0,1000.0,0.805,,,Energy,Clean Electricity,1,EN-CLEL,0,0,1,1,3,0.958857,0.593575,4.0,0.302268,0.630563,0.157641,0.063176,0.403608,capex,1000.0,blended_prob,0.14122,0.132286,0.124953,0.118745,0.113359,141.220363,132.285662,124.95319,118.744638,113.358667,630.562521,630.562521,0.630563,2026.890155,1000.0,30.0,0.500576,0.449527,0.898019,1.113562,-0.0,1.765982,,0,,356,630.562521,397.609092,0.630563,-0.0,630.562521,-0.0,397.609092,-0.0,0,0,mpo_only,MPO Cap Only
8325,Hydro One,Porcupine TS upgrade,ON,Public,2024,2024,1,Announced & Planning,Announced & Planning,1,0,80.0,0.304,,,Energy,Trans & Distr,0,EN-T&D,0,0,1,1,0,0.767446,0.806982,4.0,0.386958,0.577202,0.144301,0.057763,0.369427,capex,80.0,blended_prob,0.128774,0.120872,0.114404,0.108941,0.104211,10.301939,9.669766,9.152339,8.71526,8.336862,46.176166,46.176166,0.577202,2026.894217,80.0,2.4,0.458101,0.411285,0.897805,1.113828,1e-06,1.929702,,0,,357,46.176166,26.652979,0.577202,-0.0,46.176166,-0.0,26.652979,-0.0,0,0,mpo_only,MPO Cap Only
8326,Manitoba Hydro,R44H Radisson to Henday 230 kV T-Line,MB,Public,2024,2024,1,In Review,In Review,1,0,106.821059,0.367,,,Energy,Trans & Distr,0,EN-T&D,1,0,1,1,1,0.958504,0.506743,4.0,0.264547,0.611525,0.152881,0.061245,0.391413,capex,106.821059,blended_prob,0.136769,0.128209,0.12119,0.115252,0.110104,14.609855,13.695436,12.945682,12.311362,11.761463,65.323799,65.323799,0.611525,2026.891604,106.821059,3.204632,0.48542,0.435879,0.897942,1.113657,-0.0,1.821113,,0,,358,65.323799,39.947167,0.611525,-0.0,65.323799,-0.0,39.947167,-0.0,0,0,mpo_only,MPO Cap Only
8330,Nuclear Waste Management Organization,Adaptive Phased Management Deep Geological Repository,ON,Private,2024,2024,1,Announced & Planning,Announced & Planning,1,0,26000.0,0.996,,,Energy,Nuclear,1,EN-NUC,1,1,1,1,4,0.919166,0.112213,4.0,0.065778,0.492472,0.123118,0.049168,0.31515,capex,26000.0,blended_prob,0.109201,0.102831,0.097643,0.09328,0.089518,2839.224888,2673.60118,2538.706973,2425.272907,2327.462651,12804.268599,12804.268599,0.492472,2026.90067,26000.0,780.0,0.390698,0.350638,0.897464,1.114251,-0.0,2.262567,,0,,359,12804.268599,6305.742091,0.492472,-0.0,12804.268599,-0.0,6305.742091,-0.0,0,0,mpo_only,MPO Cap Only
8331,Alamos Gold Inc.,Lynn Lake (MacLellan 2),MB,Private,2024,2024,1,In Review,In Review,1,0,260.598,0.554,56.8931,-100.9514,Mining,Precious Metal,0,MIN-PM,1,0,1,1,2,0.646513,0.101238,4.0,0.05954,0.353027,0.088257,0.035023,0.225825,capex,260.598,blended_prob,0.077493,0.073361,0.07003,0.067256,0.064887,20.194491,19.117605,18.249594,17.526895,16.909504,91.998089,91.998089,0.353027,2026.911295,260.598,7.81794,0.279887,0.251032,0.896903,1.114948,0.0,3.158252,,0,,360,91.998089,32.477795,0.353027,-0.0,91.998089,-0.0,32.477795,-0.0,0,0,mpo_only,MPO Cap Only
9997,Radius RNG LP,Project Radius,ON,Private,2024,2024,1,In Review,In Review,1,0,165.0,0.46,42.829077,-80.047302,Energy,Low Carbon Fuels,1,EN-LCF,1,0,1,1,1,0.808806,0.619962,4.0,0.313343,0.561074,0.140269,0.056127,0.359096,capex,165.0,blended_prob,0.125031,0.11743,0.111215,0.105969,0.10143,20.630064,19.375996,18.350445,17.484825,16.735936,92.577266,92.577266,0.561074,2026.895445,165.0,4.95,0.445267,0.399734,0.89774,1.113908,0.0,1.985314,,0,,361,92.577266,51.942728,0.561074,-0.0,92.577266,-0.0,51.942728,-0.0,0,0,mpo_only,MPO Cap Only
9998,Northeast Renewables LP,Project Perimeter,AB,Private,2024,2024,1,Announced & Planning,Announced & Planning,1,0,135.0,0.419,50.081321,-110.727736,Energy,Low Carbon Fuels,1,EN-LCF,1,0,1,1,1,0.883273,0.588136,4.0,0.299963,0.591618,0.147905,0.059226,0.378661,capex,135.0,blended_prob,0.132128,0.123952,0.117255,0.111594,0.10669,17.837224,16.733474,15.829387,15.065174,14.403176,79.868436,79.868436,0.591618,2026.893119,135.0,4.05,0.469574,0.421613,0.897862,1.113756,0.0,1.88256,,0,,362,79.868436,47.251608,0.591618,-0.0,79.868436,-0.0,47.251608,-0.0,0,0,mpo_only,MPO Cap Only
9999,Northeast Renewables LP,Project Boundary,SK,Private,2024,2024,1,Announced & Planning,Announced & Planning,1,0,100.0,0.342,51.852112,-104.861877,Energy,Low Carbon Fuels,1,EN-LCF,1,0,1,1,1,0.827842,0.588622,4.0,0.300169,0.564006,0.141001,0.056425,0.360973,capex,100.0,blended_prob,0.12571,0.118056,0.111795,0.106509,0.101936,12.571049,11.805559,11.179457,10.650916,10.193592,56.400573,56.400573,0.564006,2026.895222,100.0,3.0,0.447599,0.401833,0.897752,1.113894,-0.0,1.974969,,0,,363,56.400573,31.810246,0.564006,-0.0,56.400573,-0.0,31.810246,-0.0,0,0,mpo_only,MPO Cap Only
